OpenROAD b16bda7e82721d10566ff7e2b68f1ff0be9f9e38 
Features included (+) or not (-): +Charts +GPU +GUI +Python
This program is licensed under the BSD-3 license. See the LICENSE file for details.
Components of this program may be licensed under more restrictive licenses which must be honored.
define_corners Typical
read_liberty -corner Typical /Users/nigiri/.volare/sky130A/libs.ref/sky130_fd_sc_hd/lib/sky130_fd_sc_hd__tt_025C_1v80.lib
Using 1e-12 for capacitance...
Using 1e+03 for resistance...
Using 1e-09 for time...
Using 1e+00 for voltage...
Using 1e-03 for current...
Using 1e-09 for power...
Using 1e-06 for distance...
[INFO]: Reading ODB at '/openlane/designs/lab3/runs/RUN_2025.05.25_20.36.00/results/cts/lab3.odb'…
Reading design constraints file at '/openlane/designs/lab3/src/lab3.sdc'…
[INFO]: No (un)set_propagated_clock found in /openlane/designs/lab3/src/lab3.sdc
[INFO]: Propagating all clocks
[INFO]: Setting RC values...
min_report

===========================================================================
report_checks -path_delay min (Hold)
============================================================================
======================= Typical Corner ===================================

Startpoint: _351_ (rising edge-triggered flip-flop clocked by core_clock)
Endpoint: _351_ (rising edge-triggered flip-flop clocked by core_clock)
Path Group: core_clock
Path Type: min

Fanout     Cap    Slew   Delay    Time   Description
-----------------------------------------------------------------------------
                          0.00    0.00   clock core_clock (rise edge)
                          0.00    0.00   clock source latency
     1    0.02    0.00    0.00    0.00 ^ clk (in)
                                         clk (net)
                  0.00    0.00    0.00 ^ clkbuf_0_clk/A (sky130_fd_sc_hd__clkbuf_16)
     4    0.04    0.06    0.13    0.13 ^ clkbuf_0_clk/X (sky130_fd_sc_hd__clkbuf_16)
                                         clknet_0_clk (net)
                  0.06    0.00    0.13 ^ clkbuf_2_3__f_clk/A (sky130_fd_sc_hd__clkbuf_16)
     9    0.03    0.05    0.14    0.27 ^ clkbuf_2_3__f_clk/X (sky130_fd_sc_hd__clkbuf_16)
                                         clknet_2_3__leaf_clk (net)
                  0.05    0.00    0.27 ^ _351_/CLK (sky130_fd_sc_hd__dfrtp_1)
     2    0.01    0.10    0.36    0.63 ^ _351_/Q (sky130_fd_sc_hd__dfrtp_1)
                                         div.count[31] (net)
                  0.10    0.00    0.63 ^ _260_/A (sky130_fd_sc_hd__xor2_1)
     1    0.00    0.04    0.08    0.72 v _260_/X (sky130_fd_sc_hd__xor2_1)
                                         _028_ (net)
                  0.04    0.00    0.72 v _351_/D (sky130_fd_sc_hd__dfrtp_1)
                                  0.72   data arrival time

                          0.00    0.00   clock core_clock (rise edge)
                          0.00    0.00   clock source latency
     1    0.02    0.00    0.00    0.00 ^ clk (in)
                                         clk (net)
                  0.00    0.00    0.00 ^ clkbuf_0_clk/A (sky130_fd_sc_hd__clkbuf_16)
     4    0.04    0.06    0.13    0.13 ^ clkbuf_0_clk/X (sky130_fd_sc_hd__clkbuf_16)
                                         clknet_0_clk (net)
                  0.06    0.00    0.13 ^ clkbuf_2_3__f_clk/A (sky130_fd_sc_hd__clkbuf_16)
     9    0.03    0.05    0.14    0.27 ^ clkbuf_2_3__f_clk/X (sky130_fd_sc_hd__clkbuf_16)
                                         clknet_2_3__leaf_clk (net)
                  0.05    0.00    0.27 ^ _351_/CLK (sky130_fd_sc_hd__dfrtp_1)
                          0.00    0.27   clock reconvergence pessimism
                         -0.04    0.22   library hold time
                                  0.22   data required time
-----------------------------------------------------------------------------
                                  0.22   data required time
                                 -0.72   data arrival time
-----------------------------------------------------------------------------
                                  0.49   slack (MET)


Startpoint: _350_ (rising edge-triggered flip-flop clocked by core_clock)
Endpoint: _350_ (rising edge-triggered flip-flop clocked by core_clock)
Path Group: core_clock
Path Type: min

Fanout     Cap    Slew   Delay    Time   Description
-----------------------------------------------------------------------------
                          0.00    0.00   clock core_clock (rise edge)
                          0.00    0.00   clock source latency
     1    0.02    0.00    0.00    0.00 ^ clk (in)
                                         clk (net)
                  0.00    0.00    0.00 ^ clkbuf_0_clk/A (sky130_fd_sc_hd__clkbuf_16)
     4    0.04    0.06    0.13    0.13 ^ clkbuf_0_clk/X (sky130_fd_sc_hd__clkbuf_16)
                                         clknet_0_clk (net)
                  0.06    0.00    0.13 ^ clkbuf_2_0__f_clk/A (sky130_fd_sc_hd__clkbuf_16)
     9    0.03    0.05    0.14    0.27 ^ clkbuf_2_0__f_clk/X (sky130_fd_sc_hd__clkbuf_16)
                                         clknet_2_0__leaf_clk (net)
                  0.05    0.00    0.27 ^ _350_/CLK (sky130_fd_sc_hd__dfrtp_2)
     3    0.02    0.11    0.40    0.67 ^ _350_/Q (sky130_fd_sc_hd__dfrtp_2)
                                         div.count[30] (net)
                  0.11    0.00    0.67 ^ _258_/A (sky130_fd_sc_hd__xnor2_1)
     1    0.00    0.04    0.08    0.75 v _258_/Y (sky130_fd_sc_hd__xnor2_1)
                                         _027_ (net)
                  0.04    0.00    0.75 v _350_/D (sky130_fd_sc_hd__dfrtp_2)
                                  0.75   data arrival time

                          0.00    0.00   clock core_clock (rise edge)
                          0.00    0.00   clock source latency
     1    0.02    0.00    0.00    0.00 ^ clk (in)
                                         clk (net)
                  0.00    0.00    0.00 ^ clkbuf_0_clk/A (sky130_fd_sc_hd__clkbuf_16)
     4    0.04    0.06    0.13    0.13 ^ clkbuf_0_clk/X (sky130_fd_sc_hd__clkbuf_16)
                                         clknet_0_clk (net)
                  0.06    0.00    0.13 ^ clkbuf_2_0__f_clk/A (sky130_fd_sc_hd__clkbuf_16)
     9    0.03    0.05    0.14    0.27 ^ clkbuf_2_0__f_clk/X (sky130_fd_sc_hd__clkbuf_16)
                                         clknet_2_0__leaf_clk (net)
                  0.05    0.00    0.27 ^ _350_/CLK (sky130_fd_sc_hd__dfrtp_2)
                          0.00    0.27   clock reconvergence pessimism
                         -0.04    0.23   library hold time
                                  0.23   data required time
-----------------------------------------------------------------------------
                                  0.23   data required time
                                 -0.75   data arrival time
-----------------------------------------------------------------------------
                                  0.52   slack (MET)


Startpoint: _346_ (rising edge-triggered flip-flop clocked by core_clock)
Endpoint: _346_ (rising edge-triggered flip-flop clocked by core_clock)
Path Group: core_clock
Path Type: min

Fanout     Cap    Slew   Delay    Time   Description
-----------------------------------------------------------------------------
                          0.00    0.00   clock core_clock (rise edge)
                          0.00    0.00   clock source latency
     1    0.02    0.00    0.00    0.00 ^ clk (in)
                                         clk (net)
                  0.00    0.00    0.00 ^ clkbuf_0_clk/A (sky130_fd_sc_hd__clkbuf_16)
     4    0.04    0.06    0.13    0.13 ^ clkbuf_0_clk/X (sky130_fd_sc_hd__clkbuf_16)
                                         clknet_0_clk (net)
                  0.06    0.00    0.13 ^ clkbuf_2_0__f_clk/A (sky130_fd_sc_hd__clkbuf_16)
     9    0.03    0.05    0.14    0.27 ^ clkbuf_2_0__f_clk/X (sky130_fd_sc_hd__clkbuf_16)
                                         clknet_2_0__leaf_clk (net)
                  0.05    0.00    0.27 ^ _346_/CLK (sky130_fd_sc_hd__dfrtp_2)
     4    0.02    0.12    0.41    0.67 ^ _346_/Q (sky130_fd_sc_hd__dfrtp_2)
                                         div.count[26] (net)
                  0.12    0.00    0.68 ^ _248_/A (sky130_fd_sc_hd__xor2_1)
     1    0.01    0.05    0.09    0.77 v _248_/X (sky130_fd_sc_hd__xor2_1)
                                         _022_ (net)
                  0.05    0.00    0.77 v _346_/D (sky130_fd_sc_hd__dfrtp_2)
                                  0.77   data arrival time

                          0.00    0.00   clock core_clock (rise edge)
                          0.00    0.00   clock source latency
     1    0.02    0.00    0.00    0.00 ^ clk (in)
                                         clk (net)
                  0.00    0.00    0.00 ^ clkbuf_0_clk/A (sky130_fd_sc_hd__clkbuf_16)
     4    0.04    0.06    0.13    0.13 ^ clkbuf_0_clk/X (sky130_fd_sc_hd__clkbuf_16)
                                         clknet_0_clk (net)
                  0.06    0.00    0.13 ^ clkbuf_2_0__f_clk/A (sky130_fd_sc_hd__clkbuf_16)
     9    0.03    0.05    0.14    0.27 ^ clkbuf_2_0__f_clk/X (sky130_fd_sc_hd__clkbuf_16)
                                         clknet_2_0__leaf_clk (net)
                  0.05    0.00    0.27 ^ _346_/CLK (sky130_fd_sc_hd__dfrtp_2)
                          0.00    0.27   clock reconvergence pessimism
                         -0.04    0.23   library hold time
                                  0.23   data required time
-----------------------------------------------------------------------------
                                  0.23   data required time
                                 -0.77   data arrival time
-----------------------------------------------------------------------------
                                  0.54   slack (MET)


Startpoint: _343_ (rising edge-triggered flip-flop clocked by core_clock)
Endpoint: _343_ (rising edge-triggered flip-flop clocked by core_clock)
Path Group: core_clock
Path Type: min

Fanout     Cap    Slew   Delay    Time   Description
-----------------------------------------------------------------------------
                          0.00    0.00   clock core_clock (rise edge)
                          0.00    0.00   clock source latency
     1    0.02    0.00    0.00    0.00 ^ clk (in)
                                         clk (net)
                  0.00    0.00    0.00 ^ clkbuf_0_clk/A (sky130_fd_sc_hd__clkbuf_16)
     4    0.04    0.06    0.13    0.13 ^ clkbuf_0_clk/X (sky130_fd_sc_hd__clkbuf_16)
                                         clknet_0_clk (net)
                  0.06    0.00    0.13 ^ clkbuf_2_1__f_clk/A (sky130_fd_sc_hd__clkbuf_16)
    11    0.04    0.06    0.14    0.27 ^ clkbuf_2_1__f_clk/X (sky130_fd_sc_hd__clkbuf_16)
                                         clknet_2_1__leaf_clk (net)
                  0.06    0.00    0.27 ^ _343_/CLK (sky130_fd_sc_hd__dfrtp_2)
     3    0.02    0.11    0.40    0.67 ^ _343_/Q (sky130_fd_sc_hd__dfrtp_2)
                                         div.count[23] (net)
                  0.11    0.00    0.67 ^ _240_/A (sky130_fd_sc_hd__xnor2_1)
     1    0.01    0.08    0.12    0.79 v _240_/Y (sky130_fd_sc_hd__xnor2_1)
                                         _019_ (net)
                  0.08    0.00    0.79 v _343_/D (sky130_fd_sc_hd__dfrtp_2)
                                  0.79   data arrival time

                          0.00    0.00   clock core_clock (rise edge)
                          0.00    0.00   clock source latency
     1    0.02    0.00    0.00    0.00 ^ clk (in)
                                         clk (net)
                  0.00    0.00    0.00 ^ clkbuf_0_clk/A (sky130_fd_sc_hd__clkbuf_16)
     4    0.04    0.06    0.13    0.13 ^ clkbuf_0_clk/X (sky130_fd_sc_hd__clkbuf_16)
                                         clknet_0_clk (net)
                  0.06    0.00    0.13 ^ clkbuf_2_1__f_clk/A (sky130_fd_sc_hd__clkbuf_16)
    11    0.04    0.06    0.14    0.27 ^ clkbuf_2_1__f_clk/X (sky130_fd_sc_hd__clkbuf_16)
                                         clknet_2_1__leaf_clk (net)
                  0.06    0.00    0.27 ^ _343_/CLK (sky130_fd_sc_hd__dfrtp_2)
                          0.00    0.27   clock reconvergence pessimism
                         -0.05    0.22   library hold time
                                  0.22   data required time
-----------------------------------------------------------------------------
                                  0.22   data required time
                                 -0.79   data arrival time
-----------------------------------------------------------------------------
                                  0.57   slack (MET)


Startpoint: _324_ (rising edge-triggered flip-flop clocked by core_clock)
Endpoint: _324_ (rising edge-triggered flip-flop clocked by core_clock)
Path Group: core_clock
Path Type: min

Fanout     Cap    Slew   Delay    Time   Description
-----------------------------------------------------------------------------
                          0.00    0.00   clock core_clock (rise edge)
                          0.00    0.00   clock source latency
     1    0.02    0.00    0.00    0.00 ^ clk (in)
                                         clk (net)
                  0.00    0.00    0.00 ^ clkbuf_0_clk/A (sky130_fd_sc_hd__clkbuf_16)
     4    0.04    0.06    0.13    0.13 ^ clkbuf_0_clk/X (sky130_fd_sc_hd__clkbuf_16)
                                         clknet_0_clk (net)
                  0.06    0.00    0.13 ^ clkbuf_2_0__f_clk/A (sky130_fd_sc_hd__clkbuf_16)
     9    0.03    0.05    0.14    0.27 ^ clkbuf_2_0__f_clk/X (sky130_fd_sc_hd__clkbuf_16)
                                         clknet_2_0__leaf_clk (net)
                  0.05    0.00    0.27 ^ _324_/CLK (sky130_fd_sc_hd__dfrtp_4)
     6    0.03    0.11    0.45    0.72 ^ _324_/Q (sky130_fd_sc_hd__dfrtp_4)
                                         div.count[4] (net)
                  0.11    0.00    0.72 ^ _181_/A (sky130_fd_sc_hd__xor2_1)
     1    0.01    0.05    0.09    0.81 v _181_/X (sky130_fd_sc_hd__xor2_1)
                                         _030_ (net)
                  0.05    0.00    0.81 v _324_/D (sky130_fd_sc_hd__dfrtp_4)
                                  0.81   data arrival time

                          0.00    0.00   clock core_clock (rise edge)
                          0.00    0.00   clock source latency
     1    0.02    0.00    0.00    0.00 ^ clk (in)
                                         clk (net)
                  0.00    0.00    0.00 ^ clkbuf_0_clk/A (sky130_fd_sc_hd__clkbuf_16)
     4    0.04    0.06    0.13    0.13 ^ clkbuf_0_clk/X (sky130_fd_sc_hd__clkbuf_16)
                                         clknet_0_clk (net)
                  0.06    0.00    0.13 ^ clkbuf_2_0__f_clk/A (sky130_fd_sc_hd__clkbuf_16)
     9    0.03    0.05    0.14    0.27 ^ clkbuf_2_0__f_clk/X (sky130_fd_sc_hd__clkbuf_16)
                                         clknet_2_0__leaf_clk (net)
                  0.05    0.00    0.27 ^ _324_/CLK (sky130_fd_sc_hd__dfrtp_4)
                          0.00    0.27   clock reconvergence pessimism
                         -0.04    0.23   library hold time
                                  0.23   data required time
-----------------------------------------------------------------------------
                                  0.23   data required time
                                 -0.81   data arrival time
-----------------------------------------------------------------------------
                                  0.58   slack (MET)


Startpoint: _333_ (rising edge-triggered flip-flop clocked by core_clock)
Endpoint: _333_ (rising edge-triggered flip-flop clocked by core_clock)
Path Group: core_clock
Path Type: min

Fanout     Cap    Slew   Delay    Time   Description
-----------------------------------------------------------------------------
                          0.00    0.00   clock core_clock (rise edge)
                          0.00    0.00   clock source latency
     1    0.02    0.00    0.00    0.00 ^ clk (in)
                                         clk (net)
                  0.00    0.00    0.00 ^ clkbuf_0_clk/A (sky130_fd_sc_hd__clkbuf_16)
     4    0.04    0.06    0.13    0.13 ^ clkbuf_0_clk/X (sky130_fd_sc_hd__clkbuf_16)
                                         clknet_0_clk (net)
                  0.06    0.00    0.13 ^ clkbuf_2_1__f_clk/A (sky130_fd_sc_hd__clkbuf_16)
    11    0.04    0.06    0.14    0.27 ^ clkbuf_2_1__f_clk/X (sky130_fd_sc_hd__clkbuf_16)
                                         clknet_2_1__leaf_clk (net)
                  0.06    0.00    0.27 ^ _333_/CLK (sky130_fd_sc_hd__dfrtp_2)
     3    0.02    0.12    0.41    0.68 ^ _333_/Q (sky130_fd_sc_hd__dfrtp_2)
                                         div.count[13] (net)
                  0.12    0.00    0.68 ^ _212_/A1 (sky130_fd_sc_hd__o21ba_1)
     1    0.00    0.05    0.15    0.83 ^ _212_/X (sky130_fd_sc_hd__o21ba_1)
                                         _008_ (net)
                  0.05    0.00    0.83 ^ _333_/D (sky130_fd_sc_hd__dfrtp_2)
                                  0.83   data arrival time

                          0.00    0.00   clock core_clock (rise edge)
                          0.00    0.00   clock source latency
     1    0.02    0.00    0.00    0.00 ^ clk (in)
                                         clk (net)
                  0.00    0.00    0.00 ^ clkbuf_0_clk/A (sky130_fd_sc_hd__clkbuf_16)
     4    0.04    0.06    0.13    0.13 ^ clkbuf_0_clk/X (sky130_fd_sc_hd__clkbuf_16)
                                         clknet_0_clk (net)
                  0.06    0.00    0.13 ^ clkbuf_2_1__f_clk/A (sky130_fd_sc_hd__clkbuf_16)
    11    0.04    0.06    0.14    0.27 ^ clkbuf_2_1__f_clk/X (sky130_fd_sc_hd__clkbuf_16)
                                         clknet_2_1__leaf_clk (net)
                  0.06    0.00    0.27 ^ _333_/CLK (sky130_fd_sc_hd__dfrtp_2)
                          0.00    0.27   clock reconvergence pessimism
                         -0.03    0.23   library hold time
                                  0.23   data required time
-----------------------------------------------------------------------------
                                  0.23   data required time
                                 -0.83   data arrival time
-----------------------------------------------------------------------------
                                  0.59   slack (MET)


Startpoint: _356_ (rising edge-triggered flip-flop clocked by core_clock)
Endpoint: _356_ (rising edge-triggered flip-flop clocked by core_clock)
Path Group: core_clock
Path Type: min

Fanout     Cap    Slew   Delay    Time   Description
-----------------------------------------------------------------------------
                          0.00    0.00   clock core_clock (rise edge)
                          0.00    0.00   clock source latency
     1    0.02    0.00    0.00    0.00 ^ clk (in)
                                         clk (net)
                  0.00    0.00    0.00 ^ clkbuf_0_clk/A (sky130_fd_sc_hd__clkbuf_16)
     4    0.04    0.06    0.13    0.13 ^ clkbuf_0_clk/X (sky130_fd_sc_hd__clkbuf_16)
                                         clknet_0_clk (net)
                  0.06    0.00    0.13 ^ clkbuf_2_1__f_clk/A (sky130_fd_sc_hd__clkbuf_16)
    11    0.04    0.06    0.14    0.27 ^ clkbuf_2_1__f_clk/X (sky130_fd_sc_hd__clkbuf_16)
                                         clknet_2_1__leaf_clk (net)
                  0.06    0.00    0.27 ^ _356_/CLK (sky130_fd_sc_hd__dfrtp_4)
     5    0.03    0.10    0.45    0.72 ^ _356_/Q (sky130_fd_sc_hd__dfrtp_4)
                                         counter.clk (net)
                  0.10    0.00    0.72 ^ _168_/A (sky130_fd_sc_hd__xnor2_1)
     1    0.01    0.06    0.10    0.82 v _168_/Y (sky130_fd_sc_hd__xnor2_1)
                                         _073_ (net)
                  0.06    0.00    0.82 v _356_/D (sky130_fd_sc_hd__dfrtp_4)
                                  0.82   data arrival time

                          0.00    0.00   clock core_clock (rise edge)
                          0.00    0.00   clock source latency
     1    0.02    0.00    0.00    0.00 ^ clk (in)
                                         clk (net)
                  0.00    0.00    0.00 ^ clkbuf_0_clk/A (sky130_fd_sc_hd__clkbuf_16)
     4    0.04    0.06    0.13    0.13 ^ clkbuf_0_clk/X (sky130_fd_sc_hd__clkbuf_16)
                                         clknet_0_clk (net)
                  0.06    0.00    0.13 ^ clkbuf_2_1__f_clk/A (sky130_fd_sc_hd__clkbuf_16)
    11    0.04    0.06    0.14    0.27 ^ clkbuf_2_1__f_clk/X (sky130_fd_sc_hd__clkbuf_16)
                                         clknet_2_1__leaf_clk (net)
                  0.06    0.00    0.27 ^ _356_/CLK (sky130_fd_sc_hd__dfrtp_4)
                          0.00    0.27   clock reconvergence pessimism
                         -0.04    0.23   library hold time
                                  0.23   data required time
-----------------------------------------------------------------------------
                                  0.23   data required time
                                 -0.82   data arrival time
-----------------------------------------------------------------------------
                                  0.59   slack (MET)


Startpoint: _336_ (rising edge-triggered flip-flop clocked by core_clock)
Endpoint: _336_ (rising edge-triggered flip-flop clocked by core_clock)
Path Group: core_clock
Path Type: min

Fanout     Cap    Slew   Delay    Time   Description
-----------------------------------------------------------------------------
                          0.00    0.00   clock core_clock (rise edge)
                          0.00    0.00   clock source latency
     1    0.02    0.00    0.00    0.00 ^ clk (in)
                                         clk (net)
                  0.00    0.00    0.00 ^ clkbuf_0_clk/A (sky130_fd_sc_hd__clkbuf_16)
     4    0.04    0.06    0.13    0.13 ^ clkbuf_0_clk/X (sky130_fd_sc_hd__clkbuf_16)
                                         clknet_0_clk (net)
                  0.06    0.00    0.13 ^ clkbuf_2_0__f_clk/A (sky130_fd_sc_hd__clkbuf_16)
     9    0.03    0.05    0.14    0.27 ^ clkbuf_2_0__f_clk/X (sky130_fd_sc_hd__clkbuf_16)
                                         clknet_2_0__leaf_clk (net)
                  0.05    0.00    0.27 ^ _336_/CLK (sky130_fd_sc_hd__dfrtp_4)
     6    0.03    0.11    0.46    0.72 ^ _336_/Q (sky130_fd_sc_hd__dfrtp_4)
                                         div.count[16] (net)
                  0.11    0.00    0.72 ^ _219_/A (sky130_fd_sc_hd__xor2_1)
     1    0.01    0.05    0.10    0.82 v _219_/X (sky130_fd_sc_hd__xor2_1)
                                         _011_ (net)
                  0.05    0.00    0.82 v _336_/D (sky130_fd_sc_hd__dfrtp_4)
                                  0.82   data arrival time

                          0.00    0.00   clock core_clock (rise edge)
                          0.00    0.00   clock source latency
     1    0.02    0.00    0.00    0.00 ^ clk (in)
                                         clk (net)
                  0.00    0.00    0.00 ^ clkbuf_0_clk/A (sky130_fd_sc_hd__clkbuf_16)
     4    0.04    0.06    0.13    0.13 ^ clkbuf_0_clk/X (sky130_fd_sc_hd__clkbuf_16)
                                         clknet_0_clk (net)
                  0.06    0.00    0.13 ^ clkbuf_2_0__f_clk/A (sky130_fd_sc_hd__clkbuf_16)
     9    0.03    0.05    0.14    0.27 ^ clkbuf_2_0__f_clk/X (sky130_fd_sc_hd__clkbuf_16)
                                         clknet_2_0__leaf_clk (net)
                  0.05    0.00    0.27 ^ _336_/CLK (sky130_fd_sc_hd__dfrtp_4)
                          0.00    0.27   clock reconvergence pessimism
                         -0.04    0.22   library hold time
                                  0.22   data required time
-----------------------------------------------------------------------------
                                  0.22   data required time
                                 -0.82   data arrival time
-----------------------------------------------------------------------------
                                  0.59   slack (MET)


Startpoint: _332_ (rising edge-triggered flip-flop clocked by core_clock)
Endpoint: _332_ (rising edge-triggered flip-flop clocked by core_clock)
Path Group: core_clock
Path Type: min

Fanout     Cap    Slew   Delay    Time   Description
-----------------------------------------------------------------------------
                          0.00    0.00   clock core_clock (rise edge)
                          0.00    0.00   clock source latency
     1    0.02    0.00    0.00    0.00 ^ clk (in)
                                         clk (net)
                  0.00    0.00    0.00 ^ clkbuf_0_clk/A (sky130_fd_sc_hd__clkbuf_16)
     4    0.04    0.06    0.13    0.13 ^ clkbuf_0_clk/X (sky130_fd_sc_hd__clkbuf_16)
                                         clknet_0_clk (net)
                  0.06    0.00    0.13 ^ clkbuf_2_1__f_clk/A (sky130_fd_sc_hd__clkbuf_16)
    11    0.04    0.06    0.14    0.27 ^ clkbuf_2_1__f_clk/X (sky130_fd_sc_hd__clkbuf_16)
                                         clknet_2_1__leaf_clk (net)
                  0.06    0.00    0.27 ^ _332_/CLK (sky130_fd_sc_hd__dfrtp_4)
     4    0.03    0.10    0.45    0.72 ^ _332_/Q (sky130_fd_sc_hd__dfrtp_4)
                                         div.count[12] (net)
                  0.10    0.00    0.72 ^ _208_/A (sky130_fd_sc_hd__xnor2_1)
     1    0.01    0.06    0.10    0.82 v _208_/Y (sky130_fd_sc_hd__xnor2_1)
                                         _007_ (net)
                  0.06    0.00    0.82 v _332_/D (sky130_fd_sc_hd__dfrtp_4)
                                  0.82   data arrival time

                          0.00    0.00   clock core_clock (rise edge)
                          0.00    0.00   clock source latency
     1    0.02    0.00    0.00    0.00 ^ clk (in)
                                         clk (net)
                  0.00    0.00    0.00 ^ clkbuf_0_clk/A (sky130_fd_sc_hd__clkbuf_16)
     4    0.04    0.06    0.13    0.13 ^ clkbuf_0_clk/X (sky130_fd_sc_hd__clkbuf_16)
                                         clknet_0_clk (net)
                  0.06    0.00    0.13 ^ clkbuf_2_1__f_clk/A (sky130_fd_sc_hd__clkbuf_16)
    11    0.04    0.06    0.14    0.27 ^ clkbuf_2_1__f_clk/X (sky130_fd_sc_hd__clkbuf_16)
                                         clknet_2_1__leaf_clk (net)
                  0.06    0.00    0.27 ^ _332_/CLK (sky130_fd_sc_hd__dfrtp_4)
                          0.00    0.27   clock reconvergence pessimism
                         -0.04    0.23   library hold time
                                  0.23   data required time
-----------------------------------------------------------------------------
                                  0.23   data required time
                                 -0.82   data arrival time
-----------------------------------------------------------------------------
                                  0.60   slack (MET)


Startpoint: _334_ (rising edge-triggered flip-flop clocked by core_clock)
Endpoint: _334_ (rising edge-triggered flip-flop clocked by core_clock)
Path Group: core_clock
Path Type: min

Fanout     Cap    Slew   Delay    Time   Description
-----------------------------------------------------------------------------
                          0.00    0.00   clock core_clock (rise edge)
                          0.00    0.00   clock source latency
     1    0.02    0.00    0.00    0.00 ^ clk (in)
                                         clk (net)
                  0.00    0.00    0.00 ^ clkbuf_0_clk/A (sky130_fd_sc_hd__clkbuf_16)
     4    0.04    0.06    0.13    0.13 ^ clkbuf_0_clk/X (sky130_fd_sc_hd__clkbuf_16)
                                         clknet_0_clk (net)
                  0.06    0.00    0.13 ^ clkbuf_2_2__f_clk/A (sky130_fd_sc_hd__clkbuf_16)
     7    0.03    0.05    0.14    0.27 ^ clkbuf_2_2__f_clk/X (sky130_fd_sc_hd__clkbuf_16)
                                         clknet_2_2__leaf_clk (net)
                  0.05    0.00    0.27 ^ _334_/CLK (sky130_fd_sc_hd__dfrtp_2)
     4    0.02    0.11    0.41    0.67 ^ _334_/Q (sky130_fd_sc_hd__dfrtp_2)
                                         div.count[14] (net)
                  0.11    0.00    0.67 ^ _214_/A1 (sky130_fd_sc_hd__o211a_1)
     1    0.00    0.04    0.16    0.83 ^ _214_/X (sky130_fd_sc_hd__o211a_1)
                                         _009_ (net)
                  0.04    0.00    0.83 ^ _334_/D (sky130_fd_sc_hd__dfrtp_2)
                                  0.83   data arrival time

                          0.00    0.00   clock core_clock (rise edge)
                          0.00    0.00   clock source latency
     1    0.02    0.00    0.00    0.00 ^ clk (in)
                                         clk (net)
                  0.00    0.00    0.00 ^ clkbuf_0_clk/A (sky130_fd_sc_hd__clkbuf_16)
     4    0.04    0.06    0.13    0.13 ^ clkbuf_0_clk/X (sky130_fd_sc_hd__clkbuf_16)
                                         clknet_0_clk (net)
                  0.06    0.00    0.13 ^ clkbuf_2_2__f_clk/A (sky130_fd_sc_hd__clkbuf_16)
     7    0.03    0.05    0.14    0.27 ^ clkbuf_2_2__f_clk/X (sky130_fd_sc_hd__clkbuf_16)
                                         clknet_2_2__leaf_clk (net)
                  0.05    0.00    0.27 ^ _334_/CLK (sky130_fd_sc_hd__dfrtp_2)
                          0.00    0.27   clock reconvergence pessimism
                         -0.03    0.23   library hold time
                                  0.23   data required time
-----------------------------------------------------------------------------
                                  0.23   data required time
                                 -0.83   data arrival time
-----------------------------------------------------------------------------
                                  0.60   slack (MET)


Startpoint: _328_ (rising edge-triggered flip-flop clocked by core_clock)
Endpoint: _328_ (rising edge-triggered flip-flop clocked by core_clock)
Path Group: core_clock
Path Type: min

Fanout     Cap    Slew   Delay    Time   Description
-----------------------------------------------------------------------------
                          0.00    0.00   clock core_clock (rise edge)
                          0.00    0.00   clock source latency
     1    0.02    0.00    0.00    0.00 ^ clk (in)
                                         clk (net)
                  0.00    0.00    0.00 ^ clkbuf_0_clk/A (sky130_fd_sc_hd__clkbuf_16)
     4    0.04    0.06    0.13    0.13 ^ clkbuf_0_clk/X (sky130_fd_sc_hd__clkbuf_16)
                                         clknet_0_clk (net)
                  0.06    0.00    0.13 ^ clkbuf_2_1__f_clk/A (sky130_fd_sc_hd__clkbuf_16)
    11    0.04    0.06    0.14    0.27 ^ clkbuf_2_1__f_clk/X (sky130_fd_sc_hd__clkbuf_16)
                                         clknet_2_1__leaf_clk (net)
                  0.06    0.00    0.27 ^ _328_/CLK (sky130_fd_sc_hd__dfrtp_4)
     6    0.04    0.13    0.47    0.74 ^ _328_/Q (sky130_fd_sc_hd__dfrtp_4)
                                         div.count[8] (net)
                  0.13    0.00    0.74 ^ _194_/A1 (sky130_fd_sc_hd__a21oi_1)
     1    0.00    0.05    0.09    0.83 v _194_/Y (sky130_fd_sc_hd__a21oi_1)
                                         _034_ (net)
                  0.05    0.00    0.83 v _328_/D (sky130_fd_sc_hd__dfrtp_4)
                                  0.83   data arrival time

                          0.00    0.00   clock core_clock (rise edge)
                          0.00    0.00   clock source latency
     1    0.02    0.00    0.00    0.00 ^ clk (in)
                                         clk (net)
                  0.00    0.00    0.00 ^ clkbuf_0_clk/A (sky130_fd_sc_hd__clkbuf_16)
     4    0.04    0.06    0.13    0.13 ^ clkbuf_0_clk/X (sky130_fd_sc_hd__clkbuf_16)
                                         clknet_0_clk (net)
                  0.06    0.00    0.13 ^ clkbuf_2_1__f_clk/A (sky130_fd_sc_hd__clkbuf_16)
    11    0.04    0.06    0.14    0.27 ^ clkbuf_2_1__f_clk/X (sky130_fd_sc_hd__clkbuf_16)
                                         clknet_2_1__leaf_clk (net)
                  0.06    0.00    0.27 ^ _328_/CLK (sky130_fd_sc_hd__dfrtp_4)
                          0.00    0.27   clock reconvergence pessimism
                         -0.04    0.23   library hold time
                                  0.23   data required time
-----------------------------------------------------------------------------
                                  0.23   data required time
                                 -0.83   data arrival time
-----------------------------------------------------------------------------
                                  0.60   slack (MET)


Startpoint: _335_ (rising edge-triggered flip-flop clocked by core_clock)
Endpoint: _335_ (rising edge-triggered flip-flop clocked by core_clock)
Path Group: core_clock
Path Type: min

Fanout     Cap    Slew   Delay    Time   Description
-----------------------------------------------------------------------------
                          0.00    0.00   clock core_clock (rise edge)
                          0.00    0.00   clock source latency
     1    0.02    0.00    0.00    0.00 ^ clk (in)
                                         clk (net)
                  0.00    0.00    0.00 ^ clkbuf_0_clk/A (sky130_fd_sc_hd__clkbuf_16)
     4    0.04    0.06    0.13    0.13 ^ clkbuf_0_clk/X (sky130_fd_sc_hd__clkbuf_16)
                                         clknet_0_clk (net)
                  0.06    0.00    0.13 ^ clkbuf_2_3__f_clk/A (sky130_fd_sc_hd__clkbuf_16)
     9    0.03    0.05    0.14    0.27 ^ clkbuf_2_3__f_clk/X (sky130_fd_sc_hd__clkbuf_16)
                                         clknet_2_3__leaf_clk (net)
                  0.05    0.00    0.27 ^ _335_/CLK (sky130_fd_sc_hd__dfrtp_4)
     3    0.02    0.10    0.45    0.71 ^ _335_/Q (sky130_fd_sc_hd__dfrtp_4)
                                         div.count[15] (net)
                  0.10    0.00    0.71 ^ _215_/A (sky130_fd_sc_hd__xnor2_2)
     1    0.01    0.07    0.11    0.82 v _215_/Y (sky130_fd_sc_hd__xnor2_2)
                                         _010_ (net)
                  0.07    0.00    0.82 v _335_/D (sky130_fd_sc_hd__dfrtp_4)
                                  0.82   data arrival time

                          0.00    0.00   clock core_clock (rise edge)
                          0.00    0.00   clock source latency
     1    0.02    0.00    0.00    0.00 ^ clk (in)
                                         clk (net)
                  0.00    0.00    0.00 ^ clkbuf_0_clk/A (sky130_fd_sc_hd__clkbuf_16)
     4    0.04    0.06    0.13    0.13 ^ clkbuf_0_clk/X (sky130_fd_sc_hd__clkbuf_16)
                                         clknet_0_clk (net)
                  0.06    0.00    0.13 ^ clkbuf_2_3__f_clk/A (sky130_fd_sc_hd__clkbuf_16)
     9    0.03    0.05    0.14    0.27 ^ clkbuf_2_3__f_clk/X (sky130_fd_sc_hd__clkbuf_16)
                                         clknet_2_3__leaf_clk (net)
                  0.05    0.00    0.27 ^ _335_/CLK (sky130_fd_sc_hd__dfrtp_4)
                          0.00    0.27   clock reconvergence pessimism
                         -0.05    0.21   library hold time
                                  0.21   data required time
-----------------------------------------------------------------------------
                                  0.21   data required time
                                 -0.82   data arrival time
-----------------------------------------------------------------------------
                                  0.61   slack (MET)


Startpoint: _341_ (rising edge-triggered flip-flop clocked by core_clock)
Endpoint: _341_ (rising edge-triggered flip-flop clocked by core_clock)
Path Group: core_clock
Path Type: min

Fanout     Cap    Slew   Delay    Time   Description
-----------------------------------------------------------------------------
                          0.00    0.00   clock core_clock (rise edge)
                          0.00    0.00   clock source latency
     1    0.02    0.00    0.00    0.00 ^ clk (in)
                                         clk (net)
                  0.00    0.00    0.00 ^ clkbuf_0_clk/A (sky130_fd_sc_hd__clkbuf_16)
     4    0.04    0.06    0.13    0.13 ^ clkbuf_0_clk/X (sky130_fd_sc_hd__clkbuf_16)
                                         clknet_0_clk (net)
                  0.06    0.00    0.13 ^ clkbuf_2_1__f_clk/A (sky130_fd_sc_hd__clkbuf_16)
    11    0.04    0.06    0.14    0.27 ^ clkbuf_2_1__f_clk/X (sky130_fd_sc_hd__clkbuf_16)
                                         clknet_2_1__leaf_clk (net)
                  0.06    0.00    0.27 ^ _341_/CLK (sky130_fd_sc_hd__dfrtp_4)
     5    0.03    0.11    0.46    0.73 ^ _341_/Q (sky130_fd_sc_hd__dfrtp_4)
                                         div.count[21] (net)
                  0.11    0.00    0.73 ^ _235_/A (sky130_fd_sc_hd__xor2_1)
     1    0.01    0.06    0.11    0.84 v _235_/X (sky130_fd_sc_hd__xor2_1)
                                         _017_ (net)
                  0.06    0.00    0.84 v _341_/D (sky130_fd_sc_hd__dfrtp_4)
                                  0.84   data arrival time

                          0.00    0.00   clock core_clock (rise edge)
                          0.00    0.00   clock source latency
     1    0.02    0.00    0.00    0.00 ^ clk (in)
                                         clk (net)
                  0.00    0.00    0.00 ^ clkbuf_0_clk/A (sky130_fd_sc_hd__clkbuf_16)
     4    0.04    0.06    0.13    0.13 ^ clkbuf_0_clk/X (sky130_fd_sc_hd__clkbuf_16)
                                         clknet_0_clk (net)
                  0.06    0.00    0.13 ^ clkbuf_2_1__f_clk/A (sky130_fd_sc_hd__clkbuf_16)
    11    0.04    0.06    0.14    0.27 ^ clkbuf_2_1__f_clk/X (sky130_fd_sc_hd__clkbuf_16)
                                         clknet_2_1__leaf_clk (net)
                  0.06    0.00    0.27 ^ _341_/CLK (sky130_fd_sc_hd__dfrtp_4)
                          0.00    0.27   clock reconvergence pessimism
                         -0.05    0.22   library hold time
                                  0.22   data required time
-----------------------------------------------------------------------------
                                  0.22   data required time
                                 -0.84   data arrival time
-----------------------------------------------------------------------------
                                  0.61   slack (MET)


Startpoint: _347_ (rising edge-triggered flip-flop clocked by core_clock)
Endpoint: _347_ (rising edge-triggered flip-flop clocked by core_clock)
Path Group: core_clock
Path Type: min

Fanout     Cap    Slew   Delay    Time   Description
-----------------------------------------------------------------------------
                          0.00    0.00   clock core_clock (rise edge)
                          0.00    0.00   clock source latency
     1    0.02    0.00    0.00    0.00 ^ clk (in)
                                         clk (net)
                  0.00    0.00    0.00 ^ clkbuf_0_clk/A (sky130_fd_sc_hd__clkbuf_16)
     4    0.04    0.06    0.13    0.13 ^ clkbuf_0_clk/X (sky130_fd_sc_hd__clkbuf_16)
                                         clknet_0_clk (net)
                  0.06    0.00    0.13 ^ clkbuf_2_3__f_clk/A (sky130_fd_sc_hd__clkbuf_16)
     9    0.03    0.05    0.14    0.27 ^ clkbuf_2_3__f_clk/X (sky130_fd_sc_hd__clkbuf_16)
                                         clknet_2_3__leaf_clk (net)
                  0.05    0.00    0.27 ^ _347_/CLK (sky130_fd_sc_hd__dfrtp_1)
     3    0.02    0.16    0.41    0.67 ^ _347_/Q (sky130_fd_sc_hd__dfrtp_1)
                                         div.count[27] (net)
                  0.16    0.00    0.67 ^ _252_/A1 (sky130_fd_sc_hd__o21ba_1)
     1    0.01    0.07    0.18    0.85 ^ _252_/X (sky130_fd_sc_hd__o21ba_1)
                                         _023_ (net)
                  0.07    0.00    0.85 ^ _347_/D (sky130_fd_sc_hd__dfrtp_1)
                                  0.85   data arrival time

                          0.00    0.00   clock core_clock (rise edge)
                          0.00    0.00   clock source latency
     1    0.02    0.00    0.00    0.00 ^ clk (in)
                                         clk (net)
                  0.00    0.00    0.00 ^ clkbuf_0_clk/A (sky130_fd_sc_hd__clkbuf_16)
     4    0.04    0.06    0.13    0.13 ^ clkbuf_0_clk/X (sky130_fd_sc_hd__clkbuf_16)
                                         clknet_0_clk (net)
                  0.06    0.00    0.13 ^ clkbuf_2_3__f_clk/A (sky130_fd_sc_hd__clkbuf_16)
     9    0.03    0.05    0.14    0.27 ^ clkbuf_2_3__f_clk/X (sky130_fd_sc_hd__clkbuf_16)
                                         clknet_2_3__leaf_clk (net)
                  0.05    0.00    0.27 ^ _347_/CLK (sky130_fd_sc_hd__dfrtp_1)
                          0.00    0.27   clock reconvergence pessimism
                         -0.04    0.23   library hold time
                                  0.23   data required time
-----------------------------------------------------------------------------
                                  0.23   data required time
                                 -0.85   data arrival time
-----------------------------------------------------------------------------
                                  0.62   slack (MET)


Startpoint: _344_ (rising edge-triggered flip-flop clocked by core_clock)
Endpoint: _344_ (rising edge-triggered flip-flop clocked by core_clock)
Path Group: core_clock
Path Type: min

Fanout     Cap    Slew   Delay    Time   Description
-----------------------------------------------------------------------------
                          0.00    0.00   clock core_clock (rise edge)
                          0.00    0.00   clock source latency
     1    0.02    0.00    0.00    0.00 ^ clk (in)
                                         clk (net)
                  0.00    0.00    0.00 ^ clkbuf_0_clk/A (sky130_fd_sc_hd__clkbuf_16)
     4    0.04    0.06    0.13    0.13 ^ clkbuf_0_clk/X (sky130_fd_sc_hd__clkbuf_16)
                                         clknet_0_clk (net)
                  0.06    0.00    0.13 ^ clkbuf_2_3__f_clk/A (sky130_fd_sc_hd__clkbuf_16)
     9    0.03    0.05    0.14    0.27 ^ clkbuf_2_3__f_clk/X (sky130_fd_sc_hd__clkbuf_16)
                                         clknet_2_3__leaf_clk (net)
                  0.05    0.00    0.27 ^ _344_/CLK (sky130_fd_sc_hd__dfrtp_4)
     6    0.03    0.11    0.46    0.72 ^ _344_/Q (sky130_fd_sc_hd__dfrtp_4)
                                         div.count[24] (net)
                  0.11    0.00    0.72 ^ _244_/A (sky130_fd_sc_hd__xor2_1)
     1    0.01    0.07    0.12    0.84 v _244_/X (sky130_fd_sc_hd__xor2_1)
                                         _020_ (net)
                  0.07    0.00    0.84 v _344_/D (sky130_fd_sc_hd__dfrtp_4)
                                  0.84   data arrival time

                          0.00    0.00   clock core_clock (rise edge)
                          0.00    0.00   clock source latency
     1    0.02    0.00    0.00    0.00 ^ clk (in)
                                         clk (net)
                  0.00    0.00    0.00 ^ clkbuf_0_clk/A (sky130_fd_sc_hd__clkbuf_16)
     4    0.04    0.06    0.13    0.13 ^ clkbuf_0_clk/X (sky130_fd_sc_hd__clkbuf_16)
                                         clknet_0_clk (net)
                  0.06    0.00    0.13 ^ clkbuf_2_3__f_clk/A (sky130_fd_sc_hd__clkbuf_16)
     9    0.03    0.05    0.14    0.27 ^ clkbuf_2_3__f_clk/X (sky130_fd_sc_hd__clkbuf_16)
                                         clknet_2_3__leaf_clk (net)
                  0.05    0.00    0.27 ^ _344_/CLK (sky130_fd_sc_hd__dfrtp_4)
                          0.00    0.27   clock reconvergence pessimism
                         -0.05    0.22   library hold time
                                  0.22   data required time
-----------------------------------------------------------------------------
                                  0.22   data required time
                                 -0.84   data arrival time
-----------------------------------------------------------------------------
                                  0.62   slack (MET)


Startpoint: _322_ (rising edge-triggered flip-flop clocked by core_clock)
Endpoint: _322_ (rising edge-triggered flip-flop clocked by core_clock)
Path Group: core_clock
Path Type: min

Fanout     Cap    Slew   Delay    Time   Description
-----------------------------------------------------------------------------
                          0.00    0.00   clock core_clock (rise edge)
                          0.00    0.00   clock source latency
     1    0.02    0.00    0.00    0.00 ^ clk (in)
                                         clk (net)
                  0.00    0.00    0.00 ^ clkbuf_0_clk/A (sky130_fd_sc_hd__clkbuf_16)
     4    0.04    0.06    0.13    0.13 ^ clkbuf_0_clk/X (sky130_fd_sc_hd__clkbuf_16)
                                         clknet_0_clk (net)
                  0.06    0.00    0.13 ^ clkbuf_2_1__f_clk/A (sky130_fd_sc_hd__clkbuf_16)
    11    0.04    0.06    0.14    0.27 ^ clkbuf_2_1__f_clk/X (sky130_fd_sc_hd__clkbuf_16)
                                         clknet_2_1__leaf_clk (net)
                  0.06    0.00    0.27 ^ _322_/CLK (sky130_fd_sc_hd__dfrtp_4)
     4    0.02    0.10    0.45    0.71 ^ _322_/Q (sky130_fd_sc_hd__dfrtp_4)
                                         div.count[2] (net)
                  0.10    0.00    0.72 ^ _175_/A (sky130_fd_sc_hd__xnor2_1)
     1    0.01    0.09    0.12    0.84 v _175_/Y (sky130_fd_sc_hd__xnor2_1)
                                         _026_ (net)
                  0.09    0.00    0.84 v _322_/D (sky130_fd_sc_hd__dfrtp_4)
                                  0.84   data arrival time

                          0.00    0.00   clock core_clock (rise edge)
                          0.00    0.00   clock source latency
     1    0.02    0.00    0.00    0.00 ^ clk (in)
                                         clk (net)
                  0.00    0.00    0.00 ^ clkbuf_0_clk/A (sky130_fd_sc_hd__clkbuf_16)
     4    0.04    0.06    0.13    0.13 ^ clkbuf_0_clk/X (sky130_fd_sc_hd__clkbuf_16)
                                         clknet_0_clk (net)
                  0.06    0.00    0.13 ^ clkbuf_2_1__f_clk/A (sky130_fd_sc_hd__clkbuf_16)
    11    0.04    0.06    0.14    0.27 ^ clkbuf_2_1__f_clk/X (sky130_fd_sc_hd__clkbuf_16)
                                         clknet_2_1__leaf_clk (net)
                  0.06    0.00    0.27 ^ _322_/CLK (sky130_fd_sc_hd__dfrtp_4)
                          0.00    0.27   clock reconvergence pessimism
                         -0.06    0.21   library hold time
                                  0.21   data required time
-----------------------------------------------------------------------------
                                  0.21   data required time
                                 -0.84   data arrival time
-----------------------------------------------------------------------------
                                  0.63   slack (MET)


Startpoint: _330_ (rising edge-triggered flip-flop clocked by core_clock)
Endpoint: _330_ (rising edge-triggered flip-flop clocked by core_clock)
Path Group: core_clock
Path Type: min

Fanout     Cap    Slew   Delay    Time   Description
-----------------------------------------------------------------------------
                          0.00    0.00   clock core_clock (rise edge)
                          0.00    0.00   clock source latency
     1    0.02    0.00    0.00    0.00 ^ clk (in)
                                         clk (net)
                  0.00    0.00    0.00 ^ clkbuf_0_clk/A (sky130_fd_sc_hd__clkbuf_16)
     4    0.04    0.06    0.13    0.13 ^ clkbuf_0_clk/X (sky130_fd_sc_hd__clkbuf_16)
                                         clknet_0_clk (net)
                  0.06    0.00    0.13 ^ clkbuf_2_2__f_clk/A (sky130_fd_sc_hd__clkbuf_16)
     7    0.03    0.05    0.14    0.27 ^ clkbuf_2_2__f_clk/X (sky130_fd_sc_hd__clkbuf_16)
                                         clknet_2_2__leaf_clk (net)
                  0.05    0.00    0.27 ^ _330_/CLK (sky130_fd_sc_hd__dfrtp_4)
     6    0.04    0.14    0.48    0.75 ^ _330_/Q (sky130_fd_sc_hd__dfrtp_4)
                                         div.count[10] (net)
                  0.14    0.00    0.75 ^ _203_/A (sky130_fd_sc_hd__xor2_2)
     1    0.01    0.05    0.11    0.86 v _203_/X (sky130_fd_sc_hd__xor2_2)
                                         _005_ (net)
                  0.05    0.00    0.86 v _330_/D (sky130_fd_sc_hd__dfrtp_4)
                                  0.86   data arrival time

                          0.00    0.00   clock core_clock (rise edge)
                          0.00    0.00   clock source latency
     1    0.02    0.00    0.00    0.00 ^ clk (in)
                                         clk (net)
                  0.00    0.00    0.00 ^ clkbuf_0_clk/A (sky130_fd_sc_hd__clkbuf_16)
     4    0.04    0.06    0.13    0.13 ^ clkbuf_0_clk/X (sky130_fd_sc_hd__clkbuf_16)
                                         clknet_0_clk (net)
                  0.06    0.00    0.13 ^ clkbuf_2_2__f_clk/A (sky130_fd_sc_hd__clkbuf_16)
     7    0.03    0.05    0.14    0.27 ^ clkbuf_2_2__f_clk/X (sky130_fd_sc_hd__clkbuf_16)
                                         clknet_2_2__leaf_clk (net)
                  0.05    0.00    0.27 ^ _330_/CLK (sky130_fd_sc_hd__dfrtp_4)
                          0.00    0.27   clock reconvergence pessimism
                         -0.04    0.22   library hold time
                                  0.22   data required time
-----------------------------------------------------------------------------
                                  0.22   data required time
                                 -0.86   data arrival time
-----------------------------------------------------------------------------
                                  0.64   slack (MET)


Startpoint: _327_ (rising edge-triggered flip-flop clocked by core_clock)
Endpoint: _327_ (rising edge-triggered flip-flop clocked by core_clock)
Path Group: core_clock
Path Type: min

Fanout     Cap    Slew   Delay    Time   Description
-----------------------------------------------------------------------------
                          0.00    0.00   clock core_clock (rise edge)
                          0.00    0.00   clock source latency
     1    0.02    0.00    0.00    0.00 ^ clk (in)
                                         clk (net)
                  0.00    0.00    0.00 ^ clkbuf_0_clk/A (sky130_fd_sc_hd__clkbuf_16)
     4    0.04    0.06    0.13    0.13 ^ clkbuf_0_clk/X (sky130_fd_sc_hd__clkbuf_16)
                                         clknet_0_clk (net)
                  0.06    0.00    0.13 ^ clkbuf_2_2__f_clk/A (sky130_fd_sc_hd__clkbuf_16)
     7    0.03    0.05    0.14    0.27 ^ clkbuf_2_2__f_clk/X (sky130_fd_sc_hd__clkbuf_16)
                                         clknet_2_2__leaf_clk (net)
                  0.05    0.00    0.27 ^ _327_/CLK (sky130_fd_sc_hd__dfrtp_2)
     4    0.02    0.08    0.44    0.71 v _327_/Q (sky130_fd_sc_hd__dfrtp_2)
                                         div.count[7] (net)
                  0.08    0.00    0.71 v _189_/A (sky130_fd_sc_hd__inv_2)
     1    0.01    0.06    0.08    0.79 ^ _189_/Y (sky130_fd_sc_hd__inv_2)
                                         _098_ (net)
                  0.06    0.00    0.79 ^ _192_/A1 (sky130_fd_sc_hd__a21oi_1)
     1    0.01    0.05    0.08    0.87 v _192_/Y (sky130_fd_sc_hd__a21oi_1)
                                         _033_ (net)
                  0.05    0.00    0.87 v _327_/D (sky130_fd_sc_hd__dfrtp_2)
                                  0.87   data arrival time

                          0.00    0.00   clock core_clock (rise edge)
                          0.00    0.00   clock source latency
     1    0.02    0.00    0.00    0.00 ^ clk (in)
                                         clk (net)
                  0.00    0.00    0.00 ^ clkbuf_0_clk/A (sky130_fd_sc_hd__clkbuf_16)
     4    0.04    0.06    0.13    0.13 ^ clkbuf_0_clk/X (sky130_fd_sc_hd__clkbuf_16)
                                         clknet_0_clk (net)
                  0.06    0.00    0.13 ^ clkbuf_2_2__f_clk/A (sky130_fd_sc_hd__clkbuf_16)
     7    0.03    0.05    0.14    0.27 ^ clkbuf_2_2__f_clk/X (sky130_fd_sc_hd__clkbuf_16)
                                         clknet_2_2__leaf_clk (net)
                  0.05    0.00    0.27 ^ _327_/CLK (sky130_fd_sc_hd__dfrtp_2)
                          0.00    0.27   clock reconvergence pessimism
                         -0.04    0.22   library hold time
                                  0.22   data required time
-----------------------------------------------------------------------------
                                  0.22   data required time
                                 -0.87   data arrival time
-----------------------------------------------------------------------------
                                  0.64   slack (MET)


Startpoint: _340_ (rising edge-triggered flip-flop clocked by core_clock)
Endpoint: _340_ (rising edge-triggered flip-flop clocked by core_clock)
Path Group: core_clock
Path Type: min

Fanout     Cap    Slew   Delay    Time   Description
-----------------------------------------------------------------------------
                          0.00    0.00   clock core_clock (rise edge)
                          0.00    0.00   clock source latency
     1    0.02    0.00    0.00    0.00 ^ clk (in)
                                         clk (net)
                  0.00    0.00    0.00 ^ clkbuf_0_clk/A (sky130_fd_sc_hd__clkbuf_16)
     4    0.04    0.06    0.13    0.13 ^ clkbuf_0_clk/X (sky130_fd_sc_hd__clkbuf_16)
                                         clknet_0_clk (net)
                  0.06    0.00    0.13 ^ clkbuf_2_2__f_clk/A (sky130_fd_sc_hd__clkbuf_16)
     7    0.03    0.05    0.14    0.27 ^ clkbuf_2_2__f_clk/X (sky130_fd_sc_hd__clkbuf_16)
                                         clknet_2_2__leaf_clk (net)
                  0.05    0.00    0.27 ^ _340_/CLK (sky130_fd_sc_hd__dfrtp_4)
     4    0.02    0.10    0.45    0.71 ^ _340_/Q (sky130_fd_sc_hd__dfrtp_4)
                                         div.count[20] (net)
                  0.10    0.00    0.71 ^ _233_/B1 (sky130_fd_sc_hd__a21oi_1)
     1    0.01    0.06    0.08    0.79 v _233_/Y (sky130_fd_sc_hd__a21oi_1)
                                         _129_ (net)
                  0.06    0.00    0.79 v _234_/B (sky130_fd_sc_hd__nor2_1)
     1    0.00    0.09    0.10    0.89 ^ _234_/Y (sky130_fd_sc_hd__nor2_1)
                                         _016_ (net)
                  0.09    0.00    0.89 ^ _340_/D (sky130_fd_sc_hd__dfrtp_4)
                                  0.89   data arrival time

                          0.00    0.00   clock core_clock (rise edge)
                          0.00    0.00   clock source latency
     1    0.02    0.00    0.00    0.00 ^ clk (in)
                                         clk (net)
                  0.00    0.00    0.00 ^ clkbuf_0_clk/A (sky130_fd_sc_hd__clkbuf_16)
     4    0.04    0.06    0.13    0.13 ^ clkbuf_0_clk/X (sky130_fd_sc_hd__clkbuf_16)
                                         clknet_0_clk (net)
                  0.06    0.00    0.13 ^ clkbuf_2_2__f_clk/A (sky130_fd_sc_hd__clkbuf_16)
     7    0.03    0.05    0.14    0.27 ^ clkbuf_2_2__f_clk/X (sky130_fd_sc_hd__clkbuf_16)
                                         clknet_2_2__leaf_clk (net)
                  0.05    0.00    0.27 ^ _340_/CLK (sky130_fd_sc_hd__dfrtp_4)
                          0.00    0.27   clock reconvergence pessimism
                         -0.04    0.22   library hold time
                                  0.22   data required time
-----------------------------------------------------------------------------
                                  0.22   data required time
                                 -0.89   data arrival time
-----------------------------------------------------------------------------
                                  0.67   slack (MET)


Startpoint: _349_ (rising edge-triggered flip-flop clocked by core_clock)
Endpoint: _349_ (rising edge-triggered flip-flop clocked by core_clock)
Path Group: core_clock
Path Type: min

Fanout     Cap    Slew   Delay    Time   Description
-----------------------------------------------------------------------------
                          0.00    0.00   clock core_clock (rise edge)
                          0.00    0.00   clock source latency
     1    0.02    0.00    0.00    0.00 ^ clk (in)
                                         clk (net)
                  0.00    0.00    0.00 ^ clkbuf_0_clk/A (sky130_fd_sc_hd__clkbuf_16)
     4    0.04    0.06    0.13    0.13 ^ clkbuf_0_clk/X (sky130_fd_sc_hd__clkbuf_16)
                                         clknet_0_clk (net)
                  0.06    0.00    0.13 ^ clkbuf_2_3__f_clk/A (sky130_fd_sc_hd__clkbuf_16)
     9    0.03    0.05    0.14    0.27 ^ clkbuf_2_3__f_clk/X (sky130_fd_sc_hd__clkbuf_16)
                                         clknet_2_3__leaf_clk (net)
                  0.05    0.00    0.27 ^ _349_/CLK (sky130_fd_sc_hd__dfrtp_4)
     4    0.02    0.10    0.45    0.71 ^ _349_/Q (sky130_fd_sc_hd__dfrtp_4)
                                         div.count[29] (net)
                  0.10    0.00    0.71 ^ _257_/A1 (sky130_fd_sc_hd__o21a_1)
     1    0.01    0.13    0.20    0.91 ^ _257_/X (sky130_fd_sc_hd__o21a_1)
                                         _025_ (net)
                  0.13    0.00    0.91 ^ _349_/D (sky130_fd_sc_hd__dfrtp_4)
                                  0.91   data arrival time

                          0.00    0.00   clock core_clock (rise edge)
                          0.00    0.00   clock source latency
     1    0.02    0.00    0.00    0.00 ^ clk (in)
                                         clk (net)
                  0.00    0.00    0.00 ^ clkbuf_0_clk/A (sky130_fd_sc_hd__clkbuf_16)
     4    0.04    0.06    0.13    0.13 ^ clkbuf_0_clk/X (sky130_fd_sc_hd__clkbuf_16)
                                         clknet_0_clk (net)
                  0.06    0.00    0.13 ^ clkbuf_2_3__f_clk/A (sky130_fd_sc_hd__clkbuf_16)
     9    0.03    0.05    0.14    0.27 ^ clkbuf_2_3__f_clk/X (sky130_fd_sc_hd__clkbuf_16)
                                         clknet_2_3__leaf_clk (net)
                  0.05    0.00    0.27 ^ _349_/CLK (sky130_fd_sc_hd__dfrtp_4)
                          0.00    0.27   clock reconvergence pessimism
                         -0.05    0.21   library hold time
                                  0.21   data required time
-----------------------------------------------------------------------------
                                  0.21   data required time
                                 -0.91   data arrival time
-----------------------------------------------------------------------------
                                  0.70   slack (MET)


Startpoint: _345_ (rising edge-triggered flip-flop clocked by core_clock)
Endpoint: _345_ (rising edge-triggered flip-flop clocked by core_clock)
Path Group: core_clock
Path Type: min

Fanout     Cap    Slew   Delay    Time   Description
-----------------------------------------------------------------------------
                          0.00    0.00   clock core_clock (rise edge)
                          0.00    0.00   clock source latency
     1    0.02    0.00    0.00    0.00 ^ clk (in)
                                         clk (net)
                  0.00    0.00    0.00 ^ clkbuf_0_clk/A (sky130_fd_sc_hd__clkbuf_16)
     4    0.04    0.06    0.13    0.13 ^ clkbuf_0_clk/X (sky130_fd_sc_hd__clkbuf_16)
                                         clknet_0_clk (net)
                  0.06    0.00    0.13 ^ clkbuf_2_3__f_clk/A (sky130_fd_sc_hd__clkbuf_16)
     9    0.03    0.05    0.14    0.27 ^ clkbuf_2_3__f_clk/X (sky130_fd_sc_hd__clkbuf_16)
                                         clknet_2_3__leaf_clk (net)
                  0.05    0.00    0.27 ^ _345_/CLK (sky130_fd_sc_hd__dfrtp_2)
     5    0.02    0.11    0.41    0.67 ^ _345_/Q (sky130_fd_sc_hd__dfrtp_2)
                                         div.count[25] (net)
                  0.11    0.00    0.67 ^ _245_/B1 (sky130_fd_sc_hd__a21oi_2)
     1    0.01    0.05    0.06    0.73 v _245_/Y (sky130_fd_sc_hd__a21oi_2)
                                         _136_ (net)
                  0.05    0.00    0.73 v _247_/A (sky130_fd_sc_hd__nor2_1)
     1    0.01    0.19    0.18    0.92 ^ _247_/Y (sky130_fd_sc_hd__nor2_1)
                                         _021_ (net)
                  0.19    0.00    0.92 ^ _345_/D (sky130_fd_sc_hd__dfrtp_2)
                                  0.92   data arrival time

                          0.00    0.00   clock core_clock (rise edge)
                          0.00    0.00   clock source latency
     1    0.02    0.00    0.00    0.00 ^ clk (in)
                                         clk (net)
                  0.00    0.00    0.00 ^ clkbuf_0_clk/A (sky130_fd_sc_hd__clkbuf_16)
     4    0.04    0.06    0.13    0.13 ^ clkbuf_0_clk/X (sky130_fd_sc_hd__clkbuf_16)
                                         clknet_0_clk (net)
                  0.06    0.00    0.13 ^ clkbuf_2_3__f_clk/A (sky130_fd_sc_hd__clkbuf_16)
     9    0.03    0.05    0.14    0.27 ^ clkbuf_2_3__f_clk/X (sky130_fd_sc_hd__clkbuf_16)
                                         clknet_2_3__leaf_clk (net)
                  0.05    0.00    0.27 ^ _345_/CLK (sky130_fd_sc_hd__dfrtp_2)
                          0.00    0.27   clock reconvergence pessimism
                         -0.06    0.20   library hold time
                                  0.20   data required time
-----------------------------------------------------------------------------
                                  0.20   data required time
                                 -0.92   data arrival time
-----------------------------------------------------------------------------
                                  0.71   slack (MET)


Startpoint: _325_ (rising edge-triggered flip-flop clocked by core_clock)
Endpoint: _325_ (rising edge-triggered flip-flop clocked by core_clock)
Path Group: core_clock
Path Type: min

Fanout     Cap    Slew   Delay    Time   Description
-----------------------------------------------------------------------------
                          0.00    0.00   clock core_clock (rise edge)
                          0.00    0.00   clock source latency
     1    0.02    0.00    0.00    0.00 ^ clk (in)
                                         clk (net)
                  0.00    0.00    0.00 ^ clkbuf_0_clk/A (sky130_fd_sc_hd__clkbuf_16)
     4    0.04    0.06    0.13    0.13 ^ clkbuf_0_clk/X (sky130_fd_sc_hd__clkbuf_16)
                                         clknet_0_clk (net)
                  0.06    0.00    0.13 ^ clkbuf_2_2__f_clk/A (sky130_fd_sc_hd__clkbuf_16)
     7    0.03    0.05    0.14    0.27 ^ clkbuf_2_2__f_clk/X (sky130_fd_sc_hd__clkbuf_16)
                                         clknet_2_2__leaf_clk (net)
                  0.05    0.00    0.27 ^ _325_/CLK (sky130_fd_sc_hd__dfrtp_4)
     5    0.02    0.10    0.44    0.71 ^ _325_/Q (sky130_fd_sc_hd__dfrtp_4)
                                         div.count[5] (net)
                  0.10    0.00    0.71 ^ _183_/B1 (sky130_fd_sc_hd__a21oi_1)
     1    0.01    0.06    0.08    0.79 v _183_/Y (sky130_fd_sc_hd__a21oi_1)
                                         _094_ (net)
                  0.06    0.00    0.79 v _184_/B (sky130_fd_sc_hd__nor2_1)
     1    0.01    0.18    0.16    0.95 ^ _184_/Y (sky130_fd_sc_hd__nor2_1)
                                         _031_ (net)
                  0.18    0.00    0.95 ^ _325_/D (sky130_fd_sc_hd__dfrtp_4)
                                  0.95   data arrival time

                          0.00    0.00   clock core_clock (rise edge)
                          0.00    0.00   clock source latency
     1    0.02    0.00    0.00    0.00 ^ clk (in)
                                         clk (net)
                  0.00    0.00    0.00 ^ clkbuf_0_clk/A (sky130_fd_sc_hd__clkbuf_16)
     4    0.04    0.06    0.13    0.13 ^ clkbuf_0_clk/X (sky130_fd_sc_hd__clkbuf_16)
                                         clknet_0_clk (net)
                  0.06    0.00    0.13 ^ clkbuf_2_2__f_clk/A (sky130_fd_sc_hd__clkbuf_16)
     7    0.03    0.05    0.14    0.27 ^ clkbuf_2_2__f_clk/X (sky130_fd_sc_hd__clkbuf_16)
                                         clknet_2_2__leaf_clk (net)
                  0.05    0.00    0.27 ^ _325_/CLK (sky130_fd_sc_hd__dfrtp_4)
                          0.00    0.27   clock reconvergence pessimism
                         -0.06    0.20   library hold time
                                  0.20   data required time
-----------------------------------------------------------------------------
                                  0.20   data required time
                                 -0.95   data arrival time
-----------------------------------------------------------------------------
                                  0.75   slack (MET)


Startpoint: _337_ (rising edge-triggered flip-flop clocked by core_clock)
Endpoint: _337_ (rising edge-triggered flip-flop clocked by core_clock)
Path Group: core_clock
Path Type: min

Fanout     Cap    Slew   Delay    Time   Description
-----------------------------------------------------------------------------
                          0.00    0.00   clock core_clock (rise edge)
                          0.00    0.00   clock source latency
     1    0.02    0.00    0.00    0.00 ^ clk (in)
                                         clk (net)
                  0.00    0.00    0.00 ^ clkbuf_0_clk/A (sky130_fd_sc_hd__clkbuf_16)
     4    0.04    0.06    0.13    0.13 ^ clkbuf_0_clk/X (sky130_fd_sc_hd__clkbuf_16)
                                         clknet_0_clk (net)
                  0.06    0.00    0.13 ^ clkbuf_2_2__f_clk/A (sky130_fd_sc_hd__clkbuf_16)
     7    0.03    0.05    0.14    0.27 ^ clkbuf_2_2__f_clk/X (sky130_fd_sc_hd__clkbuf_16)
                                         clknet_2_2__leaf_clk (net)
                  0.05    0.00    0.27 ^ _337_/CLK (sky130_fd_sc_hd__dfrtp_4)
     5    0.03    0.11    0.45    0.72 ^ _337_/Q (sky130_fd_sc_hd__dfrtp_4)
                                         div.count[17] (net)
                  0.11    0.00    0.72 ^ _220_/B1 (sky130_fd_sc_hd__a21oi_1)
     1    0.01    0.05    0.07    0.79 v _220_/Y (sky130_fd_sc_hd__a21oi_1)
                                         _119_ (net)
                  0.05    0.00    0.79 v _222_/A (sky130_fd_sc_hd__nor2_2)
     1    0.02    0.19    0.19    0.98 ^ _222_/Y (sky130_fd_sc_hd__nor2_2)
                                         _012_ (net)
                  0.19    0.00    0.98 ^ _337_/D (sky130_fd_sc_hd__dfrtp_4)
                                  0.98   data arrival time

                          0.00    0.00   clock core_clock (rise edge)
                          0.00    0.00   clock source latency
     1    0.02    0.00    0.00    0.00 ^ clk (in)
                                         clk (net)
                  0.00    0.00    0.00 ^ clkbuf_0_clk/A (sky130_fd_sc_hd__clkbuf_16)
     4    0.04    0.06    0.13    0.13 ^ clkbuf_0_clk/X (sky130_fd_sc_hd__clkbuf_16)
                                         clknet_0_clk (net)
                  0.06    0.00    0.13 ^ clkbuf_2_2__f_clk/A (sky130_fd_sc_hd__clkbuf_16)
     7    0.03    0.05    0.14    0.27 ^ clkbuf_2_2__f_clk/X (sky130_fd_sc_hd__clkbuf_16)
                                         clknet_2_2__leaf_clk (net)
                  0.05    0.00    0.27 ^ _337_/CLK (sky130_fd_sc_hd__dfrtp_4)
                          0.00    0.27   clock reconvergence pessimism
                         -0.06    0.20   library hold time
                                  0.20   data required time
-----------------------------------------------------------------------------
                                  0.20   data required time
                                 -0.98   data arrival time
-----------------------------------------------------------------------------
                                  0.78   slack (MET)


Startpoint: _348_ (rising edge-triggered flip-flop clocked by core_clock)
Endpoint: _348_ (rising edge-triggered flip-flop clocked by core_clock)
Path Group: core_clock
Path Type: min

Fanout     Cap    Slew   Delay    Time   Description
-----------------------------------------------------------------------------
                          0.00    0.00   clock core_clock (rise edge)
                          0.00    0.00   clock source latency
     1    0.02    0.00    0.00    0.00 ^ clk (in)
                                         clk (net)
                  0.00    0.00    0.00 ^ clkbuf_0_clk/A (sky130_fd_sc_hd__clkbuf_16)
     4    0.04    0.06    0.13    0.13 ^ clkbuf_0_clk/X (sky130_fd_sc_hd__clkbuf_16)
                                         clknet_0_clk (net)
                  0.06    0.00    0.13 ^ clkbuf_2_1__f_clk/A (sky130_fd_sc_hd__clkbuf_16)
    11    0.04    0.06    0.14    0.27 ^ clkbuf_2_1__f_clk/X (sky130_fd_sc_hd__clkbuf_16)
                                         clknet_2_1__leaf_clk (net)
                  0.06    0.00    0.27 ^ _348_/CLK (sky130_fd_sc_hd__dfrtp_4)
     6    0.03    0.13    0.47    0.74 ^ _348_/Q (sky130_fd_sc_hd__dfrtp_4)
                                         div.count[28] (net)
                  0.13    0.00    0.74 ^ _253_/A (sky130_fd_sc_hd__and2_1)
     2    0.01    0.11    0.19    0.93 ^ _253_/X (sky130_fd_sc_hd__and2_1)
                                         _141_ (net)
                  0.11    0.00    0.93 ^ _255_/A (sky130_fd_sc_hd__nor2_1)
     1    0.01    0.05    0.08    1.01 v _255_/Y (sky130_fd_sc_hd__nor2_1)
                                         _024_ (net)
                  0.05    0.00    1.01 v _348_/D (sky130_fd_sc_hd__dfrtp_4)
                                  1.01   data arrival time

                          0.00    0.00   clock core_clock (rise edge)
                          0.00    0.00   clock source latency
     1    0.02    0.00    0.00    0.00 ^ clk (in)
                                         clk (net)
                  0.00    0.00    0.00 ^ clkbuf_0_clk/A (sky130_fd_sc_hd__clkbuf_16)
     4    0.04    0.06    0.13    0.13 ^ clkbuf_0_clk/X (sky130_fd_sc_hd__clkbuf_16)
                                         clknet_0_clk (net)
                  0.06    0.00    0.13 ^ clkbuf_2_1__f_clk/A (sky130_fd_sc_hd__clkbuf_16)
    11    0.04    0.06    0.14    0.27 ^ clkbuf_2_1__f_clk/X (sky130_fd_sc_hd__clkbuf_16)
                                         clknet_2_1__leaf_clk (net)
                  0.06    0.00    0.27 ^ _348_/CLK (sky130_fd_sc_hd__dfrtp_4)
                          0.00    0.27   clock reconvergence pessimism
                         -0.04    0.23   library hold time
                                  0.23   data required time
-----------------------------------------------------------------------------
                                  0.23   data required time
                                 -1.01   data arrival time
-----------------------------------------------------------------------------
                                  0.78   slack (MET)


Startpoint: _320_ (rising edge-triggered flip-flop clocked by core_clock)
Endpoint: _320_ (rising edge-triggered flip-flop clocked by core_clock)
Path Group: core_clock
Path Type: min

Fanout     Cap    Slew   Delay    Time   Description
-----------------------------------------------------------------------------
                          0.00    0.00   clock core_clock (rise edge)
                          0.00    0.00   clock source latency
     1    0.02    0.00    0.00    0.00 ^ clk (in)
                                         clk (net)
                  0.00    0.00    0.00 ^ clkbuf_0_clk/A (sky130_fd_sc_hd__clkbuf_16)
     4    0.04    0.06    0.13    0.13 ^ clkbuf_0_clk/X (sky130_fd_sc_hd__clkbuf_16)
                                         clknet_0_clk (net)
                  0.06    0.00    0.13 ^ clkbuf_2_0__f_clk/A (sky130_fd_sc_hd__clkbuf_16)
     9    0.03    0.05    0.14    0.27 ^ clkbuf_2_0__f_clk/X (sky130_fd_sc_hd__clkbuf_16)
                                         clknet_2_0__leaf_clk (net)
                  0.05    0.00    0.27 ^ _320_/CLK (sky130_fd_sc_hd__dfrtp_4)
     6    0.03    0.11    0.45    0.72 ^ _320_/Q (sky130_fd_sc_hd__dfrtp_4)
                                         div.count[0] (net)
                  0.11    0.00    0.72 ^ _169_/A_N (sky130_fd_sc_hd__and2b_1)
     1    0.01    0.07    0.22    0.94 v _169_/X (sky130_fd_sc_hd__and2b_1)
                                         _085_ (net)
                  0.07    0.00    0.94 v _170_/A (sky130_fd_sc_hd__clkbuf_1)
     1    0.00    0.04    0.10    1.05 v _170_/X (sky130_fd_sc_hd__clkbuf_1)
                                         _004_ (net)
                  0.04    0.00    1.05 v _320_/D (sky130_fd_sc_hd__dfrtp_4)
                                  1.05   data arrival time

                          0.00    0.00   clock core_clock (rise edge)
                          0.00    0.00   clock source latency
     1    0.02    0.00    0.00    0.00 ^ clk (in)
                                         clk (net)
                  0.00    0.00    0.00 ^ clkbuf_0_clk/A (sky130_fd_sc_hd__clkbuf_16)
     4    0.04    0.06    0.13    0.13 ^ clkbuf_0_clk/X (sky130_fd_sc_hd__clkbuf_16)
                                         clknet_0_clk (net)
                  0.06    0.00    0.13 ^ clkbuf_2_0__f_clk/A (sky130_fd_sc_hd__clkbuf_16)
     9    0.03    0.05    0.14    0.27 ^ clkbuf_2_0__f_clk/X (sky130_fd_sc_hd__clkbuf_16)
                                         clknet_2_0__leaf_clk (net)
                  0.05    0.00    0.27 ^ _320_/CLK (sky130_fd_sc_hd__dfrtp_4)
                          0.00    0.27   clock reconvergence pessimism
                         -0.04    0.23   library hold time
                                  0.23   data required time
-----------------------------------------------------------------------------
                                  0.23   data required time
                                 -1.05   data arrival time
-----------------------------------------------------------------------------
                                  0.82   slack (MET)


Startpoint: _323_ (rising edge-triggered flip-flop clocked by core_clock)
Endpoint: _323_ (rising edge-triggered flip-flop clocked by core_clock)
Path Group: core_clock
Path Type: min

Fanout     Cap    Slew   Delay    Time   Description
-----------------------------------------------------------------------------
                          0.00    0.00   clock core_clock (rise edge)
                          0.00    0.00   clock source latency
     1    0.02    0.00    0.00    0.00 ^ clk (in)
                                         clk (net)
                  0.00    0.00    0.00 ^ clkbuf_0_clk/A (sky130_fd_sc_hd__clkbuf_16)
     4    0.04    0.06    0.13    0.13 ^ clkbuf_0_clk/X (sky130_fd_sc_hd__clkbuf_16)
                                         clknet_0_clk (net)
                  0.06    0.00    0.13 ^ clkbuf_2_3__f_clk/A (sky130_fd_sc_hd__clkbuf_16)
     9    0.03    0.05    0.14    0.27 ^ clkbuf_2_3__f_clk/X (sky130_fd_sc_hd__clkbuf_16)
                                         clknet_2_3__leaf_clk (net)
                  0.05    0.00    0.27 ^ _323_/CLK (sky130_fd_sc_hd__dfrtp_2)
     3    0.02    0.10    0.39    0.66 ^ _323_/Q (sky130_fd_sc_hd__dfrtp_2)
                                         div.count[3] (net)
                  0.10    0.00    0.66 ^ _178_/B1 (sky130_fd_sc_hd__a31o_1)
     1    0.01    0.08    0.14    0.79 ^ _178_/X (sky130_fd_sc_hd__a31o_1)
                                         _091_ (net)
                  0.08    0.00    0.79 ^ _179_/B (sky130_fd_sc_hd__and2b_1)
     1    0.01    0.09    0.17    0.96 ^ _179_/X (sky130_fd_sc_hd__and2b_1)
                                         _092_ (net)
                  0.09    0.00    0.96 ^ _180_/A (sky130_fd_sc_hd__buf_1)
     1    0.01    0.09    0.12    1.08 ^ _180_/X (sky130_fd_sc_hd__buf_1)
                                         _029_ (net)
                  0.09    0.00    1.08 ^ _323_/D (sky130_fd_sc_hd__dfrtp_2)
                                  1.08   data arrival time

                          0.00    0.00   clock core_clock (rise edge)
                          0.00    0.00   clock source latency
     1    0.02    0.00    0.00    0.00 ^ clk (in)
                                         clk (net)
                  0.00    0.00    0.00 ^ clkbuf_0_clk/A (sky130_fd_sc_hd__clkbuf_16)
     4    0.04    0.06    0.13    0.13 ^ clkbuf_0_clk/X (sky130_fd_sc_hd__clkbuf_16)
                                         clknet_0_clk (net)
                  0.06    0.00    0.13 ^ clkbuf_2_3__f_clk/A (sky130_fd_sc_hd__clkbuf_16)
     9    0.03    0.05    0.14    0.27 ^ clkbuf_2_3__f_clk/X (sky130_fd_sc_hd__clkbuf_16)
                                         clknet_2_3__leaf_clk (net)
                  0.05    0.00    0.27 ^ _323_/CLK (sky130_fd_sc_hd__dfrtp_2)
                          0.00    0.27   clock reconvergence pessimism
                         -0.04    0.22   library hold time
                                  0.22   data required time
-----------------------------------------------------------------------------
                                  0.22   data required time
                                 -1.08   data arrival time
-----------------------------------------------------------------------------
                                  0.86   slack (MET)


Startpoint: _329_ (rising edge-triggered flip-flop clocked by core_clock)
Endpoint: _329_ (rising edge-triggered flip-flop clocked by core_clock)
Path Group: core_clock
Path Type: min

Fanout     Cap    Slew   Delay    Time   Description
-----------------------------------------------------------------------------
                          0.00    0.00   clock core_clock (rise edge)
                          0.00    0.00   clock source latency
     1    0.02    0.00    0.00    0.00 ^ clk (in)
                                         clk (net)
                  0.00    0.00    0.00 ^ clkbuf_0_clk/A (sky130_fd_sc_hd__clkbuf_16)
     4    0.04    0.06    0.13    0.13 ^ clkbuf_0_clk/X (sky130_fd_sc_hd__clkbuf_16)
                                         clknet_0_clk (net)
                  0.06    0.00    0.13 ^ clkbuf_2_1__f_clk/A (sky130_fd_sc_hd__clkbuf_16)
    11    0.04    0.06    0.14    0.27 ^ clkbuf_2_1__f_clk/X (sky130_fd_sc_hd__clkbuf_16)
                                         clknet_2_1__leaf_clk (net)
                  0.06    0.00    0.27 ^ _329_/CLK (sky130_fd_sc_hd__dfrtp_4)
     4    0.03    0.12    0.46    0.73 ^ _329_/Q (sky130_fd_sc_hd__dfrtp_4)
                                         div.count[9] (net)
                  0.12    0.00    0.73 ^ _200_/B1 (sky130_fd_sc_hd__a31o_1)
     1    0.01    0.10    0.16    0.89 ^ _200_/X (sky130_fd_sc_hd__a31o_1)
                                         _107_ (net)
                  0.10    0.00    0.89 ^ _201_/B (sky130_fd_sc_hd__nand2_1)
     1    0.01    0.05    0.08    0.97 v _201_/Y (sky130_fd_sc_hd__nand2_1)
                                         _108_ (net)
                  0.05    0.00    0.97 v _202_/B (sky130_fd_sc_hd__nor2_1)
     1    0.01    0.14    0.13    1.10 ^ _202_/Y (sky130_fd_sc_hd__nor2_1)
                                         _035_ (net)
                  0.14    0.00    1.10 ^ _329_/D (sky130_fd_sc_hd__dfrtp_4)
                                  1.10   data arrival time

                          0.00    0.00   clock core_clock (rise edge)
                          0.00    0.00   clock source latency
     1    0.02    0.00    0.00    0.00 ^ clk (in)
                                         clk (net)
                  0.00    0.00    0.00 ^ clkbuf_0_clk/A (sky130_fd_sc_hd__clkbuf_16)
     4    0.04    0.06    0.13    0.13 ^ clkbuf_0_clk/X (sky130_fd_sc_hd__clkbuf_16)
                                         clknet_0_clk (net)
                  0.06    0.00    0.13 ^ clkbuf_2_1__f_clk/A (sky130_fd_sc_hd__clkbuf_16)
    11    0.04    0.06    0.14    0.27 ^ clkbuf_2_1__f_clk/X (sky130_fd_sc_hd__clkbuf_16)
                                         clknet_2_1__leaf_clk (net)
                  0.06    0.00    0.27 ^ _329_/CLK (sky130_fd_sc_hd__dfrtp_4)
                          0.00    0.27   clock reconvergence pessimism
                         -0.05    0.22   library hold time
                                  0.22   data required time
-----------------------------------------------------------------------------
                                  0.22   data required time
                                 -1.10   data arrival time
-----------------------------------------------------------------------------
                                  0.89   slack (MET)


Startpoint: _338_ (rising edge-triggered flip-flop clocked by core_clock)
Endpoint: _338_ (rising edge-triggered flip-flop clocked by core_clock)
Path Group: core_clock
Path Type: min

Fanout     Cap    Slew   Delay    Time   Description
-----------------------------------------------------------------------------
                          0.00    0.00   clock core_clock (rise edge)
                          0.00    0.00   clock source latency
     1    0.02    0.00    0.00    0.00 ^ clk (in)
                                         clk (net)
                  0.00    0.00    0.00 ^ clkbuf_0_clk/A (sky130_fd_sc_hd__clkbuf_16)
     4    0.04    0.06    0.13    0.13 ^ clkbuf_0_clk/X (sky130_fd_sc_hd__clkbuf_16)
                                         clknet_0_clk (net)
                  0.06    0.00    0.13 ^ clkbuf_2_0__f_clk/A (sky130_fd_sc_hd__clkbuf_16)
     9    0.03    0.05    0.14    0.27 ^ clkbuf_2_0__f_clk/X (sky130_fd_sc_hd__clkbuf_16)
                                         clknet_2_0__leaf_clk (net)
                  0.05    0.00    0.27 ^ _338_/CLK (sky130_fd_sc_hd__dfrtp_4)
     4    0.03    0.11    0.46    0.73 ^ _338_/Q (sky130_fd_sc_hd__dfrtp_4)
                                         div.count[18] (net)
                  0.11    0.00    0.73 ^ _223_/A (sky130_fd_sc_hd__or2_1)
     1    0.00    0.05    0.12    0.85 ^ _223_/X (sky130_fd_sc_hd__or2_1)
                                         _121_ (net)
                  0.05    0.00    0.85 ^ _225_/B (sky130_fd_sc_hd__and3_1)
     1    0.00    0.06    0.15    1.00 ^ _225_/X (sky130_fd_sc_hd__and3_1)
                                         _123_ (net)
                  0.06    0.00    1.00 ^ _226_/A (sky130_fd_sc_hd__buf_1)
     1    0.01    0.10    0.12    1.12 ^ _226_/X (sky130_fd_sc_hd__buf_1)
                                         _013_ (net)
                  0.10    0.00    1.12 ^ _338_/D (sky130_fd_sc_hd__dfrtp_4)
                                  1.12   data arrival time

                          0.00    0.00   clock core_clock (rise edge)
                          0.00    0.00   clock source latency
     1    0.02    0.00    0.00    0.00 ^ clk (in)
                                         clk (net)
                  0.00    0.00    0.00 ^ clkbuf_0_clk/A (sky130_fd_sc_hd__clkbuf_16)
     4    0.04    0.06    0.13    0.13 ^ clkbuf_0_clk/X (sky130_fd_sc_hd__clkbuf_16)
                                         clknet_0_clk (net)
                  0.06    0.00    0.13 ^ clkbuf_2_0__f_clk/A (sky130_fd_sc_hd__clkbuf_16)
     9    0.03    0.05    0.14    0.27 ^ clkbuf_2_0__f_clk/X (sky130_fd_sc_hd__clkbuf_16)
                                         clknet_2_0__leaf_clk (net)
                  0.05    0.00    0.27 ^ _338_/CLK (sky130_fd_sc_hd__dfrtp_4)
                          0.00    0.27   clock reconvergence pessimism
                         -0.04    0.22   library hold time
                                  0.22   data required time
-----------------------------------------------------------------------------
                                  0.22   data required time
                                 -1.12   data arrival time
-----------------------------------------------------------------------------
                                  0.90   slack (MET)


Startpoint: _321_ (rising edge-triggered flip-flop clocked by core_clock)
Endpoint: _321_ (rising edge-triggered flip-flop clocked by core_clock)
Path Group: core_clock
Path Type: min

Fanout     Cap    Slew   Delay    Time   Description
-----------------------------------------------------------------------------
                          0.00    0.00   clock core_clock (rise edge)
                          0.00    0.00   clock source latency
     1    0.02    0.00    0.00    0.00 ^ clk (in)
                                         clk (net)
                  0.00    0.00    0.00 ^ clkbuf_0_clk/A (sky130_fd_sc_hd__clkbuf_16)
     4    0.04    0.06    0.13    0.13 ^ clkbuf_0_clk/X (sky130_fd_sc_hd__clkbuf_16)
                                         clknet_0_clk (net)
                  0.06    0.00    0.13 ^ clkbuf_2_1__f_clk/A (sky130_fd_sc_hd__clkbuf_16)
    11    0.04    0.06    0.14    0.27 ^ clkbuf_2_1__f_clk/X (sky130_fd_sc_hd__clkbuf_16)
                                         clknet_2_1__leaf_clk (net)
                  0.06    0.00    0.27 ^ _321_/CLK (sky130_fd_sc_hd__dfrtp_4)
     5    0.02    0.10    0.45    0.72 ^ _321_/Q (sky130_fd_sc_hd__dfrtp_4)
                                         div.count[1] (net)
                  0.10    0.00    0.72 ^ _172_/B (sky130_fd_sc_hd__nand2_2)
     2    0.02    0.07    0.10    0.81 v _172_/Y (sky130_fd_sc_hd__nand2_2)
                                         _087_ (net)
                  0.07    0.00    0.81 v _173_/B (sky130_fd_sc_hd__and2_1)
     1    0.01    0.07    0.20    1.01 v _173_/X (sky130_fd_sc_hd__and2_1)
                                         _088_ (net)
                  0.07    0.00    1.01 v _174_/A (sky130_fd_sc_hd__buf_1)
     1    0.01    0.08    0.15    1.16 v _174_/X (sky130_fd_sc_hd__buf_1)
                                         _015_ (net)
                  0.08    0.00    1.16 v _321_/D (sky130_fd_sc_hd__dfrtp_4)
                                  1.16   data arrival time

                          0.00    0.00   clock core_clock (rise edge)
                          0.00    0.00   clock source latency
     1    0.02    0.00    0.00    0.00 ^ clk (in)
                                         clk (net)
                  0.00    0.00    0.00 ^ clkbuf_0_clk/A (sky130_fd_sc_hd__clkbuf_16)
     4    0.04    0.06    0.13    0.13 ^ clkbuf_0_clk/X (sky130_fd_sc_hd__clkbuf_16)
                                         clknet_0_clk (net)
                  0.06    0.00    0.13 ^ clkbuf_2_1__f_clk/A (sky130_fd_sc_hd__clkbuf_16)
    11    0.04    0.06    0.14    0.27 ^ clkbuf_2_1__f_clk/X (sky130_fd_sc_hd__clkbuf_16)
                                         clknet_2_1__leaf_clk (net)
                  0.06    0.00    0.27 ^ _321_/CLK (sky130_fd_sc_hd__dfrtp_4)
                          0.00    0.27   clock reconvergence pessimism
                         -0.06    0.21   library hold time
                                  0.21   data required time
-----------------------------------------------------------------------------
                                  0.21   data required time
                                 -1.16   data arrival time
-----------------------------------------------------------------------------
                                  0.95   slack (MET)


Startpoint: _342_ (rising edge-triggered flip-flop clocked by core_clock)
Endpoint: _342_ (rising edge-triggered flip-flop clocked by core_clock)
Path Group: core_clock
Path Type: min

Fanout     Cap    Slew   Delay    Time   Description
-----------------------------------------------------------------------------
                          0.00    0.00   clock core_clock (rise edge)
                          0.00    0.00   clock source latency
     1    0.02    0.00    0.00    0.00 ^ clk (in)
                                         clk (net)
                  0.00    0.00    0.00 ^ clkbuf_0_clk/A (sky130_fd_sc_hd__clkbuf_16)
     4    0.04    0.06    0.13    0.13 ^ clkbuf_0_clk/X (sky130_fd_sc_hd__clkbuf_16)
                                         clknet_0_clk (net)
                  0.06    0.00    0.13 ^ clkbuf_2_0__f_clk/A (sky130_fd_sc_hd__clkbuf_16)
     9    0.03    0.05    0.14    0.27 ^ clkbuf_2_0__f_clk/X (sky130_fd_sc_hd__clkbuf_16)
                                         clknet_2_0__leaf_clk (net)
                  0.05    0.00    0.27 ^ _342_/CLK (sky130_fd_sc_hd__dfrtp_4)
     4    0.02    0.10    0.44    0.71 ^ _342_/Q (sky130_fd_sc_hd__dfrtp_4)
                                         div.count[22] (net)
                  0.10    0.00    0.71 ^ _236_/B1 (sky130_fd_sc_hd__a21o_1)
     1    0.01    0.06    0.11    0.82 ^ _236_/X (sky130_fd_sc_hd__a21o_1)
                                         _130_ (net)
                  0.06    0.00    0.82 ^ _238_/B (sky130_fd_sc_hd__and3_1)
     1    0.01    0.11    0.20    1.02 ^ _238_/X (sky130_fd_sc_hd__and3_1)
                                         _132_ (net)
                  0.11    0.00    1.02 ^ _239_/A (sky130_fd_sc_hd__buf_1)
     1    0.01    0.15    0.17    1.19 ^ _239_/X (sky130_fd_sc_hd__buf_1)
                                         _018_ (net)
                  0.15    0.00    1.19 ^ _342_/D (sky130_fd_sc_hd__dfrtp_4)
                                  1.19   data arrival time

                          0.00    0.00   clock core_clock (rise edge)
                          0.00    0.00   clock source latency
     1    0.02    0.00    0.00    0.00 ^ clk (in)
                                         clk (net)
                  0.00    0.00    0.00 ^ clkbuf_0_clk/A (sky130_fd_sc_hd__clkbuf_16)
     4    0.04    0.06    0.13    0.13 ^ clkbuf_0_clk/X (sky130_fd_sc_hd__clkbuf_16)
                                         clknet_0_clk (net)
                  0.06    0.00    0.13 ^ clkbuf_2_0__f_clk/A (sky130_fd_sc_hd__clkbuf_16)
     9    0.03    0.05    0.14    0.27 ^ clkbuf_2_0__f_clk/X (sky130_fd_sc_hd__clkbuf_16)
                                         clknet_2_0__leaf_clk (net)
                  0.05    0.00    0.27 ^ _342_/CLK (sky130_fd_sc_hd__dfrtp_4)
                          0.00    0.27   clock reconvergence pessimism
                         -0.06    0.21   library hold time
                                  0.21   data required time
-----------------------------------------------------------------------------
                                  0.21   data required time
                                 -1.19   data arrival time
-----------------------------------------------------------------------------
                                  0.98   slack (MET)


Startpoint: _326_ (rising edge-triggered flip-flop clocked by core_clock)
Endpoint: _326_ (rising edge-triggered flip-flop clocked by core_clock)
Path Group: core_clock
Path Type: min

Fanout     Cap    Slew   Delay    Time   Description
-----------------------------------------------------------------------------
                          0.00    0.00   clock core_clock (rise edge)
                          0.00    0.00   clock source latency
     1    0.02    0.00    0.00    0.00 ^ clk (in)
                                         clk (net)
                  0.00    0.00    0.00 ^ clkbuf_0_clk/A (sky130_fd_sc_hd__clkbuf_16)
     4    0.04    0.06    0.13    0.13 ^ clkbuf_0_clk/X (sky130_fd_sc_hd__clkbuf_16)
                                         clknet_0_clk (net)
                  0.06    0.00    0.13 ^ clkbuf_2_1__f_clk/A (sky130_fd_sc_hd__clkbuf_16)
    11    0.04    0.06    0.14    0.27 ^ clkbuf_2_1__f_clk/X (sky130_fd_sc_hd__clkbuf_16)
                                         clknet_2_1__leaf_clk (net)
                  0.06    0.00    0.27 ^ _326_/CLK (sky130_fd_sc_hd__dfrtp_4)
     5    0.03    0.11    0.45    0.72 ^ _326_/Q (sky130_fd_sc_hd__dfrtp_4)
                                         div.count[6] (net)
                  0.11    0.00    0.72 ^ _186_/A (sky130_fd_sc_hd__nand2_1)
     2    0.01    0.10    0.12    0.84 v _186_/Y (sky130_fd_sc_hd__nand2_1)
                                         _096_ (net)
                  0.10    0.00    0.84 v _187_/C (sky130_fd_sc_hd__and3_1)
     1    0.01    0.08    0.25    1.09 v _187_/X (sky130_fd_sc_hd__and3_1)
                                         _097_ (net)
                  0.08    0.00    1.09 v _188_/A (sky130_fd_sc_hd__buf_1)
     1    0.01    0.06    0.13    1.22 v _188_/X (sky130_fd_sc_hd__buf_1)
                                         _032_ (net)
                  0.06    0.00    1.22 v _326_/D (sky130_fd_sc_hd__dfrtp_4)
                                  1.22   data arrival time

                          0.00    0.00   clock core_clock (rise edge)
                          0.00    0.00   clock source latency
     1    0.02    0.00    0.00    0.00 ^ clk (in)
                                         clk (net)
                  0.00    0.00    0.00 ^ clkbuf_0_clk/A (sky130_fd_sc_hd__clkbuf_16)
     4    0.04    0.06    0.13    0.13 ^ clkbuf_0_clk/X (sky130_fd_sc_hd__clkbuf_16)
                                         clknet_0_clk (net)
                  0.06    0.00    0.13 ^ clkbuf_2_1__f_clk/A (sky130_fd_sc_hd__clkbuf_16)
    11    0.04    0.06    0.14    0.27 ^ clkbuf_2_1__f_clk/X (sky130_fd_sc_hd__clkbuf_16)
                                         clknet_2_1__leaf_clk (net)
                  0.06    0.00    0.27 ^ _326_/CLK (sky130_fd_sc_hd__dfrtp_4)
                          0.00    0.27   clock reconvergence pessimism
                         -0.04    0.23   library hold time
                                  0.23   data required time
-----------------------------------------------------------------------------
                                  0.23   data required time
                                 -1.22   data arrival time
-----------------------------------------------------------------------------
                                  0.99   slack (MET)


Startpoint: _339_ (rising edge-triggered flip-flop clocked by core_clock)
Endpoint: _339_ (rising edge-triggered flip-flop clocked by core_clock)
Path Group: core_clock
Path Type: min

Fanout     Cap    Slew   Delay    Time   Description
-----------------------------------------------------------------------------
                          0.00    0.00   clock core_clock (rise edge)
                          0.00    0.00   clock source latency
     1    0.02    0.00    0.00    0.00 ^ clk (in)
                                         clk (net)
                  0.00    0.00    0.00 ^ clkbuf_0_clk/A (sky130_fd_sc_hd__clkbuf_16)
     4    0.04    0.06    0.13    0.13 ^ clkbuf_0_clk/X (sky130_fd_sc_hd__clkbuf_16)
                                         clknet_0_clk (net)
                  0.06    0.00    0.13 ^ clkbuf_2_0__f_clk/A (sky130_fd_sc_hd__clkbuf_16)
     9    0.03    0.05    0.14    0.27 ^ clkbuf_2_0__f_clk/X (sky130_fd_sc_hd__clkbuf_16)
                                         clknet_2_0__leaf_clk (net)
                  0.05    0.00    0.27 ^ _339_/CLK (sky130_fd_sc_hd__dfrtp_4)
     3    0.02    0.10    0.45    0.71 ^ _339_/Q (sky130_fd_sc_hd__dfrtp_4)
                                         div.count[19] (net)
                  0.10    0.00    0.72 ^ _227_/A (sky130_fd_sc_hd__or2b_1)
     1    0.01    0.09    0.14    0.86 ^ _227_/X (sky130_fd_sc_hd__or2b_1)
                                         _124_ (net)
                  0.09    0.00    0.86 ^ _230_/B (sky130_fd_sc_hd__and3_1)
     1    0.01    0.11    0.20    1.07 ^ _230_/X (sky130_fd_sc_hd__and3_1)
                                         _127_ (net)
                  0.11    0.00    1.07 ^ _231_/A (sky130_fd_sc_hd__buf_1)
     1    0.01    0.12    0.15    1.22 ^ _231_/X (sky130_fd_sc_hd__buf_1)
                                         _014_ (net)
                  0.12    0.00    1.22 ^ _339_/D (sky130_fd_sc_hd__dfrtp_4)
                                  1.22   data arrival time

                          0.00    0.00   clock core_clock (rise edge)
                          0.00    0.00   clock source latency
     1    0.02    0.00    0.00    0.00 ^ clk (in)
                                         clk (net)
                  0.00    0.00    0.00 ^ clkbuf_0_clk/A (sky130_fd_sc_hd__clkbuf_16)
     4    0.04    0.06    0.13    0.13 ^ clkbuf_0_clk/X (sky130_fd_sc_hd__clkbuf_16)
                                         clknet_0_clk (net)
                  0.06    0.00    0.13 ^ clkbuf_2_0__f_clk/A (sky130_fd_sc_hd__clkbuf_16)
     9    0.03    0.05    0.14    0.27 ^ clkbuf_2_0__f_clk/X (sky130_fd_sc_hd__clkbuf_16)
                                         clknet_2_0__leaf_clk (net)
                  0.05    0.00    0.27 ^ _339_/CLK (sky130_fd_sc_hd__dfrtp_4)
                          0.00    0.27   clock reconvergence pessimism
                         -0.05    0.22   library hold time
                                  0.22   data required time
-----------------------------------------------------------------------------
                                  0.22   data required time
                                 -1.22   data arrival time
-----------------------------------------------------------------------------
                                  1.00   slack (MET)


Startpoint: _331_ (rising edge-triggered flip-flop clocked by core_clock)
Endpoint: _331_ (rising edge-triggered flip-flop clocked by core_clock)
Path Group: core_clock
Path Type: min

Fanout     Cap    Slew   Delay    Time   Description
-----------------------------------------------------------------------------
                          0.00    0.00   clock core_clock (rise edge)
                          0.00    0.00   clock source latency
     1    0.02    0.00    0.00    0.00 ^ clk (in)
                                         clk (net)
                  0.00    0.00    0.00 ^ clkbuf_0_clk/A (sky130_fd_sc_hd__clkbuf_16)
     4    0.04    0.06    0.13    0.13 ^ clkbuf_0_clk/X (sky130_fd_sc_hd__clkbuf_16)
                                         clknet_0_clk (net)
                  0.06    0.00    0.13 ^ clkbuf_2_3__f_clk/A (sky130_fd_sc_hd__clkbuf_16)
     9    0.03    0.05    0.14    0.27 ^ clkbuf_2_3__f_clk/X (sky130_fd_sc_hd__clkbuf_16)
                                         clknet_2_3__leaf_clk (net)
                  0.05    0.00    0.27 ^ _331_/CLK (sky130_fd_sc_hd__dfrtp_4)
     5    0.03    0.12    0.47    0.73 ^ _331_/Q (sky130_fd_sc_hd__dfrtp_4)
                                         div.count[11] (net)
                  0.12    0.00    0.73 ^ _205_/B (sky130_fd_sc_hd__nand3_2)
     2    0.02    0.12    0.15    0.88 v _205_/Y (sky130_fd_sc_hd__nand3_2)
                                         _110_ (net)
                  0.12    0.00    0.88 v _206_/C (sky130_fd_sc_hd__and3_1)
     1    0.01    0.08    0.26    1.14 v _206_/X (sky130_fd_sc_hd__and3_1)
                                         _111_ (net)
                  0.08    0.00    1.14 v _207_/A (sky130_fd_sc_hd__clkbuf_1)
     1    0.00    0.03    0.11    1.25 v _207_/X (sky130_fd_sc_hd__clkbuf_1)
                                         _006_ (net)
                  0.03    0.00    1.25 v _331_/D (sky130_fd_sc_hd__dfrtp_4)
                                  1.25   data arrival time

                          0.00    0.00   clock core_clock (rise edge)
                          0.00    0.00   clock source latency
     1    0.02    0.00    0.00    0.00 ^ clk (in)
                                         clk (net)
                  0.00    0.00    0.00 ^ clkbuf_0_clk/A (sky130_fd_sc_hd__clkbuf_16)
     4    0.04    0.06    0.13    0.13 ^ clkbuf_0_clk/X (sky130_fd_sc_hd__clkbuf_16)
                                         clknet_0_clk (net)
                  0.06    0.00    0.13 ^ clkbuf_2_3__f_clk/A (sky130_fd_sc_hd__clkbuf_16)
     9    0.03    0.05    0.14    0.27 ^ clkbuf_2_3__f_clk/X (sky130_fd_sc_hd__clkbuf_16)
                                         clknet_2_3__leaf_clk (net)
                  0.05    0.00    0.27 ^ _331_/CLK (sky130_fd_sc_hd__dfrtp_4)
                          0.00    0.27   clock reconvergence pessimism
                         -0.03    0.23   library hold time
                                  0.23   data required time
-----------------------------------------------------------------------------
                                  0.23   data required time
                                 -1.25   data arrival time
-----------------------------------------------------------------------------
                                  1.02   slack (MET)



worst slack corner Typical: 0.4935
min_report_end
max_report

===========================================================================
report_checks -path_delay max (Setup)
============================================================================
======================= Typical Corner ===================================

Startpoint: _335_ (rising edge-triggered flip-flop clocked by core_clock)
Endpoint: _342_ (rising edge-triggered flip-flop clocked by core_clock)
Path Group: core_clock
Path Type: max

Fanout     Cap    Slew   Delay    Time   Description
-----------------------------------------------------------------------------
                          0.00    0.00   clock core_clock (rise edge)
                          0.00    0.00   clock source latency
     1    0.02    0.00    0.00    0.00 ^ clk (in)
                                         clk (net)
                  0.00    0.00    0.00 ^ clkbuf_0_clk/A (sky130_fd_sc_hd__clkbuf_16)
     4    0.04    0.06    0.13    0.13 ^ clkbuf_0_clk/X (sky130_fd_sc_hd__clkbuf_16)
                                         clknet_0_clk (net)
                  0.06    0.00    0.13 ^ clkbuf_2_3__f_clk/A (sky130_fd_sc_hd__clkbuf_16)
     9    0.03    0.05    0.14    0.27 ^ clkbuf_2_3__f_clk/X (sky130_fd_sc_hd__clkbuf_16)
                                         clknet_2_3__leaf_clk (net)
                  0.05    0.00    0.27 ^ _335_/CLK (sky130_fd_sc_hd__dfrtp_4)
     3    0.02    0.08    0.51    0.77 v _335_/Q (sky130_fd_sc_hd__dfrtp_4)
                                         div.count[15] (net)
                  0.08    0.00    0.77 v _157_/A (sky130_fd_sc_hd__or4b_2)
     1    0.01    0.14    0.74    1.52 v _157_/X (sky130_fd_sc_hd__or4b_2)
                                         _074_ (net)
                  0.14    0.00    1.52 v _161_/A (sky130_fd_sc_hd__or4_2)
     2    0.02    0.15    0.77    2.28 v _161_/X (sky130_fd_sc_hd__or4_2)
                                         _078_ (net)
                  0.15    0.00    2.28 v _167_/A (sky130_fd_sc_hd__or4_4)
     6    0.03    0.13    0.64    2.92 v _167_/X (sky130_fd_sc_hd__or4_4)
                                         _084_ (net)
                  0.13    0.00    2.92 v _238_/A (sky130_fd_sc_hd__and3_1)
     1    0.01    0.07    0.21    3.13 v _238_/X (sky130_fd_sc_hd__and3_1)
                                         _132_ (net)
                  0.07    0.00    3.13 v _239_/A (sky130_fd_sc_hd__buf_1)
     1    0.01    0.07    0.14    3.27 v _239_/X (sky130_fd_sc_hd__buf_1)
                                         _018_ (net)
                  0.07    0.00    3.27 v _342_/D (sky130_fd_sc_hd__dfrtp_4)
                                  3.27   data arrival time

                         10.00   10.00   clock core_clock (rise edge)
                          0.00   10.00   clock source latency
     1    0.02    0.00    0.00   10.00 ^ clk (in)
                                         clk (net)
                  0.00    0.00   10.00 ^ clkbuf_0_clk/A (sky130_fd_sc_hd__clkbuf_16)
     4    0.04    0.06    0.13   10.13 ^ clkbuf_0_clk/X (sky130_fd_sc_hd__clkbuf_16)
                                         clknet_0_clk (net)
                  0.06    0.00   10.13 ^ clkbuf_2_0__f_clk/A (sky130_fd_sc_hd__clkbuf_16)
     9    0.03    0.05    0.14   10.27 ^ clkbuf_2_0__f_clk/X (sky130_fd_sc_hd__clkbuf_16)
                                         clknet_2_0__leaf_clk (net)
                  0.05    0.00   10.27 ^ _342_/CLK (sky130_fd_sc_hd__dfrtp_4)
                          0.00   10.27   clock reconvergence pessimism
                         -0.13   10.14   library setup time
                                 10.14   data required time
-----------------------------------------------------------------------------
                                 10.14   data required time
                                 -3.27   data arrival time
-----------------------------------------------------------------------------
                                  6.87   slack (MET)


Startpoint: _335_ (rising edge-triggered flip-flop clocked by core_clock)
Endpoint: _326_ (rising edge-triggered flip-flop clocked by core_clock)
Path Group: core_clock
Path Type: max

Fanout     Cap    Slew   Delay    Time   Description
-----------------------------------------------------------------------------
                          0.00    0.00   clock core_clock (rise edge)
                          0.00    0.00   clock source latency
     1    0.02    0.00    0.00    0.00 ^ clk (in)
                                         clk (net)
                  0.00    0.00    0.00 ^ clkbuf_0_clk/A (sky130_fd_sc_hd__clkbuf_16)
     4    0.04    0.06    0.13    0.13 ^ clkbuf_0_clk/X (sky130_fd_sc_hd__clkbuf_16)
                                         clknet_0_clk (net)
                  0.06    0.00    0.13 ^ clkbuf_2_3__f_clk/A (sky130_fd_sc_hd__clkbuf_16)
     9    0.03    0.05    0.14    0.27 ^ clkbuf_2_3__f_clk/X (sky130_fd_sc_hd__clkbuf_16)
                                         clknet_2_3__leaf_clk (net)
                  0.05    0.00    0.27 ^ _335_/CLK (sky130_fd_sc_hd__dfrtp_4)
     3    0.02    0.08    0.51    0.77 v _335_/Q (sky130_fd_sc_hd__dfrtp_4)
                                         div.count[15] (net)
                  0.08    0.00    0.77 v _157_/A (sky130_fd_sc_hd__or4b_2)
     1    0.01    0.14    0.74    1.52 v _157_/X (sky130_fd_sc_hd__or4b_2)
                                         _074_ (net)
                  0.14    0.00    1.52 v _161_/A (sky130_fd_sc_hd__or4_2)
     2    0.02    0.15    0.77    2.28 v _161_/X (sky130_fd_sc_hd__or4_2)
                                         _078_ (net)
                  0.15    0.00    2.28 v _167_/A (sky130_fd_sc_hd__or4_4)
     6    0.03    0.13    0.64    2.92 v _167_/X (sky130_fd_sc_hd__or4_4)
                                         _084_ (net)
                  0.13    0.00    2.92 v _187_/A (sky130_fd_sc_hd__and3_1)
     1    0.01    0.08    0.22    3.15 v _187_/X (sky130_fd_sc_hd__and3_1)
                                         _097_ (net)
                  0.08    0.00    3.15 v _188_/A (sky130_fd_sc_hd__buf_1)
     1    0.01    0.06    0.13    3.28 v _188_/X (sky130_fd_sc_hd__buf_1)
                                         _032_ (net)
                  0.06    0.00    3.28 v _326_/D (sky130_fd_sc_hd__dfrtp_4)
                                  3.28   data arrival time

                         10.00   10.00   clock core_clock (rise edge)
                          0.00   10.00   clock source latency
     1    0.02    0.00    0.00   10.00 ^ clk (in)
                                         clk (net)
                  0.00    0.00   10.00 ^ clkbuf_0_clk/A (sky130_fd_sc_hd__clkbuf_16)
     4    0.04    0.06    0.13   10.13 ^ clkbuf_0_clk/X (sky130_fd_sc_hd__clkbuf_16)
                                         clknet_0_clk (net)
                  0.06    0.00   10.13 ^ clkbuf_2_1__f_clk/A (sky130_fd_sc_hd__clkbuf_16)
    11    0.04    0.06    0.14   10.27 ^ clkbuf_2_1__f_clk/X (sky130_fd_sc_hd__clkbuf_16)
                                         clknet_2_1__leaf_clk (net)
                  0.06    0.00   10.27 ^ _326_/CLK (sky130_fd_sc_hd__dfrtp_4)
                          0.00   10.27   clock reconvergence pessimism
                         -0.12   10.15   library setup time
                                 10.15   data required time
-----------------------------------------------------------------------------
                                 10.15   data required time
                                 -3.28   data arrival time
-----------------------------------------------------------------------------
                                  6.87   slack (MET)


Startpoint: _335_ (rising edge-triggered flip-flop clocked by core_clock)
Endpoint: _339_ (rising edge-triggered flip-flop clocked by core_clock)
Path Group: core_clock
Path Type: max

Fanout     Cap    Slew   Delay    Time   Description
-----------------------------------------------------------------------------
                          0.00    0.00   clock core_clock (rise edge)
                          0.00    0.00   clock source latency
     1    0.02    0.00    0.00    0.00 ^ clk (in)
                                         clk (net)
                  0.00    0.00    0.00 ^ clkbuf_0_clk/A (sky130_fd_sc_hd__clkbuf_16)
     4    0.04    0.06    0.13    0.13 ^ clkbuf_0_clk/X (sky130_fd_sc_hd__clkbuf_16)
                                         clknet_0_clk (net)
                  0.06    0.00    0.13 ^ clkbuf_2_3__f_clk/A (sky130_fd_sc_hd__clkbuf_16)
     9    0.03    0.05    0.14    0.27 ^ clkbuf_2_3__f_clk/X (sky130_fd_sc_hd__clkbuf_16)
                                         clknet_2_3__leaf_clk (net)
                  0.05    0.00    0.27 ^ _335_/CLK (sky130_fd_sc_hd__dfrtp_4)
     3    0.02    0.08    0.51    0.77 v _335_/Q (sky130_fd_sc_hd__dfrtp_4)
                                         div.count[15] (net)
                  0.08    0.00    0.77 v _157_/A (sky130_fd_sc_hd__or4b_2)
     1    0.01    0.14    0.74    1.52 v _157_/X (sky130_fd_sc_hd__or4b_2)
                                         _074_ (net)
                  0.14    0.00    1.52 v _161_/A (sky130_fd_sc_hd__or4_2)
     2    0.02    0.15    0.77    2.28 v _161_/X (sky130_fd_sc_hd__or4_2)
                                         _078_ (net)
                  0.15    0.00    2.28 v _167_/A (sky130_fd_sc_hd__or4_4)
     6    0.03    0.13    0.64    2.92 v _167_/X (sky130_fd_sc_hd__or4_4)
                                         _084_ (net)
                  0.13    0.00    2.92 v _230_/A (sky130_fd_sc_hd__and3_1)
     1    0.01    0.06    0.21    3.13 v _230_/X (sky130_fd_sc_hd__and3_1)
                                         _127_ (net)
                  0.06    0.00    3.13 v _231_/A (sky130_fd_sc_hd__buf_1)
     1    0.01    0.06    0.13    3.25 v _231_/X (sky130_fd_sc_hd__buf_1)
                                         _014_ (net)
                  0.06    0.00    3.25 v _339_/D (sky130_fd_sc_hd__dfrtp_4)
                                  3.25   data arrival time

                         10.00   10.00   clock core_clock (rise edge)
                          0.00   10.00   clock source latency
     1    0.02    0.00    0.00   10.00 ^ clk (in)
                                         clk (net)
                  0.00    0.00   10.00 ^ clkbuf_0_clk/A (sky130_fd_sc_hd__clkbuf_16)
     4    0.04    0.06    0.13   10.13 ^ clkbuf_0_clk/X (sky130_fd_sc_hd__clkbuf_16)
                                         clknet_0_clk (net)
                  0.06    0.00   10.13 ^ clkbuf_2_0__f_clk/A (sky130_fd_sc_hd__clkbuf_16)
     9    0.03    0.05    0.14   10.27 ^ clkbuf_2_0__f_clk/X (sky130_fd_sc_hd__clkbuf_16)
                                         clknet_2_0__leaf_clk (net)
                  0.05    0.00   10.27 ^ _339_/CLK (sky130_fd_sc_hd__dfrtp_4)
                          0.00   10.27   clock reconvergence pessimism
                         -0.12   10.15   library setup time
                                 10.15   data required time
-----------------------------------------------------------------------------
                                 10.15   data required time
                                 -3.25   data arrival time
-----------------------------------------------------------------------------
                                  6.89   slack (MET)


Startpoint: _335_ (rising edge-triggered flip-flop clocked by core_clock)
Endpoint: _320_ (rising edge-triggered flip-flop clocked by core_clock)
Path Group: core_clock
Path Type: max

Fanout     Cap    Slew   Delay    Time   Description
-----------------------------------------------------------------------------
                          0.00    0.00   clock core_clock (rise edge)
                          0.00    0.00   clock source latency
     1    0.02    0.00    0.00    0.00 ^ clk (in)
                                         clk (net)
                  0.00    0.00    0.00 ^ clkbuf_0_clk/A (sky130_fd_sc_hd__clkbuf_16)
     4    0.04    0.06    0.13    0.13 ^ clkbuf_0_clk/X (sky130_fd_sc_hd__clkbuf_16)
                                         clknet_0_clk (net)
                  0.06    0.00    0.13 ^ clkbuf_2_3__f_clk/A (sky130_fd_sc_hd__clkbuf_16)
     9    0.03    0.05    0.14    0.27 ^ clkbuf_2_3__f_clk/X (sky130_fd_sc_hd__clkbuf_16)
                                         clknet_2_3__leaf_clk (net)
                  0.05    0.00    0.27 ^ _335_/CLK (sky130_fd_sc_hd__dfrtp_4)
     3    0.02    0.08    0.51    0.77 v _335_/Q (sky130_fd_sc_hd__dfrtp_4)
                                         div.count[15] (net)
                  0.08    0.00    0.77 v _157_/A (sky130_fd_sc_hd__or4b_2)
     1    0.01    0.14    0.74    1.52 v _157_/X (sky130_fd_sc_hd__or4b_2)
                                         _074_ (net)
                  0.14    0.00    1.52 v _161_/A (sky130_fd_sc_hd__or4_2)
     2    0.02    0.15    0.77    2.28 v _161_/X (sky130_fd_sc_hd__or4_2)
                                         _078_ (net)
                  0.15    0.00    2.28 v _167_/A (sky130_fd_sc_hd__or4_4)
     6    0.03    0.13    0.64    2.92 v _167_/X (sky130_fd_sc_hd__or4_4)
                                         _084_ (net)
                  0.13    0.00    2.92 v _169_/B (sky130_fd_sc_hd__and2b_1)
     1    0.01    0.07    0.22    3.15 v _169_/X (sky130_fd_sc_hd__and2b_1)
                                         _085_ (net)
                  0.07    0.00    3.15 v _170_/A (sky130_fd_sc_hd__clkbuf_1)
     1    0.00    0.04    0.10    3.25 v _170_/X (sky130_fd_sc_hd__clkbuf_1)
                                         _004_ (net)
                  0.04    0.00    3.25 v _320_/D (sky130_fd_sc_hd__dfrtp_4)
                                  3.25   data arrival time

                         10.00   10.00   clock core_clock (rise edge)
                          0.00   10.00   clock source latency
     1    0.02    0.00    0.00   10.00 ^ clk (in)
                                         clk (net)
                  0.00    0.00   10.00 ^ clkbuf_0_clk/A (sky130_fd_sc_hd__clkbuf_16)
     4    0.04    0.06    0.13   10.13 ^ clkbuf_0_clk/X (sky130_fd_sc_hd__clkbuf_16)
                                         clknet_0_clk (net)
                  0.06    0.00   10.13 ^ clkbuf_2_0__f_clk/A (sky130_fd_sc_hd__clkbuf_16)
     9    0.03    0.05    0.14   10.27 ^ clkbuf_2_0__f_clk/X (sky130_fd_sc_hd__clkbuf_16)
                                         clknet_2_0__leaf_clk (net)
                  0.05    0.00   10.27 ^ _320_/CLK (sky130_fd_sc_hd__dfrtp_4)
                          0.00   10.27   clock reconvergence pessimism
                         -0.11   10.16   library setup time
                                 10.16   data required time
-----------------------------------------------------------------------------
                                 10.16   data required time
                                 -3.25   data arrival time
-----------------------------------------------------------------------------
                                  6.91   slack (MET)


Startpoint: _335_ (rising edge-triggered flip-flop clocked by core_clock)
Endpoint: _328_ (rising edge-triggered flip-flop clocked by core_clock)
Path Group: core_clock
Path Type: max

Fanout     Cap    Slew   Delay    Time   Description
-----------------------------------------------------------------------------
                          0.00    0.00   clock core_clock (rise edge)
                          0.00    0.00   clock source latency
     1    0.02    0.00    0.00    0.00 ^ clk (in)
                                         clk (net)
                  0.00    0.00    0.00 ^ clkbuf_0_clk/A (sky130_fd_sc_hd__clkbuf_16)
     4    0.04    0.06    0.13    0.13 ^ clkbuf_0_clk/X (sky130_fd_sc_hd__clkbuf_16)
                                         clknet_0_clk (net)
                  0.06    0.00    0.13 ^ clkbuf_2_3__f_clk/A (sky130_fd_sc_hd__clkbuf_16)
     9    0.03    0.05    0.14    0.27 ^ clkbuf_2_3__f_clk/X (sky130_fd_sc_hd__clkbuf_16)
                                         clknet_2_3__leaf_clk (net)
                  0.05    0.00    0.27 ^ _335_/CLK (sky130_fd_sc_hd__dfrtp_4)
     3    0.02    0.08    0.51    0.77 v _335_/Q (sky130_fd_sc_hd__dfrtp_4)
                                         div.count[15] (net)
                  0.08    0.00    0.77 v _157_/A (sky130_fd_sc_hd__or4b_2)
     1    0.01    0.14    0.74    1.52 v _157_/X (sky130_fd_sc_hd__or4b_2)
                                         _074_ (net)
                  0.14    0.00    1.52 v _161_/A (sky130_fd_sc_hd__or4_2)
     2    0.02    0.15    0.77    2.28 v _161_/X (sky130_fd_sc_hd__or4_2)
                                         _078_ (net)
                  0.15    0.00    2.28 v _167_/A (sky130_fd_sc_hd__or4_4)
     6    0.03    0.13    0.64    2.92 v _167_/X (sky130_fd_sc_hd__or4_4)
                                         _084_ (net)
                  0.13    0.00    2.92 v _193_/B1 (sky130_fd_sc_hd__o21ai_1)
     1    0.01    0.18    0.15    3.07 ^ _193_/Y (sky130_fd_sc_hd__o21ai_1)
                                         _101_ (net)
                  0.18    0.00    3.07 ^ _194_/B1 (sky130_fd_sc_hd__a21oi_1)
     1    0.00    0.06    0.07    3.14 v _194_/Y (sky130_fd_sc_hd__a21oi_1)
                                         _034_ (net)
                  0.06    0.00    3.14 v _328_/D (sky130_fd_sc_hd__dfrtp_4)
                                  3.14   data arrival time

                         10.00   10.00   clock core_clock (rise edge)
                          0.00   10.00   clock source latency
     1    0.02    0.00    0.00   10.00 ^ clk (in)
                                         clk (net)
                  0.00    0.00   10.00 ^ clkbuf_0_clk/A (sky130_fd_sc_hd__clkbuf_16)
     4    0.04    0.06    0.13   10.13 ^ clkbuf_0_clk/X (sky130_fd_sc_hd__clkbuf_16)
                                         clknet_0_clk (net)
                  0.06    0.00   10.13 ^ clkbuf_2_1__f_clk/A (sky130_fd_sc_hd__clkbuf_16)
    11    0.04    0.06    0.14   10.27 ^ clkbuf_2_1__f_clk/X (sky130_fd_sc_hd__clkbuf_16)
                                         clknet_2_1__leaf_clk (net)
                  0.06    0.00   10.27 ^ _328_/CLK (sky130_fd_sc_hd__dfrtp_4)
                          0.00   10.27   clock reconvergence pessimism
                         -0.12   10.15   library setup time
                                 10.15   data required time
-----------------------------------------------------------------------------
                                 10.15   data required time
                                 -3.14   data arrival time
-----------------------------------------------------------------------------
                                  7.01   slack (MET)


Startpoint: _335_ (rising edge-triggered flip-flop clocked by core_clock)
Endpoint: _356_ (rising edge-triggered flip-flop clocked by core_clock)
Path Group: core_clock
Path Type: max

Fanout     Cap    Slew   Delay    Time   Description
-----------------------------------------------------------------------------
                          0.00    0.00   clock core_clock (rise edge)
                          0.00    0.00   clock source latency
     1    0.02    0.00    0.00    0.00 ^ clk (in)
                                         clk (net)
                  0.00    0.00    0.00 ^ clkbuf_0_clk/A (sky130_fd_sc_hd__clkbuf_16)
     4    0.04    0.06    0.13    0.13 ^ clkbuf_0_clk/X (sky130_fd_sc_hd__clkbuf_16)
                                         clknet_0_clk (net)
                  0.06    0.00    0.13 ^ clkbuf_2_3__f_clk/A (sky130_fd_sc_hd__clkbuf_16)
     9    0.03    0.05    0.14    0.27 ^ clkbuf_2_3__f_clk/X (sky130_fd_sc_hd__clkbuf_16)
                                         clknet_2_3__leaf_clk (net)
                  0.05    0.00    0.27 ^ _335_/CLK (sky130_fd_sc_hd__dfrtp_4)
     3    0.02    0.08    0.51    0.77 v _335_/Q (sky130_fd_sc_hd__dfrtp_4)
                                         div.count[15] (net)
                  0.08    0.00    0.77 v _157_/A (sky130_fd_sc_hd__or4b_2)
     1    0.01    0.14    0.74    1.52 v _157_/X (sky130_fd_sc_hd__or4b_2)
                                         _074_ (net)
                  0.14    0.00    1.52 v _161_/A (sky130_fd_sc_hd__or4_2)
     2    0.02    0.15    0.77    2.28 v _161_/X (sky130_fd_sc_hd__or4_2)
                                         _078_ (net)
                  0.15    0.00    2.28 v _167_/A (sky130_fd_sc_hd__or4_4)
     6    0.03    0.13    0.64    2.92 v _167_/X (sky130_fd_sc_hd__or4_4)
                                         _084_ (net)
                  0.13    0.00    2.92 v _168_/B (sky130_fd_sc_hd__xnor2_1)
     1    0.01    0.17    0.20    3.12 ^ _168_/Y (sky130_fd_sc_hd__xnor2_1)
                                         _073_ (net)
                  0.17    0.00    3.12 ^ _356_/D (sky130_fd_sc_hd__dfrtp_4)
                                  3.12   data arrival time

                         10.00   10.00   clock core_clock (rise edge)
                          0.00   10.00   clock source latency
     1    0.02    0.00    0.00   10.00 ^ clk (in)
                                         clk (net)
                  0.00    0.00   10.00 ^ clkbuf_0_clk/A (sky130_fd_sc_hd__clkbuf_16)
     4    0.04    0.06    0.13   10.13 ^ clkbuf_0_clk/X (sky130_fd_sc_hd__clkbuf_16)
                                         clknet_0_clk (net)
                  0.06    0.00   10.13 ^ clkbuf_2_1__f_clk/A (sky130_fd_sc_hd__clkbuf_16)
    11    0.04    0.06    0.14   10.27 ^ clkbuf_2_1__f_clk/X (sky130_fd_sc_hd__clkbuf_16)
                                         clknet_2_1__leaf_clk (net)
                  0.06    0.00   10.27 ^ _356_/CLK (sky130_fd_sc_hd__dfrtp_4)
                          0.00   10.27   clock reconvergence pessimism
                         -0.09   10.18   library setup time
                                 10.18   data required time
-----------------------------------------------------------------------------
                                 10.18   data required time
                                 -3.12   data arrival time
-----------------------------------------------------------------------------
                                  7.05   slack (MET)


Startpoint: _335_ (rising edge-triggered flip-flop clocked by core_clock)
Endpoint: _331_ (rising edge-triggered flip-flop clocked by core_clock)
Path Group: core_clock
Path Type: max

Fanout     Cap    Slew   Delay    Time   Description
-----------------------------------------------------------------------------
                          0.00    0.00   clock core_clock (rise edge)
                          0.00    0.00   clock source latency
     1    0.02    0.00    0.00    0.00 ^ clk (in)
                                         clk (net)
                  0.00    0.00    0.00 ^ clkbuf_0_clk/A (sky130_fd_sc_hd__clkbuf_16)
     4    0.04    0.06    0.13    0.13 ^ clkbuf_0_clk/X (sky130_fd_sc_hd__clkbuf_16)
                                         clknet_0_clk (net)
                  0.06    0.00    0.13 ^ clkbuf_2_3__f_clk/A (sky130_fd_sc_hd__clkbuf_16)
     9    0.03    0.05    0.14    0.27 ^ clkbuf_2_3__f_clk/X (sky130_fd_sc_hd__clkbuf_16)
                                         clknet_2_3__leaf_clk (net)
                  0.05    0.00    0.27 ^ _335_/CLK (sky130_fd_sc_hd__dfrtp_4)
     3    0.02    0.08    0.51    0.77 v _335_/Q (sky130_fd_sc_hd__dfrtp_4)
                                         div.count[15] (net)
                  0.08    0.00    0.77 v _157_/A (sky130_fd_sc_hd__or4b_2)
     1    0.01    0.14    0.74    1.52 v _157_/X (sky130_fd_sc_hd__or4b_2)
                                         _074_ (net)
                  0.14    0.00    1.52 v _161_/A (sky130_fd_sc_hd__or4_2)
     2    0.02    0.15    0.77    2.28 v _161_/X (sky130_fd_sc_hd__or4_2)
                                         _078_ (net)
                  0.15    0.00    2.28 v _199_/A (sky130_fd_sc_hd__or3_4)
     4    0.02    0.09    0.46    2.75 v _199_/X (sky130_fd_sc_hd__or3_4)
                                         _106_ (net)
                  0.09    0.00    2.75 v _206_/A (sky130_fd_sc_hd__and3_1)
     1    0.01    0.08    0.21    2.95 v _206_/X (sky130_fd_sc_hd__and3_1)
                                         _111_ (net)
                  0.08    0.00    2.96 v _207_/A (sky130_fd_sc_hd__clkbuf_1)
     1    0.00    0.03    0.11    3.06 v _207_/X (sky130_fd_sc_hd__clkbuf_1)
                                         _006_ (net)
                  0.03    0.00    3.06 v _331_/D (sky130_fd_sc_hd__dfrtp_4)
                                  3.06   data arrival time

                         10.00   10.00   clock core_clock (rise edge)
                          0.00   10.00   clock source latency
     1    0.02    0.00    0.00   10.00 ^ clk (in)
                                         clk (net)
                  0.00    0.00   10.00 ^ clkbuf_0_clk/A (sky130_fd_sc_hd__clkbuf_16)
     4    0.04    0.06    0.13   10.13 ^ clkbuf_0_clk/X (sky130_fd_sc_hd__clkbuf_16)
                                         clknet_0_clk (net)
                  0.06    0.00   10.13 ^ clkbuf_2_3__f_clk/A (sky130_fd_sc_hd__clkbuf_16)
     9    0.03    0.05    0.14   10.27 ^ clkbuf_2_3__f_clk/X (sky130_fd_sc_hd__clkbuf_16)
                                         clknet_2_3__leaf_clk (net)
                  0.05    0.00   10.27 ^ _331_/CLK (sky130_fd_sc_hd__dfrtp_4)
                          0.00   10.27   clock reconvergence pessimism
                         -0.11   10.16   library setup time
                                 10.16   data required time
-----------------------------------------------------------------------------
                                 10.16   data required time
                                 -3.06   data arrival time
-----------------------------------------------------------------------------
                                  7.10   slack (MET)


Startpoint: _335_ (rising edge-triggered flip-flop clocked by core_clock)
Endpoint: _338_ (rising edge-triggered flip-flop clocked by core_clock)
Path Group: core_clock
Path Type: max

Fanout     Cap    Slew   Delay    Time   Description
-----------------------------------------------------------------------------
                          0.00    0.00   clock core_clock (rise edge)
                          0.00    0.00   clock source latency
     1    0.02    0.00    0.00    0.00 ^ clk (in)
                                         clk (net)
                  0.00    0.00    0.00 ^ clkbuf_0_clk/A (sky130_fd_sc_hd__clkbuf_16)
     4    0.04    0.06    0.13    0.13 ^ clkbuf_0_clk/X (sky130_fd_sc_hd__clkbuf_16)
                                         clknet_0_clk (net)
                  0.06    0.00    0.13 ^ clkbuf_2_3__f_clk/A (sky130_fd_sc_hd__clkbuf_16)
     9    0.03    0.05    0.14    0.27 ^ clkbuf_2_3__f_clk/X (sky130_fd_sc_hd__clkbuf_16)
                                         clknet_2_3__leaf_clk (net)
                  0.05    0.00    0.27 ^ _335_/CLK (sky130_fd_sc_hd__dfrtp_4)
     3    0.02    0.08    0.51    0.77 v _335_/Q (sky130_fd_sc_hd__dfrtp_4)
                                         div.count[15] (net)
                  0.08    0.00    0.77 v _157_/A (sky130_fd_sc_hd__or4b_2)
     1    0.01    0.14    0.74    1.52 v _157_/X (sky130_fd_sc_hd__or4b_2)
                                         _074_ (net)
                  0.14    0.00    1.52 v _161_/A (sky130_fd_sc_hd__or4_2)
     2    0.02    0.15    0.77    2.28 v _161_/X (sky130_fd_sc_hd__or4_2)
                                         _078_ (net)
                  0.15    0.00    2.28 v _199_/A (sky130_fd_sc_hd__or3_4)
     4    0.02    0.09    0.46    2.75 v _199_/X (sky130_fd_sc_hd__or3_4)
                                         _106_ (net)
                  0.09    0.00    2.75 v _225_/A (sky130_fd_sc_hd__and3_1)
     1    0.00    0.04    0.17    2.91 v _225_/X (sky130_fd_sc_hd__and3_1)
                                         _123_ (net)
                  0.04    0.00    2.91 v _226_/A (sky130_fd_sc_hd__buf_1)
     1    0.01    0.05    0.11    3.02 v _226_/X (sky130_fd_sc_hd__buf_1)
                                         _013_ (net)
                  0.05    0.00    3.02 v _338_/D (sky130_fd_sc_hd__dfrtp_4)
                                  3.02   data arrival time

                         10.00   10.00   clock core_clock (rise edge)
                          0.00   10.00   clock source latency
     1    0.02    0.00    0.00   10.00 ^ clk (in)
                                         clk (net)
                  0.00    0.00   10.00 ^ clkbuf_0_clk/A (sky130_fd_sc_hd__clkbuf_16)
     4    0.04    0.06    0.13   10.13 ^ clkbuf_0_clk/X (sky130_fd_sc_hd__clkbuf_16)
                                         clknet_0_clk (net)
                  0.06    0.00   10.13 ^ clkbuf_2_0__f_clk/A (sky130_fd_sc_hd__clkbuf_16)
     9    0.03    0.05    0.14   10.27 ^ clkbuf_2_0__f_clk/X (sky130_fd_sc_hd__clkbuf_16)
                                         clknet_2_0__leaf_clk (net)
                  0.05    0.00   10.27 ^ _338_/CLK (sky130_fd_sc_hd__dfrtp_4)
                          0.00   10.27   clock reconvergence pessimism
                         -0.12   10.15   library setup time
                                 10.15   data required time
-----------------------------------------------------------------------------
                                 10.15   data required time
                                 -3.02   data arrival time
-----------------------------------------------------------------------------
                                  7.13   slack (MET)


Startpoint: _335_ (rising edge-triggered flip-flop clocked by core_clock)
Endpoint: _329_ (rising edge-triggered flip-flop clocked by core_clock)
Path Group: core_clock
Path Type: max

Fanout     Cap    Slew   Delay    Time   Description
-----------------------------------------------------------------------------
                          0.00    0.00   clock core_clock (rise edge)
                          0.00    0.00   clock source latency
     1    0.02    0.00    0.00    0.00 ^ clk (in)
                                         clk (net)
                  0.00    0.00    0.00 ^ clkbuf_0_clk/A (sky130_fd_sc_hd__clkbuf_16)
     4    0.04    0.06    0.13    0.13 ^ clkbuf_0_clk/X (sky130_fd_sc_hd__clkbuf_16)
                                         clknet_0_clk (net)
                  0.06    0.00    0.13 ^ clkbuf_2_3__f_clk/A (sky130_fd_sc_hd__clkbuf_16)
     9    0.03    0.05    0.14    0.27 ^ clkbuf_2_3__f_clk/X (sky130_fd_sc_hd__clkbuf_16)
                                         clknet_2_3__leaf_clk (net)
                  0.05    0.00    0.27 ^ _335_/CLK (sky130_fd_sc_hd__dfrtp_4)
     3    0.02    0.08    0.51    0.77 v _335_/Q (sky130_fd_sc_hd__dfrtp_4)
                                         div.count[15] (net)
                  0.08    0.00    0.77 v _157_/A (sky130_fd_sc_hd__or4b_2)
     1    0.01    0.14    0.74    1.52 v _157_/X (sky130_fd_sc_hd__or4b_2)
                                         _074_ (net)
                  0.14    0.00    1.52 v _161_/A (sky130_fd_sc_hd__or4_2)
     2    0.02    0.15    0.77    2.28 v _161_/X (sky130_fd_sc_hd__or4_2)
                                         _078_ (net)
                  0.15    0.00    2.28 v _199_/A (sky130_fd_sc_hd__or3_4)
     4    0.02    0.09    0.46    2.75 v _199_/X (sky130_fd_sc_hd__or3_4)
                                         _106_ (net)
                  0.09    0.00    2.75 v _201_/A (sky130_fd_sc_hd__nand2_1)
     1    0.01    0.07    0.09    2.84 ^ _201_/Y (sky130_fd_sc_hd__nand2_1)
                                         _108_ (net)
                  0.07    0.00    2.84 ^ _202_/B (sky130_fd_sc_hd__nor2_1)
     1    0.01    0.05    0.06    2.90 v _202_/Y (sky130_fd_sc_hd__nor2_1)
                                         _035_ (net)
                  0.05    0.00    2.90 v _329_/D (sky130_fd_sc_hd__dfrtp_4)
                                  2.90   data arrival time

                         10.00   10.00   clock core_clock (rise edge)
                          0.00   10.00   clock source latency
     1    0.02    0.00    0.00   10.00 ^ clk (in)
                                         clk (net)
                  0.00    0.00   10.00 ^ clkbuf_0_clk/A (sky130_fd_sc_hd__clkbuf_16)
     4    0.04    0.06    0.13   10.13 ^ clkbuf_0_clk/X (sky130_fd_sc_hd__clkbuf_16)
                                         clknet_0_clk (net)
                  0.06    0.00   10.13 ^ clkbuf_2_1__f_clk/A (sky130_fd_sc_hd__clkbuf_16)
    11    0.04    0.06    0.14   10.27 ^ clkbuf_2_1__f_clk/X (sky130_fd_sc_hd__clkbuf_16)
                                         clknet_2_1__leaf_clk (net)
                  0.06    0.00   10.27 ^ _329_/CLK (sky130_fd_sc_hd__dfrtp_4)
                          0.00   10.27   clock reconvergence pessimism
                         -0.12   10.15   library setup time
                                 10.15   data required time
-----------------------------------------------------------------------------
                                 10.15   data required time
                                 -2.90   data arrival time
-----------------------------------------------------------------------------
                                  7.26   slack (MET)


Startpoint: _335_ (rising edge-triggered flip-flop clocked by core_clock)
Endpoint: _334_ (rising edge-triggered flip-flop clocked by core_clock)
Path Group: core_clock
Path Type: max

Fanout     Cap    Slew   Delay    Time   Description
-----------------------------------------------------------------------------
                          0.00    0.00   clock core_clock (rise edge)
                          0.00    0.00   clock source latency
     1    0.02    0.00    0.00    0.00 ^ clk (in)
                                         clk (net)
                  0.00    0.00    0.00 ^ clkbuf_0_clk/A (sky130_fd_sc_hd__clkbuf_16)
     4    0.04    0.06    0.13    0.13 ^ clkbuf_0_clk/X (sky130_fd_sc_hd__clkbuf_16)
                                         clknet_0_clk (net)
                  0.06    0.00    0.13 ^ clkbuf_2_3__f_clk/A (sky130_fd_sc_hd__clkbuf_16)
     9    0.03    0.05    0.14    0.27 ^ clkbuf_2_3__f_clk/X (sky130_fd_sc_hd__clkbuf_16)
                                         clknet_2_3__leaf_clk (net)
                  0.05    0.00    0.27 ^ _335_/CLK (sky130_fd_sc_hd__dfrtp_4)
     3    0.02    0.08    0.51    0.77 v _335_/Q (sky130_fd_sc_hd__dfrtp_4)
                                         div.count[15] (net)
                  0.08    0.00    0.77 v _157_/A (sky130_fd_sc_hd__or4b_2)
     1    0.01    0.14    0.74    1.52 v _157_/X (sky130_fd_sc_hd__or4b_2)
                                         _074_ (net)
                  0.14    0.00    1.52 v _161_/A (sky130_fd_sc_hd__or4_2)
     2    0.02    0.15    0.77    2.28 v _161_/X (sky130_fd_sc_hd__or4_2)
                                         _078_ (net)
                  0.15    0.00    2.28 v _199_/A (sky130_fd_sc_hd__or3_4)
     4    0.02    0.09    0.46    2.75 v _199_/X (sky130_fd_sc_hd__or3_4)
                                         _106_ (net)
                  0.09    0.00    2.75 v _214_/C1 (sky130_fd_sc_hd__o211a_1)
     1    0.00    0.04    0.12    2.87 v _214_/X (sky130_fd_sc_hd__o211a_1)
                                         _009_ (net)
                  0.04    0.00    2.87 v _334_/D (sky130_fd_sc_hd__dfrtp_2)
                                  2.87   data arrival time

                         10.00   10.00   clock core_clock (rise edge)
                          0.00   10.00   clock source latency
     1    0.02    0.00    0.00   10.00 ^ clk (in)
                                         clk (net)
                  0.00    0.00   10.00 ^ clkbuf_0_clk/A (sky130_fd_sc_hd__clkbuf_16)
     4    0.04    0.06    0.13   10.13 ^ clkbuf_0_clk/X (sky130_fd_sc_hd__clkbuf_16)
                                         clknet_0_clk (net)
                  0.06    0.00   10.13 ^ clkbuf_2_2__f_clk/A (sky130_fd_sc_hd__clkbuf_16)
     7    0.03    0.05    0.14   10.27 ^ clkbuf_2_2__f_clk/X (sky130_fd_sc_hd__clkbuf_16)
                                         clknet_2_2__leaf_clk (net)
                  0.05    0.00   10.27 ^ _334_/CLK (sky130_fd_sc_hd__dfrtp_2)
                          0.00   10.27   clock reconvergence pessimism
                         -0.11   10.16   library setup time
                                 10.16   data required time
-----------------------------------------------------------------------------
                                 10.16   data required time
                                 -2.87   data arrival time
-----------------------------------------------------------------------------
                                  7.29   slack (MET)


Startpoint: _322_ (rising edge-triggered flip-flop clocked by core_clock)
Endpoint: _346_ (rising edge-triggered flip-flop clocked by core_clock)
Path Group: core_clock
Path Type: max

Fanout     Cap    Slew   Delay    Time   Description
-----------------------------------------------------------------------------
                          0.00    0.00   clock core_clock (rise edge)
                          0.00    0.00   clock source latency
     1    0.02    0.00    0.00    0.00 ^ clk (in)
                                         clk (net)
                  0.00    0.00    0.00 ^ clkbuf_0_clk/A (sky130_fd_sc_hd__clkbuf_16)
     4    0.04    0.06    0.13    0.13 ^ clkbuf_0_clk/X (sky130_fd_sc_hd__clkbuf_16)
                                         clknet_0_clk (net)
                  0.06    0.00    0.13 ^ clkbuf_2_1__f_clk/A (sky130_fd_sc_hd__clkbuf_16)
    11    0.04    0.06    0.14    0.27 ^ clkbuf_2_1__f_clk/X (sky130_fd_sc_hd__clkbuf_16)
                                         clknet_2_1__leaf_clk (net)
                  0.06    0.00    0.27 ^ _322_/CLK (sky130_fd_sc_hd__dfrtp_4)
     4    0.02    0.10    0.45    0.71 ^ _322_/Q (sky130_fd_sc_hd__dfrtp_4)
                                         div.count[2] (net)
                  0.10    0.00    0.71 ^ _176_/C (sky130_fd_sc_hd__and4_1)
     1    0.01    0.10    0.23    0.95 ^ _176_/X (sky130_fd_sc_hd__and4_1)
                                         _089_ (net)
                  0.10    0.00    0.95 ^ _177_/A (sky130_fd_sc_hd__clkbuf_4)
     8    0.04    0.13    0.21    1.16 ^ _177_/X (sky130_fd_sc_hd__clkbuf_4)
                                         _090_ (net)
                  0.13    0.00    1.16 ^ _217_/A (sky130_fd_sc_hd__and4_1)
     1    0.01    0.10    0.23    1.39 ^ _217_/X (sky130_fd_sc_hd__and4_1)
                                         _117_ (net)
                  0.10    0.00    1.39 ^ _218_/A (sky130_fd_sc_hd__clkbuf_4)
     9    0.05    0.14    0.23    1.62 ^ _218_/X (sky130_fd_sc_hd__clkbuf_4)
                                         _118_ (net)
                  0.14    0.00    1.63 ^ _243_/A (sky130_fd_sc_hd__and2_2)
     4    0.03    0.14    0.24    1.87 ^ _243_/X (sky130_fd_sc_hd__and2_2)
                                         _135_ (net)
                  0.14    0.00    1.87 ^ _246_/C (sky130_fd_sc_hd__and3_1)
     2    0.02    0.16    0.26    2.13 ^ _246_/X (sky130_fd_sc_hd__and3_1)
                                         _137_ (net)
                  0.16    0.00    2.13 ^ _248_/B (sky130_fd_sc_hd__xor2_1)
     1    0.01    0.16    0.19    2.32 ^ _248_/X (sky130_fd_sc_hd__xor2_1)
                                         _022_ (net)
                  0.16    0.00    2.32 ^ _346_/D (sky130_fd_sc_hd__dfrtp_2)
                                  2.32   data arrival time

                         10.00   10.00   clock core_clock (rise edge)
                          0.00   10.00   clock source latency
     1    0.02    0.00    0.00   10.00 ^ clk (in)
                                         clk (net)
                  0.00    0.00   10.00 ^ clkbuf_0_clk/A (sky130_fd_sc_hd__clkbuf_16)
     4    0.04    0.06    0.13   10.13 ^ clkbuf_0_clk/X (sky130_fd_sc_hd__clkbuf_16)
                                         clknet_0_clk (net)
                  0.06    0.00   10.13 ^ clkbuf_2_0__f_clk/A (sky130_fd_sc_hd__clkbuf_16)
     9    0.03    0.05    0.14   10.27 ^ clkbuf_2_0__f_clk/X (sky130_fd_sc_hd__clkbuf_16)
                                         clknet_2_0__leaf_clk (net)
                  0.05    0.00   10.27 ^ _346_/CLK (sky130_fd_sc_hd__dfrtp_2)
                          0.00   10.27   clock reconvergence pessimism
                         -0.09   10.18   library setup time
                                 10.18   data required time
-----------------------------------------------------------------------------
                                 10.18   data required time
                                 -2.32   data arrival time
-----------------------------------------------------------------------------
                                  7.86   slack (MET)


Startpoint: _322_ (rising edge-triggered flip-flop clocked by core_clock)
Endpoint: _343_ (rising edge-triggered flip-flop clocked by core_clock)
Path Group: core_clock
Path Type: max

Fanout     Cap    Slew   Delay    Time   Description
-----------------------------------------------------------------------------
                          0.00    0.00   clock core_clock (rise edge)
                          0.00    0.00   clock source latency
     1    0.02    0.00    0.00    0.00 ^ clk (in)
                                         clk (net)
                  0.00    0.00    0.00 ^ clkbuf_0_clk/A (sky130_fd_sc_hd__clkbuf_16)
     4    0.04    0.06    0.13    0.13 ^ clkbuf_0_clk/X (sky130_fd_sc_hd__clkbuf_16)
                                         clknet_0_clk (net)
                  0.06    0.00    0.13 ^ clkbuf_2_1__f_clk/A (sky130_fd_sc_hd__clkbuf_16)
    11    0.04    0.06    0.14    0.27 ^ clkbuf_2_1__f_clk/X (sky130_fd_sc_hd__clkbuf_16)
                                         clknet_2_1__leaf_clk (net)
                  0.06    0.00    0.27 ^ _322_/CLK (sky130_fd_sc_hd__dfrtp_4)
     4    0.02    0.10    0.45    0.71 ^ _322_/Q (sky130_fd_sc_hd__dfrtp_4)
                                         div.count[2] (net)
                  0.10    0.00    0.71 ^ _176_/C (sky130_fd_sc_hd__and4_1)
     1    0.01    0.10    0.23    0.95 ^ _176_/X (sky130_fd_sc_hd__and4_1)
                                         _089_ (net)
                  0.10    0.00    0.95 ^ _177_/A (sky130_fd_sc_hd__clkbuf_4)
     8    0.04    0.13    0.21    1.16 ^ _177_/X (sky130_fd_sc_hd__clkbuf_4)
                                         _090_ (net)
                  0.13    0.00    1.16 ^ _217_/A (sky130_fd_sc_hd__and4_1)
     1    0.01    0.10    0.23    1.39 ^ _217_/X (sky130_fd_sc_hd__and4_1)
                                         _117_ (net)
                  0.10    0.00    1.39 ^ _218_/A (sky130_fd_sc_hd__clkbuf_4)
     9    0.05    0.14    0.23    1.62 ^ _218_/X (sky130_fd_sc_hd__clkbuf_4)
                                         _118_ (net)
                  0.14    0.00    1.63 ^ _232_/B (sky130_fd_sc_hd__and3_2)
     4    0.03    0.15    0.29    1.92 ^ _232_/X (sky130_fd_sc_hd__and3_2)
                                         _128_ (net)
                  0.15    0.00    1.92 ^ _237_/C (sky130_fd_sc_hd__nand3_2)
     2    0.01    0.10    0.13    2.05 v _237_/Y (sky130_fd_sc_hd__nand3_2)
                                         _131_ (net)
                  0.10    0.00    2.05 v _240_/B (sky130_fd_sc_hd__xnor2_1)
     1    0.01    0.24    0.25    2.30 ^ _240_/Y (sky130_fd_sc_hd__xnor2_1)
                                         _019_ (net)
                  0.24    0.00    2.30 ^ _343_/D (sky130_fd_sc_hd__dfrtp_2)
                                  2.30   data arrival time

                         10.00   10.00   clock core_clock (rise edge)
                          0.00   10.00   clock source latency
     1    0.02    0.00    0.00   10.00 ^ clk (in)
                                         clk (net)
                  0.00    0.00   10.00 ^ clkbuf_0_clk/A (sky130_fd_sc_hd__clkbuf_16)
     4    0.04    0.06    0.13   10.13 ^ clkbuf_0_clk/X (sky130_fd_sc_hd__clkbuf_16)
                                         clknet_0_clk (net)
                  0.06    0.00   10.13 ^ clkbuf_2_1__f_clk/A (sky130_fd_sc_hd__clkbuf_16)
    11    0.04    0.06    0.14   10.27 ^ clkbuf_2_1__f_clk/X (sky130_fd_sc_hd__clkbuf_16)
                                         clknet_2_1__leaf_clk (net)
                  0.06    0.00   10.27 ^ _343_/CLK (sky130_fd_sc_hd__dfrtp_2)
                          0.00   10.27   clock reconvergence pessimism
                         -0.11   10.16   library setup time
                                 10.16   data required time
-----------------------------------------------------------------------------
                                 10.16   data required time
                                 -2.30   data arrival time
-----------------------------------------------------------------------------
                                  7.86   slack (MET)


Startpoint: _322_ (rising edge-triggered flip-flop clocked by core_clock)
Endpoint: _351_ (rising edge-triggered flip-flop clocked by core_clock)
Path Group: core_clock
Path Type: max

Fanout     Cap    Slew   Delay    Time   Description
-----------------------------------------------------------------------------
                          0.00    0.00   clock core_clock (rise edge)
                          0.00    0.00   clock source latency
     1    0.02    0.00    0.00    0.00 ^ clk (in)
                                         clk (net)
                  0.00    0.00    0.00 ^ clkbuf_0_clk/A (sky130_fd_sc_hd__clkbuf_16)
     4    0.04    0.06    0.13    0.13 ^ clkbuf_0_clk/X (sky130_fd_sc_hd__clkbuf_16)
                                         clknet_0_clk (net)
                  0.06    0.00    0.13 ^ clkbuf_2_1__f_clk/A (sky130_fd_sc_hd__clkbuf_16)
    11    0.04    0.06    0.14    0.27 ^ clkbuf_2_1__f_clk/X (sky130_fd_sc_hd__clkbuf_16)
                                         clknet_2_1__leaf_clk (net)
                  0.06    0.00    0.27 ^ _322_/CLK (sky130_fd_sc_hd__dfrtp_4)
     4    0.02    0.10    0.45    0.71 ^ _322_/Q (sky130_fd_sc_hd__dfrtp_4)
                                         div.count[2] (net)
                  0.10    0.00    0.71 ^ _176_/C (sky130_fd_sc_hd__and4_1)
     1    0.01    0.10    0.23    0.95 ^ _176_/X (sky130_fd_sc_hd__and4_1)
                                         _089_ (net)
                  0.10    0.00    0.95 ^ _177_/A (sky130_fd_sc_hd__clkbuf_4)
     8    0.04    0.13    0.21    1.16 ^ _177_/X (sky130_fd_sc_hd__clkbuf_4)
                                         _090_ (net)
                  0.13    0.00    1.16 ^ _217_/A (sky130_fd_sc_hd__and4_1)
     1    0.01    0.10    0.23    1.39 ^ _217_/X (sky130_fd_sc_hd__and4_1)
                                         _117_ (net)
                  0.10    0.00    1.39 ^ _218_/A (sky130_fd_sc_hd__clkbuf_4)
     9    0.05    0.14    0.23    1.62 ^ _218_/X (sky130_fd_sc_hd__clkbuf_4)
                                         _118_ (net)
                  0.14    0.00    1.63 ^ _251_/A (sky130_fd_sc_hd__and3_2)
     5    0.02    0.14    0.27    1.90 ^ _251_/X (sky130_fd_sc_hd__and3_2)
                                         _140_ (net)
                  0.14    0.00    1.90 ^ _259_/D (sky130_fd_sc_hd__and4_1)
     1    0.01    0.08    0.23    2.13 ^ _259_/X (sky130_fd_sc_hd__and4_1)
                                         _144_ (net)
                  0.08    0.00    2.13 ^ _260_/B (sky130_fd_sc_hd__xor2_1)
     1    0.00    0.15    0.17    2.30 ^ _260_/X (sky130_fd_sc_hd__xor2_1)
                                         _028_ (net)
                  0.15    0.00    2.30 ^ _351_/D (sky130_fd_sc_hd__dfrtp_1)
                                  2.30   data arrival time

                         10.00   10.00   clock core_clock (rise edge)
                          0.00   10.00   clock source latency
     1    0.02    0.00    0.00   10.00 ^ clk (in)
                                         clk (net)
                  0.00    0.00   10.00 ^ clkbuf_0_clk/A (sky130_fd_sc_hd__clkbuf_16)
     4    0.04    0.06    0.13   10.13 ^ clkbuf_0_clk/X (sky130_fd_sc_hd__clkbuf_16)
                                         clknet_0_clk (net)
                  0.06    0.00   10.13 ^ clkbuf_2_3__f_clk/A (sky130_fd_sc_hd__clkbuf_16)
     9    0.03    0.05    0.14   10.27 ^ clkbuf_2_3__f_clk/X (sky130_fd_sc_hd__clkbuf_16)
                                         clknet_2_3__leaf_clk (net)
                  0.05    0.00   10.27 ^ _351_/CLK (sky130_fd_sc_hd__dfrtp_1)
                          0.00   10.27   clock reconvergence pessimism
                         -0.08   10.18   library setup time
                                 10.18   data required time
-----------------------------------------------------------------------------
                                 10.18   data required time
                                 -2.30   data arrival time
-----------------------------------------------------------------------------
                                  7.88   slack (MET)


Startpoint: _322_ (rising edge-triggered flip-flop clocked by core_clock)
Endpoint: _349_ (rising edge-triggered flip-flop clocked by core_clock)
Path Group: core_clock
Path Type: max

Fanout     Cap    Slew   Delay    Time   Description
-----------------------------------------------------------------------------
                          0.00    0.00   clock core_clock (rise edge)
                          0.00    0.00   clock source latency
     1    0.02    0.00    0.00    0.00 ^ clk (in)
                                         clk (net)
                  0.00    0.00    0.00 ^ clkbuf_0_clk/A (sky130_fd_sc_hd__clkbuf_16)
     4    0.04    0.06    0.13    0.13 ^ clkbuf_0_clk/X (sky130_fd_sc_hd__clkbuf_16)
                                         clknet_0_clk (net)
                  0.06    0.00    0.13 ^ clkbuf_2_1__f_clk/A (sky130_fd_sc_hd__clkbuf_16)
    11    0.04    0.06    0.14    0.27 ^ clkbuf_2_1__f_clk/X (sky130_fd_sc_hd__clkbuf_16)
                                         clknet_2_1__leaf_clk (net)
                  0.06    0.00    0.27 ^ _322_/CLK (sky130_fd_sc_hd__dfrtp_4)
     4    0.02    0.08    0.51    0.78 v _322_/Q (sky130_fd_sc_hd__dfrtp_4)
                                         div.count[2] (net)
                  0.08    0.00    0.78 v _176_/C (sky130_fd_sc_hd__and4_1)
     1    0.01    0.06    0.23    1.00 v _176_/X (sky130_fd_sc_hd__and4_1)
                                         _089_ (net)
                  0.06    0.00    1.00 v _177_/A (sky130_fd_sc_hd__clkbuf_4)
     8    0.04    0.09    0.19    1.20 v _177_/X (sky130_fd_sc_hd__clkbuf_4)
                                         _090_ (net)
                  0.09    0.00    1.20 v _217_/A (sky130_fd_sc_hd__and4_1)
     1    0.01    0.06    0.19    1.39 v _217_/X (sky130_fd_sc_hd__and4_1)
                                         _117_ (net)
                  0.06    0.00    1.39 v _218_/A (sky130_fd_sc_hd__clkbuf_4)
     9    0.04    0.10    0.20    1.59 v _218_/X (sky130_fd_sc_hd__clkbuf_4)
                                         _118_ (net)
                  0.10    0.00    1.59 v _251_/A (sky130_fd_sc_hd__and3_2)
     5    0.02    0.08    0.25    1.84 v _251_/X (sky130_fd_sc_hd__and3_2)
                                         _140_ (net)
                  0.08    0.00    1.84 v _253_/B (sky130_fd_sc_hd__and2_1)
     2    0.01    0.06    0.20    2.04 v _253_/X (sky130_fd_sc_hd__and2_1)
                                         _141_ (net)
                  0.06    0.00    2.04 v _257_/A2 (sky130_fd_sc_hd__o21a_1)
     1    0.01    0.08    0.22    2.25 v _257_/X (sky130_fd_sc_hd__o21a_1)
                                         _025_ (net)
                  0.08    0.00    2.25 v _349_/D (sky130_fd_sc_hd__dfrtp_4)
                                  2.25   data arrival time

                         10.00   10.00   clock core_clock (rise edge)
                          0.00   10.00   clock source latency
     1    0.02    0.00    0.00   10.00 ^ clk (in)
                                         clk (net)
                  0.00    0.00   10.00 ^ clkbuf_0_clk/A (sky130_fd_sc_hd__clkbuf_16)
     4    0.04    0.06    0.13   10.13 ^ clkbuf_0_clk/X (sky130_fd_sc_hd__clkbuf_16)
                                         clknet_0_clk (net)
                  0.06    0.00   10.13 ^ clkbuf_2_3__f_clk/A (sky130_fd_sc_hd__clkbuf_16)
     9    0.03    0.05    0.14   10.27 ^ clkbuf_2_3__f_clk/X (sky130_fd_sc_hd__clkbuf_16)
                                         clknet_2_3__leaf_clk (net)
                  0.05    0.00   10.27 ^ _349_/CLK (sky130_fd_sc_hd__dfrtp_4)
                          0.00   10.27   clock reconvergence pessimism
                         -0.13   10.14   library setup time
                                 10.14   data required time
-----------------------------------------------------------------------------
                                 10.14   data required time
                                 -2.25   data arrival time
-----------------------------------------------------------------------------
                                  7.88   slack (MET)


Startpoint: _322_ (rising edge-triggered flip-flop clocked by core_clock)
Endpoint: _347_ (rising edge-triggered flip-flop clocked by core_clock)
Path Group: core_clock
Path Type: max

Fanout     Cap    Slew   Delay    Time   Description
-----------------------------------------------------------------------------
                          0.00    0.00   clock core_clock (rise edge)
                          0.00    0.00   clock source latency
     1    0.02    0.00    0.00    0.00 ^ clk (in)
                                         clk (net)
                  0.00    0.00    0.00 ^ clkbuf_0_clk/A (sky130_fd_sc_hd__clkbuf_16)
     4    0.04    0.06    0.13    0.13 ^ clkbuf_0_clk/X (sky130_fd_sc_hd__clkbuf_16)
                                         clknet_0_clk (net)
                  0.06    0.00    0.13 ^ clkbuf_2_1__f_clk/A (sky130_fd_sc_hd__clkbuf_16)
    11    0.04    0.06    0.14    0.27 ^ clkbuf_2_1__f_clk/X (sky130_fd_sc_hd__clkbuf_16)
                                         clknet_2_1__leaf_clk (net)
                  0.06    0.00    0.27 ^ _322_/CLK (sky130_fd_sc_hd__dfrtp_4)
     4    0.02    0.08    0.51    0.78 v _322_/Q (sky130_fd_sc_hd__dfrtp_4)
                                         div.count[2] (net)
                  0.08    0.00    0.78 v _176_/C (sky130_fd_sc_hd__and4_1)
     1    0.01    0.06    0.23    1.00 v _176_/X (sky130_fd_sc_hd__and4_1)
                                         _089_ (net)
                  0.06    0.00    1.00 v _177_/A (sky130_fd_sc_hd__clkbuf_4)
     8    0.04    0.09    0.19    1.20 v _177_/X (sky130_fd_sc_hd__clkbuf_4)
                                         _090_ (net)
                  0.09    0.00    1.20 v _217_/A (sky130_fd_sc_hd__and4_1)
     1    0.01    0.06    0.19    1.39 v _217_/X (sky130_fd_sc_hd__and4_1)
                                         _117_ (net)
                  0.06    0.00    1.39 v _218_/A (sky130_fd_sc_hd__clkbuf_4)
     9    0.04    0.10    0.20    1.59 v _218_/X (sky130_fd_sc_hd__clkbuf_4)
                                         _118_ (net)
                  0.10    0.00    1.59 v _243_/A (sky130_fd_sc_hd__and2_2)
     4    0.02    0.08    0.24    1.83 v _243_/X (sky130_fd_sc_hd__and2_2)
                                         _135_ (net)
                  0.08    0.00    1.83 v _249_/D (sky130_fd_sc_hd__and4_1)
     1    0.01    0.06    0.24    2.07 v _249_/X (sky130_fd_sc_hd__and4_1)
                                         _138_ (net)
                  0.06    0.00    2.07 v _252_/A2 (sky130_fd_sc_hd__o21ba_1)
     1    0.01    0.05    0.19    2.26 v _252_/X (sky130_fd_sc_hd__o21ba_1)
                                         _023_ (net)
                  0.05    0.00    2.26 v _347_/D (sky130_fd_sc_hd__dfrtp_1)
                                  2.26   data arrival time

                         10.00   10.00   clock core_clock (rise edge)
                          0.00   10.00   clock source latency
     1    0.02    0.00    0.00   10.00 ^ clk (in)
                                         clk (net)
                  0.00    0.00   10.00 ^ clkbuf_0_clk/A (sky130_fd_sc_hd__clkbuf_16)
     4    0.04    0.06    0.13   10.13 ^ clkbuf_0_clk/X (sky130_fd_sc_hd__clkbuf_16)
                                         clknet_0_clk (net)
                  0.06    0.00   10.13 ^ clkbuf_2_3__f_clk/A (sky130_fd_sc_hd__clkbuf_16)
     9    0.03    0.05    0.14   10.27 ^ clkbuf_2_3__f_clk/X (sky130_fd_sc_hd__clkbuf_16)
                                         clknet_2_3__leaf_clk (net)
                  0.05    0.00   10.27 ^ _347_/CLK (sky130_fd_sc_hd__dfrtp_1)
                          0.00   10.27   clock reconvergence pessimism
                         -0.12   10.15   library setup time
                                 10.15   data required time
-----------------------------------------------------------------------------
                                 10.15   data required time
                                 -2.26   data arrival time
-----------------------------------------------------------------------------
                                  7.89   slack (MET)


Startpoint: _322_ (rising edge-triggered flip-flop clocked by core_clock)
Endpoint: _345_ (rising edge-triggered flip-flop clocked by core_clock)
Path Group: core_clock
Path Type: max

Fanout     Cap    Slew   Delay    Time   Description
-----------------------------------------------------------------------------
                          0.00    0.00   clock core_clock (rise edge)
                          0.00    0.00   clock source latency
     1    0.02    0.00    0.00    0.00 ^ clk (in)
                                         clk (net)
                  0.00    0.00    0.00 ^ clkbuf_0_clk/A (sky130_fd_sc_hd__clkbuf_16)
     4    0.04    0.06    0.13    0.13 ^ clkbuf_0_clk/X (sky130_fd_sc_hd__clkbuf_16)
                                         clknet_0_clk (net)
                  0.06    0.00    0.13 ^ clkbuf_2_1__f_clk/A (sky130_fd_sc_hd__clkbuf_16)
    11    0.04    0.06    0.14    0.27 ^ clkbuf_2_1__f_clk/X (sky130_fd_sc_hd__clkbuf_16)
                                         clknet_2_1__leaf_clk (net)
                  0.06    0.00    0.27 ^ _322_/CLK (sky130_fd_sc_hd__dfrtp_4)
     4    0.02    0.08    0.51    0.78 v _322_/Q (sky130_fd_sc_hd__dfrtp_4)
                                         div.count[2] (net)
                  0.08    0.00    0.78 v _176_/C (sky130_fd_sc_hd__and4_1)
     1    0.01    0.06    0.23    1.00 v _176_/X (sky130_fd_sc_hd__and4_1)
                                         _089_ (net)
                  0.06    0.00    1.00 v _177_/A (sky130_fd_sc_hd__clkbuf_4)
     8    0.04    0.09    0.19    1.20 v _177_/X (sky130_fd_sc_hd__clkbuf_4)
                                         _090_ (net)
                  0.09    0.00    1.20 v _217_/A (sky130_fd_sc_hd__and4_1)
     1    0.01    0.06    0.19    1.39 v _217_/X (sky130_fd_sc_hd__and4_1)
                                         _117_ (net)
                  0.06    0.00    1.39 v _218_/A (sky130_fd_sc_hd__clkbuf_4)
     9    0.04    0.10    0.20    1.59 v _218_/X (sky130_fd_sc_hd__clkbuf_4)
                                         _118_ (net)
                  0.10    0.00    1.59 v _243_/A (sky130_fd_sc_hd__and2_2)
     4    0.02    0.08    0.24    1.83 v _243_/X (sky130_fd_sc_hd__and2_2)
                                         _135_ (net)
                  0.08    0.00    1.84 v _246_/C (sky130_fd_sc_hd__and3_1)
     2    0.01    0.09    0.24    2.08 v _246_/X (sky130_fd_sc_hd__and3_1)
                                         _137_ (net)
                  0.09    0.00    2.08 v _247_/B (sky130_fd_sc_hd__nor2_1)
     1    0.01    0.19    0.18    2.26 ^ _247_/Y (sky130_fd_sc_hd__nor2_1)
                                         _021_ (net)
                  0.19    0.00    2.26 ^ _345_/D (sky130_fd_sc_hd__dfrtp_2)
                                  2.26   data arrival time

                         10.00   10.00   clock core_clock (rise edge)
                          0.00   10.00   clock source latency
     1    0.02    0.00    0.00   10.00 ^ clk (in)
                                         clk (net)
                  0.00    0.00   10.00 ^ clkbuf_0_clk/A (sky130_fd_sc_hd__clkbuf_16)
     4    0.04    0.06    0.13   10.13 ^ clkbuf_0_clk/X (sky130_fd_sc_hd__clkbuf_16)
                                         clknet_0_clk (net)
                  0.06    0.00   10.13 ^ clkbuf_2_3__f_clk/A (sky130_fd_sc_hd__clkbuf_16)
     9    0.03    0.05    0.14   10.27 ^ clkbuf_2_3__f_clk/X (sky130_fd_sc_hd__clkbuf_16)
                                         clknet_2_3__leaf_clk (net)
                  0.05    0.00   10.27 ^ _345_/CLK (sky130_fd_sc_hd__dfrtp_2)
                          0.00   10.27   clock reconvergence pessimism
                         -0.10   10.17   library setup time
                                 10.17   data required time
-----------------------------------------------------------------------------
                                 10.17   data required time
                                 -2.26   data arrival time
-----------------------------------------------------------------------------
                                  7.91   slack (MET)


Startpoint: _322_ (rising edge-triggered flip-flop clocked by core_clock)
Endpoint: _348_ (rising edge-triggered flip-flop clocked by core_clock)
Path Group: core_clock
Path Type: max

Fanout     Cap    Slew   Delay    Time   Description
-----------------------------------------------------------------------------
                          0.00    0.00   clock core_clock (rise edge)
                          0.00    0.00   clock source latency
     1    0.02    0.00    0.00    0.00 ^ clk (in)
                                         clk (net)
                  0.00    0.00    0.00 ^ clkbuf_0_clk/A (sky130_fd_sc_hd__clkbuf_16)
     4    0.04    0.06    0.13    0.13 ^ clkbuf_0_clk/X (sky130_fd_sc_hd__clkbuf_16)
                                         clknet_0_clk (net)
                  0.06    0.00    0.13 ^ clkbuf_2_1__f_clk/A (sky130_fd_sc_hd__clkbuf_16)
    11    0.04    0.06    0.14    0.27 ^ clkbuf_2_1__f_clk/X (sky130_fd_sc_hd__clkbuf_16)
                                         clknet_2_1__leaf_clk (net)
                  0.06    0.00    0.27 ^ _322_/CLK (sky130_fd_sc_hd__dfrtp_4)
     4    0.02    0.08    0.51    0.78 v _322_/Q (sky130_fd_sc_hd__dfrtp_4)
                                         div.count[2] (net)
                  0.08    0.00    0.78 v _176_/C (sky130_fd_sc_hd__and4_1)
     1    0.01    0.06    0.23    1.00 v _176_/X (sky130_fd_sc_hd__and4_1)
                                         _089_ (net)
                  0.06    0.00    1.00 v _177_/A (sky130_fd_sc_hd__clkbuf_4)
     8    0.04    0.09    0.19    1.20 v _177_/X (sky130_fd_sc_hd__clkbuf_4)
                                         _090_ (net)
                  0.09    0.00    1.20 v _217_/A (sky130_fd_sc_hd__and4_1)
     1    0.01    0.06    0.19    1.39 v _217_/X (sky130_fd_sc_hd__and4_1)
                                         _117_ (net)
                  0.06    0.00    1.39 v _218_/A (sky130_fd_sc_hd__clkbuf_4)
     9    0.04    0.10    0.20    1.59 v _218_/X (sky130_fd_sc_hd__clkbuf_4)
                                         _118_ (net)
                  0.10    0.00    1.59 v _251_/A (sky130_fd_sc_hd__and3_2)
     5    0.02    0.08    0.25    1.84 v _251_/X (sky130_fd_sc_hd__and3_2)
                                         _140_ (net)
                  0.08    0.00    1.84 v _254_/B (sky130_fd_sc_hd__nor2_1)
     1    0.01    0.26    0.23    2.07 ^ _254_/Y (sky130_fd_sc_hd__nor2_1)
                                         _142_ (net)
                  0.26    0.00    2.07 ^ _255_/B (sky130_fd_sc_hd__nor2_1)
     1    0.01    0.08    0.11    2.18 v _255_/Y (sky130_fd_sc_hd__nor2_1)
                                         _024_ (net)
                  0.08    0.00    2.18 v _348_/D (sky130_fd_sc_hd__dfrtp_4)
                                  2.18   data arrival time

                         10.00   10.00   clock core_clock (rise edge)
                          0.00   10.00   clock source latency
     1    0.02    0.00    0.00   10.00 ^ clk (in)
                                         clk (net)
                  0.00    0.00   10.00 ^ clkbuf_0_clk/A (sky130_fd_sc_hd__clkbuf_16)
     4    0.04    0.06    0.13   10.13 ^ clkbuf_0_clk/X (sky130_fd_sc_hd__clkbuf_16)
                                         clknet_0_clk (net)
                  0.06    0.00   10.13 ^ clkbuf_2_1__f_clk/A (sky130_fd_sc_hd__clkbuf_16)
    11    0.04    0.06    0.14   10.27 ^ clkbuf_2_1__f_clk/X (sky130_fd_sc_hd__clkbuf_16)
                                         clknet_2_1__leaf_clk (net)
                  0.06    0.00   10.27 ^ _348_/CLK (sky130_fd_sc_hd__dfrtp_4)
                          0.00   10.27   clock reconvergence pessimism
                         -0.13   10.14   library setup time
                                 10.14   data required time
-----------------------------------------------------------------------------
                                 10.14   data required time
                                 -2.18   data arrival time
-----------------------------------------------------------------------------
                                  7.96   slack (MET)


Startpoint: _322_ (rising edge-triggered flip-flop clocked by core_clock)
Endpoint: _350_ (rising edge-triggered flip-flop clocked by core_clock)
Path Group: core_clock
Path Type: max

Fanout     Cap    Slew   Delay    Time   Description
-----------------------------------------------------------------------------
                          0.00    0.00   clock core_clock (rise edge)
                          0.00    0.00   clock source latency
     1    0.02    0.00    0.00    0.00 ^ clk (in)
                                         clk (net)
                  0.00    0.00    0.00 ^ clkbuf_0_clk/A (sky130_fd_sc_hd__clkbuf_16)
     4    0.04    0.06    0.13    0.13 ^ clkbuf_0_clk/X (sky130_fd_sc_hd__clkbuf_16)
                                         clknet_0_clk (net)
                  0.06    0.00    0.13 ^ clkbuf_2_1__f_clk/A (sky130_fd_sc_hd__clkbuf_16)
    11    0.04    0.06    0.14    0.27 ^ clkbuf_2_1__f_clk/X (sky130_fd_sc_hd__clkbuf_16)
                                         clknet_2_1__leaf_clk (net)
                  0.06    0.00    0.27 ^ _322_/CLK (sky130_fd_sc_hd__dfrtp_4)
     4    0.02    0.10    0.45    0.71 ^ _322_/Q (sky130_fd_sc_hd__dfrtp_4)
                                         div.count[2] (net)
                  0.10    0.00    0.71 ^ _176_/C (sky130_fd_sc_hd__and4_1)
     1    0.01    0.10    0.23    0.95 ^ _176_/X (sky130_fd_sc_hd__and4_1)
                                         _089_ (net)
                  0.10    0.00    0.95 ^ _177_/A (sky130_fd_sc_hd__clkbuf_4)
     8    0.04    0.13    0.21    1.16 ^ _177_/X (sky130_fd_sc_hd__clkbuf_4)
                                         _090_ (net)
                  0.13    0.00    1.16 ^ _217_/A (sky130_fd_sc_hd__and4_1)
     1    0.01    0.10    0.23    1.39 ^ _217_/X (sky130_fd_sc_hd__and4_1)
                                         _117_ (net)
                  0.10    0.00    1.39 ^ _218_/A (sky130_fd_sc_hd__clkbuf_4)
     9    0.05    0.14    0.23    1.62 ^ _218_/X (sky130_fd_sc_hd__clkbuf_4)
                                         _118_ (net)
                  0.14    0.00    1.63 ^ _251_/A (sky130_fd_sc_hd__and3_2)
     5    0.02    0.14    0.27    1.90 ^ _251_/X (sky130_fd_sc_hd__and3_2)
                                         _140_ (net)
                  0.14    0.00    1.90 ^ _256_/C (sky130_fd_sc_hd__nand3_2)
     2    0.01    0.10    0.13    2.03 v _256_/Y (sky130_fd_sc_hd__nand3_2)
                                         _143_ (net)
                  0.10    0.00    2.03 v _258_/B (sky130_fd_sc_hd__xnor2_1)
     1    0.00    0.05    0.14    2.17 v _258_/Y (sky130_fd_sc_hd__xnor2_1)
                                         _027_ (net)
                  0.05    0.00    2.17 v _350_/D (sky130_fd_sc_hd__dfrtp_2)
                                  2.17   data arrival time

                         10.00   10.00   clock core_clock (rise edge)
                          0.00   10.00   clock source latency
     1    0.02    0.00    0.00   10.00 ^ clk (in)
                                         clk (net)
                  0.00    0.00   10.00 ^ clkbuf_0_clk/A (sky130_fd_sc_hd__clkbuf_16)
     4    0.04    0.06    0.13   10.13 ^ clkbuf_0_clk/X (sky130_fd_sc_hd__clkbuf_16)
                                         clknet_0_clk (net)
                  0.06    0.00   10.13 ^ clkbuf_2_0__f_clk/A (sky130_fd_sc_hd__clkbuf_16)
     9    0.03    0.05    0.14   10.27 ^ clkbuf_2_0__f_clk/X (sky130_fd_sc_hd__clkbuf_16)
                                         clknet_2_0__leaf_clk (net)
                  0.05    0.00   10.27 ^ _350_/CLK (sky130_fd_sc_hd__dfrtp_2)
                          0.00   10.27   clock reconvergence pessimism
                         -0.12   10.15   library setup time
                                 10.15   data required time
-----------------------------------------------------------------------------
                                 10.15   data required time
                                 -2.17   data arrival time
-----------------------------------------------------------------------------
                                  7.98   slack (MET)


Startpoint: _322_ (rising edge-triggered flip-flop clocked by core_clock)
Endpoint: _335_ (rising edge-triggered flip-flop clocked by core_clock)
Path Group: core_clock
Path Type: max

Fanout     Cap    Slew   Delay    Time   Description
-----------------------------------------------------------------------------
                          0.00    0.00   clock core_clock (rise edge)
                          0.00    0.00   clock source latency
     1    0.02    0.00    0.00    0.00 ^ clk (in)
                                         clk (net)
                  0.00    0.00    0.00 ^ clkbuf_0_clk/A (sky130_fd_sc_hd__clkbuf_16)
     4    0.04    0.06    0.13    0.13 ^ clkbuf_0_clk/X (sky130_fd_sc_hd__clkbuf_16)
                                         clknet_0_clk (net)
                  0.06    0.00    0.13 ^ clkbuf_2_1__f_clk/A (sky130_fd_sc_hd__clkbuf_16)
    11    0.04    0.06    0.14    0.27 ^ clkbuf_2_1__f_clk/X (sky130_fd_sc_hd__clkbuf_16)
                                         clknet_2_1__leaf_clk (net)
                  0.06    0.00    0.27 ^ _322_/CLK (sky130_fd_sc_hd__dfrtp_4)
     4    0.02    0.10    0.45    0.71 ^ _322_/Q (sky130_fd_sc_hd__dfrtp_4)
                                         div.count[2] (net)
                  0.10    0.00    0.71 ^ _176_/C (sky130_fd_sc_hd__and4_1)
     1    0.01    0.10    0.23    0.95 ^ _176_/X (sky130_fd_sc_hd__and4_1)
                                         _089_ (net)
                  0.10    0.00    0.95 ^ _177_/A (sky130_fd_sc_hd__clkbuf_4)
     8    0.04    0.13    0.21    1.16 ^ _177_/X (sky130_fd_sc_hd__clkbuf_4)
                                         _090_ (net)
                  0.13    0.00    1.16 ^ _195_/C (sky130_fd_sc_hd__and4_1)
     1    0.01    0.11    0.25    1.41 ^ _195_/X (sky130_fd_sc_hd__and4_1)
                                         _102_ (net)
                  0.11    0.00    1.41 ^ _196_/A (sky130_fd_sc_hd__clkbuf_4)
     6    0.04    0.13    0.22    1.63 ^ _196_/X (sky130_fd_sc_hd__clkbuf_4)
                                         _103_ (net)
                  0.13    0.00    1.63 ^ _211_/A (sky130_fd_sc_hd__and2_2)
     3    0.02    0.12    0.23    1.85 ^ _211_/X (sky130_fd_sc_hd__and2_2)
                                         _114_ (net)
                  0.12    0.00    1.85 ^ _213_/B (sky130_fd_sc_hd__nand2_2)
     2    0.02    0.09    0.11    1.96 v _213_/Y (sky130_fd_sc_hd__nand2_2)
                                         _115_ (net)
                  0.09    0.00    1.96 v _215_/B (sky130_fd_sc_hd__xnor2_2)
     1    0.01    0.21    0.21    2.17 ^ _215_/Y (sky130_fd_sc_hd__xnor2_2)
                                         _010_ (net)
                  0.21    0.00    2.18 ^ _335_/D (sky130_fd_sc_hd__dfrtp_4)
                                  2.18   data arrival time

                         10.00   10.00   clock core_clock (rise edge)
                          0.00   10.00   clock source latency
     1    0.02    0.00    0.00   10.00 ^ clk (in)
                                         clk (net)
                  0.00    0.00   10.00 ^ clkbuf_0_clk/A (sky130_fd_sc_hd__clkbuf_16)
     4    0.04    0.06    0.13   10.13 ^ clkbuf_0_clk/X (sky130_fd_sc_hd__clkbuf_16)
                                         clknet_0_clk (net)
                  0.06    0.00   10.13 ^ clkbuf_2_3__f_clk/A (sky130_fd_sc_hd__clkbuf_16)
     9    0.03    0.05    0.14   10.27 ^ clkbuf_2_3__f_clk/X (sky130_fd_sc_hd__clkbuf_16)
                                         clknet_2_3__leaf_clk (net)
                  0.05    0.00   10.27 ^ _335_/CLK (sky130_fd_sc_hd__dfrtp_4)
                          0.00   10.27   clock reconvergence pessimism
                         -0.10   10.16   library setup time
                                 10.16   data required time
-----------------------------------------------------------------------------
                                 10.16   data required time
                                 -2.18   data arrival time
-----------------------------------------------------------------------------
                                  7.99   slack (MET)


Startpoint: _322_ (rising edge-triggered flip-flop clocked by core_clock)
Endpoint: _341_ (rising edge-triggered flip-flop clocked by core_clock)
Path Group: core_clock
Path Type: max

Fanout     Cap    Slew   Delay    Time   Description
-----------------------------------------------------------------------------
                          0.00    0.00   clock core_clock (rise edge)
                          0.00    0.00   clock source latency
     1    0.02    0.00    0.00    0.00 ^ clk (in)
                                         clk (net)
                  0.00    0.00    0.00 ^ clkbuf_0_clk/A (sky130_fd_sc_hd__clkbuf_16)
     4    0.04    0.06    0.13    0.13 ^ clkbuf_0_clk/X (sky130_fd_sc_hd__clkbuf_16)
                                         clknet_0_clk (net)
                  0.06    0.00    0.13 ^ clkbuf_2_1__f_clk/A (sky130_fd_sc_hd__clkbuf_16)
    11    0.04    0.06    0.14    0.27 ^ clkbuf_2_1__f_clk/X (sky130_fd_sc_hd__clkbuf_16)
                                         clknet_2_1__leaf_clk (net)
                  0.06    0.00    0.27 ^ _322_/CLK (sky130_fd_sc_hd__dfrtp_4)
     4    0.02    0.10    0.45    0.71 ^ _322_/Q (sky130_fd_sc_hd__dfrtp_4)
                                         div.count[2] (net)
                  0.10    0.00    0.71 ^ _176_/C (sky130_fd_sc_hd__and4_1)
     1    0.01    0.10    0.23    0.95 ^ _176_/X (sky130_fd_sc_hd__and4_1)
                                         _089_ (net)
                  0.10    0.00    0.95 ^ _177_/A (sky130_fd_sc_hd__clkbuf_4)
     8    0.04    0.13    0.21    1.16 ^ _177_/X (sky130_fd_sc_hd__clkbuf_4)
                                         _090_ (net)
                  0.13    0.00    1.16 ^ _217_/A (sky130_fd_sc_hd__and4_1)
     1    0.01    0.10    0.23    1.39 ^ _217_/X (sky130_fd_sc_hd__and4_1)
                                         _117_ (net)
                  0.10    0.00    1.39 ^ _218_/A (sky130_fd_sc_hd__clkbuf_4)
     9    0.05    0.14    0.23    1.62 ^ _218_/X (sky130_fd_sc_hd__clkbuf_4)
                                         _118_ (net)
                  0.14    0.00    1.63 ^ _232_/B (sky130_fd_sc_hd__and3_2)
     4    0.03    0.15    0.29    1.92 ^ _232_/X (sky130_fd_sc_hd__and3_2)
                                         _128_ (net)
                  0.15    0.00    1.92 ^ _235_/B (sky130_fd_sc_hd__xor2_1)
     1    0.01    0.22    0.24    2.16 ^ _235_/X (sky130_fd_sc_hd__xor2_1)
                                         _017_ (net)
                  0.22    0.00    2.16 ^ _341_/D (sky130_fd_sc_hd__dfrtp_4)
                                  2.16   data arrival time

                         10.00   10.00   clock core_clock (rise edge)
                          0.00   10.00   clock source latency
     1    0.02    0.00    0.00   10.00 ^ clk (in)
                                         clk (net)
                  0.00    0.00   10.00 ^ clkbuf_0_clk/A (sky130_fd_sc_hd__clkbuf_16)
     4    0.04    0.06    0.13   10.13 ^ clkbuf_0_clk/X (sky130_fd_sc_hd__clkbuf_16)
                                         clknet_0_clk (net)
                  0.06    0.00   10.13 ^ clkbuf_2_1__f_clk/A (sky130_fd_sc_hd__clkbuf_16)
    11    0.04    0.06    0.14   10.27 ^ clkbuf_2_1__f_clk/X (sky130_fd_sc_hd__clkbuf_16)
                                         clknet_2_1__leaf_clk (net)
                  0.06    0.00   10.27 ^ _341_/CLK (sky130_fd_sc_hd__dfrtp_4)
                          0.00   10.27   clock reconvergence pessimism
                         -0.10   10.17   library setup time
                                 10.17   data required time
-----------------------------------------------------------------------------
                                 10.17   data required time
                                 -2.16   data arrival time
-----------------------------------------------------------------------------
                                  8.01   slack (MET)


Startpoint: _322_ (rising edge-triggered flip-flop clocked by core_clock)
Endpoint: _344_ (rising edge-triggered flip-flop clocked by core_clock)
Path Group: core_clock
Path Type: max

Fanout     Cap    Slew   Delay    Time   Description
-----------------------------------------------------------------------------
                          0.00    0.00   clock core_clock (rise edge)
                          0.00    0.00   clock source latency
     1    0.02    0.00    0.00    0.00 ^ clk (in)
                                         clk (net)
                  0.00    0.00    0.00 ^ clkbuf_0_clk/A (sky130_fd_sc_hd__clkbuf_16)
     4    0.04    0.06    0.13    0.13 ^ clkbuf_0_clk/X (sky130_fd_sc_hd__clkbuf_16)
                                         clknet_0_clk (net)
                  0.06    0.00    0.13 ^ clkbuf_2_1__f_clk/A (sky130_fd_sc_hd__clkbuf_16)
    11    0.04    0.06    0.14    0.27 ^ clkbuf_2_1__f_clk/X (sky130_fd_sc_hd__clkbuf_16)
                                         clknet_2_1__leaf_clk (net)
                  0.06    0.00    0.27 ^ _322_/CLK (sky130_fd_sc_hd__dfrtp_4)
     4    0.02    0.10    0.45    0.71 ^ _322_/Q (sky130_fd_sc_hd__dfrtp_4)
                                         div.count[2] (net)
                  0.10    0.00    0.71 ^ _176_/C (sky130_fd_sc_hd__and4_1)
     1    0.01    0.10    0.23    0.95 ^ _176_/X (sky130_fd_sc_hd__and4_1)
                                         _089_ (net)
                  0.10    0.00    0.95 ^ _177_/A (sky130_fd_sc_hd__clkbuf_4)
     8    0.04    0.13    0.21    1.16 ^ _177_/X (sky130_fd_sc_hd__clkbuf_4)
                                         _090_ (net)
                  0.13    0.00    1.16 ^ _217_/A (sky130_fd_sc_hd__and4_1)
     1    0.01    0.10    0.23    1.39 ^ _217_/X (sky130_fd_sc_hd__and4_1)
                                         _117_ (net)
                  0.10    0.00    1.39 ^ _218_/A (sky130_fd_sc_hd__clkbuf_4)
     9    0.05    0.14    0.23    1.62 ^ _218_/X (sky130_fd_sc_hd__clkbuf_4)
                                         _118_ (net)
                  0.14    0.00    1.63 ^ _243_/A (sky130_fd_sc_hd__and2_2)
     4    0.03    0.14    0.24    1.87 ^ _243_/X (sky130_fd_sc_hd__and2_2)
                                         _135_ (net)
                  0.14    0.00    1.87 ^ _244_/B (sky130_fd_sc_hd__xor2_1)
     1    0.01    0.25    0.26    2.13 ^ _244_/X (sky130_fd_sc_hd__xor2_1)
                                         _020_ (net)
                  0.25    0.00    2.13 ^ _344_/D (sky130_fd_sc_hd__dfrtp_4)
                                  2.13   data arrival time

                         10.00   10.00   clock core_clock (rise edge)
                          0.00   10.00   clock source latency
     1    0.02    0.00    0.00   10.00 ^ clk (in)
                                         clk (net)
                  0.00    0.00   10.00 ^ clkbuf_0_clk/A (sky130_fd_sc_hd__clkbuf_16)
     4    0.04    0.06    0.13   10.13 ^ clkbuf_0_clk/X (sky130_fd_sc_hd__clkbuf_16)
                                         clknet_0_clk (net)
                  0.06    0.00   10.13 ^ clkbuf_2_3__f_clk/A (sky130_fd_sc_hd__clkbuf_16)
     9    0.03    0.05    0.14   10.27 ^ clkbuf_2_3__f_clk/X (sky130_fd_sc_hd__clkbuf_16)
                                         clknet_2_3__leaf_clk (net)
                  0.05    0.00   10.27 ^ _344_/CLK (sky130_fd_sc_hd__dfrtp_4)
                          0.00   10.27   clock reconvergence pessimism
                         -0.11   10.16   library setup time
                                 10.16   data required time
-----------------------------------------------------------------------------
                                 10.16   data required time
                                 -2.13   data arrival time
-----------------------------------------------------------------------------
                                  8.03   slack (MET)


Startpoint: _322_ (rising edge-triggered flip-flop clocked by core_clock)
Endpoint: _337_ (rising edge-triggered flip-flop clocked by core_clock)
Path Group: core_clock
Path Type: max

Fanout     Cap    Slew   Delay    Time   Description
-----------------------------------------------------------------------------
                          0.00    0.00   clock core_clock (rise edge)
                          0.00    0.00   clock source latency
     1    0.02    0.00    0.00    0.00 ^ clk (in)
                                         clk (net)
                  0.00    0.00    0.00 ^ clkbuf_0_clk/A (sky130_fd_sc_hd__clkbuf_16)
     4    0.04    0.06    0.13    0.13 ^ clkbuf_0_clk/X (sky130_fd_sc_hd__clkbuf_16)
                                         clknet_0_clk (net)
                  0.06    0.00    0.13 ^ clkbuf_2_1__f_clk/A (sky130_fd_sc_hd__clkbuf_16)
    11    0.04    0.06    0.14    0.27 ^ clkbuf_2_1__f_clk/X (sky130_fd_sc_hd__clkbuf_16)
                                         clknet_2_1__leaf_clk (net)
                  0.06    0.00    0.27 ^ _322_/CLK (sky130_fd_sc_hd__dfrtp_4)
     4    0.02    0.08    0.51    0.78 v _322_/Q (sky130_fd_sc_hd__dfrtp_4)
                                         div.count[2] (net)
                  0.08    0.00    0.78 v _176_/C (sky130_fd_sc_hd__and4_1)
     1    0.01    0.06    0.23    1.00 v _176_/X (sky130_fd_sc_hd__and4_1)
                                         _089_ (net)
                  0.06    0.00    1.00 v _177_/A (sky130_fd_sc_hd__clkbuf_4)
     8    0.04    0.09    0.19    1.20 v _177_/X (sky130_fd_sc_hd__clkbuf_4)
                                         _090_ (net)
                  0.09    0.00    1.20 v _217_/A (sky130_fd_sc_hd__and4_1)
     1    0.01    0.06    0.19    1.39 v _217_/X (sky130_fd_sc_hd__and4_1)
                                         _117_ (net)
                  0.06    0.00    1.39 v _218_/A (sky130_fd_sc_hd__clkbuf_4)
     9    0.04    0.10    0.20    1.59 v _218_/X (sky130_fd_sc_hd__clkbuf_4)
                                         _118_ (net)
                  0.10    0.00    1.59 v _221_/C (sky130_fd_sc_hd__and3_2)
     2    0.02    0.08    0.28    1.87 v _221_/X (sky130_fd_sc_hd__and3_2)
                                         _120_ (net)
                  0.08    0.00    1.87 v _222_/B (sky130_fd_sc_hd__nor2_2)
     1    0.02    0.19    0.18    2.05 ^ _222_/Y (sky130_fd_sc_hd__nor2_2)
                                         _012_ (net)
                  0.19    0.00    2.05 ^ _337_/D (sky130_fd_sc_hd__dfrtp_4)
                                  2.05   data arrival time

                         10.00   10.00   clock core_clock (rise edge)
                          0.00   10.00   clock source latency
     1    0.02    0.00    0.00   10.00 ^ clk (in)
                                         clk (net)
                  0.00    0.00   10.00 ^ clkbuf_0_clk/A (sky130_fd_sc_hd__clkbuf_16)
     4    0.04    0.06    0.13   10.13 ^ clkbuf_0_clk/X (sky130_fd_sc_hd__clkbuf_16)
                                         clknet_0_clk (net)
                  0.06    0.00   10.13 ^ clkbuf_2_2__f_clk/A (sky130_fd_sc_hd__clkbuf_16)
     7    0.03    0.05    0.14   10.27 ^ clkbuf_2_2__f_clk/X (sky130_fd_sc_hd__clkbuf_16)
                                         clknet_2_2__leaf_clk (net)
                  0.05    0.00   10.27 ^ _337_/CLK (sky130_fd_sc_hd__dfrtp_4)
                          0.00   10.27   clock reconvergence pessimism
                         -0.10   10.17   library setup time
                                 10.17   data required time
-----------------------------------------------------------------------------
                                 10.17   data required time
                                 -2.05   data arrival time
-----------------------------------------------------------------------------
                                  8.12   slack (MET)


Startpoint: _322_ (rising edge-triggered flip-flop clocked by core_clock)
Endpoint: _333_ (rising edge-triggered flip-flop clocked by core_clock)
Path Group: core_clock
Path Type: max

Fanout     Cap    Slew   Delay    Time   Description
-----------------------------------------------------------------------------
                          0.00    0.00   clock core_clock (rise edge)
                          0.00    0.00   clock source latency
     1    0.02    0.00    0.00    0.00 ^ clk (in)
                                         clk (net)
                  0.00    0.00    0.00 ^ clkbuf_0_clk/A (sky130_fd_sc_hd__clkbuf_16)
     4    0.04    0.06    0.13    0.13 ^ clkbuf_0_clk/X (sky130_fd_sc_hd__clkbuf_16)
                                         clknet_0_clk (net)
                  0.06    0.00    0.13 ^ clkbuf_2_1__f_clk/A (sky130_fd_sc_hd__clkbuf_16)
    11    0.04    0.06    0.14    0.27 ^ clkbuf_2_1__f_clk/X (sky130_fd_sc_hd__clkbuf_16)
                                         clknet_2_1__leaf_clk (net)
                  0.06    0.00    0.27 ^ _322_/CLK (sky130_fd_sc_hd__dfrtp_4)
     4    0.02    0.08    0.51    0.78 v _322_/Q (sky130_fd_sc_hd__dfrtp_4)
                                         div.count[2] (net)
                  0.08    0.00    0.78 v _176_/C (sky130_fd_sc_hd__and4_1)
     1    0.01    0.06    0.23    1.00 v _176_/X (sky130_fd_sc_hd__and4_1)
                                         _089_ (net)
                  0.06    0.00    1.00 v _177_/A (sky130_fd_sc_hd__clkbuf_4)
     8    0.04    0.09    0.19    1.20 v _177_/X (sky130_fd_sc_hd__clkbuf_4)
                                         _090_ (net)
                  0.09    0.00    1.20 v _195_/C (sky130_fd_sc_hd__and4_1)
     1    0.01    0.06    0.23    1.43 v _195_/X (sky130_fd_sc_hd__and4_1)
                                         _102_ (net)
                  0.06    0.00    1.43 v _196_/A (sky130_fd_sc_hd__clkbuf_4)
     6    0.04    0.09    0.20    1.62 v _196_/X (sky130_fd_sc_hd__clkbuf_4)
                                         _103_ (net)
                  0.09    0.00    1.62 v _211_/A (sky130_fd_sc_hd__and2_2)
     3    0.02    0.08    0.23    1.85 v _211_/X (sky130_fd_sc_hd__and2_2)
                                         _114_ (net)
                  0.08    0.00    1.85 v _212_/B1_N (sky130_fd_sc_hd__o21ba_1)
     1    0.00    0.05    0.23    2.08 ^ _212_/X (sky130_fd_sc_hd__o21ba_1)
                                         _008_ (net)
                  0.05    0.00    2.08 ^ _333_/D (sky130_fd_sc_hd__dfrtp_2)
                                  2.08   data arrival time

                         10.00   10.00   clock core_clock (rise edge)
                          0.00   10.00   clock source latency
     1    0.02    0.00    0.00   10.00 ^ clk (in)
                                         clk (net)
                  0.00    0.00   10.00 ^ clkbuf_0_clk/A (sky130_fd_sc_hd__clkbuf_16)
     4    0.04    0.06    0.13   10.13 ^ clkbuf_0_clk/X (sky130_fd_sc_hd__clkbuf_16)
                                         clknet_0_clk (net)
                  0.06    0.00   10.13 ^ clkbuf_2_1__f_clk/A (sky130_fd_sc_hd__clkbuf_16)
    11    0.04    0.06    0.14   10.27 ^ clkbuf_2_1__f_clk/X (sky130_fd_sc_hd__clkbuf_16)
                                         clknet_2_1__leaf_clk (net)
                  0.06    0.00   10.27 ^ _333_/CLK (sky130_fd_sc_hd__dfrtp_2)
                          0.00   10.27   clock reconvergence pessimism
                         -0.06   10.21   library setup time
                                 10.21   data required time
-----------------------------------------------------------------------------
                                 10.21   data required time
                                 -2.08   data arrival time
-----------------------------------------------------------------------------
                                  8.13   slack (MET)


Startpoint: _322_ (rising edge-triggered flip-flop clocked by core_clock)
Endpoint: _340_ (rising edge-triggered flip-flop clocked by core_clock)
Path Group: core_clock
Path Type: max

Fanout     Cap    Slew   Delay    Time   Description
-----------------------------------------------------------------------------
                          0.00    0.00   clock core_clock (rise edge)
                          0.00    0.00   clock source latency
     1    0.02    0.00    0.00    0.00 ^ clk (in)
                                         clk (net)
                  0.00    0.00    0.00 ^ clkbuf_0_clk/A (sky130_fd_sc_hd__clkbuf_16)
     4    0.04    0.06    0.13    0.13 ^ clkbuf_0_clk/X (sky130_fd_sc_hd__clkbuf_16)
                                         clknet_0_clk (net)
                  0.06    0.00    0.13 ^ clkbuf_2_1__f_clk/A (sky130_fd_sc_hd__clkbuf_16)
    11    0.04    0.06    0.14    0.27 ^ clkbuf_2_1__f_clk/X (sky130_fd_sc_hd__clkbuf_16)
                                         clknet_2_1__leaf_clk (net)
                  0.06    0.00    0.27 ^ _322_/CLK (sky130_fd_sc_hd__dfrtp_4)
     4    0.02    0.10    0.45    0.71 ^ _322_/Q (sky130_fd_sc_hd__dfrtp_4)
                                         div.count[2] (net)
                  0.10    0.00    0.71 ^ _176_/C (sky130_fd_sc_hd__and4_1)
     1    0.01    0.10    0.23    0.95 ^ _176_/X (sky130_fd_sc_hd__and4_1)
                                         _089_ (net)
                  0.10    0.00    0.95 ^ _177_/A (sky130_fd_sc_hd__clkbuf_4)
     8    0.04    0.13    0.21    1.16 ^ _177_/X (sky130_fd_sc_hd__clkbuf_4)
                                         _090_ (net)
                  0.13    0.00    1.16 ^ _217_/A (sky130_fd_sc_hd__and4_1)
     1    0.01    0.10    0.23    1.39 ^ _217_/X (sky130_fd_sc_hd__and4_1)
                                         _117_ (net)
                  0.10    0.00    1.39 ^ _218_/A (sky130_fd_sc_hd__clkbuf_4)
     9    0.05    0.14    0.23    1.62 ^ _218_/X (sky130_fd_sc_hd__clkbuf_4)
                                         _118_ (net)
                  0.14    0.00    1.63 ^ _232_/B (sky130_fd_sc_hd__and3_2)
     4    0.03    0.15    0.29    1.92 ^ _232_/X (sky130_fd_sc_hd__and3_2)
                                         _128_ (net)
                  0.15    0.00    1.92 ^ _234_/A (sky130_fd_sc_hd__nor2_1)
     1    0.00    0.06    0.07    1.99 v _234_/Y (sky130_fd_sc_hd__nor2_1)
                                         _016_ (net)
                  0.06    0.00    1.99 v _340_/D (sky130_fd_sc_hd__dfrtp_4)
                                  1.99   data arrival time

                         10.00   10.00   clock core_clock (rise edge)
                          0.00   10.00   clock source latency
     1    0.02    0.00    0.00   10.00 ^ clk (in)
                                         clk (net)
                  0.00    0.00   10.00 ^ clkbuf_0_clk/A (sky130_fd_sc_hd__clkbuf_16)
     4    0.04    0.06    0.13   10.13 ^ clkbuf_0_clk/X (sky130_fd_sc_hd__clkbuf_16)
                                         clknet_0_clk (net)
                  0.06    0.00   10.13 ^ clkbuf_2_2__f_clk/A (sky130_fd_sc_hd__clkbuf_16)
     7    0.03    0.05    0.14   10.27 ^ clkbuf_2_2__f_clk/X (sky130_fd_sc_hd__clkbuf_16)
                                         clknet_2_2__leaf_clk (net)
                  0.05    0.00   10.27 ^ _340_/CLK (sky130_fd_sc_hd__dfrtp_4)
                          0.00   10.27   clock reconvergence pessimism
                         -0.12   10.15   library setup time
                                 10.15   data required time
-----------------------------------------------------------------------------
                                 10.15   data required time
                                 -1.99   data arrival time
-----------------------------------------------------------------------------
                                  8.16   slack (MET)


Startpoint: _322_ (rising edge-triggered flip-flop clocked by core_clock)
Endpoint: _332_ (rising edge-triggered flip-flop clocked by core_clock)
Path Group: core_clock
Path Type: max

Fanout     Cap    Slew   Delay    Time   Description
-----------------------------------------------------------------------------
                          0.00    0.00   clock core_clock (rise edge)
                          0.00    0.00   clock source latency
     1    0.02    0.00    0.00    0.00 ^ clk (in)
                                         clk (net)
                  0.00    0.00    0.00 ^ clkbuf_0_clk/A (sky130_fd_sc_hd__clkbuf_16)
     4    0.04    0.06    0.13    0.13 ^ clkbuf_0_clk/X (sky130_fd_sc_hd__clkbuf_16)
                                         clknet_0_clk (net)
                  0.06    0.00    0.13 ^ clkbuf_2_1__f_clk/A (sky130_fd_sc_hd__clkbuf_16)
    11    0.04    0.06    0.14    0.27 ^ clkbuf_2_1__f_clk/X (sky130_fd_sc_hd__clkbuf_16)
                                         clknet_2_1__leaf_clk (net)
                  0.06    0.00    0.27 ^ _322_/CLK (sky130_fd_sc_hd__dfrtp_4)
     4    0.02    0.10    0.45    0.71 ^ _322_/Q (sky130_fd_sc_hd__dfrtp_4)
                                         div.count[2] (net)
                  0.10    0.00    0.71 ^ _176_/C (sky130_fd_sc_hd__and4_1)
     1    0.01    0.10    0.23    0.95 ^ _176_/X (sky130_fd_sc_hd__and4_1)
                                         _089_ (net)
                  0.10    0.00    0.95 ^ _177_/A (sky130_fd_sc_hd__clkbuf_4)
     8    0.04    0.13    0.21    1.16 ^ _177_/X (sky130_fd_sc_hd__clkbuf_4)
                                         _090_ (net)
                  0.13    0.00    1.16 ^ _195_/C (sky130_fd_sc_hd__and4_1)
     1    0.01    0.11    0.25    1.41 ^ _195_/X (sky130_fd_sc_hd__and4_1)
                                         _102_ (net)
                  0.11    0.00    1.41 ^ _196_/A (sky130_fd_sc_hd__clkbuf_4)
     6    0.04    0.13    0.22    1.63 ^ _196_/X (sky130_fd_sc_hd__clkbuf_4)
                                         _103_ (net)
                  0.13    0.00    1.63 ^ _205_/C (sky130_fd_sc_hd__nand3_2)
     2    0.02    0.13    0.15    1.77 v _205_/Y (sky130_fd_sc_hd__nand3_2)
                                         _110_ (net)
                  0.13    0.00    1.77 v _208_/B (sky130_fd_sc_hd__xnor2_1)
     1    0.01    0.17    0.21    1.98 ^ _208_/Y (sky130_fd_sc_hd__xnor2_1)
                                         _007_ (net)
                  0.17    0.00    1.98 ^ _332_/D (sky130_fd_sc_hd__dfrtp_4)
                                  1.98   data arrival time

                         10.00   10.00   clock core_clock (rise edge)
                          0.00   10.00   clock source latency
     1    0.02    0.00    0.00   10.00 ^ clk (in)
                                         clk (net)
                  0.00    0.00   10.00 ^ clkbuf_0_clk/A (sky130_fd_sc_hd__clkbuf_16)
     4    0.04    0.06    0.13   10.13 ^ clkbuf_0_clk/X (sky130_fd_sc_hd__clkbuf_16)
                                         clknet_0_clk (net)
                  0.06    0.00   10.13 ^ clkbuf_2_1__f_clk/A (sky130_fd_sc_hd__clkbuf_16)
    11    0.04    0.06    0.14   10.27 ^ clkbuf_2_1__f_clk/X (sky130_fd_sc_hd__clkbuf_16)
                                         clknet_2_1__leaf_clk (net)
                  0.06    0.00   10.27 ^ _332_/CLK (sky130_fd_sc_hd__dfrtp_4)
                          0.00   10.27   clock reconvergence pessimism
                         -0.09   10.18   library setup time
                                 10.18   data required time
-----------------------------------------------------------------------------
                                 10.18   data required time
                                 -1.98   data arrival time
-----------------------------------------------------------------------------
                                  8.20   slack (MET)


Startpoint: _322_ (rising edge-triggered flip-flop clocked by core_clock)
Endpoint: _330_ (rising edge-triggered flip-flop clocked by core_clock)
Path Group: core_clock
Path Type: max

Fanout     Cap    Slew   Delay    Time   Description
-----------------------------------------------------------------------------
                          0.00    0.00   clock core_clock (rise edge)
                          0.00    0.00   clock source latency
     1    0.02    0.00    0.00    0.00 ^ clk (in)
                                         clk (net)
                  0.00    0.00    0.00 ^ clkbuf_0_clk/A (sky130_fd_sc_hd__clkbuf_16)
     4    0.04    0.06    0.13    0.13 ^ clkbuf_0_clk/X (sky130_fd_sc_hd__clkbuf_16)
                                         clknet_0_clk (net)
                  0.06    0.00    0.13 ^ clkbuf_2_1__f_clk/A (sky130_fd_sc_hd__clkbuf_16)
    11    0.04    0.06    0.14    0.27 ^ clkbuf_2_1__f_clk/X (sky130_fd_sc_hd__clkbuf_16)
                                         clknet_2_1__leaf_clk (net)
                  0.06    0.00    0.27 ^ _322_/CLK (sky130_fd_sc_hd__dfrtp_4)
     4    0.02    0.08    0.51    0.78 v _322_/Q (sky130_fd_sc_hd__dfrtp_4)
                                         div.count[2] (net)
                  0.08    0.00    0.78 v _176_/C (sky130_fd_sc_hd__and4_1)
     1    0.01    0.06    0.23    1.00 v _176_/X (sky130_fd_sc_hd__and4_1)
                                         _089_ (net)
                  0.06    0.00    1.00 v _177_/A (sky130_fd_sc_hd__clkbuf_4)
     8    0.04    0.09    0.19    1.20 v _177_/X (sky130_fd_sc_hd__clkbuf_4)
                                         _090_ (net)
                  0.09    0.00    1.20 v _195_/C (sky130_fd_sc_hd__and4_1)
     1    0.01    0.06    0.23    1.43 v _195_/X (sky130_fd_sc_hd__and4_1)
                                         _102_ (net)
                  0.06    0.00    1.43 v _196_/A (sky130_fd_sc_hd__clkbuf_4)
     6    0.04    0.09    0.20    1.62 v _196_/X (sky130_fd_sc_hd__clkbuf_4)
                                         _103_ (net)
                  0.09    0.00    1.62 v _203_/B (sky130_fd_sc_hd__xor2_2)
     1    0.01    0.07    0.17    1.80 v _203_/X (sky130_fd_sc_hd__xor2_2)
                                         _005_ (net)
                  0.07    0.00    1.80 v _330_/D (sky130_fd_sc_hd__dfrtp_4)
                                  1.80   data arrival time

                         10.00   10.00   clock core_clock (rise edge)
                          0.00   10.00   clock source latency
     1    0.02    0.00    0.00   10.00 ^ clk (in)
                                         clk (net)
                  0.00    0.00   10.00 ^ clkbuf_0_clk/A (sky130_fd_sc_hd__clkbuf_16)
     4    0.04    0.06    0.13   10.13 ^ clkbuf_0_clk/X (sky130_fd_sc_hd__clkbuf_16)
                                         clknet_0_clk (net)
                  0.06    0.00   10.13 ^ clkbuf_2_2__f_clk/A (sky130_fd_sc_hd__clkbuf_16)
     7    0.03    0.05    0.14   10.27 ^ clkbuf_2_2__f_clk/X (sky130_fd_sc_hd__clkbuf_16)
                                         clknet_2_2__leaf_clk (net)
                  0.05    0.00   10.27 ^ _330_/CLK (sky130_fd_sc_hd__dfrtp_4)
                          0.00   10.27   clock reconvergence pessimism
                         -0.12   10.14   library setup time
                                 10.14   data required time
-----------------------------------------------------------------------------
                                 10.14   data required time
                                 -1.80   data arrival time
-----------------------------------------------------------------------------
                                  8.34   slack (MET)


Startpoint: _322_ (rising edge-triggered flip-flop clocked by core_clock)
Endpoint: _336_ (rising edge-triggered flip-flop clocked by core_clock)
Path Group: core_clock
Path Type: max

Fanout     Cap    Slew   Delay    Time   Description
-----------------------------------------------------------------------------
                          0.00    0.00   clock core_clock (rise edge)
                          0.00    0.00   clock source latency
     1    0.02    0.00    0.00    0.00 ^ clk (in)
                                         clk (net)
                  0.00    0.00    0.00 ^ clkbuf_0_clk/A (sky130_fd_sc_hd__clkbuf_16)
     4    0.04    0.06    0.13    0.13 ^ clkbuf_0_clk/X (sky130_fd_sc_hd__clkbuf_16)
                                         clknet_0_clk (net)
                  0.06    0.00    0.13 ^ clkbuf_2_1__f_clk/A (sky130_fd_sc_hd__clkbuf_16)
    11    0.04    0.06    0.14    0.27 ^ clkbuf_2_1__f_clk/X (sky130_fd_sc_hd__clkbuf_16)
                                         clknet_2_1__leaf_clk (net)
                  0.06    0.00    0.27 ^ _322_/CLK (sky130_fd_sc_hd__dfrtp_4)
     4    0.02    0.10    0.45    0.71 ^ _322_/Q (sky130_fd_sc_hd__dfrtp_4)
                                         div.count[2] (net)
                  0.10    0.00    0.71 ^ _176_/C (sky130_fd_sc_hd__and4_1)
     1    0.01    0.10    0.23    0.95 ^ _176_/X (sky130_fd_sc_hd__and4_1)
                                         _089_ (net)
                  0.10    0.00    0.95 ^ _177_/A (sky130_fd_sc_hd__clkbuf_4)
     8    0.04    0.13    0.21    1.16 ^ _177_/X (sky130_fd_sc_hd__clkbuf_4)
                                         _090_ (net)
                  0.13    0.00    1.16 ^ _217_/A (sky130_fd_sc_hd__and4_1)
     1    0.01    0.10    0.23    1.39 ^ _217_/X (sky130_fd_sc_hd__and4_1)
                                         _117_ (net)
                  0.10    0.00    1.39 ^ _218_/A (sky130_fd_sc_hd__clkbuf_4)
     9    0.05    0.14    0.23    1.62 ^ _218_/X (sky130_fd_sc_hd__clkbuf_4)
                                         _118_ (net)
                  0.14    0.00    1.62 ^ _219_/B (sky130_fd_sc_hd__xor2_1)
     1    0.01    0.17    0.20    1.83 ^ _219_/X (sky130_fd_sc_hd__xor2_1)
                                         _011_ (net)
                  0.17    0.00    1.83 ^ _336_/D (sky130_fd_sc_hd__dfrtp_4)
                                  1.83   data arrival time

                         10.00   10.00   clock core_clock (rise edge)
                          0.00   10.00   clock source latency
     1    0.02    0.00    0.00   10.00 ^ clk (in)
                                         clk (net)
                  0.00    0.00   10.00 ^ clkbuf_0_clk/A (sky130_fd_sc_hd__clkbuf_16)
     4    0.04    0.06    0.13   10.13 ^ clkbuf_0_clk/X (sky130_fd_sc_hd__clkbuf_16)
                                         clknet_0_clk (net)
                  0.06    0.00   10.13 ^ clkbuf_2_0__f_clk/A (sky130_fd_sc_hd__clkbuf_16)
     9    0.03    0.05    0.14   10.27 ^ clkbuf_2_0__f_clk/X (sky130_fd_sc_hd__clkbuf_16)
                                         clknet_2_0__leaf_clk (net)
                  0.05    0.00   10.27 ^ _336_/CLK (sky130_fd_sc_hd__dfrtp_4)
                          0.00   10.27   clock reconvergence pessimism
                         -0.09   10.17   library setup time
                                 10.17   data required time
-----------------------------------------------------------------------------
                                 10.17   data required time
                                 -1.83   data arrival time
-----------------------------------------------------------------------------
                                  8.35   slack (MET)


Startpoint: _322_ (rising edge-triggered flip-flop clocked by core_clock)
Endpoint: _327_ (rising edge-triggered flip-flop clocked by core_clock)
Path Group: core_clock
Path Type: max

Fanout     Cap    Slew   Delay    Time   Description
-----------------------------------------------------------------------------
                          0.00    0.00   clock core_clock (rise edge)
                          0.00    0.00   clock source latency
     1    0.02    0.00    0.00    0.00 ^ clk (in)
                                         clk (net)
                  0.00    0.00    0.00 ^ clkbuf_0_clk/A (sky130_fd_sc_hd__clkbuf_16)
     4    0.04    0.06    0.13    0.13 ^ clkbuf_0_clk/X (sky130_fd_sc_hd__clkbuf_16)
                                         clknet_0_clk (net)
                  0.06    0.00    0.13 ^ clkbuf_2_1__f_clk/A (sky130_fd_sc_hd__clkbuf_16)
    11    0.04    0.06    0.14    0.27 ^ clkbuf_2_1__f_clk/X (sky130_fd_sc_hd__clkbuf_16)
                                         clknet_2_1__leaf_clk (net)
                  0.06    0.00    0.27 ^ _322_/CLK (sky130_fd_sc_hd__dfrtp_4)
     4    0.02    0.10    0.45    0.71 ^ _322_/Q (sky130_fd_sc_hd__dfrtp_4)
                                         div.count[2] (net)
                  0.10    0.00    0.71 ^ _176_/C (sky130_fd_sc_hd__and4_1)
     1    0.01    0.10    0.23    0.95 ^ _176_/X (sky130_fd_sc_hd__and4_1)
                                         _089_ (net)
                  0.10    0.00    0.95 ^ _177_/A (sky130_fd_sc_hd__clkbuf_4)
     8    0.04    0.13    0.21    1.16 ^ _177_/X (sky130_fd_sc_hd__clkbuf_4)
                                         _090_ (net)
                  0.13    0.00    1.16 ^ _182_/C (sky130_fd_sc_hd__and3_2)
     3    0.02    0.11    0.25    1.42 ^ _182_/X (sky130_fd_sc_hd__and3_2)
                                         _093_ (net)
                  0.11    0.00    1.42 ^ _186_/B (sky130_fd_sc_hd__nand2_1)
     2    0.01    0.10    0.12    1.54 v _186_/Y (sky130_fd_sc_hd__nand2_1)
                                         _096_ (net)
                  0.10    0.00    1.54 v _192_/A2 (sky130_fd_sc_hd__a21oi_1)
     1    0.01    0.18    0.21    1.75 ^ _192_/Y (sky130_fd_sc_hd__a21oi_1)
                                         _033_ (net)
                  0.18    0.00    1.75 ^ _327_/D (sky130_fd_sc_hd__dfrtp_2)
                                  1.75   data arrival time

                         10.00   10.00   clock core_clock (rise edge)
                          0.00   10.00   clock source latency
     1    0.02    0.00    0.00   10.00 ^ clk (in)
                                         clk (net)
                  0.00    0.00   10.00 ^ clkbuf_0_clk/A (sky130_fd_sc_hd__clkbuf_16)
     4    0.04    0.06    0.13   10.13 ^ clkbuf_0_clk/X (sky130_fd_sc_hd__clkbuf_16)
                                         clknet_0_clk (net)
                  0.06    0.00   10.13 ^ clkbuf_2_2__f_clk/A (sky130_fd_sc_hd__clkbuf_16)
     7    0.03    0.05    0.14   10.27 ^ clkbuf_2_2__f_clk/X (sky130_fd_sc_hd__clkbuf_16)
                                         clknet_2_2__leaf_clk (net)
                  0.05    0.00   10.27 ^ _327_/CLK (sky130_fd_sc_hd__dfrtp_2)
                          0.00   10.27   clock reconvergence pessimism
                         -0.09   10.17   library setup time
                                 10.17   data required time
-----------------------------------------------------------------------------
                                 10.17   data required time
                                 -1.75   data arrival time
-----------------------------------------------------------------------------
                                  8.42   slack (MET)


Startpoint: _322_ (rising edge-triggered flip-flop clocked by core_clock)
Endpoint: _325_ (rising edge-triggered flip-flop clocked by core_clock)
Path Group: core_clock
Path Type: max

Fanout     Cap    Slew   Delay    Time   Description
-----------------------------------------------------------------------------
                          0.00    0.00   clock core_clock (rise edge)
                          0.00    0.00   clock source latency
     1    0.02    0.00    0.00    0.00 ^ clk (in)
                                         clk (net)
                  0.00    0.00    0.00 ^ clkbuf_0_clk/A (sky130_fd_sc_hd__clkbuf_16)
     4    0.04    0.06    0.13    0.13 ^ clkbuf_0_clk/X (sky130_fd_sc_hd__clkbuf_16)
                                         clknet_0_clk (net)
                  0.06    0.00    0.13 ^ clkbuf_2_1__f_clk/A (sky130_fd_sc_hd__clkbuf_16)
    11    0.04    0.06    0.14    0.27 ^ clkbuf_2_1__f_clk/X (sky130_fd_sc_hd__clkbuf_16)
                                         clknet_2_1__leaf_clk (net)
                  0.06    0.00    0.27 ^ _322_/CLK (sky130_fd_sc_hd__dfrtp_4)
     4    0.02    0.08    0.51    0.78 v _322_/Q (sky130_fd_sc_hd__dfrtp_4)
                                         div.count[2] (net)
                  0.08    0.00    0.78 v _176_/C (sky130_fd_sc_hd__and4_1)
     1    0.01    0.06    0.23    1.00 v _176_/X (sky130_fd_sc_hd__and4_1)
                                         _089_ (net)
                  0.06    0.00    1.00 v _177_/A (sky130_fd_sc_hd__clkbuf_4)
     8    0.04    0.09    0.19    1.20 v _177_/X (sky130_fd_sc_hd__clkbuf_4)
                                         _090_ (net)
                  0.09    0.00    1.20 v _182_/C (sky130_fd_sc_hd__and3_2)
     3    0.02    0.07    0.27    1.46 v _182_/X (sky130_fd_sc_hd__and3_2)
                                         _093_ (net)
                  0.07    0.00    1.47 v _184_/A (sky130_fd_sc_hd__nor2_1)
     1    0.01    0.18    0.18    1.65 ^ _184_/Y (sky130_fd_sc_hd__nor2_1)
                                         _031_ (net)
                  0.18    0.00    1.65 ^ _325_/D (sky130_fd_sc_hd__dfrtp_4)
                                  1.65   data arrival time

                         10.00   10.00   clock core_clock (rise edge)
                          0.00   10.00   clock source latency
     1    0.02    0.00    0.00   10.00 ^ clk (in)
                                         clk (net)
                  0.00    0.00   10.00 ^ clkbuf_0_clk/A (sky130_fd_sc_hd__clkbuf_16)
     4    0.04    0.06    0.13   10.13 ^ clkbuf_0_clk/X (sky130_fd_sc_hd__clkbuf_16)
                                         clknet_0_clk (net)
                  0.06    0.00   10.13 ^ clkbuf_2_2__f_clk/A (sky130_fd_sc_hd__clkbuf_16)
     7    0.03    0.05    0.14   10.27 ^ clkbuf_2_2__f_clk/X (sky130_fd_sc_hd__clkbuf_16)
                                         clknet_2_2__leaf_clk (net)
                  0.05    0.00   10.27 ^ _325_/CLK (sky130_fd_sc_hd__dfrtp_4)
                          0.00   10.27   clock reconvergence pessimism
                         -0.09   10.17   library setup time
                                 10.17   data required time
-----------------------------------------------------------------------------
                                 10.17   data required time
                                 -1.65   data arrival time
-----------------------------------------------------------------------------
                                  8.52   slack (MET)


Startpoint: _322_ (rising edge-triggered flip-flop clocked by core_clock)
Endpoint: _323_ (rising edge-triggered flip-flop clocked by core_clock)
Path Group: core_clock
Path Type: max

Fanout     Cap    Slew   Delay    Time   Description
-----------------------------------------------------------------------------
                          0.00    0.00   clock core_clock (rise edge)
                          0.00    0.00   clock source latency
     1    0.02    0.00    0.00    0.00 ^ clk (in)
                                         clk (net)
                  0.00    0.00    0.00 ^ clkbuf_0_clk/A (sky130_fd_sc_hd__clkbuf_16)
     4    0.04    0.06    0.13    0.13 ^ clkbuf_0_clk/X (sky130_fd_sc_hd__clkbuf_16)
                                         clknet_0_clk (net)
                  0.06    0.00    0.13 ^ clkbuf_2_1__f_clk/A (sky130_fd_sc_hd__clkbuf_16)
    11    0.04    0.06    0.14    0.27 ^ clkbuf_2_1__f_clk/X (sky130_fd_sc_hd__clkbuf_16)
                                         clknet_2_1__leaf_clk (net)
                  0.06    0.00    0.27 ^ _322_/CLK (sky130_fd_sc_hd__dfrtp_4)
     4    0.02    0.08    0.51    0.78 v _322_/Q (sky130_fd_sc_hd__dfrtp_4)
                                         div.count[2] (net)
                  0.08    0.00    0.78 v _176_/C (sky130_fd_sc_hd__and4_1)
     1    0.01    0.06    0.23    1.00 v _176_/X (sky130_fd_sc_hd__and4_1)
                                         _089_ (net)
                  0.06    0.00    1.00 v _177_/A (sky130_fd_sc_hd__clkbuf_4)
     8    0.04    0.09    0.19    1.20 v _177_/X (sky130_fd_sc_hd__clkbuf_4)
                                         _090_ (net)
                  0.09    0.00    1.20 v _179_/A_N (sky130_fd_sc_hd__and2b_1)
     1    0.01    0.09    0.24    1.44 ^ _179_/X (sky130_fd_sc_hd__and2b_1)
                                         _092_ (net)
                  0.09    0.00    1.44 ^ _180_/A (sky130_fd_sc_hd__buf_1)
     1    0.01    0.09    0.12    1.56 ^ _180_/X (sky130_fd_sc_hd__buf_1)
                                         _029_ (net)
                  0.09    0.00    1.56 ^ _323_/D (sky130_fd_sc_hd__dfrtp_2)
                                  1.56   data arrival time

                         10.00   10.00   clock core_clock (rise edge)
                          0.00   10.00   clock source latency
     1    0.02    0.00    0.00   10.00 ^ clk (in)
                                         clk (net)
                  0.00    0.00   10.00 ^ clkbuf_0_clk/A (sky130_fd_sc_hd__clkbuf_16)
     4    0.04    0.06    0.13   10.13 ^ clkbuf_0_clk/X (sky130_fd_sc_hd__clkbuf_16)
                                         clknet_0_clk (net)
                  0.06    0.00   10.13 ^ clkbuf_2_3__f_clk/A (sky130_fd_sc_hd__clkbuf_16)
     9    0.03    0.05    0.14   10.27 ^ clkbuf_2_3__f_clk/X (sky130_fd_sc_hd__clkbuf_16)
                                         clknet_2_3__leaf_clk (net)
                  0.05    0.00   10.27 ^ _323_/CLK (sky130_fd_sc_hd__dfrtp_2)
                          0.00   10.27   clock reconvergence pessimism
                         -0.07   10.19   library setup time
                                 10.19   data required time
-----------------------------------------------------------------------------
                                 10.19   data required time
                                 -1.56   data arrival time
-----------------------------------------------------------------------------
                                  8.63   slack (MET)


Startpoint: _320_ (rising edge-triggered flip-flop clocked by core_clock)
Endpoint: _321_ (rising edge-triggered flip-flop clocked by core_clock)
Path Group: core_clock
Path Type: max

Fanout     Cap    Slew   Delay    Time   Description
-----------------------------------------------------------------------------
                          0.00    0.00   clock core_clock (rise edge)
                          0.00    0.00   clock source latency
     1    0.02    0.00    0.00    0.00 ^ clk (in)
                                         clk (net)
                  0.00    0.00    0.00 ^ clkbuf_0_clk/A (sky130_fd_sc_hd__clkbuf_16)
     4    0.04    0.06    0.13    0.13 ^ clkbuf_0_clk/X (sky130_fd_sc_hd__clkbuf_16)
                                         clknet_0_clk (net)
                  0.06    0.00    0.13 ^ clkbuf_2_0__f_clk/A (sky130_fd_sc_hd__clkbuf_16)
     9    0.03    0.05    0.14    0.27 ^ clkbuf_2_0__f_clk/X (sky130_fd_sc_hd__clkbuf_16)
                                         clknet_2_0__leaf_clk (net)
                  0.05    0.00    0.27 ^ _320_/CLK (sky130_fd_sc_hd__dfrtp_4)
     6    0.03    0.09    0.51    0.78 v _320_/Q (sky130_fd_sc_hd__dfrtp_4)
                                         div.count[0] (net)
                  0.09    0.00    0.78 v _171_/A (sky130_fd_sc_hd__or2_1)
     1    0.01    0.08    0.28    1.06 v _171_/X (sky130_fd_sc_hd__or2_1)
                                         _086_ (net)
                  0.08    0.00    1.06 v _173_/A (sky130_fd_sc_hd__and2_1)
     1    0.01    0.07    0.18    1.24 v _173_/X (sky130_fd_sc_hd__and2_1)
                                         _088_ (net)
                  0.07    0.00    1.24 v _174_/A (sky130_fd_sc_hd__buf_1)
     1    0.01    0.08    0.15    1.39 v _174_/X (sky130_fd_sc_hd__buf_1)
                                         _015_ (net)
                  0.08    0.00    1.39 v _321_/D (sky130_fd_sc_hd__dfrtp_4)
                                  1.39   data arrival time

                         10.00   10.00   clock core_clock (rise edge)
                          0.00   10.00   clock source latency
     1    0.02    0.00    0.00   10.00 ^ clk (in)
                                         clk (net)
                  0.00    0.00   10.00 ^ clkbuf_0_clk/A (sky130_fd_sc_hd__clkbuf_16)
     4    0.04    0.06    0.13   10.13 ^ clkbuf_0_clk/X (sky130_fd_sc_hd__clkbuf_16)
                                         clknet_0_clk (net)
                  0.06    0.00   10.13 ^ clkbuf_2_1__f_clk/A (sky130_fd_sc_hd__clkbuf_16)
    11    0.04    0.06    0.14   10.27 ^ clkbuf_2_1__f_clk/X (sky130_fd_sc_hd__clkbuf_16)
                                         clknet_2_1__leaf_clk (net)
                  0.06    0.00   10.27 ^ _321_/CLK (sky130_fd_sc_hd__dfrtp_4)
                          0.00   10.27   clock reconvergence pessimism
                         -0.13   10.14   library setup time
                                 10.14   data required time
-----------------------------------------------------------------------------
                                 10.14   data required time
                                 -1.39   data arrival time
-----------------------------------------------------------------------------
                                  8.75   slack (MET)


Startpoint: _322_ (rising edge-triggered flip-flop clocked by core_clock)
Endpoint: _324_ (rising edge-triggered flip-flop clocked by core_clock)
Path Group: core_clock
Path Type: max

Fanout     Cap    Slew   Delay    Time   Description
-----------------------------------------------------------------------------
                          0.00    0.00   clock core_clock (rise edge)
                          0.00    0.00   clock source latency
     1    0.02    0.00    0.00    0.00 ^ clk (in)
                                         clk (net)
                  0.00    0.00    0.00 ^ clkbuf_0_clk/A (sky130_fd_sc_hd__clkbuf_16)
     4    0.04    0.06    0.13    0.13 ^ clkbuf_0_clk/X (sky130_fd_sc_hd__clkbuf_16)
                                         clknet_0_clk (net)
                  0.06    0.00    0.13 ^ clkbuf_2_1__f_clk/A (sky130_fd_sc_hd__clkbuf_16)
    11    0.04    0.06    0.14    0.27 ^ clkbuf_2_1__f_clk/X (sky130_fd_sc_hd__clkbuf_16)
                                         clknet_2_1__leaf_clk (net)
                  0.06    0.00    0.27 ^ _322_/CLK (sky130_fd_sc_hd__dfrtp_4)
     4    0.02    0.08    0.51    0.78 v _322_/Q (sky130_fd_sc_hd__dfrtp_4)
                                         div.count[2] (net)
                  0.08    0.00    0.78 v _176_/C (sky130_fd_sc_hd__and4_1)
     1    0.01    0.06    0.23    1.00 v _176_/X (sky130_fd_sc_hd__and4_1)
                                         _089_ (net)
                  0.06    0.00    1.00 v _177_/A (sky130_fd_sc_hd__clkbuf_4)
     8    0.04    0.09    0.19    1.20 v _177_/X (sky130_fd_sc_hd__clkbuf_4)
                                         _090_ (net)
                  0.09    0.00    1.20 v _181_/B (sky130_fd_sc_hd__xor2_1)
     1    0.01    0.06    0.16    1.36 v _181_/X (sky130_fd_sc_hd__xor2_1)
                                         _030_ (net)
                  0.06    0.00    1.36 v _324_/D (sky130_fd_sc_hd__dfrtp_4)
                                  1.36   data arrival time

                         10.00   10.00   clock core_clock (rise edge)
                          0.00   10.00   clock source latency
     1    0.02    0.00    0.00   10.00 ^ clk (in)
                                         clk (net)
                  0.00    0.00   10.00 ^ clkbuf_0_clk/A (sky130_fd_sc_hd__clkbuf_16)
     4    0.04    0.06    0.13   10.13 ^ clkbuf_0_clk/X (sky130_fd_sc_hd__clkbuf_16)
                                         clknet_0_clk (net)
                  0.06    0.00   10.13 ^ clkbuf_2_0__f_clk/A (sky130_fd_sc_hd__clkbuf_16)
     9    0.03    0.05    0.14   10.27 ^ clkbuf_2_0__f_clk/X (sky130_fd_sc_hd__clkbuf_16)
                                         clknet_2_0__leaf_clk (net)
                  0.05    0.00   10.27 ^ _324_/CLK (sky130_fd_sc_hd__dfrtp_4)
                          0.00   10.27   clock reconvergence pessimism
                         -0.12   10.15   library setup time
                                 10.15   data required time
-----------------------------------------------------------------------------
                                 10.15   data required time
                                 -1.36   data arrival time
-----------------------------------------------------------------------------
                                  8.78   slack (MET)


Startpoint: _321_ (rising edge-triggered flip-flop clocked by core_clock)
Endpoint: _322_ (rising edge-triggered flip-flop clocked by core_clock)
Path Group: core_clock
Path Type: max

Fanout     Cap    Slew   Delay    Time   Description
-----------------------------------------------------------------------------
                          0.00    0.00   clock core_clock (rise edge)
                          0.00    0.00   clock source latency
     1    0.02    0.00    0.00    0.00 ^ clk (in)
                                         clk (net)
                  0.00    0.00    0.00 ^ clkbuf_0_clk/A (sky130_fd_sc_hd__clkbuf_16)
     4    0.04    0.06    0.13    0.13 ^ clkbuf_0_clk/X (sky130_fd_sc_hd__clkbuf_16)
                                         clknet_0_clk (net)
                  0.06    0.00    0.13 ^ clkbuf_2_1__f_clk/A (sky130_fd_sc_hd__clkbuf_16)
    11    0.04    0.06    0.14    0.27 ^ clkbuf_2_1__f_clk/X (sky130_fd_sc_hd__clkbuf_16)
                                         clknet_2_1__leaf_clk (net)
                  0.06    0.00    0.27 ^ _321_/CLK (sky130_fd_sc_hd__dfrtp_4)
     5    0.02    0.08    0.51    0.78 v _321_/Q (sky130_fd_sc_hd__dfrtp_4)
                                         div.count[1] (net)
                  0.08    0.00    0.78 v _172_/B (sky130_fd_sc_hd__nand2_2)
     2    0.02    0.10    0.12    0.90 ^ _172_/Y (sky130_fd_sc_hd__nand2_2)
                                         _087_ (net)
                  0.10    0.00    0.90 ^ _175_/B (sky130_fd_sc_hd__xnor2_1)
     1    0.01    0.27    0.18    1.08 ^ _175_/Y (sky130_fd_sc_hd__xnor2_1)
                                         _026_ (net)
                  0.27    0.00    1.08 ^ _322_/D (sky130_fd_sc_hd__dfrtp_4)
                                  1.08   data arrival time

                         10.00   10.00   clock core_clock (rise edge)
                          0.00   10.00   clock source latency
     1    0.02    0.00    0.00   10.00 ^ clk (in)
                                         clk (net)
                  0.00    0.00   10.00 ^ clkbuf_0_clk/A (sky130_fd_sc_hd__clkbuf_16)
     4    0.04    0.06    0.13   10.13 ^ clkbuf_0_clk/X (sky130_fd_sc_hd__clkbuf_16)
                                         clknet_0_clk (net)
                  0.06    0.00   10.13 ^ clkbuf_2_1__f_clk/A (sky130_fd_sc_hd__clkbuf_16)
    11    0.04    0.06    0.14   10.27 ^ clkbuf_2_1__f_clk/X (sky130_fd_sc_hd__clkbuf_16)
                                         clknet_2_1__leaf_clk (net)
                  0.06    0.00   10.27 ^ _322_/CLK (sky130_fd_sc_hd__dfrtp_4)
                          0.00   10.27   clock reconvergence pessimism
                         -0.11   10.16   library setup time
                                 10.16   data required time
-----------------------------------------------------------------------------
                                 10.16   data required time
                                 -1.08   data arrival time
-----------------------------------------------------------------------------
                                  9.08   slack (MET)



worst slack corner Typical: 6.8744
max_report_end
checks_report

===========================================================================
report_checks -unconstrained
===========================================================================
======================= Typical Corner ===================================

Startpoint: _335_ (rising edge-triggered flip-flop clocked by core_clock)
Endpoint: _342_ (rising edge-triggered flip-flop clocked by core_clock)
Path Group: core_clock
Path Type: max

Fanout     Cap    Slew   Delay    Time   Description
-----------------------------------------------------------------------------
                          0.00    0.00   clock core_clock (rise edge)
                          0.00    0.00   clock source latency
     1    0.02    0.00    0.00    0.00 ^ clk (in)
                                         clk (net)
                  0.00    0.00    0.00 ^ clkbuf_0_clk/A (sky130_fd_sc_hd__clkbuf_16)
     4    0.04    0.06    0.13    0.13 ^ clkbuf_0_clk/X (sky130_fd_sc_hd__clkbuf_16)
                                         clknet_0_clk (net)
                  0.06    0.00    0.13 ^ clkbuf_2_3__f_clk/A (sky130_fd_sc_hd__clkbuf_16)
     9    0.03    0.05    0.14    0.27 ^ clkbuf_2_3__f_clk/X (sky130_fd_sc_hd__clkbuf_16)
                                         clknet_2_3__leaf_clk (net)
                  0.05    0.00    0.27 ^ _335_/CLK (sky130_fd_sc_hd__dfrtp_4)
     3    0.02    0.08    0.51    0.77 v _335_/Q (sky130_fd_sc_hd__dfrtp_4)
                                         div.count[15] (net)
                  0.08    0.00    0.77 v _157_/A (sky130_fd_sc_hd__or4b_2)
     1    0.01    0.14    0.74    1.52 v _157_/X (sky130_fd_sc_hd__or4b_2)
                                         _074_ (net)
                  0.14    0.00    1.52 v _161_/A (sky130_fd_sc_hd__or4_2)
     2    0.02    0.15    0.77    2.28 v _161_/X (sky130_fd_sc_hd__or4_2)
                                         _078_ (net)
                  0.15    0.00    2.28 v _167_/A (sky130_fd_sc_hd__or4_4)
     6    0.03    0.13    0.64    2.92 v _167_/X (sky130_fd_sc_hd__or4_4)
                                         _084_ (net)
                  0.13    0.00    2.92 v _238_/A (sky130_fd_sc_hd__and3_1)
     1    0.01    0.07    0.21    3.13 v _238_/X (sky130_fd_sc_hd__and3_1)
                                         _132_ (net)
                  0.07    0.00    3.13 v _239_/A (sky130_fd_sc_hd__buf_1)
     1    0.01    0.07    0.14    3.27 v _239_/X (sky130_fd_sc_hd__buf_1)
                                         _018_ (net)
                  0.07    0.00    3.27 v _342_/D (sky130_fd_sc_hd__dfrtp_4)
                                  3.27   data arrival time

                         10.00   10.00   clock core_clock (rise edge)
                          0.00   10.00   clock source latency
     1    0.02    0.00    0.00   10.00 ^ clk (in)
                                         clk (net)
                  0.00    0.00   10.00 ^ clkbuf_0_clk/A (sky130_fd_sc_hd__clkbuf_16)
     4    0.04    0.06    0.13   10.13 ^ clkbuf_0_clk/X (sky130_fd_sc_hd__clkbuf_16)
                                         clknet_0_clk (net)
                  0.06    0.00   10.13 ^ clkbuf_2_0__f_clk/A (sky130_fd_sc_hd__clkbuf_16)
     9    0.03    0.05    0.14   10.27 ^ clkbuf_2_0__f_clk/X (sky130_fd_sc_hd__clkbuf_16)
                                         clknet_2_0__leaf_clk (net)
                  0.05    0.00   10.27 ^ _342_/CLK (sky130_fd_sc_hd__dfrtp_4)
                          0.00   10.27   clock reconvergence pessimism
                         -0.13   10.14   library setup time
                                 10.14   data required time
-----------------------------------------------------------------------------
                                 10.14   data required time
                                 -3.27   data arrival time
-----------------------------------------------------------------------------
                                  6.87   slack (MET)




===========================================================================
report_checks --slack_max -0.01
============================================================================
======================= Typical Corner ===================================

No paths found.


===========================================================================
 report_check_types -max_slew -max_cap -max_fanout -violators
============================================================================
======================= Typical Corner ===================================


max slew violations count Typical: 0
max fanout violations count Typical: 0
max cap violations count Typical: 0

===========================================================================
report_parasitic_annotation -report_unannotated
============================================================================
Found 7 unannotated drivers.
 clkload0/Y
 clkload1/Y
 clkload2/Y
 lab3_10/LO
 lab3_11/LO
 lab3_8/HI
 lab3_9/LO
Found 0 partially unannotated drivers.

===========================================================================
max slew violation count 0
max fanout violation count 0
max cap violation count 0
============================================================================

===========================================================================
check_setup -verbose -unconstrained_endpoints -multiple_clock -no_clock -no_input_delay -loops -generated_clocks
===========================================================================
Warning: There is 1 input port missing set_input_delay.
  rst_button
Warning: There are 4 unclocked register/latch pins.
  _352_/CLK
  _353_/CLK
  _354_/CLK
  _355_/CLK
Warning: There are 15 unconstrained endpoints.
  an[0]
  an[1]
  an[2]
  an[3]
  seg[0]
  seg[1]
  seg[2]
  seg[3]
  seg[4]
  seg[5]
  seg[6]
  _352_/D
  _353_/D
  _354_/D
  _355_/D
checks_report_end
power_report

===========================================================================
 report_power
============================================================================
======================= Typical Corner ===================================

Group                  Internal  Switching    Leakage      Total
                          Power      Power      Power      Power (Watts)
----------------------------------------------------------------
Sequential             1.33e-04   0.00e+00   4.37e-10   1.33e-04  47.9%
Combinational          3.10e-14   9.74e-14   6.72e-10   6.72e-10   0.0%
Clock                  9.10e-05   5.39e-05   3.74e-10   1.45e-04  52.1%
Macro                  0.00e+00   0.00e+00   0.00e+00   0.00e+00   0.0%
Pad                    0.00e+00   0.00e+00   0.00e+00   0.00e+00   0.0%
----------------------------------------------------------------
Total                  2.25e-04   5.39e-05   1.48e-09   2.78e-04 100.0%
                          80.6%      19.4%       0.0%

power_report_end
skew_report

===========================================================================
report_clock_skew
============================================================================
Clock core_clock
   0.27 source latency _333_/CLK ^
  -0.27 target latency _347_/CLK ^
   0.00 CRPR
--------------
   0.00 setup skew

skew_report_end
summary_report

===========================================================================
report_tns
============================================================================
tns 0.00

===========================================================================
report_wns
============================================================================
wns 0.00

===========================================================================
report_worst_slack -max (Setup)
============================================================================
worst slack 6.87

===========================================================================
report_worst_slack -min (Hold)
============================================================================
worst slack 0.49
summary_report_end
area_report

===========================================================================
report_design_area
============================================================================
Design area 2564 u^2 18% utilization.
area_report_end
check_nonpropagated_clocks
check_nonpropagated_clocks_end
[WARNING] Did not save OpenROAD database!
Writing SDF to '/openlane/designs/lab3/runs/RUN_2025.05.25_20.36.00/results/signoff/lab3.sdf'…
Writing timing model to '/openlane/designs/lab3/runs/RUN_2025.05.25_20.36.00/results/signoff/lab3.lib'…
