
===========================================================================
report_checks -path_delay max (Setup)
============================================================================
======================= Fastest Corner ===================================

Startpoint: _335_ (rising edge-triggered flip-flop clocked by core_clock)
Endpoint: _342_ (rising edge-triggered flip-flop clocked by core_clock)
Path Group: core_clock
Path Type: max
Corner: Fastest

Fanout     Cap    Slew   Delay    Time   Description
-----------------------------------------------------------------------------
                          0.00    0.00   clock core_clock (rise edge)
                          0.00    0.00   clock source latency
     1    0.02    0.00    0.00    0.00 ^ clk (in)
                                         clk (net)
                  0.00    0.00    0.00 ^ clkbuf_0_clk/A (sky130_fd_sc_hd__clkbuf_16)
     4    0.05    0.05    0.09    0.09 ^ clkbuf_0_clk/X (sky130_fd_sc_hd__clkbuf_16)
                                         clknet_0_clk (net)
                  0.05    0.00    0.09 ^ clkbuf_2_3__f_clk/A (sky130_fd_sc_hd__clkbuf_16)
    18    0.05    0.05    0.11    0.20 ^ clkbuf_2_3__f_clk/X (sky130_fd_sc_hd__clkbuf_16)
                                         clknet_2_3__leaf_clk (net)
                  0.05    0.00    0.20 ^ _335_/CLK (sky130_fd_sc_hd__dfrtp_4)
     6    0.04    0.08    0.34    0.55 v _335_/Q (sky130_fd_sc_hd__dfrtp_4)
                                         div.count[15] (net)
                  0.08    0.01    0.55 v _157_/A (sky130_fd_sc_hd__or4b_2)
     2    0.03    0.13    0.48    1.03 v _157_/X (sky130_fd_sc_hd__or4b_2)
                                         _074_ (net)
                  0.13    0.00    1.03 v _161_/A (sky130_fd_sc_hd__or4_2)
     4    0.03    0.13    0.48    1.51 v _161_/X (sky130_fd_sc_hd__or4_2)
                                         _078_ (net)
                  0.13    0.00    1.52 v _167_/A (sky130_fd_sc_hd__or4_4)
    12    0.06    0.12    0.43    1.95 v _167_/X (sky130_fd_sc_hd__or4_4)
                                         _084_ (net)
                  0.12    0.01    1.95 v _238_/A (sky130_fd_sc_hd__and3_1)
     2    0.02    0.08    0.17    2.12 v _238_/X (sky130_fd_sc_hd__and3_1)
                                         _132_ (net)
                  0.08    0.00    2.13 v _239_/A (sky130_fd_sc_hd__buf_1)
     2    0.02    0.10    0.14    2.26 v _239_/X (sky130_fd_sc_hd__buf_1)
                                         _018_ (net)
                  0.10    0.00    2.26 v _342_/D (sky130_fd_sc_hd__dfrtp_4)
                                  2.26   data arrival time

                         10.00   10.00   clock core_clock (rise edge)
                          0.00   10.00   clock source latency
     1    0.02    0.00    0.00   10.00 ^ clk (in)
                                         clk (net)
                  0.00    0.00   10.00 ^ clkbuf_0_clk/A (sky130_fd_sc_hd__clkbuf_16)
     4    0.05    0.05    0.09   10.09 ^ clkbuf_0_clk/X (sky130_fd_sc_hd__clkbuf_16)
                                         clknet_0_clk (net)
                  0.05    0.00   10.09 ^ clkbuf_2_0__f_clk/A (sky130_fd_sc_hd__clkbuf_16)
    18    0.06    0.06    0.11   10.21 ^ clkbuf_2_0__f_clk/X (sky130_fd_sc_hd__clkbuf_16)
                                         clknet_2_0__leaf_clk (net)
                  0.06    0.00   10.21 ^ _342_/CLK (sky130_fd_sc_hd__dfrtp_4)
                          0.00   10.21   clock reconvergence pessimism
                         -0.09   10.12   library setup time
                                 10.12   data required time
-----------------------------------------------------------------------------
                                 10.12   data required time
                                 -2.26   data arrival time
-----------------------------------------------------------------------------
                                  7.85   slack (MET)


Startpoint: _335_ (rising edge-triggered flip-flop clocked by core_clock)
Endpoint: _326_ (rising edge-triggered flip-flop clocked by core_clock)
Path Group: core_clock
Path Type: max
Corner: Fastest

Fanout     Cap    Slew   Delay    Time   Description
-----------------------------------------------------------------------------
                          0.00    0.00   clock core_clock (rise edge)
                          0.00    0.00   clock source latency
     1    0.02    0.00    0.00    0.00 ^ clk (in)
                                         clk (net)
                  0.00    0.00    0.00 ^ clkbuf_0_clk/A (sky130_fd_sc_hd__clkbuf_16)
     4    0.05    0.05    0.09    0.09 ^ clkbuf_0_clk/X (sky130_fd_sc_hd__clkbuf_16)
                                         clknet_0_clk (net)
                  0.05    0.00    0.09 ^ clkbuf_2_3__f_clk/A (sky130_fd_sc_hd__clkbuf_16)
    18    0.05    0.05    0.11    0.20 ^ clkbuf_2_3__f_clk/X (sky130_fd_sc_hd__clkbuf_16)
                                         clknet_2_3__leaf_clk (net)
                  0.05    0.00    0.20 ^ _335_/CLK (sky130_fd_sc_hd__dfrtp_4)
     6    0.04    0.08    0.34    0.55 v _335_/Q (sky130_fd_sc_hd__dfrtp_4)
                                         div.count[15] (net)
                  0.08    0.01    0.55 v _157_/A (sky130_fd_sc_hd__or4b_2)
     2    0.03    0.13    0.48    1.03 v _157_/X (sky130_fd_sc_hd__or4b_2)
                                         _074_ (net)
                  0.13    0.00    1.03 v _161_/A (sky130_fd_sc_hd__or4_2)
     4    0.03    0.13    0.48    1.51 v _161_/X (sky130_fd_sc_hd__or4_2)
                                         _078_ (net)
                  0.13    0.00    1.52 v _167_/A (sky130_fd_sc_hd__or4_4)
    12    0.06    0.12    0.43    1.95 v _167_/X (sky130_fd_sc_hd__or4_4)
                                         _084_ (net)
                  0.12    0.01    1.95 v _187_/A (sky130_fd_sc_hd__and3_1)
     2    0.03    0.10    0.19    2.14 v _187_/X (sky130_fd_sc_hd__and3_1)
                                         _097_ (net)
                  0.10    0.00    2.15 v _188_/A (sky130_fd_sc_hd__buf_1)
     1    0.02    0.07    0.13    2.27 v _188_/X (sky130_fd_sc_hd__buf_1)
                                         _032_ (net)
                  0.07    0.00    2.27 v _326_/D (sky130_fd_sc_hd__dfrtp_4)
                                  2.27   data arrival time

                         10.00   10.00   clock core_clock (rise edge)
                          0.00   10.00   clock source latency
     1    0.02    0.00    0.00   10.00 ^ clk (in)
                                         clk (net)
                  0.00    0.00   10.00 ^ clkbuf_0_clk/A (sky130_fd_sc_hd__clkbuf_16)
     4    0.05    0.05    0.09   10.09 ^ clkbuf_0_clk/X (sky130_fd_sc_hd__clkbuf_16)
                                         clknet_0_clk (net)
                  0.05    0.00   10.09 ^ clkbuf_2_1__f_clk/A (sky130_fd_sc_hd__clkbuf_16)
    22    0.07    0.06    0.12   10.21 ^ clkbuf_2_1__f_clk/X (sky130_fd_sc_hd__clkbuf_16)
                                         clknet_2_1__leaf_clk (net)
                  0.06    0.00   10.21 ^ _326_/CLK (sky130_fd_sc_hd__dfrtp_4)
                          0.00   10.21   clock reconvergence pessimism
                         -0.08   10.13   library setup time
                                 10.13   data required time
-----------------------------------------------------------------------------
                                 10.13   data required time
                                 -2.27   data arrival time
-----------------------------------------------------------------------------
                                  7.86   slack (MET)


Startpoint: _335_ (rising edge-triggered flip-flop clocked by core_clock)
Endpoint: _339_ (rising edge-triggered flip-flop clocked by core_clock)
Path Group: core_clock
Path Type: max
Corner: Fastest

Fanout     Cap    Slew   Delay    Time   Description
-----------------------------------------------------------------------------
                          0.00    0.00   clock core_clock (rise edge)
                          0.00    0.00   clock source latency
     1    0.02    0.00    0.00    0.00 ^ clk (in)
                                         clk (net)
                  0.00    0.00    0.00 ^ clkbuf_0_clk/A (sky130_fd_sc_hd__clkbuf_16)
     4    0.05    0.05    0.09    0.09 ^ clkbuf_0_clk/X (sky130_fd_sc_hd__clkbuf_16)
                                         clknet_0_clk (net)
                  0.05    0.00    0.09 ^ clkbuf_2_3__f_clk/A (sky130_fd_sc_hd__clkbuf_16)
    18    0.05    0.05    0.11    0.20 ^ clkbuf_2_3__f_clk/X (sky130_fd_sc_hd__clkbuf_16)
                                         clknet_2_3__leaf_clk (net)
                  0.05    0.00    0.20 ^ _335_/CLK (sky130_fd_sc_hd__dfrtp_4)
     6    0.04    0.08    0.34    0.55 v _335_/Q (sky130_fd_sc_hd__dfrtp_4)
                                         div.count[15] (net)
                  0.08    0.01    0.55 v _157_/A (sky130_fd_sc_hd__or4b_2)
     2    0.03    0.13    0.48    1.03 v _157_/X (sky130_fd_sc_hd__or4b_2)
                                         _074_ (net)
                  0.13    0.00    1.03 v _161_/A (sky130_fd_sc_hd__or4_2)
     4    0.03    0.13    0.48    1.51 v _161_/X (sky130_fd_sc_hd__or4_2)
                                         _078_ (net)
                  0.13    0.00    1.52 v _167_/A (sky130_fd_sc_hd__or4_4)
    12    0.06    0.12    0.43    1.95 v _167_/X (sky130_fd_sc_hd__or4_4)
                                         _084_ (net)
                  0.12    0.00    1.95 v _230_/A (sky130_fd_sc_hd__and3_1)
     2    0.02    0.08    0.17    2.12 v _230_/X (sky130_fd_sc_hd__and3_1)
                                         _127_ (net)
                  0.08    0.00    2.13 v _231_/A (sky130_fd_sc_hd__buf_1)
     2    0.02    0.08    0.12    2.25 v _231_/X (sky130_fd_sc_hd__buf_1)
                                         _014_ (net)
                  0.08    0.00    2.25 v _339_/D (sky130_fd_sc_hd__dfrtp_4)
                                  2.25   data arrival time

                         10.00   10.00   clock core_clock (rise edge)
                          0.00   10.00   clock source latency
     1    0.02    0.00    0.00   10.00 ^ clk (in)
                                         clk (net)
                  0.00    0.00   10.00 ^ clkbuf_0_clk/A (sky130_fd_sc_hd__clkbuf_16)
     4    0.05    0.05    0.09   10.09 ^ clkbuf_0_clk/X (sky130_fd_sc_hd__clkbuf_16)
                                         clknet_0_clk (net)
                  0.05    0.00   10.09 ^ clkbuf_2_0__f_clk/A (sky130_fd_sc_hd__clkbuf_16)
    18    0.06    0.06    0.11   10.21 ^ clkbuf_2_0__f_clk/X (sky130_fd_sc_hd__clkbuf_16)
                                         clknet_2_0__leaf_clk (net)
                  0.06    0.00   10.21 ^ _339_/CLK (sky130_fd_sc_hd__dfrtp_4)
                          0.00   10.21   clock reconvergence pessimism
                         -0.09   10.12   library setup time
                                 10.12   data required time
-----------------------------------------------------------------------------
                                 10.12   data required time
                                 -2.25   data arrival time
-----------------------------------------------------------------------------
                                  7.87   slack (MET)


Startpoint: _335_ (rising edge-triggered flip-flop clocked by core_clock)
Endpoint: _320_ (rising edge-triggered flip-flop clocked by core_clock)
Path Group: core_clock
Path Type: max
Corner: Fastest

Fanout     Cap    Slew   Delay    Time   Description
-----------------------------------------------------------------------------
                          0.00    0.00   clock core_clock (rise edge)
                          0.00    0.00   clock source latency
     1    0.02    0.00    0.00    0.00 ^ clk (in)
                                         clk (net)
                  0.00    0.00    0.00 ^ clkbuf_0_clk/A (sky130_fd_sc_hd__clkbuf_16)
     4    0.05    0.05    0.09    0.09 ^ clkbuf_0_clk/X (sky130_fd_sc_hd__clkbuf_16)
                                         clknet_0_clk (net)
                  0.05    0.00    0.09 ^ clkbuf_2_3__f_clk/A (sky130_fd_sc_hd__clkbuf_16)
    18    0.05    0.05    0.11    0.20 ^ clkbuf_2_3__f_clk/X (sky130_fd_sc_hd__clkbuf_16)
                                         clknet_2_3__leaf_clk (net)
                  0.05    0.00    0.20 ^ _335_/CLK (sky130_fd_sc_hd__dfrtp_4)
     6    0.04    0.08    0.34    0.55 v _335_/Q (sky130_fd_sc_hd__dfrtp_4)
                                         div.count[15] (net)
                  0.08    0.01    0.55 v _157_/A (sky130_fd_sc_hd__or4b_2)
     2    0.03    0.13    0.48    1.03 v _157_/X (sky130_fd_sc_hd__or4b_2)
                                         _074_ (net)
                  0.13    0.00    1.03 v _161_/A (sky130_fd_sc_hd__or4_2)
     4    0.03    0.13    0.48    1.51 v _161_/X (sky130_fd_sc_hd__or4_2)
                                         _078_ (net)
                  0.13    0.00    1.52 v _167_/A (sky130_fd_sc_hd__or4_4)
    12    0.06    0.12    0.43    1.95 v _167_/X (sky130_fd_sc_hd__or4_4)
                                         _084_ (net)
                  0.12    0.01    1.95 v _169_/B (sky130_fd_sc_hd__and2b_1)
     2    0.03    0.09    0.20    2.15 v _169_/X (sky130_fd_sc_hd__and2b_1)
                                         _085_ (net)
                  0.09    0.00    2.15 v _170_/A (sky130_fd_sc_hd__clkbuf_1)
     1    0.01    0.04    0.10    2.25 v _170_/X (sky130_fd_sc_hd__clkbuf_1)
                                         _004_ (net)
                  0.04    0.00    2.25 v _320_/D (sky130_fd_sc_hd__dfrtp_4)
                                  2.25   data arrival time

                         10.00   10.00   clock core_clock (rise edge)
                          0.00   10.00   clock source latency
     1    0.02    0.00    0.00   10.00 ^ clk (in)
                                         clk (net)
                  0.00    0.00   10.00 ^ clkbuf_0_clk/A (sky130_fd_sc_hd__clkbuf_16)
     4    0.05    0.05    0.09   10.09 ^ clkbuf_0_clk/X (sky130_fd_sc_hd__clkbuf_16)
                                         clknet_0_clk (net)
                  0.05    0.00   10.09 ^ clkbuf_2_0__f_clk/A (sky130_fd_sc_hd__clkbuf_16)
    18    0.06    0.06    0.11   10.21 ^ clkbuf_2_0__f_clk/X (sky130_fd_sc_hd__clkbuf_16)
                                         clknet_2_0__leaf_clk (net)
                  0.06    0.00   10.21 ^ _320_/CLK (sky130_fd_sc_hd__dfrtp_4)
                          0.00   10.21   clock reconvergence pessimism
                         -0.07   10.13   library setup time
                                 10.13   data required time
-----------------------------------------------------------------------------
                                 10.13   data required time
                                 -2.25   data arrival time
-----------------------------------------------------------------------------
                                  7.88   slack (MET)


Startpoint: _335_ (rising edge-triggered flip-flop clocked by core_clock)
Endpoint: _328_ (rising edge-triggered flip-flop clocked by core_clock)
Path Group: core_clock
Path Type: max
Corner: Fastest

Fanout     Cap    Slew   Delay    Time   Description
-----------------------------------------------------------------------------
                          0.00    0.00   clock core_clock (rise edge)
                          0.00    0.00   clock source latency
     1    0.02    0.00    0.00    0.00 ^ clk (in)
                                         clk (net)
                  0.00    0.00    0.00 ^ clkbuf_0_clk/A (sky130_fd_sc_hd__clkbuf_16)
     4    0.05    0.05    0.09    0.09 ^ clkbuf_0_clk/X (sky130_fd_sc_hd__clkbuf_16)
                                         clknet_0_clk (net)
                  0.05    0.00    0.09 ^ clkbuf_2_3__f_clk/A (sky130_fd_sc_hd__clkbuf_16)
    18    0.05    0.05    0.11    0.20 ^ clkbuf_2_3__f_clk/X (sky130_fd_sc_hd__clkbuf_16)
                                         clknet_2_3__leaf_clk (net)
                  0.05    0.00    0.20 ^ _335_/CLK (sky130_fd_sc_hd__dfrtp_4)
     6    0.04    0.08    0.34    0.55 v _335_/Q (sky130_fd_sc_hd__dfrtp_4)
                                         div.count[15] (net)
                  0.08    0.01    0.55 v _157_/A (sky130_fd_sc_hd__or4b_2)
     2    0.03    0.13    0.48    1.03 v _157_/X (sky130_fd_sc_hd__or4b_2)
                                         _074_ (net)
                  0.13    0.00    1.03 v _161_/A (sky130_fd_sc_hd__or4_2)
     4    0.03    0.13    0.48    1.51 v _161_/X (sky130_fd_sc_hd__or4_2)
                                         _078_ (net)
                  0.13    0.00    1.52 v _167_/A (sky130_fd_sc_hd__or4_4)
    12    0.06    0.12    0.43    1.95 v _167_/X (sky130_fd_sc_hd__or4_4)
                                         _084_ (net)
                  0.12    0.01    1.95 v _193_/B1 (sky130_fd_sc_hd__o21ai_1)
     1    0.01    0.20    0.15    2.10 ^ _193_/Y (sky130_fd_sc_hd__o21ai_1)
                                         _101_ (net)
                  0.20    0.00    2.11 ^ _194_/B1 (sky130_fd_sc_hd__a21oi_1)
     1    0.01    0.06    0.05    2.15 v _194_/Y (sky130_fd_sc_hd__a21oi_1)
                                         _034_ (net)
                  0.06    0.00    2.15 v _328_/D (sky130_fd_sc_hd__dfrtp_4)
                                  2.15   data arrival time

                         10.00   10.00   clock core_clock (rise edge)
                          0.00   10.00   clock source latency
     1    0.02    0.00    0.00   10.00 ^ clk (in)
                                         clk (net)
                  0.00    0.00   10.00 ^ clkbuf_0_clk/A (sky130_fd_sc_hd__clkbuf_16)
     4    0.05    0.05    0.09   10.09 ^ clkbuf_0_clk/X (sky130_fd_sc_hd__clkbuf_16)
                                         clknet_0_clk (net)
                  0.05    0.00   10.09 ^ clkbuf_2_1__f_clk/A (sky130_fd_sc_hd__clkbuf_16)
    22    0.07    0.06    0.12   10.21 ^ clkbuf_2_1__f_clk/X (sky130_fd_sc_hd__clkbuf_16)
                                         clknet_2_1__leaf_clk (net)
                  0.06    0.00   10.21 ^ _328_/CLK (sky130_fd_sc_hd__dfrtp_4)
                          0.00   10.21   clock reconvergence pessimism
                         -0.08   10.13   library setup time
                                 10.13   data required time
-----------------------------------------------------------------------------
                                 10.13   data required time
                                 -2.15   data arrival time
-----------------------------------------------------------------------------
                                  7.98   slack (MET)


Startpoint: _335_ (rising edge-triggered flip-flop clocked by core_clock)
Endpoint: _331_ (rising edge-triggered flip-flop clocked by core_clock)
Path Group: core_clock
Path Type: max
Corner: Fastest

Fanout     Cap    Slew   Delay    Time   Description
-----------------------------------------------------------------------------
                          0.00    0.00   clock core_clock (rise edge)
                          0.00    0.00   clock source latency
     1    0.02    0.00    0.00    0.00 ^ clk (in)
                                         clk (net)
                  0.00    0.00    0.00 ^ clkbuf_0_clk/A (sky130_fd_sc_hd__clkbuf_16)
     4    0.05    0.05    0.09    0.09 ^ clkbuf_0_clk/X (sky130_fd_sc_hd__clkbuf_16)
                                         clknet_0_clk (net)
                  0.05    0.00    0.09 ^ clkbuf_2_3__f_clk/A (sky130_fd_sc_hd__clkbuf_16)
    18    0.05    0.05    0.11    0.20 ^ clkbuf_2_3__f_clk/X (sky130_fd_sc_hd__clkbuf_16)
                                         clknet_2_3__leaf_clk (net)
                  0.05    0.00    0.20 ^ _335_/CLK (sky130_fd_sc_hd__dfrtp_4)
     6    0.04    0.08    0.34    0.55 v _335_/Q (sky130_fd_sc_hd__dfrtp_4)
                                         div.count[15] (net)
                  0.08    0.01    0.55 v _157_/A (sky130_fd_sc_hd__or4b_2)
     2    0.03    0.13    0.48    1.03 v _157_/X (sky130_fd_sc_hd__or4b_2)
                                         _074_ (net)
                  0.13    0.00    1.03 v _161_/A (sky130_fd_sc_hd__or4_2)
     4    0.03    0.13    0.48    1.51 v _161_/X (sky130_fd_sc_hd__or4_2)
                                         _078_ (net)
                  0.13    0.00    1.52 v _199_/A (sky130_fd_sc_hd__or3_4)
     8    0.05    0.09    0.32    1.84 v _199_/X (sky130_fd_sc_hd__or3_4)
                                         _106_ (net)
                  0.09    0.00    1.84 v _206_/A (sky130_fd_sc_hd__and3_1)
     2    0.04    0.13    0.20    2.04 v _206_/X (sky130_fd_sc_hd__and3_1)
                                         _111_ (net)
                  0.13    0.00    2.04 v _207_/A (sky130_fd_sc_hd__clkbuf_1)
     1    0.00    0.03    0.10    2.14 v _207_/X (sky130_fd_sc_hd__clkbuf_1)
                                         _006_ (net)
                  0.03    0.00    2.14 v _331_/D (sky130_fd_sc_hd__dfrtp_4)
                                  2.14   data arrival time

                         10.00   10.00   clock core_clock (rise edge)
                          0.00   10.00   clock source latency
     1    0.02    0.00    0.00   10.00 ^ clk (in)
                                         clk (net)
                  0.00    0.00   10.00 ^ clkbuf_0_clk/A (sky130_fd_sc_hd__clkbuf_16)
     4    0.05    0.05    0.09   10.09 ^ clkbuf_0_clk/X (sky130_fd_sc_hd__clkbuf_16)
                                         clknet_0_clk (net)
                  0.05    0.00   10.09 ^ clkbuf_2_3__f_clk/A (sky130_fd_sc_hd__clkbuf_16)
    18    0.05    0.05    0.11   10.20 ^ clkbuf_2_3__f_clk/X (sky130_fd_sc_hd__clkbuf_16)
                                         clknet_2_3__leaf_clk (net)
                  0.05    0.00   10.20 ^ _331_/CLK (sky130_fd_sc_hd__dfrtp_4)
                          0.00   10.20   clock reconvergence pessimism
                         -0.07   10.13   library setup time
                                 10.13   data required time
-----------------------------------------------------------------------------
                                 10.13   data required time
                                 -2.14   data arrival time
-----------------------------------------------------------------------------
                                  8.00   slack (MET)


Startpoint: _335_ (rising edge-triggered flip-flop clocked by core_clock)
Endpoint: _356_ (rising edge-triggered flip-flop clocked by core_clock)
Path Group: core_clock
Path Type: max
Corner: Fastest

Fanout     Cap    Slew   Delay    Time   Description
-----------------------------------------------------------------------------
                          0.00    0.00   clock core_clock (rise edge)
                          0.00    0.00   clock source latency
     1    0.02    0.00    0.00    0.00 ^ clk (in)
                                         clk (net)
                  0.00    0.00    0.00 ^ clkbuf_0_clk/A (sky130_fd_sc_hd__clkbuf_16)
     4    0.05    0.05    0.09    0.09 ^ clkbuf_0_clk/X (sky130_fd_sc_hd__clkbuf_16)
                                         clknet_0_clk (net)
                  0.05    0.00    0.09 ^ clkbuf_2_3__f_clk/A (sky130_fd_sc_hd__clkbuf_16)
    18    0.05    0.05    0.11    0.20 ^ clkbuf_2_3__f_clk/X (sky130_fd_sc_hd__clkbuf_16)
                                         clknet_2_3__leaf_clk (net)
                  0.05    0.00    0.20 ^ _335_/CLK (sky130_fd_sc_hd__dfrtp_4)
     6    0.04    0.08    0.34    0.55 v _335_/Q (sky130_fd_sc_hd__dfrtp_4)
                                         div.count[15] (net)
                  0.08    0.01    0.55 v _157_/A (sky130_fd_sc_hd__or4b_2)
     2    0.03    0.13    0.48    1.03 v _157_/X (sky130_fd_sc_hd__or4b_2)
                                         _074_ (net)
                  0.13    0.00    1.03 v _161_/A (sky130_fd_sc_hd__or4_2)
     4    0.03    0.13    0.48    1.51 v _161_/X (sky130_fd_sc_hd__or4_2)
                                         _078_ (net)
                  0.13    0.00    1.52 v _167_/A (sky130_fd_sc_hd__or4_4)
    12    0.06    0.12    0.43    1.95 v _167_/X (sky130_fd_sc_hd__or4_4)
                                         _084_ (net)
                  0.12    0.01    1.95 v _168_/B (sky130_fd_sc_hd__xnor2_1)
     1    0.01    0.19    0.20    2.16 ^ _168_/Y (sky130_fd_sc_hd__xnor2_1)
                                         _073_ (net)
                  0.19    0.00    2.16 ^ _356_/D (sky130_fd_sc_hd__dfrtp_4)
                                  2.16   data arrival time

                         10.00   10.00   clock core_clock (rise edge)
                          0.00   10.00   clock source latency
     1    0.02    0.00    0.00   10.00 ^ clk (in)
                                         clk (net)
                  0.00    0.00   10.00 ^ clkbuf_0_clk/A (sky130_fd_sc_hd__clkbuf_16)
     4    0.05    0.05    0.09   10.09 ^ clkbuf_0_clk/X (sky130_fd_sc_hd__clkbuf_16)
                                         clknet_0_clk (net)
                  0.05    0.00   10.09 ^ clkbuf_2_1__f_clk/A (sky130_fd_sc_hd__clkbuf_16)
    22    0.07    0.06    0.12   10.21 ^ clkbuf_2_1__f_clk/X (sky130_fd_sc_hd__clkbuf_16)
                                         clknet_2_1__leaf_clk (net)
                  0.06    0.00   10.21 ^ _356_/CLK (sky130_fd_sc_hd__dfrtp_4)
                          0.00   10.21   clock reconvergence pessimism
                         -0.05   10.16   library setup time
                                 10.16   data required time
-----------------------------------------------------------------------------
                                 10.16   data required time
                                 -2.16   data arrival time
-----------------------------------------------------------------------------
                                  8.00   slack (MET)


Startpoint: _335_ (rising edge-triggered flip-flop clocked by core_clock)
Endpoint: _338_ (rising edge-triggered flip-flop clocked by core_clock)
Path Group: core_clock
Path Type: max
Corner: Fastest

Fanout     Cap    Slew   Delay    Time   Description
-----------------------------------------------------------------------------
                          0.00    0.00   clock core_clock (rise edge)
                          0.00    0.00   clock source latency
     1    0.02    0.00    0.00    0.00 ^ clk (in)
                                         clk (net)
                  0.00    0.00    0.00 ^ clkbuf_0_clk/A (sky130_fd_sc_hd__clkbuf_16)
     4    0.05    0.05    0.09    0.09 ^ clkbuf_0_clk/X (sky130_fd_sc_hd__clkbuf_16)
                                         clknet_0_clk (net)
                  0.05    0.00    0.09 ^ clkbuf_2_3__f_clk/A (sky130_fd_sc_hd__clkbuf_16)
    18    0.05    0.05    0.11    0.20 ^ clkbuf_2_3__f_clk/X (sky130_fd_sc_hd__clkbuf_16)
                                         clknet_2_3__leaf_clk (net)
                  0.05    0.00    0.20 ^ _335_/CLK (sky130_fd_sc_hd__dfrtp_4)
     6    0.04    0.08    0.34    0.55 v _335_/Q (sky130_fd_sc_hd__dfrtp_4)
                                         div.count[15] (net)
                  0.08    0.01    0.55 v _157_/A (sky130_fd_sc_hd__or4b_2)
     2    0.03    0.13    0.48    1.03 v _157_/X (sky130_fd_sc_hd__or4b_2)
                                         _074_ (net)
                  0.13    0.00    1.03 v _161_/A (sky130_fd_sc_hd__or4_2)
     4    0.03    0.13    0.48    1.51 v _161_/X (sky130_fd_sc_hd__or4_2)
                                         _078_ (net)
                  0.13    0.00    1.52 v _199_/A (sky130_fd_sc_hd__or3_4)
     8    0.05    0.09    0.32    1.84 v _199_/X (sky130_fd_sc_hd__or3_4)
                                         _106_ (net)
                  0.09    0.01    1.84 v _225_/A (sky130_fd_sc_hd__and3_1)
     1    0.01    0.04    0.12    1.96 v _225_/X (sky130_fd_sc_hd__and3_1)
                                         _123_ (net)
                  0.04    0.00    1.96 v _226_/A (sky130_fd_sc_hd__buf_1)
     1    0.01    0.05    0.09    2.05 v _226_/X (sky130_fd_sc_hd__buf_1)
                                         _013_ (net)
                  0.05    0.00    2.05 v _338_/D (sky130_fd_sc_hd__dfrtp_4)
                                  2.05   data arrival time

                         10.00   10.00   clock core_clock (rise edge)
                          0.00   10.00   clock source latency
     1    0.02    0.00    0.00   10.00 ^ clk (in)
                                         clk (net)
                  0.00    0.00   10.00 ^ clkbuf_0_clk/A (sky130_fd_sc_hd__clkbuf_16)
     4    0.05    0.05    0.09   10.09 ^ clkbuf_0_clk/X (sky130_fd_sc_hd__clkbuf_16)
                                         clknet_0_clk (net)
                  0.05    0.00   10.09 ^ clkbuf_2_0__f_clk/A (sky130_fd_sc_hd__clkbuf_16)
    18    0.06    0.06    0.11   10.21 ^ clkbuf_2_0__f_clk/X (sky130_fd_sc_hd__clkbuf_16)
                                         clknet_2_0__leaf_clk (net)
                  0.06    0.00   10.21 ^ _338_/CLK (sky130_fd_sc_hd__dfrtp_4)
                          0.00   10.21   clock reconvergence pessimism
                         -0.08   10.13   library setup time
                                 10.13   data required time
-----------------------------------------------------------------------------
                                 10.13   data required time
                                 -2.05   data arrival time
-----------------------------------------------------------------------------
                                  8.08   slack (MET)


Startpoint: _321_ (rising edge-triggered flip-flop clocked by core_clock)
Endpoint: _343_ (rising edge-triggered flip-flop clocked by core_clock)
Path Group: core_clock
Path Type: max
Corner: Fastest

Fanout     Cap    Slew   Delay    Time   Description
-----------------------------------------------------------------------------
                          0.00    0.00   clock core_clock (rise edge)
                          0.00    0.00   clock source latency
     1    0.02    0.00    0.00    0.00 ^ clk (in)
                                         clk (net)
                  0.00    0.00    0.00 ^ clkbuf_0_clk/A (sky130_fd_sc_hd__clkbuf_16)
     4    0.05    0.05    0.09    0.09 ^ clkbuf_0_clk/X (sky130_fd_sc_hd__clkbuf_16)
                                         clknet_0_clk (net)
                  0.05    0.00    0.09 ^ clkbuf_2_1__f_clk/A (sky130_fd_sc_hd__clkbuf_16)
    22    0.07    0.06    0.12    0.21 ^ clkbuf_2_1__f_clk/X (sky130_fd_sc_hd__clkbuf_16)
                                         clknet_2_1__leaf_clk (net)
                  0.06    0.00    0.21 ^ _321_/CLK (sky130_fd_sc_hd__dfrtp_4)
    10    0.05    0.11    0.32    0.54 ^ _321_/Q (sky130_fd_sc_hd__dfrtp_4)
                                         div.count[1] (net)
                  0.11    0.00    0.54 ^ _176_/B (sky130_fd_sc_hd__and4_1)
     1    0.02    0.12    0.18    0.73 ^ _176_/X (sky130_fd_sc_hd__and4_1)
                                         _089_ (net)
                  0.12    0.00    0.73 ^ _177_/A (sky130_fd_sc_hd__clkbuf_4)
    16    0.07    0.16    0.20    0.93 ^ _177_/X (sky130_fd_sc_hd__clkbuf_4)
                                         _090_ (net)
                  0.16    0.01    0.94 ^ _217_/A (sky130_fd_sc_hd__and4_1)
     1    0.02    0.14    0.20    1.14 ^ _217_/X (sky130_fd_sc_hd__and4_1)
                                         _117_ (net)
                  0.14    0.00    1.14 ^ _218_/A (sky130_fd_sc_hd__clkbuf_4)
    18    0.08    0.19    0.23    1.37 ^ _218_/X (sky130_fd_sc_hd__clkbuf_4)
                                         _118_ (net)
                  0.19    0.01    1.37 ^ _232_/B (sky130_fd_sc_hd__and3_2)
     8    0.05    0.20    0.25    1.63 ^ _232_/X (sky130_fd_sc_hd__and3_2)
                                         _128_ (net)
                  0.20    0.00    1.63 ^ _237_/C (sky130_fd_sc_hd__nand3_2)
     4    0.02    0.10    0.10    1.74 v _237_/Y (sky130_fd_sc_hd__nand3_2)
                                         _131_ (net)
                  0.10    0.00    1.74 v _240_/B (sky130_fd_sc_hd__xnor2_1)
     2    0.02    0.36    0.32    2.06 ^ _240_/Y (sky130_fd_sc_hd__xnor2_1)
                                         _019_ (net)
                  0.36    0.00    2.06 ^ _343_/D (sky130_fd_sc_hd__dfrtp_2)
                                  2.06   data arrival time

                         10.00   10.00   clock core_clock (rise edge)
                          0.00   10.00   clock source latency
     1    0.02    0.00    0.00   10.00 ^ clk (in)
                                         clk (net)
                  0.00    0.00   10.00 ^ clkbuf_0_clk/A (sky130_fd_sc_hd__clkbuf_16)
     4    0.05    0.05    0.09   10.09 ^ clkbuf_0_clk/X (sky130_fd_sc_hd__clkbuf_16)
                                         clknet_0_clk (net)
                  0.05    0.00   10.09 ^ clkbuf_2_1__f_clk/A (sky130_fd_sc_hd__clkbuf_16)
    22    0.07    0.06    0.12   10.21 ^ clkbuf_2_1__f_clk/X (sky130_fd_sc_hd__clkbuf_16)
                                         clknet_2_1__leaf_clk (net)
                  0.06    0.00   10.21 ^ _343_/CLK (sky130_fd_sc_hd__dfrtp_2)
                          0.00   10.21   clock reconvergence pessimism
                         -0.07   10.15   library setup time
                                 10.15   data required time
-----------------------------------------------------------------------------
                                 10.15   data required time
                                 -2.06   data arrival time
-----------------------------------------------------------------------------
                                  8.09   slack (MET)


Startpoint: _335_ (rising edge-triggered flip-flop clocked by core_clock)
Endpoint: _329_ (rising edge-triggered flip-flop clocked by core_clock)
Path Group: core_clock
Path Type: max
Corner: Fastest

Fanout     Cap    Slew   Delay    Time   Description
-----------------------------------------------------------------------------
                          0.00    0.00   clock core_clock (rise edge)
                          0.00    0.00   clock source latency
     1    0.02    0.00    0.00    0.00 ^ clk (in)
                                         clk (net)
                  0.00    0.00    0.00 ^ clkbuf_0_clk/A (sky130_fd_sc_hd__clkbuf_16)
     4    0.05    0.05    0.09    0.09 ^ clkbuf_0_clk/X (sky130_fd_sc_hd__clkbuf_16)
                                         clknet_0_clk (net)
                  0.05    0.00    0.09 ^ clkbuf_2_3__f_clk/A (sky130_fd_sc_hd__clkbuf_16)
    18    0.05    0.05    0.11    0.20 ^ clkbuf_2_3__f_clk/X (sky130_fd_sc_hd__clkbuf_16)
                                         clknet_2_3__leaf_clk (net)
                  0.05    0.00    0.20 ^ _335_/CLK (sky130_fd_sc_hd__dfrtp_4)
     6    0.04    0.08    0.34    0.55 v _335_/Q (sky130_fd_sc_hd__dfrtp_4)
                                         div.count[15] (net)
                  0.08    0.01    0.55 v _157_/A (sky130_fd_sc_hd__or4b_2)
     2    0.03    0.13    0.48    1.03 v _157_/X (sky130_fd_sc_hd__or4b_2)
                                         _074_ (net)
                  0.13    0.00    1.03 v _161_/A (sky130_fd_sc_hd__or4_2)
     4    0.03    0.13    0.48    1.51 v _161_/X (sky130_fd_sc_hd__or4_2)
                                         _078_ (net)
                  0.13    0.00    1.52 v _199_/A (sky130_fd_sc_hd__or3_4)
     8    0.05    0.09    0.32    1.84 v _199_/X (sky130_fd_sc_hd__or3_4)
                                         _106_ (net)
                  0.09    0.00    1.84 v _201_/A (sky130_fd_sc_hd__nand2_1)
     1    0.01    0.09    0.10    1.94 ^ _201_/Y (sky130_fd_sc_hd__nand2_1)
                                         _108_ (net)
                  0.09    0.00    1.94 ^ _202_/B (sky130_fd_sc_hd__nor2_1)
     1    0.01    0.07    0.06    2.00 v _202_/Y (sky130_fd_sc_hd__nor2_1)
                                         _035_ (net)
                  0.07    0.00    2.00 v _329_/D (sky130_fd_sc_hd__dfrtp_4)
                                  2.00   data arrival time

                         10.00   10.00   clock core_clock (rise edge)
                          0.00   10.00   clock source latency
     1    0.02    0.00    0.00   10.00 ^ clk (in)
                                         clk (net)
                  0.00    0.00   10.00 ^ clkbuf_0_clk/A (sky130_fd_sc_hd__clkbuf_16)
     4    0.05    0.05    0.09   10.09 ^ clkbuf_0_clk/X (sky130_fd_sc_hd__clkbuf_16)
                                         clknet_0_clk (net)
                  0.05    0.00   10.09 ^ clkbuf_2_1__f_clk/A (sky130_fd_sc_hd__clkbuf_16)
    22    0.07    0.06    0.12   10.21 ^ clkbuf_2_1__f_clk/X (sky130_fd_sc_hd__clkbuf_16)
                                         clknet_2_1__leaf_clk (net)
                  0.06    0.00   10.21 ^ _329_/CLK (sky130_fd_sc_hd__dfrtp_4)
                          0.00   10.21   clock reconvergence pessimism
                         -0.08   10.13   library setup time
                                 10.13   data required time
-----------------------------------------------------------------------------
                                 10.13   data required time
                                 -2.00   data arrival time
-----------------------------------------------------------------------------
                                  8.13   slack (MET)


Startpoint: _321_ (rising edge-triggered flip-flop clocked by core_clock)
Endpoint: _345_ (rising edge-triggered flip-flop clocked by core_clock)
Path Group: core_clock
Path Type: max
Corner: Fastest

Fanout     Cap    Slew   Delay    Time   Description
-----------------------------------------------------------------------------
                          0.00    0.00   clock core_clock (rise edge)
                          0.00    0.00   clock source latency
     1    0.02    0.00    0.00    0.00 ^ clk (in)
                                         clk (net)
                  0.00    0.00    0.00 ^ clkbuf_0_clk/A (sky130_fd_sc_hd__clkbuf_16)
     4    0.05    0.05    0.09    0.09 ^ clkbuf_0_clk/X (sky130_fd_sc_hd__clkbuf_16)
                                         clknet_0_clk (net)
                  0.05    0.00    0.09 ^ clkbuf_2_1__f_clk/A (sky130_fd_sc_hd__clkbuf_16)
    22    0.07    0.06    0.12    0.21 ^ clkbuf_2_1__f_clk/X (sky130_fd_sc_hd__clkbuf_16)
                                         clknet_2_1__leaf_clk (net)
                  0.06    0.00    0.21 ^ _321_/CLK (sky130_fd_sc_hd__dfrtp_4)
    10    0.05    0.11    0.32    0.54 ^ _321_/Q (sky130_fd_sc_hd__dfrtp_4)
                                         div.count[1] (net)
                  0.11    0.00    0.54 ^ _176_/B (sky130_fd_sc_hd__and4_1)
     1    0.02    0.12    0.18    0.73 ^ _176_/X (sky130_fd_sc_hd__and4_1)
                                         _089_ (net)
                  0.12    0.00    0.73 ^ _177_/A (sky130_fd_sc_hd__clkbuf_4)
    16    0.07    0.16    0.20    0.93 ^ _177_/X (sky130_fd_sc_hd__clkbuf_4)
                                         _090_ (net)
                  0.16    0.01    0.94 ^ _217_/A (sky130_fd_sc_hd__and4_1)
     1    0.02    0.14    0.20    1.14 ^ _217_/X (sky130_fd_sc_hd__and4_1)
                                         _117_ (net)
                  0.14    0.00    1.14 ^ _218_/A (sky130_fd_sc_hd__clkbuf_4)
    18    0.08    0.19    0.23    1.37 ^ _218_/X (sky130_fd_sc_hd__clkbuf_4)
                                         _118_ (net)
                  0.19    0.01    1.37 ^ _243_/A (sky130_fd_sc_hd__and2_2)
     8    0.05    0.18    0.22    1.59 ^ _243_/X (sky130_fd_sc_hd__and2_2)
                                         _135_ (net)
                  0.18    0.00    1.60 ^ _246_/C (sky130_fd_sc_hd__and3_1)
     4    0.03    0.21    0.24    1.83 ^ _246_/X (sky130_fd_sc_hd__and3_1)
                                         _137_ (net)
                  0.21    0.00    1.84 ^ _247_/B (sky130_fd_sc_hd__nor2_1)
     2    0.02    0.11    0.10    1.94 v _247_/Y (sky130_fd_sc_hd__nor2_1)
                                         _021_ (net)
                  0.11    0.00    1.94 v _345_/D (sky130_fd_sc_hd__dfrtp_2)
                                  1.94   data arrival time

                         10.00   10.00   clock core_clock (rise edge)
                          0.00   10.00   clock source latency
     1    0.02    0.00    0.00   10.00 ^ clk (in)
                                         clk (net)
                  0.00    0.00   10.00 ^ clkbuf_0_clk/A (sky130_fd_sc_hd__clkbuf_16)
     4    0.05    0.05    0.09   10.09 ^ clkbuf_0_clk/X (sky130_fd_sc_hd__clkbuf_16)
                                         clknet_0_clk (net)
                  0.05    0.00   10.09 ^ clkbuf_2_3__f_clk/A (sky130_fd_sc_hd__clkbuf_16)
    18    0.05    0.05    0.11   10.20 ^ clkbuf_2_3__f_clk/X (sky130_fd_sc_hd__clkbuf_16)
                                         clknet_2_3__leaf_clk (net)
                  0.05    0.00   10.20 ^ _345_/CLK (sky130_fd_sc_hd__dfrtp_2)
                          0.00   10.20   clock reconvergence pessimism
                         -0.10   10.11   library setup time
                                 10.11   data required time
-----------------------------------------------------------------------------
                                 10.11   data required time
                                 -1.94   data arrival time
-----------------------------------------------------------------------------
                                  8.16   slack (MET)


Startpoint: _321_ (rising edge-triggered flip-flop clocked by core_clock)
Endpoint: _346_ (rising edge-triggered flip-flop clocked by core_clock)
Path Group: core_clock
Path Type: max
Corner: Fastest

Fanout     Cap    Slew   Delay    Time   Description
-----------------------------------------------------------------------------
                          0.00    0.00   clock core_clock (rise edge)
                          0.00    0.00   clock source latency
     1    0.02    0.00    0.00    0.00 ^ clk (in)
                                         clk (net)
                  0.00    0.00    0.00 ^ clkbuf_0_clk/A (sky130_fd_sc_hd__clkbuf_16)
     4    0.05    0.05    0.09    0.09 ^ clkbuf_0_clk/X (sky130_fd_sc_hd__clkbuf_16)
                                         clknet_0_clk (net)
                  0.05    0.00    0.09 ^ clkbuf_2_1__f_clk/A (sky130_fd_sc_hd__clkbuf_16)
    22    0.07    0.06    0.12    0.21 ^ clkbuf_2_1__f_clk/X (sky130_fd_sc_hd__clkbuf_16)
                                         clknet_2_1__leaf_clk (net)
                  0.06    0.00    0.21 ^ _321_/CLK (sky130_fd_sc_hd__dfrtp_4)
    10    0.05    0.11    0.32    0.54 ^ _321_/Q (sky130_fd_sc_hd__dfrtp_4)
                                         div.count[1] (net)
                  0.11    0.00    0.54 ^ _176_/B (sky130_fd_sc_hd__and4_1)
     1    0.02    0.12    0.18    0.73 ^ _176_/X (sky130_fd_sc_hd__and4_1)
                                         _089_ (net)
                  0.12    0.00    0.73 ^ _177_/A (sky130_fd_sc_hd__clkbuf_4)
    16    0.07    0.16    0.20    0.93 ^ _177_/X (sky130_fd_sc_hd__clkbuf_4)
                                         _090_ (net)
                  0.16    0.01    0.94 ^ _217_/A (sky130_fd_sc_hd__and4_1)
     1    0.02    0.14    0.20    1.14 ^ _217_/X (sky130_fd_sc_hd__and4_1)
                                         _117_ (net)
                  0.14    0.00    1.14 ^ _218_/A (sky130_fd_sc_hd__clkbuf_4)
    18    0.08    0.19    0.23    1.37 ^ _218_/X (sky130_fd_sc_hd__clkbuf_4)
                                         _118_ (net)
                  0.19    0.01    1.37 ^ _243_/A (sky130_fd_sc_hd__and2_2)
     8    0.05    0.18    0.22    1.59 ^ _243_/X (sky130_fd_sc_hd__and2_2)
                                         _135_ (net)
                  0.18    0.00    1.60 ^ _246_/C (sky130_fd_sc_hd__and3_1)
     4    0.03    0.21    0.24    1.83 ^ _246_/X (sky130_fd_sc_hd__and3_1)
                                         _137_ (net)
                  0.21    0.00    1.84 ^ _248_/B (sky130_fd_sc_hd__xor2_1)
     1    0.01    0.16    0.15    1.99 ^ _248_/X (sky130_fd_sc_hd__xor2_1)
                                         _022_ (net)
                  0.16    0.00    1.99 ^ _346_/D (sky130_fd_sc_hd__dfrtp_2)
                                  1.99   data arrival time

                         10.00   10.00   clock core_clock (rise edge)
                          0.00   10.00   clock source latency
     1    0.02    0.00    0.00   10.00 ^ clk (in)
                                         clk (net)
                  0.00    0.00   10.00 ^ clkbuf_0_clk/A (sky130_fd_sc_hd__clkbuf_16)
     4    0.05    0.05    0.09   10.09 ^ clkbuf_0_clk/X (sky130_fd_sc_hd__clkbuf_16)
                                         clknet_0_clk (net)
                  0.05    0.00   10.09 ^ clkbuf_2_0__f_clk/A (sky130_fd_sc_hd__clkbuf_16)
    18    0.06    0.06    0.11   10.21 ^ clkbuf_2_0__f_clk/X (sky130_fd_sc_hd__clkbuf_16)
                                         clknet_2_0__leaf_clk (net)
                  0.06    0.00   10.21 ^ _346_/CLK (sky130_fd_sc_hd__dfrtp_2)
                          0.00   10.21   clock reconvergence pessimism
                         -0.05   10.16   library setup time
                                 10.16   data required time
-----------------------------------------------------------------------------
                                 10.16   data required time
                                 -1.99   data arrival time
-----------------------------------------------------------------------------
                                  8.17   slack (MET)


Startpoint: _321_ (rising edge-triggered flip-flop clocked by core_clock)
Endpoint: _349_ (rising edge-triggered flip-flop clocked by core_clock)
Path Group: core_clock
Path Type: max
Corner: Fastest

Fanout     Cap    Slew   Delay    Time   Description
-----------------------------------------------------------------------------
                          0.00    0.00   clock core_clock (rise edge)
                          0.00    0.00   clock source latency
     1    0.02    0.00    0.00    0.00 ^ clk (in)
                                         clk (net)
                  0.00    0.00    0.00 ^ clkbuf_0_clk/A (sky130_fd_sc_hd__clkbuf_16)
     4    0.05    0.05    0.09    0.09 ^ clkbuf_0_clk/X (sky130_fd_sc_hd__clkbuf_16)
                                         clknet_0_clk (net)
                  0.05    0.00    0.09 ^ clkbuf_2_1__f_clk/A (sky130_fd_sc_hd__clkbuf_16)
    22    0.07    0.06    0.12    0.21 ^ clkbuf_2_1__f_clk/X (sky130_fd_sc_hd__clkbuf_16)
                                         clknet_2_1__leaf_clk (net)
                  0.06    0.00    0.21 ^ _321_/CLK (sky130_fd_sc_hd__dfrtp_4)
    10    0.05    0.11    0.32    0.54 ^ _321_/Q (sky130_fd_sc_hd__dfrtp_4)
                                         div.count[1] (net)
                  0.11    0.00    0.54 ^ _176_/B (sky130_fd_sc_hd__and4_1)
     1    0.02    0.12    0.18    0.73 ^ _176_/X (sky130_fd_sc_hd__and4_1)
                                         _089_ (net)
                  0.12    0.00    0.73 ^ _177_/A (sky130_fd_sc_hd__clkbuf_4)
    16    0.07    0.16    0.20    0.93 ^ _177_/X (sky130_fd_sc_hd__clkbuf_4)
                                         _090_ (net)
                  0.16    0.01    0.94 ^ _217_/A (sky130_fd_sc_hd__and4_1)
     1    0.02    0.14    0.20    1.14 ^ _217_/X (sky130_fd_sc_hd__and4_1)
                                         _117_ (net)
                  0.14    0.00    1.14 ^ _218_/A (sky130_fd_sc_hd__clkbuf_4)
    18    0.08    0.19    0.23    1.37 ^ _218_/X (sky130_fd_sc_hd__clkbuf_4)
                                         _118_ (net)
                  0.19    0.01    1.37 ^ _251_/A (sky130_fd_sc_hd__and3_2)
    10    0.05    0.17    0.24    1.61 ^ _251_/X (sky130_fd_sc_hd__and3_2)
                                         _140_ (net)
                  0.17    0.00    1.62 ^ _253_/B (sky130_fd_sc_hd__and2_1)
     2    0.02    0.12    0.15    1.77 ^ _253_/X (sky130_fd_sc_hd__and2_1)
                                         _141_ (net)
                  0.12    0.00    1.77 ^ _257_/A2 (sky130_fd_sc_hd__o21a_1)
     2    0.03    0.19    0.19    1.96 ^ _257_/X (sky130_fd_sc_hd__o21a_1)
                                         _025_ (net)
                  0.19    0.00    1.96 ^ _349_/D (sky130_fd_sc_hd__dfrtp_4)
                                  1.96   data arrival time

                         10.00   10.00   clock core_clock (rise edge)
                          0.00   10.00   clock source latency
     1    0.02    0.00    0.00   10.00 ^ clk (in)
                                         clk (net)
                  0.00    0.00   10.00 ^ clkbuf_0_clk/A (sky130_fd_sc_hd__clkbuf_16)
     4    0.05    0.05    0.09   10.09 ^ clkbuf_0_clk/X (sky130_fd_sc_hd__clkbuf_16)
                                         clknet_0_clk (net)
                  0.05    0.00   10.09 ^ clkbuf_2_3__f_clk/A (sky130_fd_sc_hd__clkbuf_16)
    18    0.05    0.05    0.11   10.20 ^ clkbuf_2_3__f_clk/X (sky130_fd_sc_hd__clkbuf_16)
                                         clknet_2_3__leaf_clk (net)
                  0.05    0.00   10.20 ^ _349_/CLK (sky130_fd_sc_hd__dfrtp_4)
                          0.00   10.20   clock reconvergence pessimism
                         -0.05   10.15   library setup time
                                 10.15   data required time
-----------------------------------------------------------------------------
                                 10.15   data required time
                                 -1.96   data arrival time
-----------------------------------------------------------------------------
                                  8.19   slack (MET)


Startpoint: _321_ (rising edge-triggered flip-flop clocked by core_clock)
Endpoint: _348_ (rising edge-triggered flip-flop clocked by core_clock)
Path Group: core_clock
Path Type: max
Corner: Fastest

Fanout     Cap    Slew   Delay    Time   Description
-----------------------------------------------------------------------------
                          0.00    0.00   clock core_clock (rise edge)
                          0.00    0.00   clock source latency
     1    0.02    0.00    0.00    0.00 ^ clk (in)
                                         clk (net)
                  0.00    0.00    0.00 ^ clkbuf_0_clk/A (sky130_fd_sc_hd__clkbuf_16)
     4    0.05    0.05    0.09    0.09 ^ clkbuf_0_clk/X (sky130_fd_sc_hd__clkbuf_16)
                                         clknet_0_clk (net)
                  0.05    0.00    0.09 ^ clkbuf_2_1__f_clk/A (sky130_fd_sc_hd__clkbuf_16)
    22    0.07    0.06    0.12    0.21 ^ clkbuf_2_1__f_clk/X (sky130_fd_sc_hd__clkbuf_16)
                                         clknet_2_1__leaf_clk (net)
                  0.06    0.00    0.21 ^ _321_/CLK (sky130_fd_sc_hd__dfrtp_4)
    10    0.05    0.11    0.32    0.54 ^ _321_/Q (sky130_fd_sc_hd__dfrtp_4)
                                         div.count[1] (net)
                  0.11    0.00    0.54 ^ _176_/B (sky130_fd_sc_hd__and4_1)
     1    0.02    0.12    0.18    0.73 ^ _176_/X (sky130_fd_sc_hd__and4_1)
                                         _089_ (net)
                  0.12    0.00    0.73 ^ _177_/A (sky130_fd_sc_hd__clkbuf_4)
    16    0.07    0.16    0.20    0.93 ^ _177_/X (sky130_fd_sc_hd__clkbuf_4)
                                         _090_ (net)
                  0.16    0.01    0.94 ^ _217_/A (sky130_fd_sc_hd__and4_1)
     1    0.02    0.14    0.20    1.14 ^ _217_/X (sky130_fd_sc_hd__and4_1)
                                         _117_ (net)
                  0.14    0.00    1.14 ^ _218_/A (sky130_fd_sc_hd__clkbuf_4)
    18    0.08    0.19    0.23    1.37 ^ _218_/X (sky130_fd_sc_hd__clkbuf_4)
                                         _118_ (net)
                  0.19    0.01    1.37 ^ _251_/A (sky130_fd_sc_hd__and3_2)
    10    0.05    0.17    0.24    1.61 ^ _251_/X (sky130_fd_sc_hd__and3_2)
                                         _140_ (net)
                  0.17    0.00    1.61 ^ _254_/B (sky130_fd_sc_hd__nor2_1)
     2    0.03    0.10    0.11    1.72 v _254_/Y (sky130_fd_sc_hd__nor2_1)
                                         _142_ (net)
                  0.10    0.00    1.72 v _255_/B (sky130_fd_sc_hd__nor2_1)
     1    0.02    0.26    0.23    1.96 ^ _255_/Y (sky130_fd_sc_hd__nor2_1)
                                         _024_ (net)
                  0.26    0.00    1.96 ^ _348_/D (sky130_fd_sc_hd__dfrtp_4)
                                  1.96   data arrival time

                         10.00   10.00   clock core_clock (rise edge)
                          0.00   10.00   clock source latency
     1    0.02    0.00    0.00   10.00 ^ clk (in)
                                         clk (net)
                  0.00    0.00   10.00 ^ clkbuf_0_clk/A (sky130_fd_sc_hd__clkbuf_16)
     4    0.05    0.05    0.09   10.09 ^ clkbuf_0_clk/X (sky130_fd_sc_hd__clkbuf_16)
                                         clknet_0_clk (net)
                  0.05    0.00   10.09 ^ clkbuf_2_1__f_clk/A (sky130_fd_sc_hd__clkbuf_16)
    22    0.07    0.06    0.12   10.21 ^ clkbuf_2_1__f_clk/X (sky130_fd_sc_hd__clkbuf_16)
                                         clknet_2_1__leaf_clk (net)
                  0.06    0.00   10.21 ^ _348_/CLK (sky130_fd_sc_hd__dfrtp_4)
                          0.00   10.21   clock reconvergence pessimism
                         -0.06   10.16   library setup time
                                 10.16   data required time
-----------------------------------------------------------------------------
                                 10.16   data required time
                                 -1.96   data arrival time
-----------------------------------------------------------------------------
                                  8.20   slack (MET)


Startpoint: _335_ (rising edge-triggered flip-flop clocked by core_clock)
Endpoint: _334_ (rising edge-triggered flip-flop clocked by core_clock)
Path Group: core_clock
Path Type: max
Corner: Fastest

Fanout     Cap    Slew   Delay    Time   Description
-----------------------------------------------------------------------------
                          0.00    0.00   clock core_clock (rise edge)
                          0.00    0.00   clock source latency
     1    0.02    0.00    0.00    0.00 ^ clk (in)
                                         clk (net)
                  0.00    0.00    0.00 ^ clkbuf_0_clk/A (sky130_fd_sc_hd__clkbuf_16)
     4    0.05    0.05    0.09    0.09 ^ clkbuf_0_clk/X (sky130_fd_sc_hd__clkbuf_16)
                                         clknet_0_clk (net)
                  0.05    0.00    0.09 ^ clkbuf_2_3__f_clk/A (sky130_fd_sc_hd__clkbuf_16)
    18    0.05    0.05    0.11    0.20 ^ clkbuf_2_3__f_clk/X (sky130_fd_sc_hd__clkbuf_16)
                                         clknet_2_3__leaf_clk (net)
                  0.05    0.00    0.20 ^ _335_/CLK (sky130_fd_sc_hd__dfrtp_4)
     6    0.04    0.08    0.34    0.55 v _335_/Q (sky130_fd_sc_hd__dfrtp_4)
                                         div.count[15] (net)
                  0.08    0.01    0.55 v _157_/A (sky130_fd_sc_hd__or4b_2)
     2    0.03    0.13    0.48    1.03 v _157_/X (sky130_fd_sc_hd__or4b_2)
                                         _074_ (net)
                  0.13    0.00    1.03 v _161_/A (sky130_fd_sc_hd__or4_2)
     4    0.03    0.13    0.48    1.51 v _161_/X (sky130_fd_sc_hd__or4_2)
                                         _078_ (net)
                  0.13    0.00    1.52 v _199_/A (sky130_fd_sc_hd__or3_4)
     8    0.05    0.09    0.32    1.84 v _199_/X (sky130_fd_sc_hd__or3_4)
                                         _106_ (net)
                  0.09    0.01    1.84 v _214_/C1 (sky130_fd_sc_hd__o211a_1)
     1    0.00    0.03    0.09    1.93 v _214_/X (sky130_fd_sc_hd__o211a_1)
                                         _009_ (net)
                  0.03    0.00    1.93 v _334_/D (sky130_fd_sc_hd__dfrtp_2)
                                  1.93   data arrival time

                         10.00   10.00   clock core_clock (rise edge)
                          0.00   10.00   clock source latency
     1    0.02    0.00    0.00   10.00 ^ clk (in)
                                         clk (net)
                  0.00    0.00   10.00 ^ clkbuf_0_clk/A (sky130_fd_sc_hd__clkbuf_16)
     4    0.05    0.05    0.09   10.09 ^ clkbuf_0_clk/X (sky130_fd_sc_hd__clkbuf_16)
                                         clknet_0_clk (net)
                  0.05    0.00   10.09 ^ clkbuf_2_2__f_clk/A (sky130_fd_sc_hd__clkbuf_16)
    14    0.05    0.05    0.11   10.20 ^ clkbuf_2_2__f_clk/X (sky130_fd_sc_hd__clkbuf_16)
                                         clknet_2_2__leaf_clk (net)
                  0.05    0.00   10.21 ^ _334_/CLK (sky130_fd_sc_hd__dfrtp_2)
                          0.00   10.21   clock reconvergence pessimism
                         -0.07   10.14   library setup time
                                 10.14   data required time
-----------------------------------------------------------------------------
                                 10.14   data required time
                                 -1.93   data arrival time
-----------------------------------------------------------------------------
                                  8.21   slack (MET)


Startpoint: _321_ (rising edge-triggered flip-flop clocked by core_clock)
Endpoint: _351_ (rising edge-triggered flip-flop clocked by core_clock)
Path Group: core_clock
Path Type: max
Corner: Fastest

Fanout     Cap    Slew   Delay    Time   Description
-----------------------------------------------------------------------------
                          0.00    0.00   clock core_clock (rise edge)
                          0.00    0.00   clock source latency
     1    0.02    0.00    0.00    0.00 ^ clk (in)
                                         clk (net)
                  0.00    0.00    0.00 ^ clkbuf_0_clk/A (sky130_fd_sc_hd__clkbuf_16)
     4    0.05    0.05    0.09    0.09 ^ clkbuf_0_clk/X (sky130_fd_sc_hd__clkbuf_16)
                                         clknet_0_clk (net)
                  0.05    0.00    0.09 ^ clkbuf_2_1__f_clk/A (sky130_fd_sc_hd__clkbuf_16)
    22    0.07    0.06    0.12    0.21 ^ clkbuf_2_1__f_clk/X (sky130_fd_sc_hd__clkbuf_16)
                                         clknet_2_1__leaf_clk (net)
                  0.06    0.00    0.21 ^ _321_/CLK (sky130_fd_sc_hd__dfrtp_4)
    10    0.05    0.11    0.32    0.54 ^ _321_/Q (sky130_fd_sc_hd__dfrtp_4)
                                         div.count[1] (net)
                  0.11    0.00    0.54 ^ _176_/B (sky130_fd_sc_hd__and4_1)
     1    0.02    0.12    0.18    0.73 ^ _176_/X (sky130_fd_sc_hd__and4_1)
                                         _089_ (net)
                  0.12    0.00    0.73 ^ _177_/A (sky130_fd_sc_hd__clkbuf_4)
    16    0.07    0.16    0.20    0.93 ^ _177_/X (sky130_fd_sc_hd__clkbuf_4)
                                         _090_ (net)
                  0.16    0.01    0.94 ^ _217_/A (sky130_fd_sc_hd__and4_1)
     1    0.02    0.14    0.20    1.14 ^ _217_/X (sky130_fd_sc_hd__and4_1)
                                         _117_ (net)
                  0.14    0.00    1.14 ^ _218_/A (sky130_fd_sc_hd__clkbuf_4)
    18    0.08    0.19    0.23    1.37 ^ _218_/X (sky130_fd_sc_hd__clkbuf_4)
                                         _118_ (net)
                  0.19    0.01    1.37 ^ _251_/A (sky130_fd_sc_hd__and3_2)
    10    0.05    0.17    0.24    1.61 ^ _251_/X (sky130_fd_sc_hd__and3_2)
                                         _140_ (net)
                  0.17    0.00    1.61 ^ _259_/D (sky130_fd_sc_hd__and4_1)
     1    0.01    0.08    0.16    1.77 ^ _259_/X (sky130_fd_sc_hd__and4_1)
                                         _144_ (net)
                  0.08    0.00    1.77 ^ _260_/B (sky130_fd_sc_hd__xor2_1)
     1    0.01    0.16    0.15    1.92 ^ _260_/X (sky130_fd_sc_hd__xor2_1)
                                         _028_ (net)
                  0.16    0.00    1.92 ^ _351_/D (sky130_fd_sc_hd__dfrtp_1)
                                  1.92   data arrival time

                         10.00   10.00   clock core_clock (rise edge)
                          0.00   10.00   clock source latency
     1    0.02    0.00    0.00   10.00 ^ clk (in)
                                         clk (net)
                  0.00    0.00   10.00 ^ clkbuf_0_clk/A (sky130_fd_sc_hd__clkbuf_16)
     4    0.05    0.05    0.09   10.09 ^ clkbuf_0_clk/X (sky130_fd_sc_hd__clkbuf_16)
                                         clknet_0_clk (net)
                  0.05    0.00   10.09 ^ clkbuf_2_3__f_clk/A (sky130_fd_sc_hd__clkbuf_16)
    18    0.05    0.05    0.11   10.20 ^ clkbuf_2_3__f_clk/X (sky130_fd_sc_hd__clkbuf_16)
                                         clknet_2_3__leaf_clk (net)
                  0.05    0.00   10.20 ^ _351_/CLK (sky130_fd_sc_hd__dfrtp_1)
                          0.00   10.20   clock reconvergence pessimism
                         -0.05   10.16   library setup time
                                 10.16   data required time
-----------------------------------------------------------------------------
                                 10.16   data required time
                                 -1.92   data arrival time
-----------------------------------------------------------------------------
                                  8.24   slack (MET)


Startpoint: _321_ (rising edge-triggered flip-flop clocked by core_clock)
Endpoint: _335_ (rising edge-triggered flip-flop clocked by core_clock)
Path Group: core_clock
Path Type: max
Corner: Fastest

Fanout     Cap    Slew   Delay    Time   Description
-----------------------------------------------------------------------------
                          0.00    0.00   clock core_clock (rise edge)
                          0.00    0.00   clock source latency
     1    0.02    0.00    0.00    0.00 ^ clk (in)
                                         clk (net)
                  0.00    0.00    0.00 ^ clkbuf_0_clk/A (sky130_fd_sc_hd__clkbuf_16)
     4    0.05    0.05    0.09    0.09 ^ clkbuf_0_clk/X (sky130_fd_sc_hd__clkbuf_16)
                                         clknet_0_clk (net)
                  0.05    0.00    0.09 ^ clkbuf_2_1__f_clk/A (sky130_fd_sc_hd__clkbuf_16)
    22    0.07    0.06    0.12    0.21 ^ clkbuf_2_1__f_clk/X (sky130_fd_sc_hd__clkbuf_16)
                                         clknet_2_1__leaf_clk (net)
                  0.06    0.00    0.21 ^ _321_/CLK (sky130_fd_sc_hd__dfrtp_4)
    10    0.05    0.11    0.32    0.54 ^ _321_/Q (sky130_fd_sc_hd__dfrtp_4)
                                         div.count[1] (net)
                  0.11    0.00    0.54 ^ _176_/B (sky130_fd_sc_hd__and4_1)
     1    0.02    0.12    0.18    0.73 ^ _176_/X (sky130_fd_sc_hd__and4_1)
                                         _089_ (net)
                  0.12    0.00    0.73 ^ _177_/A (sky130_fd_sc_hd__clkbuf_4)
    16    0.07    0.16    0.20    0.93 ^ _177_/X (sky130_fd_sc_hd__clkbuf_4)
                                         _090_ (net)
                  0.16    0.00    0.94 ^ _195_/C (sky130_fd_sc_hd__and4_1)
     1    0.02    0.13    0.20    1.13 ^ _195_/X (sky130_fd_sc_hd__and4_1)
                                         _102_ (net)
                  0.13    0.00    1.14 ^ _196_/A (sky130_fd_sc_hd__clkbuf_4)
    12    0.07    0.15    0.20    1.34 ^ _196_/X (sky130_fd_sc_hd__clkbuf_4)
                                         _103_ (net)
                  0.15    0.00    1.34 ^ _211_/A (sky130_fd_sc_hd__and2_2)
     6    0.04    0.16    0.20    1.54 ^ _211_/X (sky130_fd_sc_hd__and2_2)
                                         _114_ (net)
                  0.16    0.00    1.54 ^ _213_/B (sky130_fd_sc_hd__nand2_2)
     4    0.03    0.10    0.10    1.64 v _213_/Y (sky130_fd_sc_hd__nand2_2)
                                         _115_ (net)
                  0.10    0.00    1.64 v _215_/B (sky130_fd_sc_hd__xnor2_2)
     2    0.03    0.29    0.25    1.90 ^ _215_/Y (sky130_fd_sc_hd__xnor2_2)
                                         _010_ (net)
                  0.29    0.00    1.90 ^ _335_/D (sky130_fd_sc_hd__dfrtp_4)
                                  1.90   data arrival time

                         10.00   10.00   clock core_clock (rise edge)
                          0.00   10.00   clock source latency
     1    0.02    0.00    0.00   10.00 ^ clk (in)
                                         clk (net)
                  0.00    0.00   10.00 ^ clkbuf_0_clk/A (sky130_fd_sc_hd__clkbuf_16)
     4    0.05    0.05    0.09   10.09 ^ clkbuf_0_clk/X (sky130_fd_sc_hd__clkbuf_16)
                                         clknet_0_clk (net)
                  0.05    0.00   10.09 ^ clkbuf_2_3__f_clk/A (sky130_fd_sc_hd__clkbuf_16)
    18    0.05    0.05    0.11   10.20 ^ clkbuf_2_3__f_clk/X (sky130_fd_sc_hd__clkbuf_16)
                                         clknet_2_3__leaf_clk (net)
                  0.05    0.00   10.20 ^ _335_/CLK (sky130_fd_sc_hd__dfrtp_4)
                          0.00   10.20   clock reconvergence pessimism
                         -0.06   10.14   library setup time
                                 10.14   data required time
-----------------------------------------------------------------------------
                                 10.14   data required time
                                 -1.90   data arrival time
-----------------------------------------------------------------------------
                                  8.24   slack (MET)


Startpoint: _321_ (rising edge-triggered flip-flop clocked by core_clock)
Endpoint: _344_ (rising edge-triggered flip-flop clocked by core_clock)
Path Group: core_clock
Path Type: max
Corner: Fastest

Fanout     Cap    Slew   Delay    Time   Description
-----------------------------------------------------------------------------
                          0.00    0.00   clock core_clock (rise edge)
                          0.00    0.00   clock source latency
     1    0.02    0.00    0.00    0.00 ^ clk (in)
                                         clk (net)
                  0.00    0.00    0.00 ^ clkbuf_0_clk/A (sky130_fd_sc_hd__clkbuf_16)
     4    0.05    0.05    0.09    0.09 ^ clkbuf_0_clk/X (sky130_fd_sc_hd__clkbuf_16)
                                         clknet_0_clk (net)
                  0.05    0.00    0.09 ^ clkbuf_2_1__f_clk/A (sky130_fd_sc_hd__clkbuf_16)
    22    0.07    0.06    0.12    0.21 ^ clkbuf_2_1__f_clk/X (sky130_fd_sc_hd__clkbuf_16)
                                         clknet_2_1__leaf_clk (net)
                  0.06    0.00    0.21 ^ _321_/CLK (sky130_fd_sc_hd__dfrtp_4)
    10    0.05    0.11    0.32    0.54 ^ _321_/Q (sky130_fd_sc_hd__dfrtp_4)
                                         div.count[1] (net)
                  0.11    0.00    0.54 ^ _176_/B (sky130_fd_sc_hd__and4_1)
     1    0.02    0.12    0.18    0.73 ^ _176_/X (sky130_fd_sc_hd__and4_1)
                                         _089_ (net)
                  0.12    0.00    0.73 ^ _177_/A (sky130_fd_sc_hd__clkbuf_4)
    16    0.07    0.16    0.20    0.93 ^ _177_/X (sky130_fd_sc_hd__clkbuf_4)
                                         _090_ (net)
                  0.16    0.01    0.94 ^ _217_/A (sky130_fd_sc_hd__and4_1)
     1    0.02    0.14    0.20    1.14 ^ _217_/X (sky130_fd_sc_hd__and4_1)
                                         _117_ (net)
                  0.14    0.00    1.14 ^ _218_/A (sky130_fd_sc_hd__clkbuf_4)
    18    0.08    0.19    0.23    1.37 ^ _218_/X (sky130_fd_sc_hd__clkbuf_4)
                                         _118_ (net)
                  0.19    0.01    1.37 ^ _243_/A (sky130_fd_sc_hd__and2_2)
     8    0.05    0.18    0.22    1.59 ^ _243_/X (sky130_fd_sc_hd__and2_2)
                                         _135_ (net)
                  0.18    0.01    1.60 ^ _244_/B (sky130_fd_sc_hd__xor2_1)
     2    0.02    0.35    0.29    1.88 ^ _244_/X (sky130_fd_sc_hd__xor2_1)
                                         _020_ (net)
                  0.35    0.00    1.88 ^ _344_/D (sky130_fd_sc_hd__dfrtp_4)
                                  1.88   data arrival time

                         10.00   10.00   clock core_clock (rise edge)
                          0.00   10.00   clock source latency
     1    0.02    0.00    0.00   10.00 ^ clk (in)
                                         clk (net)
                  0.00    0.00   10.00 ^ clkbuf_0_clk/A (sky130_fd_sc_hd__clkbuf_16)
     4    0.05    0.05    0.09   10.09 ^ clkbuf_0_clk/X (sky130_fd_sc_hd__clkbuf_16)
                                         clknet_0_clk (net)
                  0.05    0.00   10.09 ^ clkbuf_2_3__f_clk/A (sky130_fd_sc_hd__clkbuf_16)
    18    0.05    0.05    0.11   10.20 ^ clkbuf_2_3__f_clk/X (sky130_fd_sc_hd__clkbuf_16)
                                         clknet_2_3__leaf_clk (net)
                  0.05    0.00   10.20 ^ _344_/CLK (sky130_fd_sc_hd__dfrtp_4)
                          0.00   10.20   clock reconvergence pessimism
                         -0.07   10.14   library setup time
                                 10.14   data required time
-----------------------------------------------------------------------------
                                 10.14   data required time
                                 -1.88   data arrival time
-----------------------------------------------------------------------------
                                  8.25   slack (MET)


Startpoint: _321_ (rising edge-triggered flip-flop clocked by core_clock)
Endpoint: _347_ (rising edge-triggered flip-flop clocked by core_clock)
Path Group: core_clock
Path Type: max
Corner: Fastest

Fanout     Cap    Slew   Delay    Time   Description
-----------------------------------------------------------------------------
                          0.00    0.00   clock core_clock (rise edge)
                          0.00    0.00   clock source latency
     1    0.02    0.00    0.00    0.00 ^ clk (in)
                                         clk (net)
                  0.00    0.00    0.00 ^ clkbuf_0_clk/A (sky130_fd_sc_hd__clkbuf_16)
     4    0.05    0.05    0.09    0.09 ^ clkbuf_0_clk/X (sky130_fd_sc_hd__clkbuf_16)
                                         clknet_0_clk (net)
                  0.05    0.00    0.09 ^ clkbuf_2_1__f_clk/A (sky130_fd_sc_hd__clkbuf_16)
    22    0.07    0.06    0.12    0.21 ^ clkbuf_2_1__f_clk/X (sky130_fd_sc_hd__clkbuf_16)
                                         clknet_2_1__leaf_clk (net)
                  0.06    0.00    0.21 ^ _321_/CLK (sky130_fd_sc_hd__dfrtp_4)
    10    0.05    0.11    0.32    0.54 ^ _321_/Q (sky130_fd_sc_hd__dfrtp_4)
                                         div.count[1] (net)
                  0.11    0.00    0.54 ^ _176_/B (sky130_fd_sc_hd__and4_1)
     1    0.02    0.12    0.18    0.73 ^ _176_/X (sky130_fd_sc_hd__and4_1)
                                         _089_ (net)
                  0.12    0.00    0.73 ^ _177_/A (sky130_fd_sc_hd__clkbuf_4)
    16    0.07    0.16    0.20    0.93 ^ _177_/X (sky130_fd_sc_hd__clkbuf_4)
                                         _090_ (net)
                  0.16    0.01    0.94 ^ _217_/A (sky130_fd_sc_hd__and4_1)
     1    0.02    0.14    0.20    1.14 ^ _217_/X (sky130_fd_sc_hd__and4_1)
                                         _117_ (net)
                  0.14    0.00    1.14 ^ _218_/A (sky130_fd_sc_hd__clkbuf_4)
    18    0.08    0.19    0.23    1.37 ^ _218_/X (sky130_fd_sc_hd__clkbuf_4)
                                         _118_ (net)
                  0.19    0.01    1.37 ^ _243_/A (sky130_fd_sc_hd__and2_2)
     8    0.05    0.18    0.22    1.59 ^ _243_/X (sky130_fd_sc_hd__and2_2)
                                         _135_ (net)
                  0.18    0.00    1.59 ^ _249_/D (sky130_fd_sc_hd__and4_1)
     1    0.01    0.10    0.18    1.77 ^ _249_/X (sky130_fd_sc_hd__and4_1)
                                         _138_ (net)
                  0.10    0.00    1.77 ^ _252_/A2 (sky130_fd_sc_hd__o21ba_1)
     1    0.01    0.10    0.13    1.90 ^ _252_/X (sky130_fd_sc_hd__o21ba_1)
                                         _023_ (net)
                  0.10    0.00    1.90 ^ _347_/D (sky130_fd_sc_hd__dfrtp_1)
                                  1.90   data arrival time

                         10.00   10.00   clock core_clock (rise edge)
                          0.00   10.00   clock source latency
     1    0.02    0.00    0.00   10.00 ^ clk (in)
                                         clk (net)
                  0.00    0.00   10.00 ^ clkbuf_0_clk/A (sky130_fd_sc_hd__clkbuf_16)
     4    0.05    0.05    0.09   10.09 ^ clkbuf_0_clk/X (sky130_fd_sc_hd__clkbuf_16)
                                         clknet_0_clk (net)
                  0.05    0.00   10.09 ^ clkbuf_2_3__f_clk/A (sky130_fd_sc_hd__clkbuf_16)
    18    0.05    0.05    0.11   10.20 ^ clkbuf_2_3__f_clk/X (sky130_fd_sc_hd__clkbuf_16)
                                         clknet_2_3__leaf_clk (net)
                  0.05    0.00   10.20 ^ _347_/CLK (sky130_fd_sc_hd__dfrtp_1)
                          0.00   10.20   clock reconvergence pessimism
                         -0.04   10.16   library setup time
                                 10.16   data required time
-----------------------------------------------------------------------------
                                 10.16   data required time
                                 -1.90   data arrival time
-----------------------------------------------------------------------------
                                  8.26   slack (MET)


Startpoint: _321_ (rising edge-triggered flip-flop clocked by core_clock)
Endpoint: _341_ (rising edge-triggered flip-flop clocked by core_clock)
Path Group: core_clock
Path Type: max
Corner: Fastest

Fanout     Cap    Slew   Delay    Time   Description
-----------------------------------------------------------------------------
                          0.00    0.00   clock core_clock (rise edge)
                          0.00    0.00   clock source latency
     1    0.02    0.00    0.00    0.00 ^ clk (in)
                                         clk (net)
                  0.00    0.00    0.00 ^ clkbuf_0_clk/A (sky130_fd_sc_hd__clkbuf_16)
     4    0.05    0.05    0.09    0.09 ^ clkbuf_0_clk/X (sky130_fd_sc_hd__clkbuf_16)
                                         clknet_0_clk (net)
                  0.05    0.00    0.09 ^ clkbuf_2_1__f_clk/A (sky130_fd_sc_hd__clkbuf_16)
    22    0.07    0.06    0.12    0.21 ^ clkbuf_2_1__f_clk/X (sky130_fd_sc_hd__clkbuf_16)
                                         clknet_2_1__leaf_clk (net)
                  0.06    0.00    0.21 ^ _321_/CLK (sky130_fd_sc_hd__dfrtp_4)
    10    0.05    0.11    0.32    0.54 ^ _321_/Q (sky130_fd_sc_hd__dfrtp_4)
                                         div.count[1] (net)
                  0.11    0.00    0.54 ^ _176_/B (sky130_fd_sc_hd__and4_1)
     1    0.02    0.12    0.18    0.73 ^ _176_/X (sky130_fd_sc_hd__and4_1)
                                         _089_ (net)
                  0.12    0.00    0.73 ^ _177_/A (sky130_fd_sc_hd__clkbuf_4)
    16    0.07    0.16    0.20    0.93 ^ _177_/X (sky130_fd_sc_hd__clkbuf_4)
                                         _090_ (net)
                  0.16    0.01    0.94 ^ _217_/A (sky130_fd_sc_hd__and4_1)
     1    0.02    0.14    0.20    1.14 ^ _217_/X (sky130_fd_sc_hd__and4_1)
                                         _117_ (net)
                  0.14    0.00    1.14 ^ _218_/A (sky130_fd_sc_hd__clkbuf_4)
    18    0.08    0.19    0.23    1.37 ^ _218_/X (sky130_fd_sc_hd__clkbuf_4)
                                         _118_ (net)
                  0.19    0.01    1.37 ^ _232_/B (sky130_fd_sc_hd__and3_2)
     8    0.05    0.20    0.25    1.63 ^ _232_/X (sky130_fd_sc_hd__and3_2)
                                         _128_ (net)
                  0.20    0.01    1.63 ^ _235_/B (sky130_fd_sc_hd__xor2_1)
     2    0.02    0.29    0.24    1.88 ^ _235_/X (sky130_fd_sc_hd__xor2_1)
                                         _017_ (net)
                  0.29    0.00    1.88 ^ _341_/D (sky130_fd_sc_hd__dfrtp_4)
                                  1.88   data arrival time

                         10.00   10.00   clock core_clock (rise edge)
                          0.00   10.00   clock source latency
     1    0.02    0.00    0.00   10.00 ^ clk (in)
                                         clk (net)
                  0.00    0.00   10.00 ^ clkbuf_0_clk/A (sky130_fd_sc_hd__clkbuf_16)
     4    0.05    0.05    0.09   10.09 ^ clkbuf_0_clk/X (sky130_fd_sc_hd__clkbuf_16)
                                         clknet_0_clk (net)
                  0.05    0.00   10.09 ^ clkbuf_2_1__f_clk/A (sky130_fd_sc_hd__clkbuf_16)
    22    0.07    0.06    0.12   10.21 ^ clkbuf_2_1__f_clk/X (sky130_fd_sc_hd__clkbuf_16)
                                         clknet_2_1__leaf_clk (net)
                  0.06    0.00   10.21 ^ _341_/CLK (sky130_fd_sc_hd__dfrtp_4)
                          0.00   10.21   clock reconvergence pessimism
                         -0.06   10.15   library setup time
                                 10.15   data required time
-----------------------------------------------------------------------------
                                 10.15   data required time
                                 -1.88   data arrival time
-----------------------------------------------------------------------------
                                  8.27   slack (MET)


Startpoint: _321_ (rising edge-triggered flip-flop clocked by core_clock)
Endpoint: _350_ (rising edge-triggered flip-flop clocked by core_clock)
Path Group: core_clock
Path Type: max
Corner: Fastest

Fanout     Cap    Slew   Delay    Time   Description
-----------------------------------------------------------------------------
                          0.00    0.00   clock core_clock (rise edge)
                          0.00    0.00   clock source latency
     1    0.02    0.00    0.00    0.00 ^ clk (in)
                                         clk (net)
                  0.00    0.00    0.00 ^ clkbuf_0_clk/A (sky130_fd_sc_hd__clkbuf_16)
     4    0.05    0.05    0.09    0.09 ^ clkbuf_0_clk/X (sky130_fd_sc_hd__clkbuf_16)
                                         clknet_0_clk (net)
                  0.05    0.00    0.09 ^ clkbuf_2_1__f_clk/A (sky130_fd_sc_hd__clkbuf_16)
    22    0.07    0.06    0.12    0.21 ^ clkbuf_2_1__f_clk/X (sky130_fd_sc_hd__clkbuf_16)
                                         clknet_2_1__leaf_clk (net)
                  0.06    0.00    0.21 ^ _321_/CLK (sky130_fd_sc_hd__dfrtp_4)
    10    0.05    0.11    0.32    0.54 ^ _321_/Q (sky130_fd_sc_hd__dfrtp_4)
                                         div.count[1] (net)
                  0.11    0.00    0.54 ^ _176_/B (sky130_fd_sc_hd__and4_1)
     1    0.02    0.12    0.18    0.73 ^ _176_/X (sky130_fd_sc_hd__and4_1)
                                         _089_ (net)
                  0.12    0.00    0.73 ^ _177_/A (sky130_fd_sc_hd__clkbuf_4)
    16    0.07    0.16    0.20    0.93 ^ _177_/X (sky130_fd_sc_hd__clkbuf_4)
                                         _090_ (net)
                  0.16    0.01    0.94 ^ _217_/A (sky130_fd_sc_hd__and4_1)
     1    0.02    0.14    0.20    1.14 ^ _217_/X (sky130_fd_sc_hd__and4_1)
                                         _117_ (net)
                  0.14    0.00    1.14 ^ _218_/A (sky130_fd_sc_hd__clkbuf_4)
    18    0.08    0.19    0.23    1.37 ^ _218_/X (sky130_fd_sc_hd__clkbuf_4)
                                         _118_ (net)
                  0.19    0.01    1.37 ^ _251_/A (sky130_fd_sc_hd__and3_2)
    10    0.05    0.17    0.24    1.61 ^ _251_/X (sky130_fd_sc_hd__and3_2)
                                         _140_ (net)
                  0.17    0.00    1.61 ^ _256_/C (sky130_fd_sc_hd__nand3_2)
     4    0.03    0.11    0.11    1.73 v _256_/Y (sky130_fd_sc_hd__nand3_2)
                                         _143_ (net)
                  0.11    0.00    1.73 v _258_/B (sky130_fd_sc_hd__xnor2_1)
     1    0.00    0.05    0.11    1.84 v _258_/Y (sky130_fd_sc_hd__xnor2_1)
                                         _027_ (net)
                  0.05    0.00    1.84 v _350_/D (sky130_fd_sc_hd__dfrtp_2)
                                  1.84   data arrival time

                         10.00   10.00   clock core_clock (rise edge)
                          0.00   10.00   clock source latency
     1    0.02    0.00    0.00   10.00 ^ clk (in)
                                         clk (net)
                  0.00    0.00   10.00 ^ clkbuf_0_clk/A (sky130_fd_sc_hd__clkbuf_16)
     4    0.05    0.05    0.09   10.09 ^ clkbuf_0_clk/X (sky130_fd_sc_hd__clkbuf_16)
                                         clknet_0_clk (net)
                  0.05    0.00   10.09 ^ clkbuf_2_0__f_clk/A (sky130_fd_sc_hd__clkbuf_16)
    18    0.06    0.06    0.11   10.21 ^ clkbuf_2_0__f_clk/X (sky130_fd_sc_hd__clkbuf_16)
                                         clknet_2_0__leaf_clk (net)
                  0.06    0.00   10.21 ^ _350_/CLK (sky130_fd_sc_hd__dfrtp_2)
                          0.00   10.21   clock reconvergence pessimism
                         -0.08   10.13   library setup time
                                 10.13   data required time
-----------------------------------------------------------------------------
                                 10.13   data required time
                                 -1.84   data arrival time
-----------------------------------------------------------------------------
                                  8.29   slack (MET)


Startpoint: _322_ (rising edge-triggered flip-flop clocked by core_clock)
Endpoint: _337_ (rising edge-triggered flip-flop clocked by core_clock)
Path Group: core_clock
Path Type: max
Corner: Fastest

Fanout     Cap    Slew   Delay    Time   Description
-----------------------------------------------------------------------------
                          0.00    0.00   clock core_clock (rise edge)
                          0.00    0.00   clock source latency
     1    0.02    0.00    0.00    0.00 ^ clk (in)
                                         clk (net)
                  0.00    0.00    0.00 ^ clkbuf_0_clk/A (sky130_fd_sc_hd__clkbuf_16)
     4    0.05    0.05    0.09    0.09 ^ clkbuf_0_clk/X (sky130_fd_sc_hd__clkbuf_16)
                                         clknet_0_clk (net)
                  0.05    0.00    0.09 ^ clkbuf_2_1__f_clk/A (sky130_fd_sc_hd__clkbuf_16)
    22    0.07    0.06    0.12    0.21 ^ clkbuf_2_1__f_clk/X (sky130_fd_sc_hd__clkbuf_16)
                                         clknet_2_1__leaf_clk (net)
                  0.06    0.00    0.21 ^ _322_/CLK (sky130_fd_sc_hd__dfrtp_4)
     8    0.04    0.08    0.35    0.56 v _322_/Q (sky130_fd_sc_hd__dfrtp_4)
                                         div.count[2] (net)
                  0.08    0.00    0.56 v _176_/C (sky130_fd_sc_hd__and4_1)
     1    0.02    0.06    0.17    0.74 v _176_/X (sky130_fd_sc_hd__and4_1)
                                         _089_ (net)
                  0.06    0.00    0.74 v _177_/A (sky130_fd_sc_hd__clkbuf_4)
    16    0.07    0.10    0.17    0.91 v _177_/X (sky130_fd_sc_hd__clkbuf_4)
                                         _090_ (net)
                  0.10    0.01    0.91 v _217_/A (sky130_fd_sc_hd__and4_1)
     1    0.02    0.07    0.16    1.07 v _217_/X (sky130_fd_sc_hd__and4_1)
                                         _117_ (net)
                  0.07    0.00    1.07 v _218_/A (sky130_fd_sc_hd__clkbuf_4)
    18    0.08    0.12    0.18    1.26 v _218_/X (sky130_fd_sc_hd__clkbuf_4)
                                         _118_ (net)
                  0.12    0.00    1.26 v _221_/C (sky130_fd_sc_hd__and3_2)
     4    0.04    0.09    0.23    1.49 v _221_/X (sky130_fd_sc_hd__and3_2)
                                         _120_ (net)
                  0.09    0.00    1.49 v _222_/B (sky130_fd_sc_hd__nor2_2)
     2    0.04    0.28    0.24    1.73 ^ _222_/Y (sky130_fd_sc_hd__nor2_2)
                                         _012_ (net)
                  0.28    0.00    1.73 ^ _337_/D (sky130_fd_sc_hd__dfrtp_4)
                                  1.73   data arrival time

                         10.00   10.00   clock core_clock (rise edge)
                          0.00   10.00   clock source latency
     1    0.02    0.00    0.00   10.00 ^ clk (in)
                                         clk (net)
                  0.00    0.00   10.00 ^ clkbuf_0_clk/A (sky130_fd_sc_hd__clkbuf_16)
     4    0.05    0.05    0.09   10.09 ^ clkbuf_0_clk/X (sky130_fd_sc_hd__clkbuf_16)
                                         clknet_0_clk (net)
                  0.05    0.00   10.09 ^ clkbuf_2_2__f_clk/A (sky130_fd_sc_hd__clkbuf_16)
    14    0.05    0.05    0.11   10.20 ^ clkbuf_2_2__f_clk/X (sky130_fd_sc_hd__clkbuf_16)
                                         clknet_2_2__leaf_clk (net)
                  0.05    0.00   10.21 ^ _337_/CLK (sky130_fd_sc_hd__dfrtp_4)
                          0.00   10.21   clock reconvergence pessimism
                         -0.06   10.14   library setup time
                                 10.14   data required time
-----------------------------------------------------------------------------
                                 10.14   data required time
                                 -1.73   data arrival time
-----------------------------------------------------------------------------
                                  8.41   slack (MET)


Startpoint: _321_ (rising edge-triggered flip-flop clocked by core_clock)
Endpoint: _340_ (rising edge-triggered flip-flop clocked by core_clock)
Path Group: core_clock
Path Type: max
Corner: Fastest

Fanout     Cap    Slew   Delay    Time   Description
-----------------------------------------------------------------------------
                          0.00    0.00   clock core_clock (rise edge)
                          0.00    0.00   clock source latency
     1    0.02    0.00    0.00    0.00 ^ clk (in)
                                         clk (net)
                  0.00    0.00    0.00 ^ clkbuf_0_clk/A (sky130_fd_sc_hd__clkbuf_16)
     4    0.05    0.05    0.09    0.09 ^ clkbuf_0_clk/X (sky130_fd_sc_hd__clkbuf_16)
                                         clknet_0_clk (net)
                  0.05    0.00    0.09 ^ clkbuf_2_1__f_clk/A (sky130_fd_sc_hd__clkbuf_16)
    22    0.07    0.06    0.12    0.21 ^ clkbuf_2_1__f_clk/X (sky130_fd_sc_hd__clkbuf_16)
                                         clknet_2_1__leaf_clk (net)
                  0.06    0.00    0.21 ^ _321_/CLK (sky130_fd_sc_hd__dfrtp_4)
    10    0.05    0.11    0.32    0.54 ^ _321_/Q (sky130_fd_sc_hd__dfrtp_4)
                                         div.count[1] (net)
                  0.11    0.00    0.54 ^ _176_/B (sky130_fd_sc_hd__and4_1)
     1    0.02    0.12    0.18    0.73 ^ _176_/X (sky130_fd_sc_hd__and4_1)
                                         _089_ (net)
                  0.12    0.00    0.73 ^ _177_/A (sky130_fd_sc_hd__clkbuf_4)
    16    0.07    0.16    0.20    0.93 ^ _177_/X (sky130_fd_sc_hd__clkbuf_4)
                                         _090_ (net)
                  0.16    0.01    0.94 ^ _217_/A (sky130_fd_sc_hd__and4_1)
     1    0.02    0.14    0.20    1.14 ^ _217_/X (sky130_fd_sc_hd__and4_1)
                                         _117_ (net)
                  0.14    0.00    1.14 ^ _218_/A (sky130_fd_sc_hd__clkbuf_4)
    18    0.08    0.19    0.23    1.37 ^ _218_/X (sky130_fd_sc_hd__clkbuf_4)
                                         _118_ (net)
                  0.19    0.01    1.37 ^ _232_/B (sky130_fd_sc_hd__and3_2)
     8    0.05    0.20    0.25    1.63 ^ _232_/X (sky130_fd_sc_hd__and3_2)
                                         _128_ (net)
                  0.20    0.01    1.63 ^ _234_/A (sky130_fd_sc_hd__nor2_1)
     1    0.01    0.07    0.04    1.68 v _234_/Y (sky130_fd_sc_hd__nor2_1)
                                         _016_ (net)
                  0.07    0.00    1.68 v _340_/D (sky130_fd_sc_hd__dfrtp_4)
                                  1.68   data arrival time

                         10.00   10.00   clock core_clock (rise edge)
                          0.00   10.00   clock source latency
     1    0.02    0.00    0.00   10.00 ^ clk (in)
                                         clk (net)
                  0.00    0.00   10.00 ^ clkbuf_0_clk/A (sky130_fd_sc_hd__clkbuf_16)
     4    0.05    0.05    0.09   10.09 ^ clkbuf_0_clk/X (sky130_fd_sc_hd__clkbuf_16)
                                         clknet_0_clk (net)
                  0.05    0.00   10.09 ^ clkbuf_2_2__f_clk/A (sky130_fd_sc_hd__clkbuf_16)
    14    0.05    0.05    0.11   10.20 ^ clkbuf_2_2__f_clk/X (sky130_fd_sc_hd__clkbuf_16)
                                         clknet_2_2__leaf_clk (net)
                  0.06    0.00   10.21 ^ _340_/CLK (sky130_fd_sc_hd__dfrtp_4)
                          0.00   10.21   clock reconvergence pessimism
                         -0.08   10.12   library setup time
                                 10.12   data required time
-----------------------------------------------------------------------------
                                 10.12   data required time
                                 -1.68   data arrival time
-----------------------------------------------------------------------------
                                  8.45   slack (MET)


Startpoint: _321_ (rising edge-triggered flip-flop clocked by core_clock)
Endpoint: _332_ (rising edge-triggered flip-flop clocked by core_clock)
Path Group: core_clock
Path Type: max
Corner: Fastest

Fanout     Cap    Slew   Delay    Time   Description
-----------------------------------------------------------------------------
                          0.00    0.00   clock core_clock (rise edge)
                          0.00    0.00   clock source latency
     1    0.02    0.00    0.00    0.00 ^ clk (in)
                                         clk (net)
                  0.00    0.00    0.00 ^ clkbuf_0_clk/A (sky130_fd_sc_hd__clkbuf_16)
     4    0.05    0.05    0.09    0.09 ^ clkbuf_0_clk/X (sky130_fd_sc_hd__clkbuf_16)
                                         clknet_0_clk (net)
                  0.05    0.00    0.09 ^ clkbuf_2_1__f_clk/A (sky130_fd_sc_hd__clkbuf_16)
    22    0.07    0.06    0.12    0.21 ^ clkbuf_2_1__f_clk/X (sky130_fd_sc_hd__clkbuf_16)
                                         clknet_2_1__leaf_clk (net)
                  0.06    0.00    0.21 ^ _321_/CLK (sky130_fd_sc_hd__dfrtp_4)
    10    0.05    0.11    0.32    0.54 ^ _321_/Q (sky130_fd_sc_hd__dfrtp_4)
                                         div.count[1] (net)
                  0.11    0.00    0.54 ^ _176_/B (sky130_fd_sc_hd__and4_1)
     1    0.02    0.12    0.18    0.73 ^ _176_/X (sky130_fd_sc_hd__and4_1)
                                         _089_ (net)
                  0.12    0.00    0.73 ^ _177_/A (sky130_fd_sc_hd__clkbuf_4)
    16    0.07    0.16    0.20    0.93 ^ _177_/X (sky130_fd_sc_hd__clkbuf_4)
                                         _090_ (net)
                  0.16    0.00    0.94 ^ _195_/C (sky130_fd_sc_hd__and4_1)
     1    0.02    0.13    0.20    1.13 ^ _195_/X (sky130_fd_sc_hd__and4_1)
                                         _102_ (net)
                  0.13    0.00    1.14 ^ _196_/A (sky130_fd_sc_hd__clkbuf_4)
    12    0.07    0.15    0.20    1.34 ^ _196_/X (sky130_fd_sc_hd__clkbuf_4)
                                         _103_ (net)
                  0.15    0.00    1.34 ^ _205_/C (sky130_fd_sc_hd__nand3_2)
     4    0.04    0.15    0.13    1.47 v _205_/Y (sky130_fd_sc_hd__nand3_2)
                                         _110_ (net)
                  0.15    0.00    1.47 v _208_/B (sky130_fd_sc_hd__xnor2_1)
     1    0.01    0.20    0.22    1.70 ^ _208_/Y (sky130_fd_sc_hd__xnor2_1)
                                         _007_ (net)
                  0.20    0.00    1.70 ^ _332_/D (sky130_fd_sc_hd__dfrtp_4)
                                  1.70   data arrival time

                         10.00   10.00   clock core_clock (rise edge)
                          0.00   10.00   clock source latency
     1    0.02    0.00    0.00   10.00 ^ clk (in)
                                         clk (net)
                  0.00    0.00   10.00 ^ clkbuf_0_clk/A (sky130_fd_sc_hd__clkbuf_16)
     4    0.05    0.05    0.09   10.09 ^ clkbuf_0_clk/X (sky130_fd_sc_hd__clkbuf_16)
                                         clknet_0_clk (net)
                  0.05    0.00   10.09 ^ clkbuf_2_1__f_clk/A (sky130_fd_sc_hd__clkbuf_16)
    22    0.07    0.06    0.12   10.21 ^ clkbuf_2_1__f_clk/X (sky130_fd_sc_hd__clkbuf_16)
                                         clknet_2_1__leaf_clk (net)
                  0.06    0.00   10.21 ^ _332_/CLK (sky130_fd_sc_hd__dfrtp_4)
                          0.00   10.21   clock reconvergence pessimism
                         -0.05   10.16   library setup time
                                 10.16   data required time
-----------------------------------------------------------------------------
                                 10.16   data required time
                                 -1.70   data arrival time
-----------------------------------------------------------------------------
                                  8.46   slack (MET)


Startpoint: _321_ (rising edge-triggered flip-flop clocked by core_clock)
Endpoint: _333_ (rising edge-triggered flip-flop clocked by core_clock)
Path Group: core_clock
Path Type: max
Corner: Fastest

Fanout     Cap    Slew   Delay    Time   Description
-----------------------------------------------------------------------------
                          0.00    0.00   clock core_clock (rise edge)
                          0.00    0.00   clock source latency
     1    0.02    0.00    0.00    0.00 ^ clk (in)
                                         clk (net)
                  0.00    0.00    0.00 ^ clkbuf_0_clk/A (sky130_fd_sc_hd__clkbuf_16)
     4    0.05    0.05    0.09    0.09 ^ clkbuf_0_clk/X (sky130_fd_sc_hd__clkbuf_16)
                                         clknet_0_clk (net)
                  0.05    0.00    0.09 ^ clkbuf_2_1__f_clk/A (sky130_fd_sc_hd__clkbuf_16)
    22    0.07    0.06    0.12    0.21 ^ clkbuf_2_1__f_clk/X (sky130_fd_sc_hd__clkbuf_16)
                                         clknet_2_1__leaf_clk (net)
                  0.06    0.00    0.21 ^ _321_/CLK (sky130_fd_sc_hd__dfrtp_4)
    10    0.05    0.11    0.32    0.54 ^ _321_/Q (sky130_fd_sc_hd__dfrtp_4)
                                         div.count[1] (net)
                  0.11    0.00    0.54 ^ _176_/B (sky130_fd_sc_hd__and4_1)
     1    0.02    0.12    0.18    0.73 ^ _176_/X (sky130_fd_sc_hd__and4_1)
                                         _089_ (net)
                  0.12    0.00    0.73 ^ _177_/A (sky130_fd_sc_hd__clkbuf_4)
    16    0.07    0.16    0.20    0.93 ^ _177_/X (sky130_fd_sc_hd__clkbuf_4)
                                         _090_ (net)
                  0.16    0.00    0.94 ^ _195_/C (sky130_fd_sc_hd__and4_1)
     1    0.02    0.13    0.20    1.13 ^ _195_/X (sky130_fd_sc_hd__and4_1)
                                         _102_ (net)
                  0.13    0.00    1.14 ^ _196_/A (sky130_fd_sc_hd__clkbuf_4)
    12    0.07    0.15    0.20    1.34 ^ _196_/X (sky130_fd_sc_hd__clkbuf_4)
                                         _103_ (net)
                  0.15    0.00    1.34 ^ _211_/A (sky130_fd_sc_hd__and2_2)
     6    0.04    0.16    0.20    1.54 ^ _211_/X (sky130_fd_sc_hd__and2_2)
                                         _114_ (net)
                  0.16    0.00    1.54 ^ _212_/B1_N (sky130_fd_sc_hd__o21ba_1)
     1    0.01    0.03    0.11    1.65 v _212_/X (sky130_fd_sc_hd__o21ba_1)
                                         _008_ (net)
                  0.03    0.00    1.65 v _333_/D (sky130_fd_sc_hd__dfrtp_2)
                                  1.65   data arrival time

                         10.00   10.00   clock core_clock (rise edge)
                          0.00   10.00   clock source latency
     1    0.02    0.00    0.00   10.00 ^ clk (in)
                                         clk (net)
                  0.00    0.00   10.00 ^ clkbuf_0_clk/A (sky130_fd_sc_hd__clkbuf_16)
     4    0.05    0.05    0.09   10.09 ^ clkbuf_0_clk/X (sky130_fd_sc_hd__clkbuf_16)
                                         clknet_0_clk (net)
                  0.05    0.00   10.09 ^ clkbuf_2_1__f_clk/A (sky130_fd_sc_hd__clkbuf_16)
    22    0.07    0.06    0.12   10.21 ^ clkbuf_2_1__f_clk/X (sky130_fd_sc_hd__clkbuf_16)
                                         clknet_2_1__leaf_clk (net)
                  0.06    0.00   10.21 ^ _333_/CLK (sky130_fd_sc_hd__dfrtp_2)
                          0.00   10.21   clock reconvergence pessimism
                         -0.07   10.14   library setup time
                                 10.14   data required time
-----------------------------------------------------------------------------
                                 10.14   data required time
                                 -1.65   data arrival time
-----------------------------------------------------------------------------
                                  8.49   slack (MET)


Startpoint: _321_ (rising edge-triggered flip-flop clocked by core_clock)
Endpoint: _330_ (rising edge-triggered flip-flop clocked by core_clock)
Path Group: core_clock
Path Type: max
Corner: Fastest

Fanout     Cap    Slew   Delay    Time   Description
-----------------------------------------------------------------------------
                          0.00    0.00   clock core_clock (rise edge)
                          0.00    0.00   clock source latency
     1    0.02    0.00    0.00    0.00 ^ clk (in)
                                         clk (net)
                  0.00    0.00    0.00 ^ clkbuf_0_clk/A (sky130_fd_sc_hd__clkbuf_16)
     4    0.05    0.05    0.09    0.09 ^ clkbuf_0_clk/X (sky130_fd_sc_hd__clkbuf_16)
                                         clknet_0_clk (net)
                  0.05    0.00    0.09 ^ clkbuf_2_1__f_clk/A (sky130_fd_sc_hd__clkbuf_16)
    22    0.07    0.06    0.12    0.21 ^ clkbuf_2_1__f_clk/X (sky130_fd_sc_hd__clkbuf_16)
                                         clknet_2_1__leaf_clk (net)
                  0.06    0.00    0.21 ^ _321_/CLK (sky130_fd_sc_hd__dfrtp_4)
    10    0.05    0.11    0.32    0.54 ^ _321_/Q (sky130_fd_sc_hd__dfrtp_4)
                                         div.count[1] (net)
                  0.11    0.00    0.54 ^ _176_/B (sky130_fd_sc_hd__and4_1)
     1    0.02    0.12    0.18    0.73 ^ _176_/X (sky130_fd_sc_hd__and4_1)
                                         _089_ (net)
                  0.12    0.00    0.73 ^ _177_/A (sky130_fd_sc_hd__clkbuf_4)
    16    0.07    0.16    0.20    0.93 ^ _177_/X (sky130_fd_sc_hd__clkbuf_4)
                                         _090_ (net)
                  0.16    0.00    0.94 ^ _195_/C (sky130_fd_sc_hd__and4_1)
     1    0.02    0.13    0.20    1.13 ^ _195_/X (sky130_fd_sc_hd__and4_1)
                                         _102_ (net)
                  0.13    0.00    1.14 ^ _196_/A (sky130_fd_sc_hd__clkbuf_4)
    12    0.07    0.15    0.20    1.34 ^ _196_/X (sky130_fd_sc_hd__clkbuf_4)
                                         _103_ (net)
                  0.15    0.00    1.34 ^ _203_/B (sky130_fd_sc_hd__xor2_2)
     2    0.02    0.24    0.20    1.54 ^ _203_/X (sky130_fd_sc_hd__xor2_2)
                                         _005_ (net)
                  0.24    0.00    1.55 ^ _330_/D (sky130_fd_sc_hd__dfrtp_4)
                                  1.55   data arrival time

                         10.00   10.00   clock core_clock (rise edge)
                          0.00   10.00   clock source latency
     1    0.02    0.00    0.00   10.00 ^ clk (in)
                                         clk (net)
                  0.00    0.00   10.00 ^ clkbuf_0_clk/A (sky130_fd_sc_hd__clkbuf_16)
     4    0.05    0.05    0.09   10.09 ^ clkbuf_0_clk/X (sky130_fd_sc_hd__clkbuf_16)
                                         clknet_0_clk (net)
                  0.05    0.00   10.09 ^ clkbuf_2_2__f_clk/A (sky130_fd_sc_hd__clkbuf_16)
    14    0.05    0.05    0.11   10.20 ^ clkbuf_2_2__f_clk/X (sky130_fd_sc_hd__clkbuf_16)
                                         clknet_2_2__leaf_clk (net)
                  0.05    0.00   10.21 ^ _330_/CLK (sky130_fd_sc_hd__dfrtp_4)
                          0.00   10.21   clock reconvergence pessimism
                         -0.06   10.15   library setup time
                                 10.15   data required time
-----------------------------------------------------------------------------
                                 10.15   data required time
                                 -1.55   data arrival time
-----------------------------------------------------------------------------
                                  8.60   slack (MET)


Startpoint: _321_ (rising edge-triggered flip-flop clocked by core_clock)
Endpoint: _336_ (rising edge-triggered flip-flop clocked by core_clock)
Path Group: core_clock
Path Type: max
Corner: Fastest

Fanout     Cap    Slew   Delay    Time   Description
-----------------------------------------------------------------------------
                          0.00    0.00   clock core_clock (rise edge)
                          0.00    0.00   clock source latency
     1    0.02    0.00    0.00    0.00 ^ clk (in)
                                         clk (net)
                  0.00    0.00    0.00 ^ clkbuf_0_clk/A (sky130_fd_sc_hd__clkbuf_16)
     4    0.05    0.05    0.09    0.09 ^ clkbuf_0_clk/X (sky130_fd_sc_hd__clkbuf_16)
                                         clknet_0_clk (net)
                  0.05    0.00    0.09 ^ clkbuf_2_1__f_clk/A (sky130_fd_sc_hd__clkbuf_16)
    22    0.07    0.06    0.12    0.21 ^ clkbuf_2_1__f_clk/X (sky130_fd_sc_hd__clkbuf_16)
                                         clknet_2_1__leaf_clk (net)
                  0.06    0.00    0.21 ^ _321_/CLK (sky130_fd_sc_hd__dfrtp_4)
    10    0.05    0.11    0.32    0.54 ^ _321_/Q (sky130_fd_sc_hd__dfrtp_4)
                                         div.count[1] (net)
                  0.11    0.00    0.54 ^ _176_/B (sky130_fd_sc_hd__and4_1)
     1    0.02    0.12    0.18    0.73 ^ _176_/X (sky130_fd_sc_hd__and4_1)
                                         _089_ (net)
                  0.12    0.00    0.73 ^ _177_/A (sky130_fd_sc_hd__clkbuf_4)
    16    0.07    0.16    0.20    0.93 ^ _177_/X (sky130_fd_sc_hd__clkbuf_4)
                                         _090_ (net)
                  0.16    0.01    0.94 ^ _217_/A (sky130_fd_sc_hd__and4_1)
     1    0.02    0.14    0.20    1.14 ^ _217_/X (sky130_fd_sc_hd__and4_1)
                                         _117_ (net)
                  0.14    0.00    1.14 ^ _218_/A (sky130_fd_sc_hd__clkbuf_4)
    18    0.08    0.19    0.23    1.37 ^ _218_/X (sky130_fd_sc_hd__clkbuf_4)
                                         _118_ (net)
                  0.19    0.00    1.37 ^ _219_/B (sky130_fd_sc_hd__xor2_1)
     1    0.01    0.19    0.17    1.54 ^ _219_/X (sky130_fd_sc_hd__xor2_1)
                                         _011_ (net)
                  0.19    0.00    1.54 ^ _336_/D (sky130_fd_sc_hd__dfrtp_4)
                                  1.54   data arrival time

                         10.00   10.00   clock core_clock (rise edge)
                          0.00   10.00   clock source latency
     1    0.02    0.00    0.00   10.00 ^ clk (in)
                                         clk (net)
                  0.00    0.00   10.00 ^ clkbuf_0_clk/A (sky130_fd_sc_hd__clkbuf_16)
     4    0.05    0.05    0.09   10.09 ^ clkbuf_0_clk/X (sky130_fd_sc_hd__clkbuf_16)
                                         clknet_0_clk (net)
                  0.05    0.00   10.09 ^ clkbuf_2_0__f_clk/A (sky130_fd_sc_hd__clkbuf_16)
    18    0.06    0.06    0.11   10.21 ^ clkbuf_2_0__f_clk/X (sky130_fd_sc_hd__clkbuf_16)
                                         clknet_2_0__leaf_clk (net)
                  0.06    0.00   10.21 ^ _336_/CLK (sky130_fd_sc_hd__dfrtp_4)
                          0.00   10.21   clock reconvergence pessimism
                         -0.05   10.15   library setup time
                                 10.15   data required time
-----------------------------------------------------------------------------
                                 10.15   data required time
                                 -1.54   data arrival time
-----------------------------------------------------------------------------
                                  8.61   slack (MET)


Startpoint: _321_ (rising edge-triggered flip-flop clocked by core_clock)
Endpoint: _327_ (rising edge-triggered flip-flop clocked by core_clock)
Path Group: core_clock
Path Type: max
Corner: Fastest

Fanout     Cap    Slew   Delay    Time   Description
-----------------------------------------------------------------------------
                          0.00    0.00   clock core_clock (rise edge)
                          0.00    0.00   clock source latency
     1    0.02    0.00    0.00    0.00 ^ clk (in)
                                         clk (net)
                  0.00    0.00    0.00 ^ clkbuf_0_clk/A (sky130_fd_sc_hd__clkbuf_16)
     4    0.05    0.05    0.09    0.09 ^ clkbuf_0_clk/X (sky130_fd_sc_hd__clkbuf_16)
                                         clknet_0_clk (net)
                  0.05    0.00    0.09 ^ clkbuf_2_1__f_clk/A (sky130_fd_sc_hd__clkbuf_16)
    22    0.07    0.06    0.12    0.21 ^ clkbuf_2_1__f_clk/X (sky130_fd_sc_hd__clkbuf_16)
                                         clknet_2_1__leaf_clk (net)
                  0.06    0.00    0.21 ^ _321_/CLK (sky130_fd_sc_hd__dfrtp_4)
    10    0.05    0.11    0.32    0.54 ^ _321_/Q (sky130_fd_sc_hd__dfrtp_4)
                                         div.count[1] (net)
                  0.11    0.00    0.54 ^ _176_/B (sky130_fd_sc_hd__and4_1)
     1    0.02    0.12    0.18    0.73 ^ _176_/X (sky130_fd_sc_hd__and4_1)
                                         _089_ (net)
                  0.12    0.00    0.73 ^ _177_/A (sky130_fd_sc_hd__clkbuf_4)
    16    0.07    0.16    0.20    0.93 ^ _177_/X (sky130_fd_sc_hd__clkbuf_4)
                                         _090_ (net)
                  0.16    0.00    0.94 ^ _182_/C (sky130_fd_sc_hd__and3_2)
     6    0.04    0.14    0.21    1.14 ^ _182_/X (sky130_fd_sc_hd__and3_2)
                                         _093_ (net)
                  0.14    0.00    1.15 ^ _186_/B (sky130_fd_sc_hd__nand2_1)
     4    0.02    0.12    0.12    1.27 v _186_/Y (sky130_fd_sc_hd__nand2_1)
                                         _096_ (net)
                  0.12    0.00    1.27 v _192_/A2 (sky130_fd_sc_hd__a21oi_1)
     1    0.01    0.21    0.22    1.49 ^ _192_/Y (sky130_fd_sc_hd__a21oi_1)
                                         _033_ (net)
                  0.21    0.00    1.49 ^ _327_/D (sky130_fd_sc_hd__dfrtp_2)
                                  1.49   data arrival time

                         10.00   10.00   clock core_clock (rise edge)
                          0.00   10.00   clock source latency
     1    0.02    0.00    0.00   10.00 ^ clk (in)
                                         clk (net)
                  0.00    0.00   10.00 ^ clkbuf_0_clk/A (sky130_fd_sc_hd__clkbuf_16)
     4    0.05    0.05    0.09   10.09 ^ clkbuf_0_clk/X (sky130_fd_sc_hd__clkbuf_16)
                                         clknet_0_clk (net)
                  0.05    0.00   10.09 ^ clkbuf_2_2__f_clk/A (sky130_fd_sc_hd__clkbuf_16)
    14    0.05    0.05    0.11   10.20 ^ clkbuf_2_2__f_clk/X (sky130_fd_sc_hd__clkbuf_16)
                                         clknet_2_2__leaf_clk (net)
                  0.05    0.00   10.21 ^ _327_/CLK (sky130_fd_sc_hd__dfrtp_2)
                          0.00   10.21   clock reconvergence pessimism
                         -0.05   10.15   library setup time
                                 10.15   data required time
-----------------------------------------------------------------------------
                                 10.15   data required time
                                 -1.49   data arrival time
-----------------------------------------------------------------------------
                                  8.66   slack (MET)


Startpoint: _322_ (rising edge-triggered flip-flop clocked by core_clock)
Endpoint: _325_ (rising edge-triggered flip-flop clocked by core_clock)
Path Group: core_clock
Path Type: max
Corner: Fastest

Fanout     Cap    Slew   Delay    Time   Description
-----------------------------------------------------------------------------
                          0.00    0.00   clock core_clock (rise edge)
                          0.00    0.00   clock source latency
     1    0.02    0.00    0.00    0.00 ^ clk (in)
                                         clk (net)
                  0.00    0.00    0.00 ^ clkbuf_0_clk/A (sky130_fd_sc_hd__clkbuf_16)
     4    0.05    0.05    0.09    0.09 ^ clkbuf_0_clk/X (sky130_fd_sc_hd__clkbuf_16)
                                         clknet_0_clk (net)
                  0.05    0.00    0.09 ^ clkbuf_2_1__f_clk/A (sky130_fd_sc_hd__clkbuf_16)
    22    0.07    0.06    0.12    0.21 ^ clkbuf_2_1__f_clk/X (sky130_fd_sc_hd__clkbuf_16)
                                         clknet_2_1__leaf_clk (net)
                  0.06    0.00    0.21 ^ _322_/CLK (sky130_fd_sc_hd__dfrtp_4)
     8    0.04    0.08    0.35    0.56 v _322_/Q (sky130_fd_sc_hd__dfrtp_4)
                                         div.count[2] (net)
                  0.08    0.00    0.56 v _176_/C (sky130_fd_sc_hd__and4_1)
     1    0.02    0.06    0.17    0.74 v _176_/X (sky130_fd_sc_hd__and4_1)
                                         _089_ (net)
                  0.06    0.00    0.74 v _177_/A (sky130_fd_sc_hd__clkbuf_4)
    16    0.07    0.10    0.17    0.91 v _177_/X (sky130_fd_sc_hd__clkbuf_4)
                                         _090_ (net)
                  0.10    0.00    0.91 v _182_/C (sky130_fd_sc_hd__and3_2)
     6    0.04    0.08    0.21    1.12 v _182_/X (sky130_fd_sc_hd__and3_2)
                                         _093_ (net)
                  0.08    0.00    1.13 v _184_/A (sky130_fd_sc_hd__nor2_1)
     1    0.02    0.24    0.21    1.34 ^ _184_/Y (sky130_fd_sc_hd__nor2_1)
                                         _031_ (net)
                  0.24    0.00    1.34 ^ _325_/D (sky130_fd_sc_hd__dfrtp_4)
                                  1.34   data arrival time

                         10.00   10.00   clock core_clock (rise edge)
                          0.00   10.00   clock source latency
     1    0.02    0.00    0.00   10.00 ^ clk (in)
                                         clk (net)
                  0.00    0.00   10.00 ^ clkbuf_0_clk/A (sky130_fd_sc_hd__clkbuf_16)
     4    0.05    0.05    0.09   10.09 ^ clkbuf_0_clk/X (sky130_fd_sc_hd__clkbuf_16)
                                         clknet_0_clk (net)
                  0.05    0.00   10.09 ^ clkbuf_2_2__f_clk/A (sky130_fd_sc_hd__clkbuf_16)
    14    0.05    0.05    0.11   10.20 ^ clkbuf_2_2__f_clk/X (sky130_fd_sc_hd__clkbuf_16)
                                         clknet_2_2__leaf_clk (net)
                  0.05    0.00   10.21 ^ _325_/CLK (sky130_fd_sc_hd__dfrtp_4)
                          0.00   10.21   clock reconvergence pessimism
                         -0.06   10.15   library setup time
                                 10.15   data required time
-----------------------------------------------------------------------------
                                 10.15   data required time
                                 -1.34   data arrival time
-----------------------------------------------------------------------------
                                  8.81   slack (MET)


Startpoint: _322_ (rising edge-triggered flip-flop clocked by core_clock)
Endpoint: _323_ (rising edge-triggered flip-flop clocked by core_clock)
Path Group: core_clock
Path Type: max
Corner: Fastest

Fanout     Cap    Slew   Delay    Time   Description
-----------------------------------------------------------------------------
                          0.00    0.00   clock core_clock (rise edge)
                          0.00    0.00   clock source latency
     1    0.02    0.00    0.00    0.00 ^ clk (in)
                                         clk (net)
                  0.00    0.00    0.00 ^ clkbuf_0_clk/A (sky130_fd_sc_hd__clkbuf_16)
     4    0.05    0.05    0.09    0.09 ^ clkbuf_0_clk/X (sky130_fd_sc_hd__clkbuf_16)
                                         clknet_0_clk (net)
                  0.05    0.00    0.09 ^ clkbuf_2_1__f_clk/A (sky130_fd_sc_hd__clkbuf_16)
    22    0.07    0.06    0.12    0.21 ^ clkbuf_2_1__f_clk/X (sky130_fd_sc_hd__clkbuf_16)
                                         clknet_2_1__leaf_clk (net)
                  0.06    0.00    0.21 ^ _322_/CLK (sky130_fd_sc_hd__dfrtp_4)
     8    0.04    0.08    0.35    0.56 v _322_/Q (sky130_fd_sc_hd__dfrtp_4)
                                         div.count[2] (net)
                  0.08    0.00    0.56 v _176_/C (sky130_fd_sc_hd__and4_1)
     1    0.02    0.06    0.17    0.74 v _176_/X (sky130_fd_sc_hd__and4_1)
                                         _089_ (net)
                  0.06    0.00    0.74 v _177_/A (sky130_fd_sc_hd__clkbuf_4)
    16    0.07    0.10    0.17    0.91 v _177_/X (sky130_fd_sc_hd__clkbuf_4)
                                         _090_ (net)
                  0.10    0.00    0.91 v _179_/A_N (sky130_fd_sc_hd__and2b_1)
     2    0.02    0.13    0.22    1.13 ^ _179_/X (sky130_fd_sc_hd__and2b_1)
                                         _092_ (net)
                  0.13    0.00    1.13 ^ _180_/A (sky130_fd_sc_hd__buf_1)
     1    0.01    0.09    0.10    1.23 ^ _180_/X (sky130_fd_sc_hd__buf_1)
                                         _029_ (net)
                  0.09    0.00    1.23 ^ _323_/D (sky130_fd_sc_hd__dfrtp_2)
                                  1.23   data arrival time

                         10.00   10.00   clock core_clock (rise edge)
                          0.00   10.00   clock source latency
     1    0.02    0.00    0.00   10.00 ^ clk (in)
                                         clk (net)
                  0.00    0.00   10.00 ^ clkbuf_0_clk/A (sky130_fd_sc_hd__clkbuf_16)
     4    0.05    0.05    0.09   10.09 ^ clkbuf_0_clk/X (sky130_fd_sc_hd__clkbuf_16)
                                         clknet_0_clk (net)
                  0.05    0.00   10.09 ^ clkbuf_2_3__f_clk/A (sky130_fd_sc_hd__clkbuf_16)
    18    0.05    0.05    0.11   10.20 ^ clkbuf_2_3__f_clk/X (sky130_fd_sc_hd__clkbuf_16)
                                         clknet_2_3__leaf_clk (net)
                  0.05    0.00   10.20 ^ _323_/CLK (sky130_fd_sc_hd__dfrtp_2)
                          0.00   10.20   clock reconvergence pessimism
                         -0.04   10.16   library setup time
                                 10.16   data required time
-----------------------------------------------------------------------------
                                 10.16   data required time
                                 -1.23   data arrival time
-----------------------------------------------------------------------------
                                  8.93   slack (MET)


Startpoint: _321_ (rising edge-triggered flip-flop clocked by core_clock)
Endpoint: _321_ (rising edge-triggered flip-flop clocked by core_clock)
Path Group: core_clock
Path Type: max
Corner: Fastest

Fanout     Cap    Slew   Delay    Time   Description
-----------------------------------------------------------------------------
                          0.00    0.00   clock core_clock (rise edge)
                          0.00    0.00   clock source latency
     1    0.02    0.00    0.00    0.00 ^ clk (in)
                                         clk (net)
                  0.00    0.00    0.00 ^ clkbuf_0_clk/A (sky130_fd_sc_hd__clkbuf_16)
     4    0.05    0.05    0.09    0.09 ^ clkbuf_0_clk/X (sky130_fd_sc_hd__clkbuf_16)
                                         clknet_0_clk (net)
                  0.05    0.00    0.09 ^ clkbuf_2_1__f_clk/A (sky130_fd_sc_hd__clkbuf_16)
    22    0.07    0.06    0.12    0.21 ^ clkbuf_2_1__f_clk/X (sky130_fd_sc_hd__clkbuf_16)
                                         clknet_2_1__leaf_clk (net)
                  0.06    0.00    0.21 ^ _321_/CLK (sky130_fd_sc_hd__dfrtp_4)
    10    0.05    0.08    0.35    0.56 v _321_/Q (sky130_fd_sc_hd__dfrtp_4)
                                         div.count[1] (net)
                  0.08    0.00    0.57 v _172_/B (sky130_fd_sc_hd__nand2_2)
     4    0.03    0.12    0.13    0.70 ^ _172_/Y (sky130_fd_sc_hd__nand2_2)
                                         _087_ (net)
                  0.12    0.00    0.70 ^ _173_/B (sky130_fd_sc_hd__and2_1)
     2    0.02    0.18    0.19    0.89 ^ _173_/X (sky130_fd_sc_hd__and2_1)
                                         _088_ (net)
                  0.18    0.00    0.89 ^ _174_/A (sky130_fd_sc_hd__buf_1)
     2    0.03    0.29    0.24    1.13 ^ _174_/X (sky130_fd_sc_hd__buf_1)
                                         _015_ (net)
                  0.29    0.00    1.13 ^ _321_/D (sky130_fd_sc_hd__dfrtp_4)
                                  1.13   data arrival time

                         10.00   10.00   clock core_clock (rise edge)
                          0.00   10.00   clock source latency
     1    0.02    0.00    0.00   10.00 ^ clk (in)
                                         clk (net)
                  0.00    0.00   10.00 ^ clkbuf_0_clk/A (sky130_fd_sc_hd__clkbuf_16)
     4    0.05    0.05    0.09   10.09 ^ clkbuf_0_clk/X (sky130_fd_sc_hd__clkbuf_16)
                                         clknet_0_clk (net)
                  0.05    0.00   10.09 ^ clkbuf_2_1__f_clk/A (sky130_fd_sc_hd__clkbuf_16)
    22    0.07    0.06    0.12   10.21 ^ clkbuf_2_1__f_clk/X (sky130_fd_sc_hd__clkbuf_16)
                                         clknet_2_1__leaf_clk (net)
                  0.06    0.00   10.21 ^ _321_/CLK (sky130_fd_sc_hd__dfrtp_4)
                          0.00   10.21   clock reconvergence pessimism
                         -0.06   10.15   library setup time
                                 10.15   data required time
-----------------------------------------------------------------------------
                                 10.15   data required time
                                 -1.13   data arrival time
-----------------------------------------------------------------------------
                                  9.02   slack (MET)


Startpoint: _321_ (rising edge-triggered flip-flop clocked by core_clock)
Endpoint: _324_ (rising edge-triggered flip-flop clocked by core_clock)
Path Group: core_clock
Path Type: max
Corner: Fastest

Fanout     Cap    Slew   Delay    Time   Description
-----------------------------------------------------------------------------
                          0.00    0.00   clock core_clock (rise edge)
                          0.00    0.00   clock source latency
     1    0.02    0.00    0.00    0.00 ^ clk (in)
                                         clk (net)
                  0.00    0.00    0.00 ^ clkbuf_0_clk/A (sky130_fd_sc_hd__clkbuf_16)
     4    0.05    0.05    0.09    0.09 ^ clkbuf_0_clk/X (sky130_fd_sc_hd__clkbuf_16)
                                         clknet_0_clk (net)
                  0.05    0.00    0.09 ^ clkbuf_2_1__f_clk/A (sky130_fd_sc_hd__clkbuf_16)
    22    0.07    0.06    0.12    0.21 ^ clkbuf_2_1__f_clk/X (sky130_fd_sc_hd__clkbuf_16)
                                         clknet_2_1__leaf_clk (net)
                  0.06    0.00    0.21 ^ _321_/CLK (sky130_fd_sc_hd__dfrtp_4)
    10    0.05    0.11    0.32    0.54 ^ _321_/Q (sky130_fd_sc_hd__dfrtp_4)
                                         div.count[1] (net)
                  0.11    0.00    0.54 ^ _176_/B (sky130_fd_sc_hd__and4_1)
     1    0.02    0.12    0.18    0.73 ^ _176_/X (sky130_fd_sc_hd__and4_1)
                                         _089_ (net)
                  0.12    0.00    0.73 ^ _177_/A (sky130_fd_sc_hd__clkbuf_4)
    16    0.07    0.16    0.20    0.93 ^ _177_/X (sky130_fd_sc_hd__clkbuf_4)
                                         _090_ (net)
                  0.16    0.00    0.94 ^ _181_/B (sky130_fd_sc_hd__xor2_1)
     1    0.01    0.18    0.16    1.10 ^ _181_/X (sky130_fd_sc_hd__xor2_1)
                                         _030_ (net)
                  0.18    0.00    1.10 ^ _324_/D (sky130_fd_sc_hd__dfrtp_4)
                                  1.10   data arrival time

                         10.00   10.00   clock core_clock (rise edge)
                          0.00   10.00   clock source latency
     1    0.02    0.00    0.00   10.00 ^ clk (in)
                                         clk (net)
                  0.00    0.00   10.00 ^ clkbuf_0_clk/A (sky130_fd_sc_hd__clkbuf_16)
     4    0.05    0.05    0.09   10.09 ^ clkbuf_0_clk/X (sky130_fd_sc_hd__clkbuf_16)
                                         clknet_0_clk (net)
                  0.05    0.00   10.09 ^ clkbuf_2_0__f_clk/A (sky130_fd_sc_hd__clkbuf_16)
    18    0.06    0.06    0.11   10.21 ^ clkbuf_2_0__f_clk/X (sky130_fd_sc_hd__clkbuf_16)
                                         clknet_2_0__leaf_clk (net)
                  0.06    0.00   10.21 ^ _324_/CLK (sky130_fd_sc_hd__dfrtp_4)
                          0.00   10.21   clock reconvergence pessimism
                         -0.05   10.16   library setup time
                                 10.16   data required time
-----------------------------------------------------------------------------
                                 10.16   data required time
                                 -1.10   data arrival time
-----------------------------------------------------------------------------
                                  9.06   slack (MET)


Startpoint: _321_ (rising edge-triggered flip-flop clocked by core_clock)
Endpoint: _322_ (rising edge-triggered flip-flop clocked by core_clock)
Path Group: core_clock
Path Type: max
Corner: Fastest

Fanout     Cap    Slew   Delay    Time   Description
-----------------------------------------------------------------------------
                          0.00    0.00   clock core_clock (rise edge)
                          0.00    0.00   clock source latency
     1    0.02    0.00    0.00    0.00 ^ clk (in)
                                         clk (net)
                  0.00    0.00    0.00 ^ clkbuf_0_clk/A (sky130_fd_sc_hd__clkbuf_16)
     4    0.05    0.05    0.09    0.09 ^ clkbuf_0_clk/X (sky130_fd_sc_hd__clkbuf_16)
                                         clknet_0_clk (net)
                  0.05    0.00    0.09 ^ clkbuf_2_1__f_clk/A (sky130_fd_sc_hd__clkbuf_16)
    22    0.07    0.06    0.12    0.21 ^ clkbuf_2_1__f_clk/X (sky130_fd_sc_hd__clkbuf_16)
                                         clknet_2_1__leaf_clk (net)
                  0.06    0.00    0.21 ^ _321_/CLK (sky130_fd_sc_hd__dfrtp_4)
    10    0.05    0.11    0.32    0.54 ^ _321_/Q (sky130_fd_sc_hd__dfrtp_4)
                                         div.count[1] (net)
                  0.11    0.00    0.54 ^ _172_/B (sky130_fd_sc_hd__nand2_2)
     4    0.03    0.09    0.09    0.63 v _172_/Y (sky130_fd_sc_hd__nand2_2)
                                         _087_ (net)
                  0.09    0.00    0.63 v _175_/B (sky130_fd_sc_hd__xnor2_1)
     2    0.02    0.34    0.30    0.93 ^ _175_/Y (sky130_fd_sc_hd__xnor2_1)
                                         _026_ (net)
                  0.34    0.00    0.93 ^ _322_/D (sky130_fd_sc_hd__dfrtp_4)
                                  0.93   data arrival time

                         10.00   10.00   clock core_clock (rise edge)
                          0.00   10.00   clock source latency
     1    0.02    0.00    0.00   10.00 ^ clk (in)
                                         clk (net)
                  0.00    0.00   10.00 ^ clkbuf_0_clk/A (sky130_fd_sc_hd__clkbuf_16)
     4    0.05    0.05    0.09   10.09 ^ clkbuf_0_clk/X (sky130_fd_sc_hd__clkbuf_16)
                                         clknet_0_clk (net)
                  0.05    0.00   10.09 ^ clkbuf_2_1__f_clk/A (sky130_fd_sc_hd__clkbuf_16)
    22    0.07    0.06    0.12   10.21 ^ clkbuf_2_1__f_clk/X (sky130_fd_sc_hd__clkbuf_16)
                                         clknet_2_1__leaf_clk (net)
                  0.06    0.00   10.21 ^ _322_/CLK (sky130_fd_sc_hd__dfrtp_4)
                          0.00   10.21   clock reconvergence pessimism
                         -0.07   10.15   library setup time
                                 10.15   data required time
-----------------------------------------------------------------------------
                                 10.15   data required time
                                 -0.93   data arrival time
-----------------------------------------------------------------------------
                                  9.22   slack (MET)



worst slack corner Fastest: 7.8525
======================= Slowest Corner ===================================

Startpoint: _335_ (rising edge-triggered flip-flop clocked by core_clock)
Endpoint: _342_ (rising edge-triggered flip-flop clocked by core_clock)
Path Group: core_clock
Path Type: max
Corner: Slowest

Fanout     Cap    Slew   Delay    Time   Description
-----------------------------------------------------------------------------
                          0.00    0.00   clock core_clock (rise edge)
                          0.00    0.00   clock source latency
     1    0.02    0.00    0.00    0.00 ^ clk (in)
                                         clk (net)
                  0.00    0.00    0.00 ^ clkbuf_0_clk/A (sky130_fd_sc_hd__clkbuf_16)
     4    0.05    0.10    0.23    0.23 ^ clkbuf_0_clk/X (sky130_fd_sc_hd__clkbuf_16)
                                         clknet_0_clk (net)
                  0.10    0.00    0.23 ^ clkbuf_2_3__f_clk/A (sky130_fd_sc_hd__clkbuf_16)
    18    0.05    0.11    0.28    0.51 ^ clkbuf_2_3__f_clk/X (sky130_fd_sc_hd__clkbuf_16)
                                         clknet_2_3__leaf_clk (net)
                  0.11    0.00    0.51 ^ _335_/CLK (sky130_fd_sc_hd__dfrtp_4)
     6    0.04    0.20    1.13    1.64 v _335_/Q (sky130_fd_sc_hd__dfrtp_4)
                                         div.count[15] (net)
                  0.20    0.01    1.64 v _157_/A (sky130_fd_sc_hd__or4b_2)
     2    0.03    0.39    1.91    3.55 v _157_/X (sky130_fd_sc_hd__or4b_2)
                                         _074_ (net)
                  0.39    0.00    3.55 v _161_/A (sky130_fd_sc_hd__or4_2)
     4    0.03    0.39    1.97    5.52 v _161_/X (sky130_fd_sc_hd__or4_2)
                                         _078_ (net)
                  0.39    0.00    5.52 v _167_/A (sky130_fd_sc_hd__or4_4)
    12    0.06    0.31    1.40    6.93 v _167_/X (sky130_fd_sc_hd__or4_4)
                                         _084_ (net)
                  0.31    0.01    6.93 v _238_/A (sky130_fd_sc_hd__and3_1)
     2    0.02    0.21    0.54    7.47 v _238_/X (sky130_fd_sc_hd__and3_1)
                                         _132_ (net)
                  0.21    0.00    7.47 v _239_/A (sky130_fd_sc_hd__buf_1)
     2    0.02    0.27    0.40    7.87 v _239_/X (sky130_fd_sc_hd__buf_1)
                                         _018_ (net)
                  0.27    0.00    7.87 v _342_/D (sky130_fd_sc_hd__dfrtp_4)
                                  7.87   data arrival time

                         10.00   10.00   clock core_clock (rise edge)
                          0.00   10.00   clock source latency
     1    0.02    0.00    0.00   10.00 ^ clk (in)
                                         clk (net)
                  0.00    0.00   10.00 ^ clkbuf_0_clk/A (sky130_fd_sc_hd__clkbuf_16)
     4    0.05    0.10    0.23   10.23 ^ clkbuf_0_clk/X (sky130_fd_sc_hd__clkbuf_16)
                                         clknet_0_clk (net)
                  0.10    0.00   10.23 ^ clkbuf_2_0__f_clk/A (sky130_fd_sc_hd__clkbuf_16)
    18    0.06    0.12    0.28   10.51 ^ clkbuf_2_0__f_clk/X (sky130_fd_sc_hd__clkbuf_16)
                                         clknet_2_0__leaf_clk (net)
                  0.12    0.00   10.52 ^ _342_/CLK (sky130_fd_sc_hd__dfrtp_4)
                          0.00   10.52   clock reconvergence pessimism
                         -0.35   10.17   library setup time
                                 10.17   data required time
-----------------------------------------------------------------------------
                                 10.17   data required time
                                 -7.87   data arrival time
-----------------------------------------------------------------------------
                                  2.30   slack (MET)


Startpoint: _335_ (rising edge-triggered flip-flop clocked by core_clock)
Endpoint: _326_ (rising edge-triggered flip-flop clocked by core_clock)
Path Group: core_clock
Path Type: max
Corner: Slowest

Fanout     Cap    Slew   Delay    Time   Description
-----------------------------------------------------------------------------
                          0.00    0.00   clock core_clock (rise edge)
                          0.00    0.00   clock source latency
     1    0.02    0.00    0.00    0.00 ^ clk (in)
                                         clk (net)
                  0.00    0.00    0.00 ^ clkbuf_0_clk/A (sky130_fd_sc_hd__clkbuf_16)
     4    0.05    0.10    0.23    0.23 ^ clkbuf_0_clk/X (sky130_fd_sc_hd__clkbuf_16)
                                         clknet_0_clk (net)
                  0.10    0.00    0.23 ^ clkbuf_2_3__f_clk/A (sky130_fd_sc_hd__clkbuf_16)
    18    0.05    0.11    0.28    0.51 ^ clkbuf_2_3__f_clk/X (sky130_fd_sc_hd__clkbuf_16)
                                         clknet_2_3__leaf_clk (net)
                  0.11    0.00    0.51 ^ _335_/CLK (sky130_fd_sc_hd__dfrtp_4)
     6    0.04    0.20    1.13    1.64 v _335_/Q (sky130_fd_sc_hd__dfrtp_4)
                                         div.count[15] (net)
                  0.20    0.01    1.64 v _157_/A (sky130_fd_sc_hd__or4b_2)
     2    0.03    0.39    1.91    3.55 v _157_/X (sky130_fd_sc_hd__or4b_2)
                                         _074_ (net)
                  0.39    0.00    3.55 v _161_/A (sky130_fd_sc_hd__or4_2)
     4    0.03    0.39    1.97    5.52 v _161_/X (sky130_fd_sc_hd__or4_2)
                                         _078_ (net)
                  0.39    0.00    5.52 v _167_/A (sky130_fd_sc_hd__or4_4)
    12    0.06    0.31    1.40    6.93 v _167_/X (sky130_fd_sc_hd__or4_4)
                                         _084_ (net)
                  0.31    0.01    6.94 v _187_/A (sky130_fd_sc_hd__and3_1)
     2    0.03    0.27    0.59    7.52 v _187_/X (sky130_fd_sc_hd__and3_1)
                                         _097_ (net)
                  0.27    0.00    7.52 v _188_/A (sky130_fd_sc_hd__buf_1)
     1    0.02    0.20    0.37    7.89 v _188_/X (sky130_fd_sc_hd__buf_1)
                                         _032_ (net)
                  0.20    0.00    7.89 v _326_/D (sky130_fd_sc_hd__dfrtp_4)
                                  7.89   data arrival time

                         10.00   10.00   clock core_clock (rise edge)
                          0.00   10.00   clock source latency
     1    0.02    0.00    0.00   10.00 ^ clk (in)
                                         clk (net)
                  0.00    0.00   10.00 ^ clkbuf_0_clk/A (sky130_fd_sc_hd__clkbuf_16)
     4    0.05    0.10    0.23   10.23 ^ clkbuf_0_clk/X (sky130_fd_sc_hd__clkbuf_16)
                                         clknet_0_clk (net)
                  0.10    0.00   10.23 ^ clkbuf_2_1__f_clk/A (sky130_fd_sc_hd__clkbuf_16)
    22    0.07    0.13    0.29   10.52 ^ clkbuf_2_1__f_clk/X (sky130_fd_sc_hd__clkbuf_16)
                                         clknet_2_1__leaf_clk (net)
                  0.13    0.00   10.53 ^ _326_/CLK (sky130_fd_sc_hd__dfrtp_4)
                          0.00   10.53   clock reconvergence pessimism
                         -0.31   10.21   library setup time
                                 10.21   data required time
-----------------------------------------------------------------------------
                                 10.21   data required time
                                 -7.89   data arrival time
-----------------------------------------------------------------------------
                                  2.32   slack (MET)


Startpoint: _335_ (rising edge-triggered flip-flop clocked by core_clock)
Endpoint: _339_ (rising edge-triggered flip-flop clocked by core_clock)
Path Group: core_clock
Path Type: max
Corner: Slowest

Fanout     Cap    Slew   Delay    Time   Description
-----------------------------------------------------------------------------
                          0.00    0.00   clock core_clock (rise edge)
                          0.00    0.00   clock source latency
     1    0.02    0.00    0.00    0.00 ^ clk (in)
                                         clk (net)
                  0.00    0.00    0.00 ^ clkbuf_0_clk/A (sky130_fd_sc_hd__clkbuf_16)
     4    0.05    0.10    0.23    0.23 ^ clkbuf_0_clk/X (sky130_fd_sc_hd__clkbuf_16)
                                         clknet_0_clk (net)
                  0.10    0.00    0.23 ^ clkbuf_2_3__f_clk/A (sky130_fd_sc_hd__clkbuf_16)
    18    0.05    0.11    0.28    0.51 ^ clkbuf_2_3__f_clk/X (sky130_fd_sc_hd__clkbuf_16)
                                         clknet_2_3__leaf_clk (net)
                  0.11    0.00    0.51 ^ _335_/CLK (sky130_fd_sc_hd__dfrtp_4)
     6    0.04    0.20    1.13    1.64 v _335_/Q (sky130_fd_sc_hd__dfrtp_4)
                                         div.count[15] (net)
                  0.20    0.01    1.64 v _157_/A (sky130_fd_sc_hd__or4b_2)
     2    0.03    0.39    1.91    3.55 v _157_/X (sky130_fd_sc_hd__or4b_2)
                                         _074_ (net)
                  0.39    0.00    3.55 v _161_/A (sky130_fd_sc_hd__or4_2)
     4    0.03    0.39    1.97    5.52 v _161_/X (sky130_fd_sc_hd__or4_2)
                                         _078_ (net)
                  0.39    0.00    5.52 v _167_/A (sky130_fd_sc_hd__or4_4)
    12    0.06    0.31    1.40    6.93 v _167_/X (sky130_fd_sc_hd__or4_4)
                                         _084_ (net)
                  0.31    0.00    6.93 v _230_/A (sky130_fd_sc_hd__and3_1)
     2    0.02    0.22    0.55    7.48 v _230_/X (sky130_fd_sc_hd__and3_1)
                                         _127_ (net)
                  0.22    0.00    7.48 v _231_/A (sky130_fd_sc_hd__buf_1)
     2    0.02    0.22    0.37    7.84 v _231_/X (sky130_fd_sc_hd__buf_1)
                                         _014_ (net)
                  0.22    0.00    7.84 v _339_/D (sky130_fd_sc_hd__dfrtp_4)
                                  7.84   data arrival time

                         10.00   10.00   clock core_clock (rise edge)
                          0.00   10.00   clock source latency
     1    0.02    0.00    0.00   10.00 ^ clk (in)
                                         clk (net)
                  0.00    0.00   10.00 ^ clkbuf_0_clk/A (sky130_fd_sc_hd__clkbuf_16)
     4    0.05    0.10    0.23   10.23 ^ clkbuf_0_clk/X (sky130_fd_sc_hd__clkbuf_16)
                                         clknet_0_clk (net)
                  0.10    0.00   10.23 ^ clkbuf_2_0__f_clk/A (sky130_fd_sc_hd__clkbuf_16)
    18    0.06    0.12    0.28   10.51 ^ clkbuf_2_0__f_clk/X (sky130_fd_sc_hd__clkbuf_16)
                                         clknet_2_0__leaf_clk (net)
                  0.12    0.00   10.52 ^ _339_/CLK (sky130_fd_sc_hd__dfrtp_4)
                          0.00   10.52   clock reconvergence pessimism
                         -0.33   10.19   library setup time
                                 10.19   data required time
-----------------------------------------------------------------------------
                                 10.19   data required time
                                 -7.84   data arrival time
-----------------------------------------------------------------------------
                                  2.35   slack (MET)


Startpoint: _335_ (rising edge-triggered flip-flop clocked by core_clock)
Endpoint: _320_ (rising edge-triggered flip-flop clocked by core_clock)
Path Group: core_clock
Path Type: max
Corner: Slowest

Fanout     Cap    Slew   Delay    Time   Description
-----------------------------------------------------------------------------
                          0.00    0.00   clock core_clock (rise edge)
                          0.00    0.00   clock source latency
     1    0.02    0.00    0.00    0.00 ^ clk (in)
                                         clk (net)
                  0.00    0.00    0.00 ^ clkbuf_0_clk/A (sky130_fd_sc_hd__clkbuf_16)
     4    0.05    0.10    0.23    0.23 ^ clkbuf_0_clk/X (sky130_fd_sc_hd__clkbuf_16)
                                         clknet_0_clk (net)
                  0.10    0.00    0.23 ^ clkbuf_2_3__f_clk/A (sky130_fd_sc_hd__clkbuf_16)
    18    0.05    0.11    0.28    0.51 ^ clkbuf_2_3__f_clk/X (sky130_fd_sc_hd__clkbuf_16)
                                         clknet_2_3__leaf_clk (net)
                  0.11    0.00    0.51 ^ _335_/CLK (sky130_fd_sc_hd__dfrtp_4)
     6    0.04    0.20    1.13    1.64 v _335_/Q (sky130_fd_sc_hd__dfrtp_4)
                                         div.count[15] (net)
                  0.20    0.01    1.64 v _157_/A (sky130_fd_sc_hd__or4b_2)
     2    0.03    0.39    1.91    3.55 v _157_/X (sky130_fd_sc_hd__or4b_2)
                                         _074_ (net)
                  0.39    0.00    3.55 v _161_/A (sky130_fd_sc_hd__or4_2)
     4    0.03    0.39    1.97    5.52 v _161_/X (sky130_fd_sc_hd__or4_2)
                                         _078_ (net)
                  0.39    0.00    5.52 v _167_/A (sky130_fd_sc_hd__or4_4)
    12    0.06    0.31    1.40    6.93 v _167_/X (sky130_fd_sc_hd__or4_4)
                                         _084_ (net)
                  0.31    0.01    6.94 v _169_/B (sky130_fd_sc_hd__and2b_1)
     2    0.03    0.26    0.61    7.55 v _169_/X (sky130_fd_sc_hd__and2b_1)
                                         _085_ (net)
                  0.26    0.00    7.55 v _170_/A (sky130_fd_sc_hd__clkbuf_1)
     1    0.01    0.11    0.29    7.84 v _170_/X (sky130_fd_sc_hd__clkbuf_1)
                                         _004_ (net)
                  0.11    0.00    7.84 v _320_/D (sky130_fd_sc_hd__dfrtp_4)
                                  7.84   data arrival time

                         10.00   10.00   clock core_clock (rise edge)
                          0.00   10.00   clock source latency
     1    0.02    0.00    0.00   10.00 ^ clk (in)
                                         clk (net)
                  0.00    0.00   10.00 ^ clkbuf_0_clk/A (sky130_fd_sc_hd__clkbuf_16)
     4    0.05    0.10    0.23   10.23 ^ clkbuf_0_clk/X (sky130_fd_sc_hd__clkbuf_16)
                                         clknet_0_clk (net)
                  0.10    0.00   10.23 ^ clkbuf_2_0__f_clk/A (sky130_fd_sc_hd__clkbuf_16)
    18    0.06    0.12    0.28   10.51 ^ clkbuf_2_0__f_clk/X (sky130_fd_sc_hd__clkbuf_16)
                                         clknet_2_0__leaf_clk (net)
                  0.12    0.00   10.52 ^ _320_/CLK (sky130_fd_sc_hd__dfrtp_4)
                          0.00   10.52   clock reconvergence pessimism
                         -0.28   10.24   library setup time
                                 10.24   data required time
-----------------------------------------------------------------------------
                                 10.24   data required time
                                 -7.84   data arrival time
-----------------------------------------------------------------------------
                                  2.40   slack (MET)


Startpoint: _335_ (rising edge-triggered flip-flop clocked by core_clock)
Endpoint: _328_ (rising edge-triggered flip-flop clocked by core_clock)
Path Group: core_clock
Path Type: max
Corner: Slowest

Fanout     Cap    Slew   Delay    Time   Description
-----------------------------------------------------------------------------
                          0.00    0.00   clock core_clock (rise edge)
                          0.00    0.00   clock source latency
     1    0.02    0.00    0.00    0.00 ^ clk (in)
                                         clk (net)
                  0.00    0.00    0.00 ^ clkbuf_0_clk/A (sky130_fd_sc_hd__clkbuf_16)
     4    0.05    0.10    0.23    0.23 ^ clkbuf_0_clk/X (sky130_fd_sc_hd__clkbuf_16)
                                         clknet_0_clk (net)
                  0.10    0.00    0.23 ^ clkbuf_2_3__f_clk/A (sky130_fd_sc_hd__clkbuf_16)
    18    0.05    0.11    0.28    0.51 ^ clkbuf_2_3__f_clk/X (sky130_fd_sc_hd__clkbuf_16)
                                         clknet_2_3__leaf_clk (net)
                  0.11    0.00    0.51 ^ _335_/CLK (sky130_fd_sc_hd__dfrtp_4)
     6    0.04    0.20    1.13    1.64 v _335_/Q (sky130_fd_sc_hd__dfrtp_4)
                                         div.count[15] (net)
                  0.20    0.01    1.64 v _157_/A (sky130_fd_sc_hd__or4b_2)
     2    0.03    0.39    1.91    3.55 v _157_/X (sky130_fd_sc_hd__or4b_2)
                                         _074_ (net)
                  0.39    0.00    3.55 v _161_/A (sky130_fd_sc_hd__or4_2)
     4    0.03    0.39    1.97    5.52 v _161_/X (sky130_fd_sc_hd__or4_2)
                                         _078_ (net)
                  0.39    0.00    5.52 v _167_/A (sky130_fd_sc_hd__or4_4)
    12    0.06    0.31    1.40    6.93 v _167_/X (sky130_fd_sc_hd__or4_4)
                                         _084_ (net)
                  0.31    0.01    6.93 v _193_/B1 (sky130_fd_sc_hd__o21ai_1)
     1    0.01    0.47    0.40    7.34 ^ _193_/Y (sky130_fd_sc_hd__o21ai_1)
                                         _101_ (net)
                  0.47    0.00    7.34 ^ _194_/B1 (sky130_fd_sc_hd__a21oi_1)
     1    0.01    0.17    0.24    7.57 v _194_/Y (sky130_fd_sc_hd__a21oi_1)
                                         _034_ (net)
                  0.17    0.00    7.57 v _328_/D (sky130_fd_sc_hd__dfrtp_4)
                                  7.57   data arrival time

                         10.00   10.00   clock core_clock (rise edge)
                          0.00   10.00   clock source latency
     1    0.02    0.00    0.00   10.00 ^ clk (in)
                                         clk (net)
                  0.00    0.00   10.00 ^ clkbuf_0_clk/A (sky130_fd_sc_hd__clkbuf_16)
     4    0.05    0.10    0.23   10.23 ^ clkbuf_0_clk/X (sky130_fd_sc_hd__clkbuf_16)
                                         clknet_0_clk (net)
                  0.10    0.00   10.23 ^ clkbuf_2_1__f_clk/A (sky130_fd_sc_hd__clkbuf_16)
    22    0.07    0.13    0.29   10.52 ^ clkbuf_2_1__f_clk/X (sky130_fd_sc_hd__clkbuf_16)
                                         clknet_2_1__leaf_clk (net)
                  0.13    0.00   10.53 ^ _328_/CLK (sky130_fd_sc_hd__dfrtp_4)
                          0.00   10.53   clock reconvergence pessimism
                         -0.30   10.23   library setup time
                                 10.23   data required time
-----------------------------------------------------------------------------
                                 10.23   data required time
                                 -7.57   data arrival time
-----------------------------------------------------------------------------
                                  2.65   slack (MET)


Startpoint: _335_ (rising edge-triggered flip-flop clocked by core_clock)
Endpoint: _331_ (rising edge-triggered flip-flop clocked by core_clock)
Path Group: core_clock
Path Type: max
Corner: Slowest

Fanout     Cap    Slew   Delay    Time   Description
-----------------------------------------------------------------------------
                          0.00    0.00   clock core_clock (rise edge)
                          0.00    0.00   clock source latency
     1    0.02    0.00    0.00    0.00 ^ clk (in)
                                         clk (net)
                  0.00    0.00    0.00 ^ clkbuf_0_clk/A (sky130_fd_sc_hd__clkbuf_16)
     4    0.05    0.10    0.23    0.23 ^ clkbuf_0_clk/X (sky130_fd_sc_hd__clkbuf_16)
                                         clknet_0_clk (net)
                  0.10    0.00    0.23 ^ clkbuf_2_3__f_clk/A (sky130_fd_sc_hd__clkbuf_16)
    18    0.05    0.11    0.28    0.51 ^ clkbuf_2_3__f_clk/X (sky130_fd_sc_hd__clkbuf_16)
                                         clknet_2_3__leaf_clk (net)
                  0.11    0.00    0.51 ^ _335_/CLK (sky130_fd_sc_hd__dfrtp_4)
     6    0.04    0.20    1.13    1.64 v _335_/Q (sky130_fd_sc_hd__dfrtp_4)
                                         div.count[15] (net)
                  0.20    0.01    1.64 v _157_/A (sky130_fd_sc_hd__or4b_2)
     2    0.03    0.39    1.91    3.55 v _157_/X (sky130_fd_sc_hd__or4b_2)
                                         _074_ (net)
                  0.39    0.00    3.55 v _161_/A (sky130_fd_sc_hd__or4_2)
     4    0.03    0.39    1.97    5.52 v _161_/X (sky130_fd_sc_hd__or4_2)
                                         _078_ (net)
                  0.39    0.00    5.53 v _199_/A (sky130_fd_sc_hd__or3_4)
     8    0.05    0.22    1.03    6.56 v _199_/X (sky130_fd_sc_hd__or3_4)
                                         _106_ (net)
                  0.22    0.00    6.56 v _206_/A (sky130_fd_sc_hd__and3_1)
     2    0.04    0.35    0.61    7.17 v _206_/X (sky130_fd_sc_hd__and3_1)
                                         _111_ (net)
                  0.35    0.00    7.17 v _207_/A (sky130_fd_sc_hd__clkbuf_1)
     1    0.00    0.07    0.29    7.46 v _207_/X (sky130_fd_sc_hd__clkbuf_1)
                                         _006_ (net)
                  0.07    0.00    7.46 v _331_/D (sky130_fd_sc_hd__dfrtp_4)
                                  7.46   data arrival time

                         10.00   10.00   clock core_clock (rise edge)
                          0.00   10.00   clock source latency
     1    0.02    0.00    0.00   10.00 ^ clk (in)
                                         clk (net)
                  0.00    0.00   10.00 ^ clkbuf_0_clk/A (sky130_fd_sc_hd__clkbuf_16)
     4    0.05    0.10    0.23   10.23 ^ clkbuf_0_clk/X (sky130_fd_sc_hd__clkbuf_16)
                                         clknet_0_clk (net)
                  0.10    0.00   10.23 ^ clkbuf_2_3__f_clk/A (sky130_fd_sc_hd__clkbuf_16)
    18    0.05    0.11    0.28   10.51 ^ clkbuf_2_3__f_clk/X (sky130_fd_sc_hd__clkbuf_16)
                                         clknet_2_3__leaf_clk (net)
                  0.11    0.00   10.51 ^ _331_/CLK (sky130_fd_sc_hd__dfrtp_4)
                          0.00   10.51   clock reconvergence pessimism
                         -0.26   10.24   library setup time
                                 10.24   data required time
-----------------------------------------------------------------------------
                                 10.24   data required time
                                 -7.46   data arrival time
-----------------------------------------------------------------------------
                                  2.78   slack (MET)


Startpoint: _335_ (rising edge-triggered flip-flop clocked by core_clock)
Endpoint: _356_ (rising edge-triggered flip-flop clocked by core_clock)
Path Group: core_clock
Path Type: max
Corner: Slowest

Fanout     Cap    Slew   Delay    Time   Description
-----------------------------------------------------------------------------
                          0.00    0.00   clock core_clock (rise edge)
                          0.00    0.00   clock source latency
     1    0.02    0.00    0.00    0.00 ^ clk (in)
                                         clk (net)
                  0.00    0.00    0.00 ^ clkbuf_0_clk/A (sky130_fd_sc_hd__clkbuf_16)
     4    0.05    0.10    0.23    0.23 ^ clkbuf_0_clk/X (sky130_fd_sc_hd__clkbuf_16)
                                         clknet_0_clk (net)
                  0.10    0.00    0.23 ^ clkbuf_2_3__f_clk/A (sky130_fd_sc_hd__clkbuf_16)
    18    0.05    0.11    0.28    0.51 ^ clkbuf_2_3__f_clk/X (sky130_fd_sc_hd__clkbuf_16)
                                         clknet_2_3__leaf_clk (net)
                  0.11    0.00    0.51 ^ _335_/CLK (sky130_fd_sc_hd__dfrtp_4)
     6    0.04    0.20    1.13    1.64 v _335_/Q (sky130_fd_sc_hd__dfrtp_4)
                                         div.count[15] (net)
                  0.20    0.01    1.64 v _157_/A (sky130_fd_sc_hd__or4b_2)
     2    0.03    0.39    1.91    3.55 v _157_/X (sky130_fd_sc_hd__or4b_2)
                                         _074_ (net)
                  0.39    0.00    3.55 v _161_/A (sky130_fd_sc_hd__or4_2)
     4    0.03    0.39    1.97    5.52 v _161_/X (sky130_fd_sc_hd__or4_2)
                                         _078_ (net)
                  0.39    0.00    5.52 v _167_/A (sky130_fd_sc_hd__or4_4)
    12    0.06    0.31    1.40    6.93 v _167_/X (sky130_fd_sc_hd__or4_4)
                                         _084_ (net)
                  0.31    0.01    6.93 v _168_/B (sky130_fd_sc_hd__xnor2_1)
     1    0.01    0.44    0.50    7.44 ^ _168_/Y (sky130_fd_sc_hd__xnor2_1)
                                         _073_ (net)
                  0.44    0.00    7.44 ^ _356_/D (sky130_fd_sc_hd__dfrtp_4)
                                  7.44   data arrival time

                         10.00   10.00   clock core_clock (rise edge)
                          0.00   10.00   clock source latency
     1    0.02    0.00    0.00   10.00 ^ clk (in)
                                         clk (net)
                  0.00    0.00   10.00 ^ clkbuf_0_clk/A (sky130_fd_sc_hd__clkbuf_16)
     4    0.05    0.10    0.23   10.23 ^ clkbuf_0_clk/X (sky130_fd_sc_hd__clkbuf_16)
                                         clknet_0_clk (net)
                  0.10    0.00   10.23 ^ clkbuf_2_1__f_clk/A (sky130_fd_sc_hd__clkbuf_16)
    22    0.07    0.13    0.29   10.52 ^ clkbuf_2_1__f_clk/X (sky130_fd_sc_hd__clkbuf_16)
                                         clknet_2_1__leaf_clk (net)
                  0.13    0.00   10.52 ^ _356_/CLK (sky130_fd_sc_hd__dfrtp_4)
                          0.00   10.52   clock reconvergence pessimism
                         -0.22   10.31   library setup time
                                 10.31   data required time
-----------------------------------------------------------------------------
                                 10.31   data required time
                                 -7.44   data arrival time
-----------------------------------------------------------------------------
                                  2.87   slack (MET)


Startpoint: _335_ (rising edge-triggered flip-flop clocked by core_clock)
Endpoint: _338_ (rising edge-triggered flip-flop clocked by core_clock)
Path Group: core_clock
Path Type: max
Corner: Slowest

Fanout     Cap    Slew   Delay    Time   Description
-----------------------------------------------------------------------------
                          0.00    0.00   clock core_clock (rise edge)
                          0.00    0.00   clock source latency
     1    0.02    0.00    0.00    0.00 ^ clk (in)
                                         clk (net)
                  0.00    0.00    0.00 ^ clkbuf_0_clk/A (sky130_fd_sc_hd__clkbuf_16)
     4    0.05    0.10    0.23    0.23 ^ clkbuf_0_clk/X (sky130_fd_sc_hd__clkbuf_16)
                                         clknet_0_clk (net)
                  0.10    0.00    0.23 ^ clkbuf_2_3__f_clk/A (sky130_fd_sc_hd__clkbuf_16)
    18    0.05    0.11    0.28    0.51 ^ clkbuf_2_3__f_clk/X (sky130_fd_sc_hd__clkbuf_16)
                                         clknet_2_3__leaf_clk (net)
                  0.11    0.00    0.51 ^ _335_/CLK (sky130_fd_sc_hd__dfrtp_4)
     6    0.04    0.20    1.13    1.64 v _335_/Q (sky130_fd_sc_hd__dfrtp_4)
                                         div.count[15] (net)
                  0.20    0.01    1.64 v _157_/A (sky130_fd_sc_hd__or4b_2)
     2    0.03    0.39    1.91    3.55 v _157_/X (sky130_fd_sc_hd__or4b_2)
                                         _074_ (net)
                  0.39    0.00    3.55 v _161_/A (sky130_fd_sc_hd__or4_2)
     4    0.03    0.39    1.97    5.52 v _161_/X (sky130_fd_sc_hd__or4_2)
                                         _078_ (net)
                  0.39    0.00    5.53 v _199_/A (sky130_fd_sc_hd__or3_4)
     8    0.05    0.22    1.03    6.56 v _199_/X (sky130_fd_sc_hd__or3_4)
                                         _106_ (net)
                  0.22    0.01    6.56 v _225_/A (sky130_fd_sc_hd__and3_1)
     1    0.01    0.10    0.39    6.96 v _225_/X (sky130_fd_sc_hd__and3_1)
                                         _123_ (net)
                  0.10    0.00    6.96 v _226_/A (sky130_fd_sc_hd__buf_1)
     1    0.01    0.15    0.26    7.21 v _226_/X (sky130_fd_sc_hd__buf_1)
                                         _013_ (net)
                  0.15    0.00    7.21 v _338_/D (sky130_fd_sc_hd__dfrtp_4)
                                  7.21   data arrival time

                         10.00   10.00   clock core_clock (rise edge)
                          0.00   10.00   clock source latency
     1    0.02    0.00    0.00   10.00 ^ clk (in)
                                         clk (net)
                  0.00    0.00   10.00 ^ clkbuf_0_clk/A (sky130_fd_sc_hd__clkbuf_16)
     4    0.05    0.10    0.23   10.23 ^ clkbuf_0_clk/X (sky130_fd_sc_hd__clkbuf_16)
                                         clknet_0_clk (net)
                  0.10    0.00   10.23 ^ clkbuf_2_0__f_clk/A (sky130_fd_sc_hd__clkbuf_16)
    18    0.06    0.12    0.28   10.51 ^ clkbuf_2_0__f_clk/X (sky130_fd_sc_hd__clkbuf_16)
                                         clknet_2_0__leaf_clk (net)
                  0.12    0.00   10.52 ^ _338_/CLK (sky130_fd_sc_hd__dfrtp_4)
                          0.00   10.52   clock reconvergence pessimism
                         -0.30   10.22   library setup time
                                 10.22   data required time
-----------------------------------------------------------------------------
                                 10.22   data required time
                                 -7.21   data arrival time
-----------------------------------------------------------------------------
                                  3.01   slack (MET)


Startpoint: _335_ (rising edge-triggered flip-flop clocked by core_clock)
Endpoint: _329_ (rising edge-triggered flip-flop clocked by core_clock)
Path Group: core_clock
Path Type: max
Corner: Slowest

Fanout     Cap    Slew   Delay    Time   Description
-----------------------------------------------------------------------------
                          0.00    0.00   clock core_clock (rise edge)
                          0.00    0.00   clock source latency
     1    0.02    0.00    0.00    0.00 ^ clk (in)
                                         clk (net)
                  0.00    0.00    0.00 ^ clkbuf_0_clk/A (sky130_fd_sc_hd__clkbuf_16)
     4    0.05    0.10    0.23    0.23 ^ clkbuf_0_clk/X (sky130_fd_sc_hd__clkbuf_16)
                                         clknet_0_clk (net)
                  0.10    0.00    0.23 ^ clkbuf_2_3__f_clk/A (sky130_fd_sc_hd__clkbuf_16)
    18    0.05    0.11    0.28    0.51 ^ clkbuf_2_3__f_clk/X (sky130_fd_sc_hd__clkbuf_16)
                                         clknet_2_3__leaf_clk (net)
                  0.11    0.00    0.51 ^ _335_/CLK (sky130_fd_sc_hd__dfrtp_4)
     6    0.04    0.20    1.13    1.64 v _335_/Q (sky130_fd_sc_hd__dfrtp_4)
                                         div.count[15] (net)
                  0.20    0.01    1.64 v _157_/A (sky130_fd_sc_hd__or4b_2)
     2    0.03    0.39    1.91    3.55 v _157_/X (sky130_fd_sc_hd__or4b_2)
                                         _074_ (net)
                  0.39    0.00    3.55 v _161_/A (sky130_fd_sc_hd__or4_2)
     4    0.03    0.39    1.97    5.52 v _161_/X (sky130_fd_sc_hd__or4_2)
                                         _078_ (net)
                  0.39    0.00    5.53 v _199_/A (sky130_fd_sc_hd__or3_4)
     8    0.05    0.22    1.03    6.56 v _199_/X (sky130_fd_sc_hd__or3_4)
                                         _106_ (net)
                  0.22    0.00    6.56 v _201_/A (sky130_fd_sc_hd__nand2_1)
     1    0.01    0.18    0.24    6.81 ^ _201_/Y (sky130_fd_sc_hd__nand2_1)
                                         _108_ (net)
                  0.18    0.00    6.81 ^ _202_/B (sky130_fd_sc_hd__nor2_1)
     1    0.01    0.15    0.19    6.99 v _202_/Y (sky130_fd_sc_hd__nor2_1)
                                         _035_ (net)
                  0.15    0.00    6.99 v _329_/D (sky130_fd_sc_hd__dfrtp_4)
                                  6.99   data arrival time

                         10.00   10.00   clock core_clock (rise edge)
                          0.00   10.00   clock source latency
     1    0.02    0.00    0.00   10.00 ^ clk (in)
                                         clk (net)
                  0.00    0.00   10.00 ^ clkbuf_0_clk/A (sky130_fd_sc_hd__clkbuf_16)
     4    0.05    0.10    0.23   10.23 ^ clkbuf_0_clk/X (sky130_fd_sc_hd__clkbuf_16)
                                         clknet_0_clk (net)
                  0.10    0.00   10.23 ^ clkbuf_2_1__f_clk/A (sky130_fd_sc_hd__clkbuf_16)
    22    0.07    0.13    0.29   10.52 ^ clkbuf_2_1__f_clk/X (sky130_fd_sc_hd__clkbuf_16)
                                         clknet_2_1__leaf_clk (net)
                  0.13    0.00   10.53 ^ _329_/CLK (sky130_fd_sc_hd__dfrtp_4)
                          0.00   10.53   clock reconvergence pessimism
                         -0.29   10.23   library setup time
                                 10.23   data required time
-----------------------------------------------------------------------------
                                 10.23   data required time
                                 -6.99   data arrival time
-----------------------------------------------------------------------------
                                  3.24   slack (MET)


Startpoint: _335_ (rising edge-triggered flip-flop clocked by core_clock)
Endpoint: _334_ (rising edge-triggered flip-flop clocked by core_clock)
Path Group: core_clock
Path Type: max
Corner: Slowest

Fanout     Cap    Slew   Delay    Time   Description
-----------------------------------------------------------------------------
                          0.00    0.00   clock core_clock (rise edge)
                          0.00    0.00   clock source latency
     1    0.02    0.00    0.00    0.00 ^ clk (in)
                                         clk (net)
                  0.00    0.00    0.00 ^ clkbuf_0_clk/A (sky130_fd_sc_hd__clkbuf_16)
     4    0.05    0.10    0.23    0.23 ^ clkbuf_0_clk/X (sky130_fd_sc_hd__clkbuf_16)
                                         clknet_0_clk (net)
                  0.10    0.00    0.23 ^ clkbuf_2_3__f_clk/A (sky130_fd_sc_hd__clkbuf_16)
    18    0.05    0.11    0.28    0.51 ^ clkbuf_2_3__f_clk/X (sky130_fd_sc_hd__clkbuf_16)
                                         clknet_2_3__leaf_clk (net)
                  0.11    0.00    0.51 ^ _335_/CLK (sky130_fd_sc_hd__dfrtp_4)
     6    0.04    0.20    1.13    1.64 v _335_/Q (sky130_fd_sc_hd__dfrtp_4)
                                         div.count[15] (net)
                  0.20    0.01    1.64 v _157_/A (sky130_fd_sc_hd__or4b_2)
     2    0.03    0.39    1.91    3.55 v _157_/X (sky130_fd_sc_hd__or4b_2)
                                         _074_ (net)
                  0.39    0.00    3.55 v _161_/A (sky130_fd_sc_hd__or4_2)
     4    0.03    0.39    1.97    5.52 v _161_/X (sky130_fd_sc_hd__or4_2)
                                         _078_ (net)
                  0.39    0.00    5.53 v _199_/A (sky130_fd_sc_hd__or3_4)
     8    0.05    0.22    1.03    6.56 v _199_/X (sky130_fd_sc_hd__or3_4)
                                         _106_ (net)
                  0.22    0.01    6.56 v _214_/C1 (sky130_fd_sc_hd__o211a_1)
     1    0.00    0.07    0.26    6.83 v _214_/X (sky130_fd_sc_hd__o211a_1)
                                         _009_ (net)
                  0.07    0.00    6.83 v _334_/D (sky130_fd_sc_hd__dfrtp_2)
                                  6.83   data arrival time

                         10.00   10.00   clock core_clock (rise edge)
                          0.00   10.00   clock source latency
     1    0.02    0.00    0.00   10.00 ^ clk (in)
                                         clk (net)
                  0.00    0.00   10.00 ^ clkbuf_0_clk/A (sky130_fd_sc_hd__clkbuf_16)
     4    0.05    0.10    0.23   10.23 ^ clkbuf_0_clk/X (sky130_fd_sc_hd__clkbuf_16)
                                         clknet_0_clk (net)
                  0.10    0.00   10.23 ^ clkbuf_2_2__f_clk/A (sky130_fd_sc_hd__clkbuf_16)
    14    0.05    0.11    0.28   10.51 ^ clkbuf_2_2__f_clk/X (sky130_fd_sc_hd__clkbuf_16)
                                         clknet_2_2__leaf_clk (net)
                  0.11    0.00   10.51 ^ _334_/CLK (sky130_fd_sc_hd__dfrtp_2)
                          0.00   10.51   clock reconvergence pessimism
                         -0.26   10.25   library setup time
                                 10.25   data required time
-----------------------------------------------------------------------------
                                 10.25   data required time
                                 -6.83   data arrival time
-----------------------------------------------------------------------------
                                  3.42   slack (MET)


Startpoint: _321_ (rising edge-triggered flip-flop clocked by core_clock)
Endpoint: _343_ (rising edge-triggered flip-flop clocked by core_clock)
Path Group: core_clock
Path Type: max
Corner: Slowest

Fanout     Cap    Slew   Delay    Time   Description
-----------------------------------------------------------------------------
                          0.00    0.00   clock core_clock (rise edge)
                          0.00    0.00   clock source latency
     1    0.02    0.00    0.00    0.00 ^ clk (in)
                                         clk (net)
                  0.00    0.00    0.00 ^ clkbuf_0_clk/A (sky130_fd_sc_hd__clkbuf_16)
     4    0.05    0.10    0.23    0.23 ^ clkbuf_0_clk/X (sky130_fd_sc_hd__clkbuf_16)
                                         clknet_0_clk (net)
                  0.10    0.00    0.23 ^ clkbuf_2_1__f_clk/A (sky130_fd_sc_hd__clkbuf_16)
    22    0.07    0.13    0.29    0.52 ^ clkbuf_2_1__f_clk/X (sky130_fd_sc_hd__clkbuf_16)
                                         clknet_2_1__leaf_clk (net)
                  0.13    0.00    0.53 ^ _321_/CLK (sky130_fd_sc_hd__dfrtp_4)
    10    0.05    0.26    1.00    1.53 ^ _321_/Q (sky130_fd_sc_hd__dfrtp_4)
                                         div.count[1] (net)
                  0.26    0.00    1.53 ^ _176_/B (sky130_fd_sc_hd__and4_1)
     1    0.02    0.27    0.60    2.13 ^ _176_/X (sky130_fd_sc_hd__and4_1)
                                         _089_ (net)
                  0.27    0.00    2.13 ^ _177_/A (sky130_fd_sc_hd__clkbuf_4)
    16    0.07    0.34    0.54    2.67 ^ _177_/X (sky130_fd_sc_hd__clkbuf_4)
                                         _090_ (net)
                  0.34    0.01    2.68 ^ _217_/A (sky130_fd_sc_hd__and4_1)
     1    0.02    0.31    0.63    3.31 ^ _217_/X (sky130_fd_sc_hd__and4_1)
                                         _117_ (net)
                  0.31    0.00    3.31 ^ _218_/A (sky130_fd_sc_hd__clkbuf_4)
    18    0.09    0.40    0.60    3.91 ^ _218_/X (sky130_fd_sc_hd__clkbuf_4)
                                         _118_ (net)
                  0.40    0.01    3.92 ^ _232_/B (sky130_fd_sc_hd__and3_2)
     8    0.05    0.43    0.77    4.69 ^ _232_/X (sky130_fd_sc_hd__and3_2)
                                         _128_ (net)
                  0.43    0.00    4.70 ^ _237_/C (sky130_fd_sc_hd__nand3_2)
     4    0.02    0.35    0.45    5.15 v _237_/Y (sky130_fd_sc_hd__nand3_2)
                                         _131_ (net)
                  0.35    0.00    5.15 v _240_/B (sky130_fd_sc_hd__xnor2_1)
     2    0.02    0.84    0.82    5.97 ^ _240_/Y (sky130_fd_sc_hd__xnor2_1)
                                         _019_ (net)
                  0.84    0.00    5.98 ^ _343_/D (sky130_fd_sc_hd__dfrtp_2)
                                  5.98   data arrival time

                         10.00   10.00   clock core_clock (rise edge)
                          0.00   10.00   clock source latency
     1    0.02    0.00    0.00   10.00 ^ clk (in)
                                         clk (net)
                  0.00    0.00   10.00 ^ clkbuf_0_clk/A (sky130_fd_sc_hd__clkbuf_16)
     4    0.05    0.10    0.23   10.23 ^ clkbuf_0_clk/X (sky130_fd_sc_hd__clkbuf_16)
                                         clknet_0_clk (net)
                  0.10    0.00   10.23 ^ clkbuf_2_1__f_clk/A (sky130_fd_sc_hd__clkbuf_16)
    22    0.07    0.13    0.29   10.52 ^ clkbuf_2_1__f_clk/X (sky130_fd_sc_hd__clkbuf_16)
                                         clknet_2_1__leaf_clk (net)
                  0.13    0.00   10.53 ^ _343_/CLK (sky130_fd_sc_hd__dfrtp_2)
                          0.00   10.53   clock reconvergence pessimism
                         -0.32   10.21   library setup time
                                 10.21   data required time
-----------------------------------------------------------------------------
                                 10.21   data required time
                                 -5.98   data arrival time
-----------------------------------------------------------------------------
                                  4.23   slack (MET)


Startpoint: _321_ (rising edge-triggered flip-flop clocked by core_clock)
Endpoint: _349_ (rising edge-triggered flip-flop clocked by core_clock)
Path Group: core_clock
Path Type: max
Corner: Slowest

Fanout     Cap    Slew   Delay    Time   Description
-----------------------------------------------------------------------------
                          0.00    0.00   clock core_clock (rise edge)
                          0.00    0.00   clock source latency
     1    0.02    0.00    0.00    0.00 ^ clk (in)
                                         clk (net)
                  0.00    0.00    0.00 ^ clkbuf_0_clk/A (sky130_fd_sc_hd__clkbuf_16)
     4    0.05    0.10    0.23    0.23 ^ clkbuf_0_clk/X (sky130_fd_sc_hd__clkbuf_16)
                                         clknet_0_clk (net)
                  0.10    0.00    0.23 ^ clkbuf_2_1__f_clk/A (sky130_fd_sc_hd__clkbuf_16)
    22    0.07    0.13    0.29    0.52 ^ clkbuf_2_1__f_clk/X (sky130_fd_sc_hd__clkbuf_16)
                                         clknet_2_1__leaf_clk (net)
                  0.13    0.00    0.53 ^ _321_/CLK (sky130_fd_sc_hd__dfrtp_4)
    10    0.05    0.26    1.00    1.53 ^ _321_/Q (sky130_fd_sc_hd__dfrtp_4)
                                         div.count[1] (net)
                  0.26    0.00    1.53 ^ _176_/B (sky130_fd_sc_hd__and4_1)
     1    0.02    0.27    0.60    2.13 ^ _176_/X (sky130_fd_sc_hd__and4_1)
                                         _089_ (net)
                  0.27    0.00    2.13 ^ _177_/A (sky130_fd_sc_hd__clkbuf_4)
    16    0.07    0.34    0.54    2.67 ^ _177_/X (sky130_fd_sc_hd__clkbuf_4)
                                         _090_ (net)
                  0.34    0.01    2.68 ^ _217_/A (sky130_fd_sc_hd__and4_1)
     1    0.02    0.31    0.63    3.31 ^ _217_/X (sky130_fd_sc_hd__and4_1)
                                         _117_ (net)
                  0.31    0.00    3.31 ^ _218_/A (sky130_fd_sc_hd__clkbuf_4)
    18    0.09    0.40    0.60    3.91 ^ _218_/X (sky130_fd_sc_hd__clkbuf_4)
                                         _118_ (net)
                  0.40    0.01    3.92 ^ _251_/A (sky130_fd_sc_hd__and3_2)
    10    0.05    0.38    0.74    4.65 ^ _251_/X (sky130_fd_sc_hd__and3_2)
                                         _140_ (net)
                  0.38    0.00    4.66 ^ _256_/C (sky130_fd_sc_hd__nand3_2)
     4    0.03    0.39    0.47    5.13 v _256_/Y (sky130_fd_sc_hd__nand3_2)
                                         _143_ (net)
                  0.39    0.00    5.13 v _257_/B1 (sky130_fd_sc_hd__o21a_1)
     2    0.03    0.27    0.51    5.64 v _257_/X (sky130_fd_sc_hd__o21a_1)
                                         _025_ (net)
                  0.27    0.00    5.64 v _349_/D (sky130_fd_sc_hd__dfrtp_4)
                                  5.64   data arrival time

                         10.00   10.00   clock core_clock (rise edge)
                          0.00   10.00   clock source latency
     1    0.02    0.00    0.00   10.00 ^ clk (in)
                                         clk (net)
                  0.00    0.00   10.00 ^ clkbuf_0_clk/A (sky130_fd_sc_hd__clkbuf_16)
     4    0.05    0.10    0.23   10.23 ^ clkbuf_0_clk/X (sky130_fd_sc_hd__clkbuf_16)
                                         clknet_0_clk (net)
                  0.10    0.00   10.23 ^ clkbuf_2_3__f_clk/A (sky130_fd_sc_hd__clkbuf_16)
    18    0.05    0.11    0.28   10.51 ^ clkbuf_2_3__f_clk/X (sky130_fd_sc_hd__clkbuf_16)
                                         clknet_2_3__leaf_clk (net)
                  0.11    0.00   10.51 ^ _349_/CLK (sky130_fd_sc_hd__dfrtp_4)
                          0.00   10.51   clock reconvergence pessimism
                         -0.35   10.16   library setup time
                                 10.16   data required time
-----------------------------------------------------------------------------
                                 10.16   data required time
                                 -5.64   data arrival time
-----------------------------------------------------------------------------
                                  4.52   slack (MET)


Startpoint: _321_ (rising edge-triggered flip-flop clocked by core_clock)
Endpoint: _345_ (rising edge-triggered flip-flop clocked by core_clock)
Path Group: core_clock
Path Type: max
Corner: Slowest

Fanout     Cap    Slew   Delay    Time   Description
-----------------------------------------------------------------------------
                          0.00    0.00   clock core_clock (rise edge)
                          0.00    0.00   clock source latency
     1    0.02    0.00    0.00    0.00 ^ clk (in)
                                         clk (net)
                  0.00    0.00    0.00 ^ clkbuf_0_clk/A (sky130_fd_sc_hd__clkbuf_16)
     4    0.05    0.10    0.23    0.23 ^ clkbuf_0_clk/X (sky130_fd_sc_hd__clkbuf_16)
                                         clknet_0_clk (net)
                  0.10    0.00    0.23 ^ clkbuf_2_1__f_clk/A (sky130_fd_sc_hd__clkbuf_16)
    22    0.07    0.13    0.29    0.52 ^ clkbuf_2_1__f_clk/X (sky130_fd_sc_hd__clkbuf_16)
                                         clknet_2_1__leaf_clk (net)
                  0.13    0.00    0.53 ^ _321_/CLK (sky130_fd_sc_hd__dfrtp_4)
    10    0.05    0.26    1.00    1.53 ^ _321_/Q (sky130_fd_sc_hd__dfrtp_4)
                                         div.count[1] (net)
                  0.26    0.00    1.53 ^ _176_/B (sky130_fd_sc_hd__and4_1)
     1    0.02    0.27    0.60    2.13 ^ _176_/X (sky130_fd_sc_hd__and4_1)
                                         _089_ (net)
                  0.27    0.00    2.13 ^ _177_/A (sky130_fd_sc_hd__clkbuf_4)
    16    0.07    0.34    0.54    2.67 ^ _177_/X (sky130_fd_sc_hd__clkbuf_4)
                                         _090_ (net)
                  0.34    0.01    2.68 ^ _217_/A (sky130_fd_sc_hd__and4_1)
     1    0.02    0.31    0.63    3.31 ^ _217_/X (sky130_fd_sc_hd__and4_1)
                                         _117_ (net)
                  0.31    0.00    3.31 ^ _218_/A (sky130_fd_sc_hd__clkbuf_4)
    18    0.09    0.40    0.60    3.91 ^ _218_/X (sky130_fd_sc_hd__clkbuf_4)
                                         _118_ (net)
                  0.40    0.01    3.92 ^ _243_/A (sky130_fd_sc_hd__and2_2)
     8    0.05    0.38    0.65    4.56 ^ _243_/X (sky130_fd_sc_hd__and2_2)
                                         _135_ (net)
                  0.38    0.00    4.57 ^ _246_/C (sky130_fd_sc_hd__and3_1)
     4    0.03    0.45    0.69    5.26 ^ _246_/X (sky130_fd_sc_hd__and3_1)
                                         _137_ (net)
                  0.45    0.00    5.26 ^ _247_/B (sky130_fd_sc_hd__nor2_1)
     2    0.02    0.24    0.36    5.62 v _247_/Y (sky130_fd_sc_hd__nor2_1)
                                         _021_ (net)
                  0.24    0.00    5.62 v _345_/D (sky130_fd_sc_hd__dfrtp_2)
                                  5.62   data arrival time

                         10.00   10.00   clock core_clock (rise edge)
                          0.00   10.00   clock source latency
     1    0.02    0.00    0.00   10.00 ^ clk (in)
                                         clk (net)
                  0.00    0.00   10.00 ^ clkbuf_0_clk/A (sky130_fd_sc_hd__clkbuf_16)
     4    0.05    0.10    0.23   10.23 ^ clkbuf_0_clk/X (sky130_fd_sc_hd__clkbuf_16)
                                         clknet_0_clk (net)
                  0.10    0.00   10.23 ^ clkbuf_2_3__f_clk/A (sky130_fd_sc_hd__clkbuf_16)
    18    0.05    0.11    0.28   10.51 ^ clkbuf_2_3__f_clk/X (sky130_fd_sc_hd__clkbuf_16)
                                         clknet_2_3__leaf_clk (net)
                  0.11    0.00   10.51 ^ _345_/CLK (sky130_fd_sc_hd__dfrtp_2)
                          0.00   10.51   clock reconvergence pessimism
                         -0.34   10.17   library setup time
                                 10.17   data required time
-----------------------------------------------------------------------------
                                 10.17   data required time
                                 -5.62   data arrival time
-----------------------------------------------------------------------------
                                  4.55   slack (MET)


Startpoint: _321_ (rising edge-triggered flip-flop clocked by core_clock)
Endpoint: _346_ (rising edge-triggered flip-flop clocked by core_clock)
Path Group: core_clock
Path Type: max
Corner: Slowest

Fanout     Cap    Slew   Delay    Time   Description
-----------------------------------------------------------------------------
                          0.00    0.00   clock core_clock (rise edge)
                          0.00    0.00   clock source latency
     1    0.02    0.00    0.00    0.00 ^ clk (in)
                                         clk (net)
                  0.00    0.00    0.00 ^ clkbuf_0_clk/A (sky130_fd_sc_hd__clkbuf_16)
     4    0.05    0.10    0.23    0.23 ^ clkbuf_0_clk/X (sky130_fd_sc_hd__clkbuf_16)
                                         clknet_0_clk (net)
                  0.10    0.00    0.23 ^ clkbuf_2_1__f_clk/A (sky130_fd_sc_hd__clkbuf_16)
    22    0.07    0.13    0.29    0.52 ^ clkbuf_2_1__f_clk/X (sky130_fd_sc_hd__clkbuf_16)
                                         clknet_2_1__leaf_clk (net)
                  0.13    0.00    0.53 ^ _321_/CLK (sky130_fd_sc_hd__dfrtp_4)
    10    0.05    0.26    1.00    1.53 ^ _321_/Q (sky130_fd_sc_hd__dfrtp_4)
                                         div.count[1] (net)
                  0.26    0.00    1.53 ^ _176_/B (sky130_fd_sc_hd__and4_1)
     1    0.02    0.27    0.60    2.13 ^ _176_/X (sky130_fd_sc_hd__and4_1)
                                         _089_ (net)
                  0.27    0.00    2.13 ^ _177_/A (sky130_fd_sc_hd__clkbuf_4)
    16    0.07    0.34    0.54    2.67 ^ _177_/X (sky130_fd_sc_hd__clkbuf_4)
                                         _090_ (net)
                  0.34    0.01    2.68 ^ _217_/A (sky130_fd_sc_hd__and4_1)
     1    0.02    0.31    0.63    3.31 ^ _217_/X (sky130_fd_sc_hd__and4_1)
                                         _117_ (net)
                  0.31    0.00    3.31 ^ _218_/A (sky130_fd_sc_hd__clkbuf_4)
    18    0.09    0.40    0.60    3.91 ^ _218_/X (sky130_fd_sc_hd__clkbuf_4)
                                         _118_ (net)
                  0.40    0.01    3.92 ^ _243_/A (sky130_fd_sc_hd__and2_2)
     8    0.05    0.38    0.65    4.56 ^ _243_/X (sky130_fd_sc_hd__and2_2)
                                         _135_ (net)
                  0.38    0.00    4.57 ^ _246_/C (sky130_fd_sc_hd__and3_1)
     4    0.03    0.45    0.69    5.26 ^ _246_/X (sky130_fd_sc_hd__and3_1)
                                         _137_ (net)
                  0.45    0.00    5.26 ^ _248_/B (sky130_fd_sc_hd__xor2_1)
     1    0.01    0.35    0.49    5.75 ^ _248_/X (sky130_fd_sc_hd__xor2_1)
                                         _022_ (net)
                  0.35    0.00    5.75 ^ _346_/D (sky130_fd_sc_hd__dfrtp_2)
                                  5.75   data arrival time

                         10.00   10.00   clock core_clock (rise edge)
                          0.00   10.00   clock source latency
     1    0.02    0.00    0.00   10.00 ^ clk (in)
                                         clk (net)
                  0.00    0.00   10.00 ^ clkbuf_0_clk/A (sky130_fd_sc_hd__clkbuf_16)
     4    0.05    0.10    0.23   10.23 ^ clkbuf_0_clk/X (sky130_fd_sc_hd__clkbuf_16)
                                         clknet_0_clk (net)
                  0.10    0.00   10.23 ^ clkbuf_2_0__f_clk/A (sky130_fd_sc_hd__clkbuf_16)
    18    0.06    0.12    0.28   10.51 ^ clkbuf_2_0__f_clk/X (sky130_fd_sc_hd__clkbuf_16)
                                         clknet_2_0__leaf_clk (net)
                  0.12    0.00   10.52 ^ _346_/CLK (sky130_fd_sc_hd__dfrtp_2)
                          0.00   10.52   clock reconvergence pessimism
                         -0.20   10.32   library setup time
                                 10.32   data required time
-----------------------------------------------------------------------------
                                 10.32   data required time
                                 -5.75   data arrival time
-----------------------------------------------------------------------------
                                  4.56   slack (MET)


Startpoint: _322_ (rising edge-triggered flip-flop clocked by core_clock)
Endpoint: _348_ (rising edge-triggered flip-flop clocked by core_clock)
Path Group: core_clock
Path Type: max
Corner: Slowest

Fanout     Cap    Slew   Delay    Time   Description
-----------------------------------------------------------------------------
                          0.00    0.00   clock core_clock (rise edge)
                          0.00    0.00   clock source latency
     1    0.02    0.00    0.00    0.00 ^ clk (in)
                                         clk (net)
                  0.00    0.00    0.00 ^ clkbuf_0_clk/A (sky130_fd_sc_hd__clkbuf_16)
     4    0.05    0.10    0.23    0.23 ^ clkbuf_0_clk/X (sky130_fd_sc_hd__clkbuf_16)
                                         clknet_0_clk (net)
                  0.10    0.00    0.23 ^ clkbuf_2_1__f_clk/A (sky130_fd_sc_hd__clkbuf_16)
    22    0.07    0.13    0.29    0.52 ^ clkbuf_2_1__f_clk/X (sky130_fd_sc_hd__clkbuf_16)
                                         clknet_2_1__leaf_clk (net)
                  0.13    0.00    0.53 ^ _322_/CLK (sky130_fd_sc_hd__dfrtp_4)
     8    0.04    0.20    1.14    1.67 v _322_/Q (sky130_fd_sc_hd__dfrtp_4)
                                         div.count[2] (net)
                  0.20    0.00    1.67 v _176_/C (sky130_fd_sc_hd__and4_1)
     1    0.02    0.17    0.55    2.22 v _176_/X (sky130_fd_sc_hd__and4_1)
                                         _089_ (net)
                  0.17    0.00    2.22 v _177_/A (sky130_fd_sc_hd__clkbuf_4)
    16    0.07    0.26    0.46    2.68 v _177_/X (sky130_fd_sc_hd__clkbuf_4)
                                         _090_ (net)
                  0.26    0.01    2.69 v _217_/A (sky130_fd_sc_hd__and4_1)
     1    0.02    0.19    0.51    3.20 v _217_/X (sky130_fd_sc_hd__and4_1)
                                         _117_ (net)
                  0.19    0.00    3.20 v _218_/A (sky130_fd_sc_hd__clkbuf_4)
    18    0.08    0.30    0.50    3.70 v _218_/X (sky130_fd_sc_hd__clkbuf_4)
                                         _118_ (net)
                  0.30    0.01    3.71 v _251_/A (sky130_fd_sc_hd__and3_2)
    10    0.04    0.24    0.65    4.36 v _251_/X (sky130_fd_sc_hd__and3_2)
                                         _140_ (net)
                  0.24    0.00    4.37 v _254_/B (sky130_fd_sc_hd__nor2_1)
     2    0.03    0.82    0.72    5.09 ^ _254_/Y (sky130_fd_sc_hd__nor2_1)
                                         _142_ (net)
                  0.82    0.00    5.09 ^ _255_/B (sky130_fd_sc_hd__nor2_1)
     1    0.02    0.28    0.48    5.57 v _255_/Y (sky130_fd_sc_hd__nor2_1)
                                         _024_ (net)
                  0.28    0.00    5.57 v _348_/D (sky130_fd_sc_hd__dfrtp_4)
                                  5.57   data arrival time

                         10.00   10.00   clock core_clock (rise edge)
                          0.00   10.00   clock source latency
     1    0.02    0.00    0.00   10.00 ^ clk (in)
                                         clk (net)
                  0.00    0.00   10.00 ^ clkbuf_0_clk/A (sky130_fd_sc_hd__clkbuf_16)
     4    0.05    0.10    0.23   10.23 ^ clkbuf_0_clk/X (sky130_fd_sc_hd__clkbuf_16)
                                         clknet_0_clk (net)
                  0.10    0.00   10.23 ^ clkbuf_2_1__f_clk/A (sky130_fd_sc_hd__clkbuf_16)
    22    0.07    0.13    0.29   10.52 ^ clkbuf_2_1__f_clk/X (sky130_fd_sc_hd__clkbuf_16)
                                         clknet_2_1__leaf_clk (net)
                  0.13    0.00   10.53 ^ _348_/CLK (sky130_fd_sc_hd__dfrtp_4)
                          0.00   10.53   clock reconvergence pessimism
                         -0.35   10.18   library setup time
                                 10.18   data required time
-----------------------------------------------------------------------------
                                 10.18   data required time
                                 -5.57   data arrival time
-----------------------------------------------------------------------------
                                  4.61   slack (MET)


Startpoint: _321_ (rising edge-triggered flip-flop clocked by core_clock)
Endpoint: _351_ (rising edge-triggered flip-flop clocked by core_clock)
Path Group: core_clock
Path Type: max
Corner: Slowest

Fanout     Cap    Slew   Delay    Time   Description
-----------------------------------------------------------------------------
                          0.00    0.00   clock core_clock (rise edge)
                          0.00    0.00   clock source latency
     1    0.02    0.00    0.00    0.00 ^ clk (in)
                                         clk (net)
                  0.00    0.00    0.00 ^ clkbuf_0_clk/A (sky130_fd_sc_hd__clkbuf_16)
     4    0.05    0.10    0.23    0.23 ^ clkbuf_0_clk/X (sky130_fd_sc_hd__clkbuf_16)
                                         clknet_0_clk (net)
                  0.10    0.00    0.23 ^ clkbuf_2_1__f_clk/A (sky130_fd_sc_hd__clkbuf_16)
    22    0.07    0.13    0.29    0.52 ^ clkbuf_2_1__f_clk/X (sky130_fd_sc_hd__clkbuf_16)
                                         clknet_2_1__leaf_clk (net)
                  0.13    0.00    0.53 ^ _321_/CLK (sky130_fd_sc_hd__dfrtp_4)
    10    0.05    0.26    1.00    1.53 ^ _321_/Q (sky130_fd_sc_hd__dfrtp_4)
                                         div.count[1] (net)
                  0.26    0.00    1.53 ^ _176_/B (sky130_fd_sc_hd__and4_1)
     1    0.02    0.27    0.60    2.13 ^ _176_/X (sky130_fd_sc_hd__and4_1)
                                         _089_ (net)
                  0.27    0.00    2.13 ^ _177_/A (sky130_fd_sc_hd__clkbuf_4)
    16    0.07    0.34    0.54    2.67 ^ _177_/X (sky130_fd_sc_hd__clkbuf_4)
                                         _090_ (net)
                  0.34    0.01    2.68 ^ _217_/A (sky130_fd_sc_hd__and4_1)
     1    0.02    0.31    0.63    3.31 ^ _217_/X (sky130_fd_sc_hd__and4_1)
                                         _117_ (net)
                  0.31    0.00    3.31 ^ _218_/A (sky130_fd_sc_hd__clkbuf_4)
    18    0.09    0.40    0.60    3.91 ^ _218_/X (sky130_fd_sc_hd__clkbuf_4)
                                         _118_ (net)
                  0.40    0.01    3.92 ^ _251_/A (sky130_fd_sc_hd__and3_2)
    10    0.05    0.38    0.74    4.65 ^ _251_/X (sky130_fd_sc_hd__and3_2)
                                         _140_ (net)
                  0.38    0.00    4.66 ^ _259_/D (sky130_fd_sc_hd__and4_1)
     1    0.01    0.18    0.57    5.23 ^ _259_/X (sky130_fd_sc_hd__and4_1)
                                         _144_ (net)
                  0.18    0.00    5.23 ^ _260_/B (sky130_fd_sc_hd__xor2_1)
     1    0.01    0.35    0.42    5.65 ^ _260_/X (sky130_fd_sc_hd__xor2_1)
                                         _028_ (net)
                  0.35    0.00    5.65 ^ _351_/D (sky130_fd_sc_hd__dfrtp_1)
                                  5.65   data arrival time

                         10.00   10.00   clock core_clock (rise edge)
                          0.00   10.00   clock source latency
     1    0.02    0.00    0.00   10.00 ^ clk (in)
                                         clk (net)
                  0.00    0.00   10.00 ^ clkbuf_0_clk/A (sky130_fd_sc_hd__clkbuf_16)
     4    0.05    0.10    0.23   10.23 ^ clkbuf_0_clk/X (sky130_fd_sc_hd__clkbuf_16)
                                         clknet_0_clk (net)
                  0.10    0.00   10.23 ^ clkbuf_2_3__f_clk/A (sky130_fd_sc_hd__clkbuf_16)
    18    0.05    0.11    0.28   10.51 ^ clkbuf_2_3__f_clk/X (sky130_fd_sc_hd__clkbuf_16)
                                         clknet_2_3__leaf_clk (net)
                  0.11    0.00   10.51 ^ _351_/CLK (sky130_fd_sc_hd__dfrtp_1)
                          0.00   10.51   clock reconvergence pessimism
                         -0.20   10.31   library setup time
                                 10.31   data required time
-----------------------------------------------------------------------------
                                 10.31   data required time
                                 -5.65   data arrival time
-----------------------------------------------------------------------------
                                  4.67   slack (MET)


Startpoint: _321_ (rising edge-triggered flip-flop clocked by core_clock)
Endpoint: _350_ (rising edge-triggered flip-flop clocked by core_clock)
Path Group: core_clock
Path Type: max
Corner: Slowest

Fanout     Cap    Slew   Delay    Time   Description
-----------------------------------------------------------------------------
                          0.00    0.00   clock core_clock (rise edge)
                          0.00    0.00   clock source latency
     1    0.02    0.00    0.00    0.00 ^ clk (in)
                                         clk (net)
                  0.00    0.00    0.00 ^ clkbuf_0_clk/A (sky130_fd_sc_hd__clkbuf_16)
     4    0.05    0.10    0.23    0.23 ^ clkbuf_0_clk/X (sky130_fd_sc_hd__clkbuf_16)
                                         clknet_0_clk (net)
                  0.10    0.00    0.23 ^ clkbuf_2_1__f_clk/A (sky130_fd_sc_hd__clkbuf_16)
    22    0.07    0.13    0.29    0.52 ^ clkbuf_2_1__f_clk/X (sky130_fd_sc_hd__clkbuf_16)
                                         clknet_2_1__leaf_clk (net)
                  0.13    0.00    0.53 ^ _321_/CLK (sky130_fd_sc_hd__dfrtp_4)
    10    0.05    0.26    1.00    1.53 ^ _321_/Q (sky130_fd_sc_hd__dfrtp_4)
                                         div.count[1] (net)
                  0.26    0.00    1.53 ^ _176_/B (sky130_fd_sc_hd__and4_1)
     1    0.02    0.27    0.60    2.13 ^ _176_/X (sky130_fd_sc_hd__and4_1)
                                         _089_ (net)
                  0.27    0.00    2.13 ^ _177_/A (sky130_fd_sc_hd__clkbuf_4)
    16    0.07    0.34    0.54    2.67 ^ _177_/X (sky130_fd_sc_hd__clkbuf_4)
                                         _090_ (net)
                  0.34    0.01    2.68 ^ _217_/A (sky130_fd_sc_hd__and4_1)
     1    0.02    0.31    0.63    3.31 ^ _217_/X (sky130_fd_sc_hd__and4_1)
                                         _117_ (net)
                  0.31    0.00    3.31 ^ _218_/A (sky130_fd_sc_hd__clkbuf_4)
    18    0.09    0.40    0.60    3.91 ^ _218_/X (sky130_fd_sc_hd__clkbuf_4)
                                         _118_ (net)
                  0.40    0.01    3.92 ^ _251_/A (sky130_fd_sc_hd__and3_2)
    10    0.05    0.38    0.74    4.65 ^ _251_/X (sky130_fd_sc_hd__and3_2)
                                         _140_ (net)
                  0.38    0.00    4.66 ^ _256_/C (sky130_fd_sc_hd__nand3_2)
     4    0.03    0.39    0.47    5.13 v _256_/Y (sky130_fd_sc_hd__nand3_2)
                                         _143_ (net)
                  0.39    0.00    5.13 v _258_/B (sky130_fd_sc_hd__xnor2_1)
     1    0.00    0.12    0.35    5.48 v _258_/Y (sky130_fd_sc_hd__xnor2_1)
                                         _027_ (net)
                  0.12    0.00    5.48 v _350_/D (sky130_fd_sc_hd__dfrtp_2)
                                  5.48   data arrival time

                         10.00   10.00   clock core_clock (rise edge)
                          0.00   10.00   clock source latency
     1    0.02    0.00    0.00   10.00 ^ clk (in)
                                         clk (net)
                  0.00    0.00   10.00 ^ clkbuf_0_clk/A (sky130_fd_sc_hd__clkbuf_16)
     4    0.05    0.10    0.23   10.23 ^ clkbuf_0_clk/X (sky130_fd_sc_hd__clkbuf_16)
                                         clknet_0_clk (net)
                  0.10    0.00   10.23 ^ clkbuf_2_0__f_clk/A (sky130_fd_sc_hd__clkbuf_16)
    18    0.06    0.12    0.28   10.51 ^ clkbuf_2_0__f_clk/X (sky130_fd_sc_hd__clkbuf_16)
                                         clknet_2_0__leaf_clk (net)
                  0.12    0.00   10.52 ^ _350_/CLK (sky130_fd_sc_hd__dfrtp_2)
                          0.00   10.52   clock reconvergence pessimism
                         -0.28   10.23   library setup time
                                 10.23   data required time
-----------------------------------------------------------------------------
                                 10.23   data required time
                                 -5.48   data arrival time
-----------------------------------------------------------------------------
                                  4.75   slack (MET)


Startpoint: _321_ (rising edge-triggered flip-flop clocked by core_clock)
Endpoint: _347_ (rising edge-triggered flip-flop clocked by core_clock)
Path Group: core_clock
Path Type: max
Corner: Slowest

Fanout     Cap    Slew   Delay    Time   Description
-----------------------------------------------------------------------------
                          0.00    0.00   clock core_clock (rise edge)
                          0.00    0.00   clock source latency
     1    0.02    0.00    0.00    0.00 ^ clk (in)
                                         clk (net)
                  0.00    0.00    0.00 ^ clkbuf_0_clk/A (sky130_fd_sc_hd__clkbuf_16)
     4    0.05    0.10    0.23    0.23 ^ clkbuf_0_clk/X (sky130_fd_sc_hd__clkbuf_16)
                                         clknet_0_clk (net)
                  0.10    0.00    0.23 ^ clkbuf_2_1__f_clk/A (sky130_fd_sc_hd__clkbuf_16)
    22    0.07    0.13    0.29    0.52 ^ clkbuf_2_1__f_clk/X (sky130_fd_sc_hd__clkbuf_16)
                                         clknet_2_1__leaf_clk (net)
                  0.13    0.00    0.53 ^ _321_/CLK (sky130_fd_sc_hd__dfrtp_4)
    10    0.05    0.26    1.00    1.53 ^ _321_/Q (sky130_fd_sc_hd__dfrtp_4)
                                         div.count[1] (net)
                  0.26    0.00    1.53 ^ _176_/B (sky130_fd_sc_hd__and4_1)
     1    0.02    0.27    0.60    2.13 ^ _176_/X (sky130_fd_sc_hd__and4_1)
                                         _089_ (net)
                  0.27    0.00    2.13 ^ _177_/A (sky130_fd_sc_hd__clkbuf_4)
    16    0.07    0.34    0.54    2.67 ^ _177_/X (sky130_fd_sc_hd__clkbuf_4)
                                         _090_ (net)
                  0.34    0.01    2.68 ^ _217_/A (sky130_fd_sc_hd__and4_1)
     1    0.02    0.31    0.63    3.31 ^ _217_/X (sky130_fd_sc_hd__and4_1)
                                         _117_ (net)
                  0.31    0.00    3.31 ^ _218_/A (sky130_fd_sc_hd__clkbuf_4)
    18    0.09    0.40    0.60    3.91 ^ _218_/X (sky130_fd_sc_hd__clkbuf_4)
                                         _118_ (net)
                  0.40    0.01    3.92 ^ _243_/A (sky130_fd_sc_hd__and2_2)
     8    0.05    0.38    0.65    4.56 ^ _243_/X (sky130_fd_sc_hd__and2_2)
                                         _135_ (net)
                  0.38    0.00    4.57 ^ _249_/D (sky130_fd_sc_hd__and4_1)
     1    0.01    0.23    0.62    5.18 ^ _249_/X (sky130_fd_sc_hd__and4_1)
                                         _138_ (net)
                  0.23    0.00    5.18 ^ _252_/A2 (sky130_fd_sc_hd__o21ba_1)
     1    0.01    0.21    0.38    5.57 ^ _252_/X (sky130_fd_sc_hd__o21ba_1)
                                         _023_ (net)
                  0.21    0.00    5.57 ^ _347_/D (sky130_fd_sc_hd__dfrtp_1)
                                  5.57   data arrival time

                         10.00   10.00   clock core_clock (rise edge)
                          0.00   10.00   clock source latency
     1    0.02    0.00    0.00   10.00 ^ clk (in)
                                         clk (net)
                  0.00    0.00   10.00 ^ clkbuf_0_clk/A (sky130_fd_sc_hd__clkbuf_16)
     4    0.05    0.10    0.23   10.23 ^ clkbuf_0_clk/X (sky130_fd_sc_hd__clkbuf_16)
                                         clknet_0_clk (net)
                  0.10    0.00   10.23 ^ clkbuf_2_3__f_clk/A (sky130_fd_sc_hd__clkbuf_16)
    18    0.05    0.11    0.28   10.51 ^ clkbuf_2_3__f_clk/X (sky130_fd_sc_hd__clkbuf_16)
                                         clknet_2_3__leaf_clk (net)
                  0.11    0.00   10.51 ^ _347_/CLK (sky130_fd_sc_hd__dfrtp_1)
                          0.00   10.51   clock reconvergence pessimism
                         -0.16   10.35   library setup time
                                 10.35   data required time
-----------------------------------------------------------------------------
                                 10.35   data required time
                                 -5.57   data arrival time
-----------------------------------------------------------------------------
                                  4.78   slack (MET)


Startpoint: _321_ (rising edge-triggered flip-flop clocked by core_clock)
Endpoint: _335_ (rising edge-triggered flip-flop clocked by core_clock)
Path Group: core_clock
Path Type: max
Corner: Slowest

Fanout     Cap    Slew   Delay    Time   Description
-----------------------------------------------------------------------------
                          0.00    0.00   clock core_clock (rise edge)
                          0.00    0.00   clock source latency
     1    0.02    0.00    0.00    0.00 ^ clk (in)
                                         clk (net)
                  0.00    0.00    0.00 ^ clkbuf_0_clk/A (sky130_fd_sc_hd__clkbuf_16)
     4    0.05    0.10    0.23    0.23 ^ clkbuf_0_clk/X (sky130_fd_sc_hd__clkbuf_16)
                                         clknet_0_clk (net)
                  0.10    0.00    0.23 ^ clkbuf_2_1__f_clk/A (sky130_fd_sc_hd__clkbuf_16)
    22    0.07    0.13    0.29    0.52 ^ clkbuf_2_1__f_clk/X (sky130_fd_sc_hd__clkbuf_16)
                                         clknet_2_1__leaf_clk (net)
                  0.13    0.00    0.53 ^ _321_/CLK (sky130_fd_sc_hd__dfrtp_4)
    10    0.05    0.26    1.00    1.53 ^ _321_/Q (sky130_fd_sc_hd__dfrtp_4)
                                         div.count[1] (net)
                  0.26    0.00    1.53 ^ _176_/B (sky130_fd_sc_hd__and4_1)
     1    0.02    0.27    0.60    2.13 ^ _176_/X (sky130_fd_sc_hd__and4_1)
                                         _089_ (net)
                  0.27    0.00    2.13 ^ _177_/A (sky130_fd_sc_hd__clkbuf_4)
    16    0.07    0.34    0.54    2.67 ^ _177_/X (sky130_fd_sc_hd__clkbuf_4)
                                         _090_ (net)
                  0.34    0.00    2.68 ^ _195_/C (sky130_fd_sc_hd__and4_1)
     1    0.02    0.30    0.65    3.33 ^ _195_/X (sky130_fd_sc_hd__and4_1)
                                         _102_ (net)
                  0.30    0.00    3.33 ^ _196_/A (sky130_fd_sc_hd__clkbuf_4)
    12    0.07    0.32    0.54    3.86 ^ _196_/X (sky130_fd_sc_hd__clkbuf_4)
                                         _103_ (net)
                  0.32    0.00    3.87 ^ _211_/A (sky130_fd_sc_hd__and2_2)
     6    0.04    0.35    0.59    4.46 ^ _211_/X (sky130_fd_sc_hd__and2_2)
                                         _114_ (net)
                  0.35    0.00    4.46 ^ _213_/B (sky130_fd_sc_hd__nand2_2)
     4    0.03    0.28    0.36    4.82 v _213_/Y (sky130_fd_sc_hd__nand2_2)
                                         _115_ (net)
                  0.28    0.00    4.82 v _215_/B (sky130_fd_sc_hd__xnor2_2)
     2    0.03    0.60    0.61    5.43 ^ _215_/Y (sky130_fd_sc_hd__xnor2_2)
                                         _010_ (net)
                  0.60    0.00    5.43 ^ _335_/D (sky130_fd_sc_hd__dfrtp_4)
                                  5.43   data arrival time

                         10.00   10.00   clock core_clock (rise edge)
                          0.00   10.00   clock source latency
     1    0.02    0.00    0.00   10.00 ^ clk (in)
                                         clk (net)
                  0.00    0.00   10.00 ^ clkbuf_0_clk/A (sky130_fd_sc_hd__clkbuf_16)
     4    0.05    0.10    0.23   10.23 ^ clkbuf_0_clk/X (sky130_fd_sc_hd__clkbuf_16)
                                         clknet_0_clk (net)
                  0.10    0.00   10.23 ^ clkbuf_2_3__f_clk/A (sky130_fd_sc_hd__clkbuf_16)
    18    0.05    0.11    0.28   10.51 ^ clkbuf_2_3__f_clk/X (sky130_fd_sc_hd__clkbuf_16)
                                         clknet_2_3__leaf_clk (net)
                  0.11    0.00   10.51 ^ _335_/CLK (sky130_fd_sc_hd__dfrtp_4)
                          0.00   10.51   clock reconvergence pessimism
                         -0.27   10.24   library setup time
                                 10.24   data required time
-----------------------------------------------------------------------------
                                 10.24   data required time
                                 -5.43   data arrival time
-----------------------------------------------------------------------------
                                  4.81   slack (MET)


Startpoint: _321_ (rising edge-triggered flip-flop clocked by core_clock)
Endpoint: _344_ (rising edge-triggered flip-flop clocked by core_clock)
Path Group: core_clock
Path Type: max
Corner: Slowest

Fanout     Cap    Slew   Delay    Time   Description
-----------------------------------------------------------------------------
                          0.00    0.00   clock core_clock (rise edge)
                          0.00    0.00   clock source latency
     1    0.02    0.00    0.00    0.00 ^ clk (in)
                                         clk (net)
                  0.00    0.00    0.00 ^ clkbuf_0_clk/A (sky130_fd_sc_hd__clkbuf_16)
     4    0.05    0.10    0.23    0.23 ^ clkbuf_0_clk/X (sky130_fd_sc_hd__clkbuf_16)
                                         clknet_0_clk (net)
                  0.10    0.00    0.23 ^ clkbuf_2_1__f_clk/A (sky130_fd_sc_hd__clkbuf_16)
    22    0.07    0.13    0.29    0.52 ^ clkbuf_2_1__f_clk/X (sky130_fd_sc_hd__clkbuf_16)
                                         clknet_2_1__leaf_clk (net)
                  0.13    0.00    0.53 ^ _321_/CLK (sky130_fd_sc_hd__dfrtp_4)
    10    0.05    0.26    1.00    1.53 ^ _321_/Q (sky130_fd_sc_hd__dfrtp_4)
                                         div.count[1] (net)
                  0.26    0.00    1.53 ^ _176_/B (sky130_fd_sc_hd__and4_1)
     1    0.02    0.27    0.60    2.13 ^ _176_/X (sky130_fd_sc_hd__and4_1)
                                         _089_ (net)
                  0.27    0.00    2.13 ^ _177_/A (sky130_fd_sc_hd__clkbuf_4)
    16    0.07    0.34    0.54    2.67 ^ _177_/X (sky130_fd_sc_hd__clkbuf_4)
                                         _090_ (net)
                  0.34    0.01    2.68 ^ _217_/A (sky130_fd_sc_hd__and4_1)
     1    0.02    0.31    0.63    3.31 ^ _217_/X (sky130_fd_sc_hd__and4_1)
                                         _117_ (net)
                  0.31    0.00    3.31 ^ _218_/A (sky130_fd_sc_hd__clkbuf_4)
    18    0.09    0.40    0.60    3.91 ^ _218_/X (sky130_fd_sc_hd__clkbuf_4)
                                         _118_ (net)
                  0.40    0.01    3.92 ^ _243_/A (sky130_fd_sc_hd__and2_2)
     8    0.05    0.38    0.65    4.56 ^ _243_/X (sky130_fd_sc_hd__and2_2)
                                         _135_ (net)
                  0.38    0.01    4.57 ^ _244_/B (sky130_fd_sc_hd__xor2_1)
     2    0.02    0.78    0.79    5.36 ^ _244_/X (sky130_fd_sc_hd__xor2_1)
                                         _020_ (net)
                  0.78    0.00    5.36 ^ _344_/D (sky130_fd_sc_hd__dfrtp_4)
                                  5.36   data arrival time

                         10.00   10.00   clock core_clock (rise edge)
                          0.00   10.00   clock source latency
     1    0.02    0.00    0.00   10.00 ^ clk (in)
                                         clk (net)
                  0.00    0.00   10.00 ^ clkbuf_0_clk/A (sky130_fd_sc_hd__clkbuf_16)
     4    0.05    0.10    0.23   10.23 ^ clkbuf_0_clk/X (sky130_fd_sc_hd__clkbuf_16)
                                         clknet_0_clk (net)
                  0.10    0.00   10.23 ^ clkbuf_2_3__f_clk/A (sky130_fd_sc_hd__clkbuf_16)
    18    0.05    0.11    0.28   10.51 ^ clkbuf_2_3__f_clk/X (sky130_fd_sc_hd__clkbuf_16)
                                         clknet_2_3__leaf_clk (net)
                  0.11    0.00   10.51 ^ _344_/CLK (sky130_fd_sc_hd__dfrtp_4)
                          0.00   10.51   clock reconvergence pessimism
                         -0.31   10.20   library setup time
                                 10.20   data required time
-----------------------------------------------------------------------------
                                 10.20   data required time
                                 -5.36   data arrival time
-----------------------------------------------------------------------------
                                  4.84   slack (MET)


Startpoint: _321_ (rising edge-triggered flip-flop clocked by core_clock)
Endpoint: _341_ (rising edge-triggered flip-flop clocked by core_clock)
Path Group: core_clock
Path Type: max
Corner: Slowest

Fanout     Cap    Slew   Delay    Time   Description
-----------------------------------------------------------------------------
                          0.00    0.00   clock core_clock (rise edge)
                          0.00    0.00   clock source latency
     1    0.02    0.00    0.00    0.00 ^ clk (in)
                                         clk (net)
                  0.00    0.00    0.00 ^ clkbuf_0_clk/A (sky130_fd_sc_hd__clkbuf_16)
     4    0.05    0.10    0.23    0.23 ^ clkbuf_0_clk/X (sky130_fd_sc_hd__clkbuf_16)
                                         clknet_0_clk (net)
                  0.10    0.00    0.23 ^ clkbuf_2_1__f_clk/A (sky130_fd_sc_hd__clkbuf_16)
    22    0.07    0.13    0.29    0.52 ^ clkbuf_2_1__f_clk/X (sky130_fd_sc_hd__clkbuf_16)
                                         clknet_2_1__leaf_clk (net)
                  0.13    0.00    0.53 ^ _321_/CLK (sky130_fd_sc_hd__dfrtp_4)
    10    0.05    0.26    1.00    1.53 ^ _321_/Q (sky130_fd_sc_hd__dfrtp_4)
                                         div.count[1] (net)
                  0.26    0.00    1.53 ^ _176_/B (sky130_fd_sc_hd__and4_1)
     1    0.02    0.27    0.60    2.13 ^ _176_/X (sky130_fd_sc_hd__and4_1)
                                         _089_ (net)
                  0.27    0.00    2.13 ^ _177_/A (sky130_fd_sc_hd__clkbuf_4)
    16    0.07    0.34    0.54    2.67 ^ _177_/X (sky130_fd_sc_hd__clkbuf_4)
                                         _090_ (net)
                  0.34    0.01    2.68 ^ _217_/A (sky130_fd_sc_hd__and4_1)
     1    0.02    0.31    0.63    3.31 ^ _217_/X (sky130_fd_sc_hd__and4_1)
                                         _117_ (net)
                  0.31    0.00    3.31 ^ _218_/A (sky130_fd_sc_hd__clkbuf_4)
    18    0.09    0.40    0.60    3.91 ^ _218_/X (sky130_fd_sc_hd__clkbuf_4)
                                         _118_ (net)
                  0.40    0.01    3.92 ^ _232_/B (sky130_fd_sc_hd__and3_2)
     8    0.05    0.43    0.77    4.69 ^ _232_/X (sky130_fd_sc_hd__and3_2)
                                         _128_ (net)
                  0.43    0.01    4.70 ^ _235_/B (sky130_fd_sc_hd__xor2_1)
     2    0.02    0.65    0.71    5.41 ^ _235_/X (sky130_fd_sc_hd__xor2_1)
                                         _017_ (net)
                  0.65    0.00    5.41 ^ _341_/D (sky130_fd_sc_hd__dfrtp_4)
                                  5.41   data arrival time

                         10.00   10.00   clock core_clock (rise edge)
                          0.00   10.00   clock source latency
     1    0.02    0.00    0.00   10.00 ^ clk (in)
                                         clk (net)
                  0.00    0.00   10.00 ^ clkbuf_0_clk/A (sky130_fd_sc_hd__clkbuf_16)
     4    0.05    0.10    0.23   10.23 ^ clkbuf_0_clk/X (sky130_fd_sc_hd__clkbuf_16)
                                         clknet_0_clk (net)
                  0.10    0.00   10.23 ^ clkbuf_2_1__f_clk/A (sky130_fd_sc_hd__clkbuf_16)
    22    0.07    0.13    0.29   10.52 ^ clkbuf_2_1__f_clk/X (sky130_fd_sc_hd__clkbuf_16)
                                         clknet_2_1__leaf_clk (net)
                  0.13    0.00   10.53 ^ _341_/CLK (sky130_fd_sc_hd__dfrtp_4)
                          0.00   10.53   clock reconvergence pessimism
                         -0.27   10.25   library setup time
                                 10.25   data required time
-----------------------------------------------------------------------------
                                 10.25   data required time
                                 -5.41   data arrival time
-----------------------------------------------------------------------------
                                  4.85   slack (MET)


Startpoint: _322_ (rising edge-triggered flip-flop clocked by core_clock)
Endpoint: _337_ (rising edge-triggered flip-flop clocked by core_clock)
Path Group: core_clock
Path Type: max
Corner: Slowest

Fanout     Cap    Slew   Delay    Time   Description
-----------------------------------------------------------------------------
                          0.00    0.00   clock core_clock (rise edge)
                          0.00    0.00   clock source latency
     1    0.02    0.00    0.00    0.00 ^ clk (in)
                                         clk (net)
                  0.00    0.00    0.00 ^ clkbuf_0_clk/A (sky130_fd_sc_hd__clkbuf_16)
     4    0.05    0.10    0.23    0.23 ^ clkbuf_0_clk/X (sky130_fd_sc_hd__clkbuf_16)
                                         clknet_0_clk (net)
                  0.10    0.00    0.23 ^ clkbuf_2_1__f_clk/A (sky130_fd_sc_hd__clkbuf_16)
    22    0.07    0.13    0.29    0.52 ^ clkbuf_2_1__f_clk/X (sky130_fd_sc_hd__clkbuf_16)
                                         clknet_2_1__leaf_clk (net)
                  0.13    0.00    0.53 ^ _322_/CLK (sky130_fd_sc_hd__dfrtp_4)
     8    0.04    0.20    1.14    1.67 v _322_/Q (sky130_fd_sc_hd__dfrtp_4)
                                         div.count[2] (net)
                  0.20    0.00    1.67 v _176_/C (sky130_fd_sc_hd__and4_1)
     1    0.02    0.17    0.55    2.22 v _176_/X (sky130_fd_sc_hd__and4_1)
                                         _089_ (net)
                  0.17    0.00    2.22 v _177_/A (sky130_fd_sc_hd__clkbuf_4)
    16    0.07    0.26    0.46    2.68 v _177_/X (sky130_fd_sc_hd__clkbuf_4)
                                         _090_ (net)
                  0.26    0.01    2.69 v _217_/A (sky130_fd_sc_hd__and4_1)
     1    0.02    0.19    0.51    3.20 v _217_/X (sky130_fd_sc_hd__and4_1)
                                         _117_ (net)
                  0.19    0.00    3.20 v _218_/A (sky130_fd_sc_hd__clkbuf_4)
    18    0.08    0.30    0.50    3.70 v _218_/X (sky130_fd_sc_hd__clkbuf_4)
                                         _118_ (net)
                  0.30    0.00    3.71 v _221_/C (sky130_fd_sc_hd__and3_2)
     4    0.04    0.22    0.72    4.43 v _221_/X (sky130_fd_sc_hd__and3_2)
                                         _120_ (net)
                  0.22    0.00    4.43 v _222_/B (sky130_fd_sc_hd__nor2_2)
     2    0.04    0.63    0.58    5.01 ^ _222_/Y (sky130_fd_sc_hd__nor2_2)
                                         _012_ (net)
                  0.63    0.00    5.01 ^ _337_/D (sky130_fd_sc_hd__dfrtp_4)
                                  5.01   data arrival time

                         10.00   10.00   clock core_clock (rise edge)
                          0.00   10.00   clock source latency
     1    0.02    0.00    0.00   10.00 ^ clk (in)
                                         clk (net)
                  0.00    0.00   10.00 ^ clkbuf_0_clk/A (sky130_fd_sc_hd__clkbuf_16)
     4    0.05    0.10    0.23   10.23 ^ clkbuf_0_clk/X (sky130_fd_sc_hd__clkbuf_16)
                                         clknet_0_clk (net)
                  0.10    0.00   10.23 ^ clkbuf_2_2__f_clk/A (sky130_fd_sc_hd__clkbuf_16)
    14    0.05    0.11    0.28   10.51 ^ clkbuf_2_2__f_clk/X (sky130_fd_sc_hd__clkbuf_16)
                                         clknet_2_2__leaf_clk (net)
                  0.11    0.00   10.51 ^ _337_/CLK (sky130_fd_sc_hd__dfrtp_4)
                          0.00   10.51   clock reconvergence pessimism
                         -0.27   10.24   library setup time
                                 10.24   data required time
-----------------------------------------------------------------------------
                                 10.24   data required time
                                 -5.01   data arrival time
-----------------------------------------------------------------------------
                                  5.23   slack (MET)


Startpoint: _321_ (rising edge-triggered flip-flop clocked by core_clock)
Endpoint: _332_ (rising edge-triggered flip-flop clocked by core_clock)
Path Group: core_clock
Path Type: max
Corner: Slowest

Fanout     Cap    Slew   Delay    Time   Description
-----------------------------------------------------------------------------
                          0.00    0.00   clock core_clock (rise edge)
                          0.00    0.00   clock source latency
     1    0.02    0.00    0.00    0.00 ^ clk (in)
                                         clk (net)
                  0.00    0.00    0.00 ^ clkbuf_0_clk/A (sky130_fd_sc_hd__clkbuf_16)
     4    0.05    0.10    0.23    0.23 ^ clkbuf_0_clk/X (sky130_fd_sc_hd__clkbuf_16)
                                         clknet_0_clk (net)
                  0.10    0.00    0.23 ^ clkbuf_2_1__f_clk/A (sky130_fd_sc_hd__clkbuf_16)
    22    0.07    0.13    0.29    0.52 ^ clkbuf_2_1__f_clk/X (sky130_fd_sc_hd__clkbuf_16)
                                         clknet_2_1__leaf_clk (net)
                  0.13    0.00    0.53 ^ _321_/CLK (sky130_fd_sc_hd__dfrtp_4)
    10    0.05    0.26    1.00    1.53 ^ _321_/Q (sky130_fd_sc_hd__dfrtp_4)
                                         div.count[1] (net)
                  0.26    0.00    1.53 ^ _176_/B (sky130_fd_sc_hd__and4_1)
     1    0.02    0.27    0.60    2.13 ^ _176_/X (sky130_fd_sc_hd__and4_1)
                                         _089_ (net)
                  0.27    0.00    2.13 ^ _177_/A (sky130_fd_sc_hd__clkbuf_4)
    16    0.07    0.34    0.54    2.67 ^ _177_/X (sky130_fd_sc_hd__clkbuf_4)
                                         _090_ (net)
                  0.34    0.00    2.68 ^ _195_/C (sky130_fd_sc_hd__and4_1)
     1    0.02    0.30    0.65    3.33 ^ _195_/X (sky130_fd_sc_hd__and4_1)
                                         _102_ (net)
                  0.30    0.00    3.33 ^ _196_/A (sky130_fd_sc_hd__clkbuf_4)
    12    0.07    0.32    0.54    3.86 ^ _196_/X (sky130_fd_sc_hd__clkbuf_4)
                                         _103_ (net)
                  0.32    0.00    3.87 ^ _205_/C (sky130_fd_sc_hd__nand3_2)
     4    0.04    0.50    0.53    4.40 v _205_/Y (sky130_fd_sc_hd__nand3_2)
                                         _110_ (net)
                  0.50    0.00    4.40 v _208_/B (sky130_fd_sc_hd__xnor2_1)
     1    0.01    0.47    0.61    5.01 ^ _208_/Y (sky130_fd_sc_hd__xnor2_1)
                                         _007_ (net)
                  0.47    0.00    5.01 ^ _332_/D (sky130_fd_sc_hd__dfrtp_4)
                                  5.01   data arrival time

                         10.00   10.00   clock core_clock (rise edge)
                          0.00   10.00   clock source latency
     1    0.02    0.00    0.00   10.00 ^ clk (in)
                                         clk (net)
                  0.00    0.00   10.00 ^ clkbuf_0_clk/A (sky130_fd_sc_hd__clkbuf_16)
     4    0.05    0.10    0.23   10.23 ^ clkbuf_0_clk/X (sky130_fd_sc_hd__clkbuf_16)
                                         clknet_0_clk (net)
                  0.10    0.00   10.23 ^ clkbuf_2_1__f_clk/A (sky130_fd_sc_hd__clkbuf_16)
    22    0.07    0.13    0.29   10.52 ^ clkbuf_2_1__f_clk/X (sky130_fd_sc_hd__clkbuf_16)
                                         clknet_2_1__leaf_clk (net)
                  0.13    0.00   10.53 ^ _332_/CLK (sky130_fd_sc_hd__dfrtp_4)
                          0.00   10.53   clock reconvergence pessimism
                         -0.23   10.30   library setup time
                                 10.30   data required time
-----------------------------------------------------------------------------
                                 10.30   data required time
                                 -5.01   data arrival time
-----------------------------------------------------------------------------
                                  5.28   slack (MET)


Startpoint: _321_ (rising edge-triggered flip-flop clocked by core_clock)
Endpoint: _340_ (rising edge-triggered flip-flop clocked by core_clock)
Path Group: core_clock
Path Type: max
Corner: Slowest

Fanout     Cap    Slew   Delay    Time   Description
-----------------------------------------------------------------------------
                          0.00    0.00   clock core_clock (rise edge)
                          0.00    0.00   clock source latency
     1    0.02    0.00    0.00    0.00 ^ clk (in)
                                         clk (net)
                  0.00    0.00    0.00 ^ clkbuf_0_clk/A (sky130_fd_sc_hd__clkbuf_16)
     4    0.05    0.10    0.23    0.23 ^ clkbuf_0_clk/X (sky130_fd_sc_hd__clkbuf_16)
                                         clknet_0_clk (net)
                  0.10    0.00    0.23 ^ clkbuf_2_1__f_clk/A (sky130_fd_sc_hd__clkbuf_16)
    22    0.07    0.13    0.29    0.52 ^ clkbuf_2_1__f_clk/X (sky130_fd_sc_hd__clkbuf_16)
                                         clknet_2_1__leaf_clk (net)
                  0.13    0.00    0.53 ^ _321_/CLK (sky130_fd_sc_hd__dfrtp_4)
    10    0.05    0.26    1.00    1.53 ^ _321_/Q (sky130_fd_sc_hd__dfrtp_4)
                                         div.count[1] (net)
                  0.26    0.00    1.53 ^ _176_/B (sky130_fd_sc_hd__and4_1)
     1    0.02    0.27    0.60    2.13 ^ _176_/X (sky130_fd_sc_hd__and4_1)
                                         _089_ (net)
                  0.27    0.00    2.13 ^ _177_/A (sky130_fd_sc_hd__clkbuf_4)
    16    0.07    0.34    0.54    2.67 ^ _177_/X (sky130_fd_sc_hd__clkbuf_4)
                                         _090_ (net)
                  0.34    0.01    2.68 ^ _217_/A (sky130_fd_sc_hd__and4_1)
     1    0.02    0.31    0.63    3.31 ^ _217_/X (sky130_fd_sc_hd__and4_1)
                                         _117_ (net)
                  0.31    0.00    3.31 ^ _218_/A (sky130_fd_sc_hd__clkbuf_4)
    18    0.09    0.40    0.60    3.91 ^ _218_/X (sky130_fd_sc_hd__clkbuf_4)
                                         _118_ (net)
                  0.40    0.01    3.92 ^ _232_/B (sky130_fd_sc_hd__and3_2)
     8    0.05    0.43    0.77    4.69 ^ _232_/X (sky130_fd_sc_hd__and3_2)
                                         _128_ (net)
                  0.43    0.01    4.70 ^ _234_/A (sky130_fd_sc_hd__nor2_1)
     1    0.00    0.16    0.23    4.93 v _234_/Y (sky130_fd_sc_hd__nor2_1)
                                         _016_ (net)
                  0.16    0.00    4.93 v _340_/D (sky130_fd_sc_hd__dfrtp_4)
                                  4.93   data arrival time

                         10.00   10.00   clock core_clock (rise edge)
                          0.00   10.00   clock source latency
     1    0.02    0.00    0.00   10.00 ^ clk (in)
                                         clk (net)
                  0.00    0.00   10.00 ^ clkbuf_0_clk/A (sky130_fd_sc_hd__clkbuf_16)
     4    0.05    0.10    0.23   10.23 ^ clkbuf_0_clk/X (sky130_fd_sc_hd__clkbuf_16)
                                         clknet_0_clk (net)
                  0.10    0.00   10.23 ^ clkbuf_2_2__f_clk/A (sky130_fd_sc_hd__clkbuf_16)
    14    0.05    0.11    0.28   10.51 ^ clkbuf_2_2__f_clk/X (sky130_fd_sc_hd__clkbuf_16)
                                         clknet_2_2__leaf_clk (net)
                  0.11    0.00   10.51 ^ _340_/CLK (sky130_fd_sc_hd__dfrtp_4)
                          0.00   10.51   clock reconvergence pessimism
                         -0.30   10.21   library setup time
                                 10.21   data required time
-----------------------------------------------------------------------------
                                 10.21   data required time
                                 -4.93   data arrival time
-----------------------------------------------------------------------------
                                  5.29   slack (MET)


Startpoint: _321_ (rising edge-triggered flip-flop clocked by core_clock)
Endpoint: _333_ (rising edge-triggered flip-flop clocked by core_clock)
Path Group: core_clock
Path Type: max
Corner: Slowest

Fanout     Cap    Slew   Delay    Time   Description
-----------------------------------------------------------------------------
                          0.00    0.00   clock core_clock (rise edge)
                          0.00    0.00   clock source latency
     1    0.02    0.00    0.00    0.00 ^ clk (in)
                                         clk (net)
                  0.00    0.00    0.00 ^ clkbuf_0_clk/A (sky130_fd_sc_hd__clkbuf_16)
     4    0.05    0.10    0.23    0.23 ^ clkbuf_0_clk/X (sky130_fd_sc_hd__clkbuf_16)
                                         clknet_0_clk (net)
                  0.10    0.00    0.23 ^ clkbuf_2_1__f_clk/A (sky130_fd_sc_hd__clkbuf_16)
    22    0.07    0.13    0.29    0.52 ^ clkbuf_2_1__f_clk/X (sky130_fd_sc_hd__clkbuf_16)
                                         clknet_2_1__leaf_clk (net)
                  0.13    0.00    0.53 ^ _321_/CLK (sky130_fd_sc_hd__dfrtp_4)
    10    0.05    0.26    1.00    1.53 ^ _321_/Q (sky130_fd_sc_hd__dfrtp_4)
                                         div.count[1] (net)
                  0.26    0.00    1.53 ^ _176_/B (sky130_fd_sc_hd__and4_1)
     1    0.02    0.27    0.60    2.13 ^ _176_/X (sky130_fd_sc_hd__and4_1)
                                         _089_ (net)
                  0.27    0.00    2.13 ^ _177_/A (sky130_fd_sc_hd__clkbuf_4)
    16    0.07    0.34    0.54    2.67 ^ _177_/X (sky130_fd_sc_hd__clkbuf_4)
                                         _090_ (net)
                  0.34    0.00    2.68 ^ _195_/C (sky130_fd_sc_hd__and4_1)
     1    0.02    0.30    0.65    3.33 ^ _195_/X (sky130_fd_sc_hd__and4_1)
                                         _102_ (net)
                  0.30    0.00    3.33 ^ _196_/A (sky130_fd_sc_hd__clkbuf_4)
    12    0.07    0.32    0.54    3.86 ^ _196_/X (sky130_fd_sc_hd__clkbuf_4)
                                         _103_ (net)
                  0.32    0.00    3.87 ^ _211_/A (sky130_fd_sc_hd__and2_2)
     6    0.04    0.35    0.59    4.46 ^ _211_/X (sky130_fd_sc_hd__and2_2)
                                         _114_ (net)
                  0.35    0.00    4.46 ^ _212_/B1_N (sky130_fd_sc_hd__o21ba_1)
     1    0.01    0.09    0.39    4.85 v _212_/X (sky130_fd_sc_hd__o21ba_1)
                                         _008_ (net)
                  0.09    0.00    4.85 v _333_/D (sky130_fd_sc_hd__dfrtp_2)
                                  4.85   data arrival time

                         10.00   10.00   clock core_clock (rise edge)
                          0.00   10.00   clock source latency
     1    0.02    0.00    0.00   10.00 ^ clk (in)
                                         clk (net)
                  0.00    0.00   10.00 ^ clkbuf_0_clk/A (sky130_fd_sc_hd__clkbuf_16)
     4    0.05    0.10    0.23   10.23 ^ clkbuf_0_clk/X (sky130_fd_sc_hd__clkbuf_16)
                                         clknet_0_clk (net)
                  0.10    0.00   10.23 ^ clkbuf_2_1__f_clk/A (sky130_fd_sc_hd__clkbuf_16)
    22    0.07    0.13    0.29   10.52 ^ clkbuf_2_1__f_clk/X (sky130_fd_sc_hd__clkbuf_16)
                                         clknet_2_1__leaf_clk (net)
                  0.13    0.00   10.53 ^ _333_/CLK (sky130_fd_sc_hd__dfrtp_2)
                          0.00   10.53   clock reconvergence pessimism
                         -0.27   10.26   library setup time
                                 10.26   data required time
-----------------------------------------------------------------------------
                                 10.26   data required time
                                 -4.85   data arrival time
-----------------------------------------------------------------------------
                                  5.41   slack (MET)


Startpoint: _321_ (rising edge-triggered flip-flop clocked by core_clock)
Endpoint: _336_ (rising edge-triggered flip-flop clocked by core_clock)
Path Group: core_clock
Path Type: max
Corner: Slowest

Fanout     Cap    Slew   Delay    Time   Description
-----------------------------------------------------------------------------
                          0.00    0.00   clock core_clock (rise edge)
                          0.00    0.00   clock source latency
     1    0.02    0.00    0.00    0.00 ^ clk (in)
                                         clk (net)
                  0.00    0.00    0.00 ^ clkbuf_0_clk/A (sky130_fd_sc_hd__clkbuf_16)
     4    0.05    0.10    0.23    0.23 ^ clkbuf_0_clk/X (sky130_fd_sc_hd__clkbuf_16)
                                         clknet_0_clk (net)
                  0.10    0.00    0.23 ^ clkbuf_2_1__f_clk/A (sky130_fd_sc_hd__clkbuf_16)
    22    0.07    0.13    0.29    0.52 ^ clkbuf_2_1__f_clk/X (sky130_fd_sc_hd__clkbuf_16)
                                         clknet_2_1__leaf_clk (net)
                  0.13    0.00    0.53 ^ _321_/CLK (sky130_fd_sc_hd__dfrtp_4)
    10    0.05    0.26    1.00    1.53 ^ _321_/Q (sky130_fd_sc_hd__dfrtp_4)
                                         div.count[1] (net)
                  0.26    0.00    1.53 ^ _176_/B (sky130_fd_sc_hd__and4_1)
     1    0.02    0.27    0.60    2.13 ^ _176_/X (sky130_fd_sc_hd__and4_1)
                                         _089_ (net)
                  0.27    0.00    2.13 ^ _177_/A (sky130_fd_sc_hd__clkbuf_4)
    16    0.07    0.34    0.54    2.67 ^ _177_/X (sky130_fd_sc_hd__clkbuf_4)
                                         _090_ (net)
                  0.34    0.01    2.68 ^ _217_/A (sky130_fd_sc_hd__and4_1)
     1    0.02    0.31    0.63    3.31 ^ _217_/X (sky130_fd_sc_hd__and4_1)
                                         _117_ (net)
                  0.31    0.00    3.31 ^ _218_/A (sky130_fd_sc_hd__clkbuf_4)
    18    0.09    0.40    0.60    3.91 ^ _218_/X (sky130_fd_sc_hd__clkbuf_4)
                                         _118_ (net)
                  0.40    0.00    3.91 ^ _219_/B (sky130_fd_sc_hd__xor2_1)
     1    0.01    0.42    0.54    4.45 ^ _219_/X (sky130_fd_sc_hd__xor2_1)
                                         _011_ (net)
                  0.42    0.00    4.45 ^ _336_/D (sky130_fd_sc_hd__dfrtp_4)
                                  4.45   data arrival time

                         10.00   10.00   clock core_clock (rise edge)
                          0.00   10.00   clock source latency
     1    0.02    0.00    0.00   10.00 ^ clk (in)
                                         clk (net)
                  0.00    0.00   10.00 ^ clkbuf_0_clk/A (sky130_fd_sc_hd__clkbuf_16)
     4    0.05    0.10    0.23   10.23 ^ clkbuf_0_clk/X (sky130_fd_sc_hd__clkbuf_16)
                                         clknet_0_clk (net)
                  0.10    0.00   10.23 ^ clkbuf_2_0__f_clk/A (sky130_fd_sc_hd__clkbuf_16)
    18    0.06    0.12    0.28   10.51 ^ clkbuf_2_0__f_clk/X (sky130_fd_sc_hd__clkbuf_16)
                                         clknet_2_0__leaf_clk (net)
                  0.12    0.00   10.52 ^ _336_/CLK (sky130_fd_sc_hd__dfrtp_4)
                          0.00   10.52   clock reconvergence pessimism
                         -0.22   10.30   library setup time
                                 10.30   data required time
-----------------------------------------------------------------------------
                                 10.30   data required time
                                 -4.45   data arrival time
-----------------------------------------------------------------------------
                                  5.85   slack (MET)


Startpoint: _321_ (rising edge-triggered flip-flop clocked by core_clock)
Endpoint: _330_ (rising edge-triggered flip-flop clocked by core_clock)
Path Group: core_clock
Path Type: max
Corner: Slowest

Fanout     Cap    Slew   Delay    Time   Description
-----------------------------------------------------------------------------
                          0.00    0.00   clock core_clock (rise edge)
                          0.00    0.00   clock source latency
     1    0.02    0.00    0.00    0.00 ^ clk (in)
                                         clk (net)
                  0.00    0.00    0.00 ^ clkbuf_0_clk/A (sky130_fd_sc_hd__clkbuf_16)
     4    0.05    0.10    0.23    0.23 ^ clkbuf_0_clk/X (sky130_fd_sc_hd__clkbuf_16)
                                         clknet_0_clk (net)
                  0.10    0.00    0.23 ^ clkbuf_2_1__f_clk/A (sky130_fd_sc_hd__clkbuf_16)
    22    0.07    0.13    0.29    0.52 ^ clkbuf_2_1__f_clk/X (sky130_fd_sc_hd__clkbuf_16)
                                         clknet_2_1__leaf_clk (net)
                  0.13    0.00    0.53 ^ _321_/CLK (sky130_fd_sc_hd__dfrtp_4)
    10    0.05    0.26    1.00    1.53 ^ _321_/Q (sky130_fd_sc_hd__dfrtp_4)
                                         div.count[1] (net)
                  0.26    0.00    1.53 ^ _176_/B (sky130_fd_sc_hd__and4_1)
     1    0.02    0.27    0.60    2.13 ^ _176_/X (sky130_fd_sc_hd__and4_1)
                                         _089_ (net)
                  0.27    0.00    2.13 ^ _177_/A (sky130_fd_sc_hd__clkbuf_4)
    16    0.07    0.34    0.54    2.67 ^ _177_/X (sky130_fd_sc_hd__clkbuf_4)
                                         _090_ (net)
                  0.34    0.00    2.68 ^ _195_/C (sky130_fd_sc_hd__and4_1)
     1    0.02    0.30    0.65    3.33 ^ _195_/X (sky130_fd_sc_hd__and4_1)
                                         _102_ (net)
                  0.30    0.00    3.33 ^ _196_/A (sky130_fd_sc_hd__clkbuf_4)
    12    0.07    0.32    0.54    3.86 ^ _196_/X (sky130_fd_sc_hd__clkbuf_4)
                                         _103_ (net)
                  0.32    0.00    3.87 ^ _203_/B (sky130_fd_sc_hd__xor2_2)
     2    0.02    0.49    0.56    4.42 ^ _203_/X (sky130_fd_sc_hd__xor2_2)
                                         _005_ (net)
                  0.49    0.00    4.42 ^ _330_/D (sky130_fd_sc_hd__dfrtp_4)
                                  4.42   data arrival time

                         10.00   10.00   clock core_clock (rise edge)
                          0.00   10.00   clock source latency
     1    0.02    0.00    0.00   10.00 ^ clk (in)
                                         clk (net)
                  0.00    0.00   10.00 ^ clkbuf_0_clk/A (sky130_fd_sc_hd__clkbuf_16)
     4    0.05    0.10    0.23   10.23 ^ clkbuf_0_clk/X (sky130_fd_sc_hd__clkbuf_16)
                                         clknet_0_clk (net)
                  0.10    0.00   10.23 ^ clkbuf_2_2__f_clk/A (sky130_fd_sc_hd__clkbuf_16)
    14    0.05    0.11    0.28   10.51 ^ clkbuf_2_2__f_clk/X (sky130_fd_sc_hd__clkbuf_16)
                                         clknet_2_2__leaf_clk (net)
                  0.11    0.00   10.51 ^ _330_/CLK (sky130_fd_sc_hd__dfrtp_4)
                          0.00   10.51   clock reconvergence pessimism
                         -0.24   10.27   library setup time
                                 10.27   data required time
-----------------------------------------------------------------------------
                                 10.27   data required time
                                 -4.42   data arrival time
-----------------------------------------------------------------------------
                                  5.85   slack (MET)


Startpoint: _321_ (rising edge-triggered flip-flop clocked by core_clock)
Endpoint: _327_ (rising edge-triggered flip-flop clocked by core_clock)
Path Group: core_clock
Path Type: max
Corner: Slowest

Fanout     Cap    Slew   Delay    Time   Description
-----------------------------------------------------------------------------
                          0.00    0.00   clock core_clock (rise edge)
                          0.00    0.00   clock source latency
     1    0.02    0.00    0.00    0.00 ^ clk (in)
                                         clk (net)
                  0.00    0.00    0.00 ^ clkbuf_0_clk/A (sky130_fd_sc_hd__clkbuf_16)
     4    0.05    0.10    0.23    0.23 ^ clkbuf_0_clk/X (sky130_fd_sc_hd__clkbuf_16)
                                         clknet_0_clk (net)
                  0.10    0.00    0.23 ^ clkbuf_2_1__f_clk/A (sky130_fd_sc_hd__clkbuf_16)
    22    0.07    0.13    0.29    0.52 ^ clkbuf_2_1__f_clk/X (sky130_fd_sc_hd__clkbuf_16)
                                         clknet_2_1__leaf_clk (net)
                  0.13    0.00    0.53 ^ _321_/CLK (sky130_fd_sc_hd__dfrtp_4)
    10    0.05    0.26    1.00    1.53 ^ _321_/Q (sky130_fd_sc_hd__dfrtp_4)
                                         div.count[1] (net)
                  0.26    0.00    1.53 ^ _176_/B (sky130_fd_sc_hd__and4_1)
     1    0.02    0.27    0.60    2.13 ^ _176_/X (sky130_fd_sc_hd__and4_1)
                                         _089_ (net)
                  0.27    0.00    2.13 ^ _177_/A (sky130_fd_sc_hd__clkbuf_4)
    16    0.07    0.34    0.54    2.67 ^ _177_/X (sky130_fd_sc_hd__clkbuf_4)
                                         _090_ (net)
                  0.34    0.00    2.68 ^ _182_/C (sky130_fd_sc_hd__and3_2)
     6    0.04    0.32    0.67    3.34 ^ _182_/X (sky130_fd_sc_hd__and3_2)
                                         _093_ (net)
                  0.32    0.00    3.35 ^ _186_/B (sky130_fd_sc_hd__nand2_1)
     4    0.02    0.41    0.46    3.80 v _186_/Y (sky130_fd_sc_hd__nand2_1)
                                         _096_ (net)
                  0.41    0.00    3.80 v _192_/A2 (sky130_fd_sc_hd__a21oi_1)
     1    0.01    0.47    0.59    4.39 ^ _192_/Y (sky130_fd_sc_hd__a21oi_1)
                                         _033_ (net)
                  0.47    0.00    4.39 ^ _327_/D (sky130_fd_sc_hd__dfrtp_2)
                                  4.39   data arrival time

                         10.00   10.00   clock core_clock (rise edge)
                          0.00   10.00   clock source latency
     1    0.02    0.00    0.00   10.00 ^ clk (in)
                                         clk (net)
                  0.00    0.00   10.00 ^ clkbuf_0_clk/A (sky130_fd_sc_hd__clkbuf_16)
     4    0.05    0.10    0.23   10.23 ^ clkbuf_0_clk/X (sky130_fd_sc_hd__clkbuf_16)
                                         clknet_0_clk (net)
                  0.10    0.00   10.23 ^ clkbuf_2_2__f_clk/A (sky130_fd_sc_hd__clkbuf_16)
    14    0.05    0.11    0.28   10.51 ^ clkbuf_2_2__f_clk/X (sky130_fd_sc_hd__clkbuf_16)
                                         clknet_2_2__leaf_clk (net)
                  0.11    0.00   10.51 ^ _327_/CLK (sky130_fd_sc_hd__dfrtp_2)
                          0.00   10.51   clock reconvergence pessimism
                         -0.23   10.28   library setup time
                                 10.28   data required time
-----------------------------------------------------------------------------
                                 10.28   data required time
                                 -4.39   data arrival time
-----------------------------------------------------------------------------
                                  5.89   slack (MET)


Startpoint: _322_ (rising edge-triggered flip-flop clocked by core_clock)
Endpoint: _325_ (rising edge-triggered flip-flop clocked by core_clock)
Path Group: core_clock
Path Type: max
Corner: Slowest

Fanout     Cap    Slew   Delay    Time   Description
-----------------------------------------------------------------------------
                          0.00    0.00   clock core_clock (rise edge)
                          0.00    0.00   clock source latency
     1    0.02    0.00    0.00    0.00 ^ clk (in)
                                         clk (net)
                  0.00    0.00    0.00 ^ clkbuf_0_clk/A (sky130_fd_sc_hd__clkbuf_16)
     4    0.05    0.10    0.23    0.23 ^ clkbuf_0_clk/X (sky130_fd_sc_hd__clkbuf_16)
                                         clknet_0_clk (net)
                  0.10    0.00    0.23 ^ clkbuf_2_1__f_clk/A (sky130_fd_sc_hd__clkbuf_16)
    22    0.07    0.13    0.29    0.52 ^ clkbuf_2_1__f_clk/X (sky130_fd_sc_hd__clkbuf_16)
                                         clknet_2_1__leaf_clk (net)
                  0.13    0.00    0.53 ^ _322_/CLK (sky130_fd_sc_hd__dfrtp_4)
     8    0.04    0.20    1.14    1.67 v _322_/Q (sky130_fd_sc_hd__dfrtp_4)
                                         div.count[2] (net)
                  0.20    0.00    1.67 v _176_/C (sky130_fd_sc_hd__and4_1)
     1    0.02    0.17    0.55    2.22 v _176_/X (sky130_fd_sc_hd__and4_1)
                                         _089_ (net)
                  0.17    0.00    2.22 v _177_/A (sky130_fd_sc_hd__clkbuf_4)
    16    0.07    0.26    0.46    2.68 v _177_/X (sky130_fd_sc_hd__clkbuf_4)
                                         _090_ (net)
                  0.26    0.00    2.69 v _182_/C (sky130_fd_sc_hd__and3_2)
     6    0.04    0.21    0.68    3.37 v _182_/X (sky130_fd_sc_hd__and3_2)
                                         _093_ (net)
                  0.21    0.00    3.37 v _184_/A (sky130_fd_sc_hd__nor2_1)
     1    0.02    0.55    0.53    3.90 ^ _184_/Y (sky130_fd_sc_hd__nor2_1)
                                         _031_ (net)
                  0.55    0.00    3.90 ^ _325_/D (sky130_fd_sc_hd__dfrtp_4)
                                  3.90   data arrival time

                         10.00   10.00   clock core_clock (rise edge)
                          0.00   10.00   clock source latency
     1    0.02    0.00    0.00   10.00 ^ clk (in)
                                         clk (net)
                  0.00    0.00   10.00 ^ clkbuf_0_clk/A (sky130_fd_sc_hd__clkbuf_16)
     4    0.05    0.10    0.23   10.23 ^ clkbuf_0_clk/X (sky130_fd_sc_hd__clkbuf_16)
                                         clknet_0_clk (net)
                  0.10    0.00   10.23 ^ clkbuf_2_2__f_clk/A (sky130_fd_sc_hd__clkbuf_16)
    14    0.05    0.11    0.28   10.51 ^ clkbuf_2_2__f_clk/X (sky130_fd_sc_hd__clkbuf_16)
                                         clknet_2_2__leaf_clk (net)
                  0.11    0.00   10.51 ^ _325_/CLK (sky130_fd_sc_hd__dfrtp_4)
                          0.00   10.51   clock reconvergence pessimism
                         -0.25   10.26   library setup time
                                 10.26   data required time
-----------------------------------------------------------------------------
                                 10.26   data required time
                                 -3.90   data arrival time
-----------------------------------------------------------------------------
                                  6.36   slack (MET)


Startpoint: _321_ (rising edge-triggered flip-flop clocked by core_clock)
Endpoint: _323_ (rising edge-triggered flip-flop clocked by core_clock)
Path Group: core_clock
Path Type: max
Corner: Slowest

Fanout     Cap    Slew   Delay    Time   Description
-----------------------------------------------------------------------------
                          0.00    0.00   clock core_clock (rise edge)
                          0.00    0.00   clock source latency
     1    0.02    0.00    0.00    0.00 ^ clk (in)
                                         clk (net)
                  0.00    0.00    0.00 ^ clkbuf_0_clk/A (sky130_fd_sc_hd__clkbuf_16)
     4    0.05    0.10    0.23    0.23 ^ clkbuf_0_clk/X (sky130_fd_sc_hd__clkbuf_16)
                                         clknet_0_clk (net)
                  0.10    0.00    0.23 ^ clkbuf_2_1__f_clk/A (sky130_fd_sc_hd__clkbuf_16)
    22    0.07    0.13    0.29    0.52 ^ clkbuf_2_1__f_clk/X (sky130_fd_sc_hd__clkbuf_16)
                                         clknet_2_1__leaf_clk (net)
                  0.13    0.00    0.53 ^ _321_/CLK (sky130_fd_sc_hd__dfrtp_4)
    10    0.05    0.26    1.00    1.53 ^ _321_/Q (sky130_fd_sc_hd__dfrtp_4)
                                         div.count[1] (net)
                  0.26    0.00    1.53 ^ _176_/B (sky130_fd_sc_hd__and4_1)
     1    0.02    0.27    0.60    2.13 ^ _176_/X (sky130_fd_sc_hd__and4_1)
                                         _089_ (net)
                  0.27    0.00    2.13 ^ _177_/A (sky130_fd_sc_hd__clkbuf_4)
    16    0.07    0.34    0.54    2.67 ^ _177_/X (sky130_fd_sc_hd__clkbuf_4)
                                         _090_ (net)
                  0.34    0.00    2.67 ^ _179_/A_N (sky130_fd_sc_hd__and2b_1)
     2    0.02    0.19    0.58    3.25 v _179_/X (sky130_fd_sc_hd__and2b_1)
                                         _092_ (net)
                  0.19    0.00    3.25 v _180_/A (sky130_fd_sc_hd__buf_1)
     1    0.01    0.12    0.27    3.53 v _180_/X (sky130_fd_sc_hd__buf_1)
                                         _029_ (net)
                  0.12    0.00    3.53 v _323_/D (sky130_fd_sc_hd__dfrtp_2)
                                  3.53   data arrival time

                         10.00   10.00   clock core_clock (rise edge)
                          0.00   10.00   clock source latency
     1    0.02    0.00    0.00   10.00 ^ clk (in)
                                         clk (net)
                  0.00    0.00   10.00 ^ clkbuf_0_clk/A (sky130_fd_sc_hd__clkbuf_16)
     4    0.05    0.10    0.23   10.23 ^ clkbuf_0_clk/X (sky130_fd_sc_hd__clkbuf_16)
                                         clknet_0_clk (net)
                  0.10    0.00   10.23 ^ clkbuf_2_3__f_clk/A (sky130_fd_sc_hd__clkbuf_16)
    18    0.05    0.11    0.28   10.51 ^ clkbuf_2_3__f_clk/X (sky130_fd_sc_hd__clkbuf_16)
                                         clknet_2_3__leaf_clk (net)
                  0.11    0.00   10.51 ^ _323_/CLK (sky130_fd_sc_hd__dfrtp_2)
                          0.00   10.51   clock reconvergence pessimism
                         -0.29   10.22   library setup time
                                 10.22   data required time
-----------------------------------------------------------------------------
                                 10.22   data required time
                                 -3.53   data arrival time
-----------------------------------------------------------------------------
                                  6.69   slack (MET)


Startpoint: _320_ (rising edge-triggered flip-flop clocked by core_clock)
Endpoint: _321_ (rising edge-triggered flip-flop clocked by core_clock)
Path Group: core_clock
Path Type: max
Corner: Slowest

Fanout     Cap    Slew   Delay    Time   Description
-----------------------------------------------------------------------------
                          0.00    0.00   clock core_clock (rise edge)
                          0.00    0.00   clock source latency
     1    0.02    0.00    0.00    0.00 ^ clk (in)
                                         clk (net)
                  0.00    0.00    0.00 ^ clkbuf_0_clk/A (sky130_fd_sc_hd__clkbuf_16)
     4    0.05    0.10    0.23    0.23 ^ clkbuf_0_clk/X (sky130_fd_sc_hd__clkbuf_16)
                                         clknet_0_clk (net)
                  0.10    0.00    0.23 ^ clkbuf_2_0__f_clk/A (sky130_fd_sc_hd__clkbuf_16)
    18    0.06    0.12    0.28    0.51 ^ clkbuf_2_0__f_clk/X (sky130_fd_sc_hd__clkbuf_16)
                                         clknet_2_0__leaf_clk (net)
                  0.12    0.00    0.52 ^ _320_/CLK (sky130_fd_sc_hd__dfrtp_4)
    12    0.05    0.23    1.16    1.68 v _320_/Q (sky130_fd_sc_hd__dfrtp_4)
                                         div.count[0] (net)
                  0.23    0.00    1.68 v _171_/A (sky130_fd_sc_hd__or2_1)
     2    0.02    0.20    0.69    2.37 v _171_/X (sky130_fd_sc_hd__or2_1)
                                         _086_ (net)
                  0.20    0.00    2.37 v _173_/A (sky130_fd_sc_hd__and2_1)
     2    0.02    0.24    0.49    2.86 v _173_/X (sky130_fd_sc_hd__and2_1)
                                         _088_ (net)
                  0.24    0.00    2.86 v _174_/A (sky130_fd_sc_hd__buf_1)
     2    0.03    0.38    0.48    3.35 v _174_/X (sky130_fd_sc_hd__buf_1)
                                         _015_ (net)
                  0.38    0.00    3.35 v _321_/D (sky130_fd_sc_hd__dfrtp_4)
                                  3.35   data arrival time

                         10.00   10.00   clock core_clock (rise edge)
                          0.00   10.00   clock source latency
     1    0.02    0.00    0.00   10.00 ^ clk (in)
                                         clk (net)
                  0.00    0.00   10.00 ^ clkbuf_0_clk/A (sky130_fd_sc_hd__clkbuf_16)
     4    0.05    0.10    0.23   10.23 ^ clkbuf_0_clk/X (sky130_fd_sc_hd__clkbuf_16)
                                         clknet_0_clk (net)
                  0.10    0.00   10.23 ^ clkbuf_2_1__f_clk/A (sky130_fd_sc_hd__clkbuf_16)
    22    0.07    0.13    0.29   10.52 ^ clkbuf_2_1__f_clk/X (sky130_fd_sc_hd__clkbuf_16)
                                         clknet_2_1__leaf_clk (net)
                  0.13    0.00   10.53 ^ _321_/CLK (sky130_fd_sc_hd__dfrtp_4)
                          0.00   10.53   clock reconvergence pessimism
                         -0.39   10.14   library setup time
                                 10.14   data required time
-----------------------------------------------------------------------------
                                 10.14   data required time
                                 -3.35   data arrival time
-----------------------------------------------------------------------------
                                  6.79   slack (MET)


Startpoint: _322_ (rising edge-triggered flip-flop clocked by core_clock)
Endpoint: _324_ (rising edge-triggered flip-flop clocked by core_clock)
Path Group: core_clock
Path Type: max
Corner: Slowest

Fanout     Cap    Slew   Delay    Time   Description
-----------------------------------------------------------------------------
                          0.00    0.00   clock core_clock (rise edge)
                          0.00    0.00   clock source latency
     1    0.02    0.00    0.00    0.00 ^ clk (in)
                                         clk (net)
                  0.00    0.00    0.00 ^ clkbuf_0_clk/A (sky130_fd_sc_hd__clkbuf_16)
     4    0.05    0.10    0.23    0.23 ^ clkbuf_0_clk/X (sky130_fd_sc_hd__clkbuf_16)
                                         clknet_0_clk (net)
                  0.10    0.00    0.23 ^ clkbuf_2_1__f_clk/A (sky130_fd_sc_hd__clkbuf_16)
    22    0.07    0.13    0.29    0.52 ^ clkbuf_2_1__f_clk/X (sky130_fd_sc_hd__clkbuf_16)
                                         clknet_2_1__leaf_clk (net)
                  0.13    0.00    0.53 ^ _322_/CLK (sky130_fd_sc_hd__dfrtp_4)
     8    0.04    0.20    1.14    1.67 v _322_/Q (sky130_fd_sc_hd__dfrtp_4)
                                         div.count[2] (net)
                  0.20    0.00    1.67 v _176_/C (sky130_fd_sc_hd__and4_1)
     1    0.02    0.17    0.55    2.22 v _176_/X (sky130_fd_sc_hd__and4_1)
                                         _089_ (net)
                  0.17    0.00    2.22 v _177_/A (sky130_fd_sc_hd__clkbuf_4)
    16    0.07    0.26    0.46    2.68 v _177_/X (sky130_fd_sc_hd__clkbuf_4)
                                         _090_ (net)
                  0.26    0.00    2.69 v _181_/B (sky130_fd_sc_hd__xor2_1)
     1    0.01    0.21    0.39    3.08 v _181_/X (sky130_fd_sc_hd__xor2_1)
                                         _030_ (net)
                  0.21    0.00    3.08 v _324_/D (sky130_fd_sc_hd__dfrtp_4)
                                  3.08   data arrival time

                         10.00   10.00   clock core_clock (rise edge)
                          0.00   10.00   clock source latency
     1    0.02    0.00    0.00   10.00 ^ clk (in)
                                         clk (net)
                  0.00    0.00   10.00 ^ clkbuf_0_clk/A (sky130_fd_sc_hd__clkbuf_16)
     4    0.05    0.10    0.23   10.23 ^ clkbuf_0_clk/X (sky130_fd_sc_hd__clkbuf_16)
                                         clknet_0_clk (net)
                  0.10    0.00   10.23 ^ clkbuf_2_0__f_clk/A (sky130_fd_sc_hd__clkbuf_16)
    18    0.06    0.12    0.28   10.51 ^ clkbuf_2_0__f_clk/X (sky130_fd_sc_hd__clkbuf_16)
                                         clknet_2_0__leaf_clk (net)
                  0.12    0.00   10.52 ^ _324_/CLK (sky130_fd_sc_hd__dfrtp_4)
                          0.00   10.52   clock reconvergence pessimism
                         -0.32   10.20   library setup time
                                 10.20   data required time
-----------------------------------------------------------------------------
                                 10.20   data required time
                                 -3.08   data arrival time
-----------------------------------------------------------------------------
                                  7.11   slack (MET)


Startpoint: _320_ (rising edge-triggered flip-flop clocked by core_clock)
Endpoint: _322_ (rising edge-triggered flip-flop clocked by core_clock)
Path Group: core_clock
Path Type: max
Corner: Slowest

Fanout     Cap    Slew   Delay    Time   Description
-----------------------------------------------------------------------------
                          0.00    0.00   clock core_clock (rise edge)
                          0.00    0.00   clock source latency
     1    0.02    0.00    0.00    0.00 ^ clk (in)
                                         clk (net)
                  0.00    0.00    0.00 ^ clkbuf_0_clk/A (sky130_fd_sc_hd__clkbuf_16)
     4    0.05    0.10    0.23    0.23 ^ clkbuf_0_clk/X (sky130_fd_sc_hd__clkbuf_16)
                                         clknet_0_clk (net)
                  0.10    0.00    0.23 ^ clkbuf_2_0__f_clk/A (sky130_fd_sc_hd__clkbuf_16)
    18    0.06    0.12    0.28    0.51 ^ clkbuf_2_0__f_clk/X (sky130_fd_sc_hd__clkbuf_16)
                                         clknet_2_0__leaf_clk (net)
                  0.12    0.00    0.52 ^ _320_/CLK (sky130_fd_sc_hd__dfrtp_4)
    12    0.05    0.29    1.02    1.53 ^ _320_/Q (sky130_fd_sc_hd__dfrtp_4)
                                         div.count[0] (net)
                  0.29    0.00    1.53 ^ _172_/A (sky130_fd_sc_hd__nand2_2)
     4    0.03    0.27    0.32    1.86 v _172_/Y (sky130_fd_sc_hd__nand2_2)
                                         _087_ (net)
                  0.27    0.00    1.86 v _175_/B (sky130_fd_sc_hd__xnor2_1)
     2    0.02    0.78    0.74    2.60 ^ _175_/Y (sky130_fd_sc_hd__xnor2_1)
                                         _026_ (net)
                  0.78    0.00    2.60 ^ _322_/D (sky130_fd_sc_hd__dfrtp_4)
                                  2.60   data arrival time

                         10.00   10.00   clock core_clock (rise edge)
                          0.00   10.00   clock source latency
     1    0.02    0.00    0.00   10.00 ^ clk (in)
                                         clk (net)
                  0.00    0.00   10.00 ^ clkbuf_0_clk/A (sky130_fd_sc_hd__clkbuf_16)
     4    0.05    0.10    0.23   10.23 ^ clkbuf_0_clk/X (sky130_fd_sc_hd__clkbuf_16)
                                         clknet_0_clk (net)
                  0.10    0.00   10.23 ^ clkbuf_2_1__f_clk/A (sky130_fd_sc_hd__clkbuf_16)
    22    0.07    0.13    0.29   10.52 ^ clkbuf_2_1__f_clk/X (sky130_fd_sc_hd__clkbuf_16)
                                         clknet_2_1__leaf_clk (net)
                  0.13    0.00   10.53 ^ _322_/CLK (sky130_fd_sc_hd__dfrtp_4)
                          0.00   10.53   clock reconvergence pessimism
                         -0.31   10.22   library setup time
                                 10.22   data required time
-----------------------------------------------------------------------------
                                 10.22   data required time
                                 -2.60   data arrival time
-----------------------------------------------------------------------------
                                  7.62   slack (MET)



worst slack corner Slowest: 2.2985
======================= Typical Corner ===================================

Startpoint: _335_ (rising edge-triggered flip-flop clocked by core_clock)
Endpoint: _342_ (rising edge-triggered flip-flop clocked by core_clock)
Path Group: core_clock
Path Type: max
Corner: Typical

Fanout     Cap    Slew   Delay    Time   Description
-----------------------------------------------------------------------------
                          0.00    0.00   clock core_clock (rise edge)
                          0.00    0.00   clock source latency
     1    0.02    0.00    0.00    0.00 ^ clk (in)
                                         clk (net)
                  0.00    0.00    0.00 ^ clkbuf_0_clk/A (sky130_fd_sc_hd__clkbuf_16)
     4    0.05    0.07    0.13    0.13 ^ clkbuf_0_clk/X (sky130_fd_sc_hd__clkbuf_16)
                                         clknet_0_clk (net)
                  0.07    0.00    0.13 ^ clkbuf_2_3__f_clk/A (sky130_fd_sc_hd__clkbuf_16)
    18    0.05    0.07    0.16    0.29 ^ clkbuf_2_3__f_clk/X (sky130_fd_sc_hd__clkbuf_16)
                                         clknet_2_3__leaf_clk (net)
                  0.07    0.00    0.29 ^ _335_/CLK (sky130_fd_sc_hd__dfrtp_4)
     6    0.04    0.11    0.54    0.84 v _335_/Q (sky130_fd_sc_hd__dfrtp_4)
                                         div.count[15] (net)
                  0.11    0.01    0.84 v _157_/A (sky130_fd_sc_hd__or4b_2)
     2    0.03    0.20    0.83    1.67 v _157_/X (sky130_fd_sc_hd__or4b_2)
                                         _074_ (net)
                  0.20    0.00    1.67 v _161_/A (sky130_fd_sc_hd__or4_2)
     4    0.03    0.20    0.85    2.52 v _161_/X (sky130_fd_sc_hd__or4_2)
                                         _078_ (net)
                  0.20    0.00    2.52 v _167_/A (sky130_fd_sc_hd__or4_4)
    12    0.06    0.17    0.71    3.23 v _167_/X (sky130_fd_sc_hd__or4_4)
                                         _084_ (net)
                  0.17    0.01    3.24 v _238_/A (sky130_fd_sc_hd__and3_1)
     2    0.02    0.11    0.26    3.50 v _238_/X (sky130_fd_sc_hd__and3_1)
                                         _132_ (net)
                  0.11    0.00    3.51 v _239_/A (sky130_fd_sc_hd__buf_1)
     2    0.02    0.14    0.21    3.71 v _239_/X (sky130_fd_sc_hd__buf_1)
                                         _018_ (net)
                  0.14    0.00    3.71 v _342_/D (sky130_fd_sc_hd__dfrtp_4)
                                  3.71   data arrival time

                         10.00   10.00   clock core_clock (rise edge)
                          0.00   10.00   clock source latency
     1    0.02    0.00    0.00   10.00 ^ clk (in)
                                         clk (net)
                  0.00    0.00   10.00 ^ clkbuf_0_clk/A (sky130_fd_sc_hd__clkbuf_16)
     4    0.05    0.07    0.13   10.13 ^ clkbuf_0_clk/X (sky130_fd_sc_hd__clkbuf_16)
                                         clknet_0_clk (net)
                  0.07    0.00   10.13 ^ clkbuf_2_0__f_clk/A (sky130_fd_sc_hd__clkbuf_16)
    18    0.06    0.08    0.16   10.30 ^ clkbuf_2_0__f_clk/X (sky130_fd_sc_hd__clkbuf_16)
                                         clknet_2_0__leaf_clk (net)
                  0.08    0.00   10.30 ^ _342_/CLK (sky130_fd_sc_hd__dfrtp_4)
                          0.00   10.30   clock reconvergence pessimism
                         -0.15   10.15   library setup time
                                 10.15   data required time
-----------------------------------------------------------------------------
                                 10.15   data required time
                                 -3.71   data arrival time
-----------------------------------------------------------------------------
                                  6.44   slack (MET)


Startpoint: _335_ (rising edge-triggered flip-flop clocked by core_clock)
Endpoint: _326_ (rising edge-triggered flip-flop clocked by core_clock)
Path Group: core_clock
Path Type: max
Corner: Typical

Fanout     Cap    Slew   Delay    Time   Description
-----------------------------------------------------------------------------
                          0.00    0.00   clock core_clock (rise edge)
                          0.00    0.00   clock source latency
     1    0.02    0.00    0.00    0.00 ^ clk (in)
                                         clk (net)
                  0.00    0.00    0.00 ^ clkbuf_0_clk/A (sky130_fd_sc_hd__clkbuf_16)
     4    0.05    0.07    0.13    0.13 ^ clkbuf_0_clk/X (sky130_fd_sc_hd__clkbuf_16)
                                         clknet_0_clk (net)
                  0.07    0.00    0.13 ^ clkbuf_2_3__f_clk/A (sky130_fd_sc_hd__clkbuf_16)
    18    0.05    0.07    0.16    0.29 ^ clkbuf_2_3__f_clk/X (sky130_fd_sc_hd__clkbuf_16)
                                         clknet_2_3__leaf_clk (net)
                  0.07    0.00    0.29 ^ _335_/CLK (sky130_fd_sc_hd__dfrtp_4)
     6    0.04    0.11    0.54    0.84 v _335_/Q (sky130_fd_sc_hd__dfrtp_4)
                                         div.count[15] (net)
                  0.11    0.01    0.84 v _157_/A (sky130_fd_sc_hd__or4b_2)
     2    0.03    0.20    0.83    1.67 v _157_/X (sky130_fd_sc_hd__or4b_2)
                                         _074_ (net)
                  0.20    0.00    1.67 v _161_/A (sky130_fd_sc_hd__or4_2)
     4    0.03    0.20    0.85    2.52 v _161_/X (sky130_fd_sc_hd__or4_2)
                                         _078_ (net)
                  0.20    0.00    2.52 v _167_/A (sky130_fd_sc_hd__or4_4)
    12    0.06    0.17    0.71    3.23 v _167_/X (sky130_fd_sc_hd__or4_4)
                                         _084_ (net)
                  0.17    0.01    3.24 v _187_/A (sky130_fd_sc_hd__and3_1)
     2    0.03    0.14    0.29    3.53 v _187_/X (sky130_fd_sc_hd__and3_1)
                                         _097_ (net)
                  0.14    0.00    3.53 v _188_/A (sky130_fd_sc_hd__buf_1)
     1    0.02    0.11    0.19    3.72 v _188_/X (sky130_fd_sc_hd__buf_1)
                                         _032_ (net)
                  0.11    0.00    3.73 v _326_/D (sky130_fd_sc_hd__dfrtp_4)
                                  3.73   data arrival time

                         10.00   10.00   clock core_clock (rise edge)
                          0.00   10.00   clock source latency
     1    0.02    0.00    0.00   10.00 ^ clk (in)
                                         clk (net)
                  0.00    0.00   10.00 ^ clkbuf_0_clk/A (sky130_fd_sc_hd__clkbuf_16)
     4    0.05    0.07    0.13   10.13 ^ clkbuf_0_clk/X (sky130_fd_sc_hd__clkbuf_16)
                                         clknet_0_clk (net)
                  0.07    0.00   10.13 ^ clkbuf_2_1__f_clk/A (sky130_fd_sc_hd__clkbuf_16)
    22    0.07    0.08    0.17   10.30 ^ clkbuf_2_1__f_clk/X (sky130_fd_sc_hd__clkbuf_16)
                                         clknet_2_1__leaf_clk (net)
                  0.08    0.00   10.31 ^ _326_/CLK (sky130_fd_sc_hd__dfrtp_4)
                          0.00   10.31   clock reconvergence pessimism
                         -0.13   10.17   library setup time
                                 10.17   data required time
-----------------------------------------------------------------------------
                                 10.17   data required time
                                 -3.73   data arrival time
-----------------------------------------------------------------------------
                                  6.45   slack (MET)


Startpoint: _335_ (rising edge-triggered flip-flop clocked by core_clock)
Endpoint: _339_ (rising edge-triggered flip-flop clocked by core_clock)
Path Group: core_clock
Path Type: max
Corner: Typical

Fanout     Cap    Slew   Delay    Time   Description
-----------------------------------------------------------------------------
                          0.00    0.00   clock core_clock (rise edge)
                          0.00    0.00   clock source latency
     1    0.02    0.00    0.00    0.00 ^ clk (in)
                                         clk (net)
                  0.00    0.00    0.00 ^ clkbuf_0_clk/A (sky130_fd_sc_hd__clkbuf_16)
     4    0.05    0.07    0.13    0.13 ^ clkbuf_0_clk/X (sky130_fd_sc_hd__clkbuf_16)
                                         clknet_0_clk (net)
                  0.07    0.00    0.13 ^ clkbuf_2_3__f_clk/A (sky130_fd_sc_hd__clkbuf_16)
    18    0.05    0.07    0.16    0.29 ^ clkbuf_2_3__f_clk/X (sky130_fd_sc_hd__clkbuf_16)
                                         clknet_2_3__leaf_clk (net)
                  0.07    0.00    0.29 ^ _335_/CLK (sky130_fd_sc_hd__dfrtp_4)
     6    0.04    0.11    0.54    0.84 v _335_/Q (sky130_fd_sc_hd__dfrtp_4)
                                         div.count[15] (net)
                  0.11    0.01    0.84 v _157_/A (sky130_fd_sc_hd__or4b_2)
     2    0.03    0.20    0.83    1.67 v _157_/X (sky130_fd_sc_hd__or4b_2)
                                         _074_ (net)
                  0.20    0.00    1.67 v _161_/A (sky130_fd_sc_hd__or4_2)
     4    0.03    0.20    0.85    2.52 v _161_/X (sky130_fd_sc_hd__or4_2)
                                         _078_ (net)
                  0.20    0.00    2.52 v _167_/A (sky130_fd_sc_hd__or4_4)
    12    0.06    0.17    0.71    3.23 v _167_/X (sky130_fd_sc_hd__or4_4)
                                         _084_ (net)
                  0.17    0.00    3.24 v _230_/A (sky130_fd_sc_hd__and3_1)
     2    0.02    0.11    0.27    3.50 v _230_/X (sky130_fd_sc_hd__and3_1)
                                         _127_ (net)
                  0.11    0.00    3.51 v _231_/A (sky130_fd_sc_hd__buf_1)
     2    0.02    0.12    0.19    3.70 v _231_/X (sky130_fd_sc_hd__buf_1)
                                         _014_ (net)
                  0.12    0.00    3.70 v _339_/D (sky130_fd_sc_hd__dfrtp_4)
                                  3.70   data arrival time

                         10.00   10.00   clock core_clock (rise edge)
                          0.00   10.00   clock source latency
     1    0.02    0.00    0.00   10.00 ^ clk (in)
                                         clk (net)
                  0.00    0.00   10.00 ^ clkbuf_0_clk/A (sky130_fd_sc_hd__clkbuf_16)
     4    0.05    0.07    0.13   10.13 ^ clkbuf_0_clk/X (sky130_fd_sc_hd__clkbuf_16)
                                         clknet_0_clk (net)
                  0.07    0.00   10.13 ^ clkbuf_2_0__f_clk/A (sky130_fd_sc_hd__clkbuf_16)
    18    0.06    0.08    0.16   10.30 ^ clkbuf_2_0__f_clk/X (sky130_fd_sc_hd__clkbuf_16)
                                         clknet_2_0__leaf_clk (net)
                  0.08    0.00   10.30 ^ _339_/CLK (sky130_fd_sc_hd__dfrtp_4)
                          0.00   10.30   clock reconvergence pessimism
                         -0.14   10.16   library setup time
                                 10.16   data required time
-----------------------------------------------------------------------------
                                 10.16   data required time
                                 -3.70   data arrival time
-----------------------------------------------------------------------------
                                  6.46   slack (MET)


Startpoint: _335_ (rising edge-triggered flip-flop clocked by core_clock)
Endpoint: _320_ (rising edge-triggered flip-flop clocked by core_clock)
Path Group: core_clock
Path Type: max
Corner: Typical

Fanout     Cap    Slew   Delay    Time   Description
-----------------------------------------------------------------------------
                          0.00    0.00   clock core_clock (rise edge)
                          0.00    0.00   clock source latency
     1    0.02    0.00    0.00    0.00 ^ clk (in)
                                         clk (net)
                  0.00    0.00    0.00 ^ clkbuf_0_clk/A (sky130_fd_sc_hd__clkbuf_16)
     4    0.05    0.07    0.13    0.13 ^ clkbuf_0_clk/X (sky130_fd_sc_hd__clkbuf_16)
                                         clknet_0_clk (net)
                  0.07    0.00    0.13 ^ clkbuf_2_3__f_clk/A (sky130_fd_sc_hd__clkbuf_16)
    18    0.05    0.07    0.16    0.29 ^ clkbuf_2_3__f_clk/X (sky130_fd_sc_hd__clkbuf_16)
                                         clknet_2_3__leaf_clk (net)
                  0.07    0.00    0.29 ^ _335_/CLK (sky130_fd_sc_hd__dfrtp_4)
     6    0.04    0.11    0.54    0.84 v _335_/Q (sky130_fd_sc_hd__dfrtp_4)
                                         div.count[15] (net)
                  0.11    0.01    0.84 v _157_/A (sky130_fd_sc_hd__or4b_2)
     2    0.03    0.20    0.83    1.67 v _157_/X (sky130_fd_sc_hd__or4b_2)
                                         _074_ (net)
                  0.20    0.00    1.67 v _161_/A (sky130_fd_sc_hd__or4_2)
     4    0.03    0.20    0.85    2.52 v _161_/X (sky130_fd_sc_hd__or4_2)
                                         _078_ (net)
                  0.20    0.00    2.52 v _167_/A (sky130_fd_sc_hd__or4_4)
    12    0.06    0.17    0.71    3.23 v _167_/X (sky130_fd_sc_hd__or4_4)
                                         _084_ (net)
                  0.17    0.01    3.24 v _169_/B (sky130_fd_sc_hd__and2b_1)
     2    0.03    0.13    0.30    3.54 v _169_/X (sky130_fd_sc_hd__and2b_1)
                                         _085_ (net)
                  0.13    0.00    3.54 v _170_/A (sky130_fd_sc_hd__clkbuf_1)
     1    0.01    0.06    0.15    3.70 v _170_/X (sky130_fd_sc_hd__clkbuf_1)
                                         _004_ (net)
                  0.06    0.00    3.70 v _320_/D (sky130_fd_sc_hd__dfrtp_4)
                                  3.70   data arrival time

                         10.00   10.00   clock core_clock (rise edge)
                          0.00   10.00   clock source latency
     1    0.02    0.00    0.00   10.00 ^ clk (in)
                                         clk (net)
                  0.00    0.00   10.00 ^ clkbuf_0_clk/A (sky130_fd_sc_hd__clkbuf_16)
     4    0.05    0.07    0.13   10.13 ^ clkbuf_0_clk/X (sky130_fd_sc_hd__clkbuf_16)
                                         clknet_0_clk (net)
                  0.07    0.00   10.13 ^ clkbuf_2_0__f_clk/A (sky130_fd_sc_hd__clkbuf_16)
    18    0.06    0.08    0.16   10.30 ^ clkbuf_2_0__f_clk/X (sky130_fd_sc_hd__clkbuf_16)
                                         clknet_2_0__leaf_clk (net)
                  0.08    0.00   10.30 ^ _320_/CLK (sky130_fd_sc_hd__dfrtp_4)
                          0.00   10.30   clock reconvergence pessimism
                         -0.11   10.18   library setup time
                                 10.18   data required time
-----------------------------------------------------------------------------
                                 10.18   data required time
                                 -3.70   data arrival time
-----------------------------------------------------------------------------
                                  6.49   slack (MET)


Startpoint: _335_ (rising edge-triggered flip-flop clocked by core_clock)
Endpoint: _328_ (rising edge-triggered flip-flop clocked by core_clock)
Path Group: core_clock
Path Type: max
Corner: Typical

Fanout     Cap    Slew   Delay    Time   Description
-----------------------------------------------------------------------------
                          0.00    0.00   clock core_clock (rise edge)
                          0.00    0.00   clock source latency
     1    0.02    0.00    0.00    0.00 ^ clk (in)
                                         clk (net)
                  0.00    0.00    0.00 ^ clkbuf_0_clk/A (sky130_fd_sc_hd__clkbuf_16)
     4    0.05    0.07    0.13    0.13 ^ clkbuf_0_clk/X (sky130_fd_sc_hd__clkbuf_16)
                                         clknet_0_clk (net)
                  0.07    0.00    0.13 ^ clkbuf_2_3__f_clk/A (sky130_fd_sc_hd__clkbuf_16)
    18    0.05    0.07    0.16    0.29 ^ clkbuf_2_3__f_clk/X (sky130_fd_sc_hd__clkbuf_16)
                                         clknet_2_3__leaf_clk (net)
                  0.07    0.00    0.29 ^ _335_/CLK (sky130_fd_sc_hd__dfrtp_4)
     6    0.04    0.11    0.54    0.84 v _335_/Q (sky130_fd_sc_hd__dfrtp_4)
                                         div.count[15] (net)
                  0.11    0.01    0.84 v _157_/A (sky130_fd_sc_hd__or4b_2)
     2    0.03    0.20    0.83    1.67 v _157_/X (sky130_fd_sc_hd__or4b_2)
                                         _074_ (net)
                  0.20    0.00    1.67 v _161_/A (sky130_fd_sc_hd__or4_2)
     4    0.03    0.20    0.85    2.52 v _161_/X (sky130_fd_sc_hd__or4_2)
                                         _078_ (net)
                  0.20    0.00    2.52 v _167_/A (sky130_fd_sc_hd__or4_4)
    12    0.06    0.17    0.71    3.23 v _167_/X (sky130_fd_sc_hd__or4_4)
                                         _084_ (net)
                  0.17    0.01    3.24 v _193_/B1 (sky130_fd_sc_hd__o21ai_1)
     1    0.01    0.28    0.22    3.46 ^ _193_/Y (sky130_fd_sc_hd__o21ai_1)
                                         _101_ (net)
                  0.28    0.00    3.46 ^ _194_/B1 (sky130_fd_sc_hd__a21oi_1)
     1    0.01    0.09    0.10    3.56 v _194_/Y (sky130_fd_sc_hd__a21oi_1)
                                         _034_ (net)
                  0.09    0.00    3.56 v _328_/D (sky130_fd_sc_hd__dfrtp_4)
                                  3.56   data arrival time

                         10.00   10.00   clock core_clock (rise edge)
                          0.00   10.00   clock source latency
     1    0.02    0.00    0.00   10.00 ^ clk (in)
                                         clk (net)
                  0.00    0.00   10.00 ^ clkbuf_0_clk/A (sky130_fd_sc_hd__clkbuf_16)
     4    0.05    0.07    0.13   10.13 ^ clkbuf_0_clk/X (sky130_fd_sc_hd__clkbuf_16)
                                         clknet_0_clk (net)
                  0.07    0.00   10.13 ^ clkbuf_2_1__f_clk/A (sky130_fd_sc_hd__clkbuf_16)
    22    0.07    0.08    0.17   10.30 ^ clkbuf_2_1__f_clk/X (sky130_fd_sc_hd__clkbuf_16)
                                         clknet_2_1__leaf_clk (net)
                  0.08    0.00   10.30 ^ _328_/CLK (sky130_fd_sc_hd__dfrtp_4)
                          0.00   10.30   clock reconvergence pessimism
                         -0.12   10.18   library setup time
                                 10.18   data required time
-----------------------------------------------------------------------------
                                 10.18   data required time
                                 -3.56   data arrival time
-----------------------------------------------------------------------------
                                  6.62   slack (MET)


Startpoint: _335_ (rising edge-triggered flip-flop clocked by core_clock)
Endpoint: _356_ (rising edge-triggered flip-flop clocked by core_clock)
Path Group: core_clock
Path Type: max
Corner: Typical

Fanout     Cap    Slew   Delay    Time   Description
-----------------------------------------------------------------------------
                          0.00    0.00   clock core_clock (rise edge)
                          0.00    0.00   clock source latency
     1    0.02    0.00    0.00    0.00 ^ clk (in)
                                         clk (net)
                  0.00    0.00    0.00 ^ clkbuf_0_clk/A (sky130_fd_sc_hd__clkbuf_16)
     4    0.05    0.07    0.13    0.13 ^ clkbuf_0_clk/X (sky130_fd_sc_hd__clkbuf_16)
                                         clknet_0_clk (net)
                  0.07    0.00    0.13 ^ clkbuf_2_3__f_clk/A (sky130_fd_sc_hd__clkbuf_16)
    18    0.05    0.07    0.16    0.29 ^ clkbuf_2_3__f_clk/X (sky130_fd_sc_hd__clkbuf_16)
                                         clknet_2_3__leaf_clk (net)
                  0.07    0.00    0.29 ^ _335_/CLK (sky130_fd_sc_hd__dfrtp_4)
     6    0.04    0.11    0.54    0.84 v _335_/Q (sky130_fd_sc_hd__dfrtp_4)
                                         div.count[15] (net)
                  0.11    0.01    0.84 v _157_/A (sky130_fd_sc_hd__or4b_2)
     2    0.03    0.20    0.83    1.67 v _157_/X (sky130_fd_sc_hd__or4b_2)
                                         _074_ (net)
                  0.20    0.00    1.67 v _161_/A (sky130_fd_sc_hd__or4_2)
     4    0.03    0.20    0.85    2.52 v _161_/X (sky130_fd_sc_hd__or4_2)
                                         _078_ (net)
                  0.20    0.00    2.52 v _167_/A (sky130_fd_sc_hd__or4_4)
    12    0.06    0.17    0.71    3.23 v _167_/X (sky130_fd_sc_hd__or4_4)
                                         _084_ (net)
                  0.17    0.01    3.24 v _168_/B (sky130_fd_sc_hd__xnor2_1)
     1    0.01    0.27    0.29    3.53 ^ _168_/Y (sky130_fd_sc_hd__xnor2_1)
                                         _073_ (net)
                  0.27    0.00    3.54 ^ _356_/D (sky130_fd_sc_hd__dfrtp_4)
                                  3.54   data arrival time

                         10.00   10.00   clock core_clock (rise edge)
                          0.00   10.00   clock source latency
     1    0.02    0.00    0.00   10.00 ^ clk (in)
                                         clk (net)
                  0.00    0.00   10.00 ^ clkbuf_0_clk/A (sky130_fd_sc_hd__clkbuf_16)
     4    0.05    0.07    0.13   10.13 ^ clkbuf_0_clk/X (sky130_fd_sc_hd__clkbuf_16)
                                         clknet_0_clk (net)
                  0.07    0.00   10.13 ^ clkbuf_2_1__f_clk/A (sky130_fd_sc_hd__clkbuf_16)
    22    0.07    0.08    0.17   10.30 ^ clkbuf_2_1__f_clk/X (sky130_fd_sc_hd__clkbuf_16)
                                         clknet_2_1__leaf_clk (net)
                  0.08    0.00   10.30 ^ _356_/CLK (sky130_fd_sc_hd__dfrtp_4)
                          0.00   10.30   clock reconvergence pessimism
                         -0.11   10.19   library setup time
                                 10.19   data required time
-----------------------------------------------------------------------------
                                 10.19   data required time
                                 -3.54   data arrival time
-----------------------------------------------------------------------------
                                  6.66   slack (MET)


Startpoint: _335_ (rising edge-triggered flip-flop clocked by core_clock)
Endpoint: _331_ (rising edge-triggered flip-flop clocked by core_clock)
Path Group: core_clock
Path Type: max
Corner: Typical

Fanout     Cap    Slew   Delay    Time   Description
-----------------------------------------------------------------------------
                          0.00    0.00   clock core_clock (rise edge)
                          0.00    0.00   clock source latency
     1    0.02    0.00    0.00    0.00 ^ clk (in)
                                         clk (net)
                  0.00    0.00    0.00 ^ clkbuf_0_clk/A (sky130_fd_sc_hd__clkbuf_16)
     4    0.05    0.07    0.13    0.13 ^ clkbuf_0_clk/X (sky130_fd_sc_hd__clkbuf_16)
                                         clknet_0_clk (net)
                  0.07    0.00    0.13 ^ clkbuf_2_3__f_clk/A (sky130_fd_sc_hd__clkbuf_16)
    18    0.05    0.07    0.16    0.29 ^ clkbuf_2_3__f_clk/X (sky130_fd_sc_hd__clkbuf_16)
                                         clknet_2_3__leaf_clk (net)
                  0.07    0.00    0.29 ^ _335_/CLK (sky130_fd_sc_hd__dfrtp_4)
     6    0.04    0.11    0.54    0.84 v _335_/Q (sky130_fd_sc_hd__dfrtp_4)
                                         div.count[15] (net)
                  0.11    0.01    0.84 v _157_/A (sky130_fd_sc_hd__or4b_2)
     2    0.03    0.20    0.83    1.67 v _157_/X (sky130_fd_sc_hd__or4b_2)
                                         _074_ (net)
                  0.20    0.00    1.67 v _161_/A (sky130_fd_sc_hd__or4_2)
     4    0.03    0.20    0.85    2.52 v _161_/X (sky130_fd_sc_hd__or4_2)
                                         _078_ (net)
                  0.20    0.00    2.53 v _199_/A (sky130_fd_sc_hd__or3_4)
     8    0.05    0.13    0.52    3.05 v _199_/X (sky130_fd_sc_hd__or3_4)
                                         _106_ (net)
                  0.13    0.00    3.05 v _206_/A (sky130_fd_sc_hd__and3_1)
     2    0.04    0.18    0.31    3.36 v _206_/X (sky130_fd_sc_hd__and3_1)
                                         _111_ (net)
                  0.18    0.00    3.36 v _207_/A (sky130_fd_sc_hd__clkbuf_1)
     1    0.00    0.04    0.15    3.51 v _207_/X (sky130_fd_sc_hd__clkbuf_1)
                                         _006_ (net)
                  0.04    0.00    3.51 v _331_/D (sky130_fd_sc_hd__dfrtp_4)
                                  3.51   data arrival time

                         10.00   10.00   clock core_clock (rise edge)
                          0.00   10.00   clock source latency
     1    0.02    0.00    0.00   10.00 ^ clk (in)
                                         clk (net)
                  0.00    0.00   10.00 ^ clkbuf_0_clk/A (sky130_fd_sc_hd__clkbuf_16)
     4    0.05    0.07    0.13   10.13 ^ clkbuf_0_clk/X (sky130_fd_sc_hd__clkbuf_16)
                                         clknet_0_clk (net)
                  0.07    0.00   10.13 ^ clkbuf_2_3__f_clk/A (sky130_fd_sc_hd__clkbuf_16)
    18    0.05    0.07    0.16   10.29 ^ clkbuf_2_3__f_clk/X (sky130_fd_sc_hd__clkbuf_16)
                                         clknet_2_3__leaf_clk (net)
                  0.07    0.00   10.29 ^ _331_/CLK (sky130_fd_sc_hd__dfrtp_4)
                          0.00   10.29   clock reconvergence pessimism
                         -0.11   10.19   library setup time
                                 10.19   data required time
-----------------------------------------------------------------------------
                                 10.19   data required time
                                 -3.51   data arrival time
-----------------------------------------------------------------------------
                                  6.68   slack (MET)


Startpoint: _335_ (rising edge-triggered flip-flop clocked by core_clock)
Endpoint: _338_ (rising edge-triggered flip-flop clocked by core_clock)
Path Group: core_clock
Path Type: max
Corner: Typical

Fanout     Cap    Slew   Delay    Time   Description
-----------------------------------------------------------------------------
                          0.00    0.00   clock core_clock (rise edge)
                          0.00    0.00   clock source latency
     1    0.02    0.00    0.00    0.00 ^ clk (in)
                                         clk (net)
                  0.00    0.00    0.00 ^ clkbuf_0_clk/A (sky130_fd_sc_hd__clkbuf_16)
     4    0.05    0.07    0.13    0.13 ^ clkbuf_0_clk/X (sky130_fd_sc_hd__clkbuf_16)
                                         clknet_0_clk (net)
                  0.07    0.00    0.13 ^ clkbuf_2_3__f_clk/A (sky130_fd_sc_hd__clkbuf_16)
    18    0.05    0.07    0.16    0.29 ^ clkbuf_2_3__f_clk/X (sky130_fd_sc_hd__clkbuf_16)
                                         clknet_2_3__leaf_clk (net)
                  0.07    0.00    0.29 ^ _335_/CLK (sky130_fd_sc_hd__dfrtp_4)
     6    0.04    0.11    0.54    0.84 v _335_/Q (sky130_fd_sc_hd__dfrtp_4)
                                         div.count[15] (net)
                  0.11    0.01    0.84 v _157_/A (sky130_fd_sc_hd__or4b_2)
     2    0.03    0.20    0.83    1.67 v _157_/X (sky130_fd_sc_hd__or4b_2)
                                         _074_ (net)
                  0.20    0.00    1.67 v _161_/A (sky130_fd_sc_hd__or4_2)
     4    0.03    0.20    0.85    2.52 v _161_/X (sky130_fd_sc_hd__or4_2)
                                         _078_ (net)
                  0.20    0.00    2.53 v _199_/A (sky130_fd_sc_hd__or3_4)
     8    0.05    0.13    0.52    3.05 v _199_/X (sky130_fd_sc_hd__or3_4)
                                         _106_ (net)
                  0.13    0.01    3.05 v _225_/A (sky130_fd_sc_hd__and3_1)
     1    0.01    0.05    0.19    3.25 v _225_/X (sky130_fd_sc_hd__and3_1)
                                         _123_ (net)
                  0.05    0.00    3.25 v _226_/A (sky130_fd_sc_hd__buf_1)
     1    0.01    0.08    0.13    3.38 v _226_/X (sky130_fd_sc_hd__buf_1)
                                         _013_ (net)
                  0.08    0.00    3.38 v _338_/D (sky130_fd_sc_hd__dfrtp_4)
                                  3.38   data arrival time

                         10.00   10.00   clock core_clock (rise edge)
                          0.00   10.00   clock source latency
     1    0.02    0.00    0.00   10.00 ^ clk (in)
                                         clk (net)
                  0.00    0.00   10.00 ^ clkbuf_0_clk/A (sky130_fd_sc_hd__clkbuf_16)
     4    0.05    0.07    0.13   10.13 ^ clkbuf_0_clk/X (sky130_fd_sc_hd__clkbuf_16)
                                         clknet_0_clk (net)
                  0.07    0.00   10.13 ^ clkbuf_2_0__f_clk/A (sky130_fd_sc_hd__clkbuf_16)
    18    0.06    0.08    0.16   10.30 ^ clkbuf_2_0__f_clk/X (sky130_fd_sc_hd__clkbuf_16)
                                         clknet_2_0__leaf_clk (net)
                  0.08    0.00   10.30 ^ _338_/CLK (sky130_fd_sc_hd__dfrtp_4)
                          0.00   10.30   clock reconvergence pessimism
                         -0.12   10.17   library setup time
                                 10.17   data required time
-----------------------------------------------------------------------------
                                 10.17   data required time
                                 -3.38   data arrival time
-----------------------------------------------------------------------------
                                  6.79   slack (MET)


Startpoint: _335_ (rising edge-triggered flip-flop clocked by core_clock)
Endpoint: _329_ (rising edge-triggered flip-flop clocked by core_clock)
Path Group: core_clock
Path Type: max
Corner: Typical

Fanout     Cap    Slew   Delay    Time   Description
-----------------------------------------------------------------------------
                          0.00    0.00   clock core_clock (rise edge)
                          0.00    0.00   clock source latency
     1    0.02    0.00    0.00    0.00 ^ clk (in)
                                         clk (net)
                  0.00    0.00    0.00 ^ clkbuf_0_clk/A (sky130_fd_sc_hd__clkbuf_16)
     4    0.05    0.07    0.13    0.13 ^ clkbuf_0_clk/X (sky130_fd_sc_hd__clkbuf_16)
                                         clknet_0_clk (net)
                  0.07    0.00    0.13 ^ clkbuf_2_3__f_clk/A (sky130_fd_sc_hd__clkbuf_16)
    18    0.05    0.07    0.16    0.29 ^ clkbuf_2_3__f_clk/X (sky130_fd_sc_hd__clkbuf_16)
                                         clknet_2_3__leaf_clk (net)
                  0.07    0.00    0.29 ^ _335_/CLK (sky130_fd_sc_hd__dfrtp_4)
     6    0.04    0.11    0.54    0.84 v _335_/Q (sky130_fd_sc_hd__dfrtp_4)
                                         div.count[15] (net)
                  0.11    0.01    0.84 v _157_/A (sky130_fd_sc_hd__or4b_2)
     2    0.03    0.20    0.83    1.67 v _157_/X (sky130_fd_sc_hd__or4b_2)
                                         _074_ (net)
                  0.20    0.00    1.67 v _161_/A (sky130_fd_sc_hd__or4_2)
     4    0.03    0.20    0.85    2.52 v _161_/X (sky130_fd_sc_hd__or4_2)
                                         _078_ (net)
                  0.20    0.00    2.53 v _199_/A (sky130_fd_sc_hd__or3_4)
     8    0.05    0.13    0.52    3.05 v _199_/X (sky130_fd_sc_hd__or3_4)
                                         _106_ (net)
                  0.13    0.00    3.05 v _201_/A (sky130_fd_sc_hd__nand2_1)
     1    0.01    0.11    0.14    3.20 ^ _201_/Y (sky130_fd_sc_hd__nand2_1)
                                         _108_ (net)
                  0.11    0.00    3.20 ^ _202_/B (sky130_fd_sc_hd__nor2_1)
     1    0.01    0.09    0.10    3.29 v _202_/Y (sky130_fd_sc_hd__nor2_1)
                                         _035_ (net)
                  0.09    0.00    3.29 v _329_/D (sky130_fd_sc_hd__dfrtp_4)
                                  3.29   data arrival time

                         10.00   10.00   clock core_clock (rise edge)
                          0.00   10.00   clock source latency
     1    0.02    0.00    0.00   10.00 ^ clk (in)
                                         clk (net)
                  0.00    0.00   10.00 ^ clkbuf_0_clk/A (sky130_fd_sc_hd__clkbuf_16)
     4    0.05    0.07    0.13   10.13 ^ clkbuf_0_clk/X (sky130_fd_sc_hd__clkbuf_16)
                                         clknet_0_clk (net)
                  0.07    0.00   10.13 ^ clkbuf_2_1__f_clk/A (sky130_fd_sc_hd__clkbuf_16)
    22    0.07    0.08    0.17   10.30 ^ clkbuf_2_1__f_clk/X (sky130_fd_sc_hd__clkbuf_16)
                                         clknet_2_1__leaf_clk (net)
                  0.08    0.00   10.30 ^ _329_/CLK (sky130_fd_sc_hd__dfrtp_4)
                          0.00   10.30   clock reconvergence pessimism
                         -0.13   10.18   library setup time
                                 10.18   data required time
-----------------------------------------------------------------------------
                                 10.18   data required time
                                 -3.29   data arrival time
-----------------------------------------------------------------------------
                                  6.89   slack (MET)


Startpoint: _321_ (rising edge-triggered flip-flop clocked by core_clock)
Endpoint: _343_ (rising edge-triggered flip-flop clocked by core_clock)
Path Group: core_clock
Path Type: max
Corner: Typical

Fanout     Cap    Slew   Delay    Time   Description
-----------------------------------------------------------------------------
                          0.00    0.00   clock core_clock (rise edge)
                          0.00    0.00   clock source latency
     1    0.02    0.00    0.00    0.00 ^ clk (in)
                                         clk (net)
                  0.00    0.00    0.00 ^ clkbuf_0_clk/A (sky130_fd_sc_hd__clkbuf_16)
     4    0.05    0.07    0.13    0.13 ^ clkbuf_0_clk/X (sky130_fd_sc_hd__clkbuf_16)
                                         clknet_0_clk (net)
                  0.07    0.00    0.13 ^ clkbuf_2_1__f_clk/A (sky130_fd_sc_hd__clkbuf_16)
    22    0.07    0.08    0.17    0.30 ^ clkbuf_2_1__f_clk/X (sky130_fd_sc_hd__clkbuf_16)
                                         clknet_2_1__leaf_clk (net)
                  0.08    0.00    0.31 ^ _321_/CLK (sky130_fd_sc_hd__dfrtp_4)
    10    0.05    0.16    0.51    0.81 ^ _321_/Q (sky130_fd_sc_hd__dfrtp_4)
                                         div.count[1] (net)
                  0.16    0.00    0.82 ^ _176_/B (sky130_fd_sc_hd__and4_1)
     1    0.02    0.16    0.30    1.11 ^ _176_/X (sky130_fd_sc_hd__and4_1)
                                         _089_ (net)
                  0.16    0.00    1.12 ^ _177_/A (sky130_fd_sc_hd__clkbuf_4)
    16    0.07    0.22    0.30    1.42 ^ _177_/X (sky130_fd_sc_hd__clkbuf_4)
                                         _090_ (net)
                  0.22    0.01    1.42 ^ _217_/A (sky130_fd_sc_hd__and4_1)
     1    0.02    0.19    0.32    1.74 ^ _217_/X (sky130_fd_sc_hd__and4_1)
                                         _117_ (net)
                  0.19    0.00    1.75 ^ _218_/A (sky130_fd_sc_hd__clkbuf_4)
    18    0.09    0.26    0.34    2.08 ^ _218_/X (sky130_fd_sc_hd__clkbuf_4)
                                         _118_ (net)
                  0.26    0.01    2.09 ^ _232_/B (sky130_fd_sc_hd__and3_2)
     8    0.05    0.26    0.40    2.49 ^ _232_/X (sky130_fd_sc_hd__and3_2)
                                         _128_ (net)
                  0.26    0.00    2.49 ^ _237_/C (sky130_fd_sc_hd__nand3_2)
     4    0.02    0.16    0.19    2.69 v _237_/Y (sky130_fd_sc_hd__nand3_2)
                                         _131_ (net)
                  0.16    0.00    2.69 v _240_/B (sky130_fd_sc_hd__xnor2_1)
     2    0.02    0.51    0.47    3.16 ^ _240_/Y (sky130_fd_sc_hd__xnor2_1)
                                         _019_ (net)
                  0.51    0.00    3.16 ^ _343_/D (sky130_fd_sc_hd__dfrtp_2)
                                  3.16   data arrival time

                         10.00   10.00   clock core_clock (rise edge)
                          0.00   10.00   clock source latency
     1    0.02    0.00    0.00   10.00 ^ clk (in)
                                         clk (net)
                  0.00    0.00   10.00 ^ clkbuf_0_clk/A (sky130_fd_sc_hd__clkbuf_16)
     4    0.05    0.07    0.13   10.13 ^ clkbuf_0_clk/X (sky130_fd_sc_hd__clkbuf_16)
                                         clknet_0_clk (net)
                  0.07    0.00   10.13 ^ clkbuf_2_1__f_clk/A (sky130_fd_sc_hd__clkbuf_16)
    22    0.07    0.08    0.17   10.30 ^ clkbuf_2_1__f_clk/X (sky130_fd_sc_hd__clkbuf_16)
                                         clknet_2_1__leaf_clk (net)
                  0.08    0.00   10.30 ^ _343_/CLK (sky130_fd_sc_hd__dfrtp_2)
                          0.00   10.30   clock reconvergence pessimism
                         -0.16   10.14   library setup time
                                 10.14   data required time
-----------------------------------------------------------------------------
                                 10.14   data required time
                                 -3.16   data arrival time
-----------------------------------------------------------------------------
                                  6.98   slack (MET)


Startpoint: _335_ (rising edge-triggered flip-flop clocked by core_clock)
Endpoint: _334_ (rising edge-triggered flip-flop clocked by core_clock)
Path Group: core_clock
Path Type: max
Corner: Typical

Fanout     Cap    Slew   Delay    Time   Description
-----------------------------------------------------------------------------
                          0.00    0.00   clock core_clock (rise edge)
                          0.00    0.00   clock source latency
     1    0.02    0.00    0.00    0.00 ^ clk (in)
                                         clk (net)
                  0.00    0.00    0.00 ^ clkbuf_0_clk/A (sky130_fd_sc_hd__clkbuf_16)
     4    0.05    0.07    0.13    0.13 ^ clkbuf_0_clk/X (sky130_fd_sc_hd__clkbuf_16)
                                         clknet_0_clk (net)
                  0.07    0.00    0.13 ^ clkbuf_2_3__f_clk/A (sky130_fd_sc_hd__clkbuf_16)
    18    0.05    0.07    0.16    0.29 ^ clkbuf_2_3__f_clk/X (sky130_fd_sc_hd__clkbuf_16)
                                         clknet_2_3__leaf_clk (net)
                  0.07    0.00    0.29 ^ _335_/CLK (sky130_fd_sc_hd__dfrtp_4)
     6    0.04    0.11    0.54    0.84 v _335_/Q (sky130_fd_sc_hd__dfrtp_4)
                                         div.count[15] (net)
                  0.11    0.01    0.84 v _157_/A (sky130_fd_sc_hd__or4b_2)
     2    0.03    0.20    0.83    1.67 v _157_/X (sky130_fd_sc_hd__or4b_2)
                                         _074_ (net)
                  0.20    0.00    1.67 v _161_/A (sky130_fd_sc_hd__or4_2)
     4    0.03    0.20    0.85    2.52 v _161_/X (sky130_fd_sc_hd__or4_2)
                                         _078_ (net)
                  0.20    0.00    2.53 v _199_/A (sky130_fd_sc_hd__or3_4)
     8    0.05    0.13    0.52    3.05 v _199_/X (sky130_fd_sc_hd__or3_4)
                                         _106_ (net)
                  0.13    0.01    3.05 v _214_/C1 (sky130_fd_sc_hd__o211a_1)
     1    0.00    0.04    0.14    3.19 v _214_/X (sky130_fd_sc_hd__o211a_1)
                                         _009_ (net)
                  0.04    0.00    3.19 v _334_/D (sky130_fd_sc_hd__dfrtp_2)
                                  3.19   data arrival time

                         10.00   10.00   clock core_clock (rise edge)
                          0.00   10.00   clock source latency
     1    0.02    0.00    0.00   10.00 ^ clk (in)
                                         clk (net)
                  0.00    0.00   10.00 ^ clkbuf_0_clk/A (sky130_fd_sc_hd__clkbuf_16)
     4    0.05    0.07    0.13   10.13 ^ clkbuf_0_clk/X (sky130_fd_sc_hd__clkbuf_16)
                                         clknet_0_clk (net)
                  0.07    0.00   10.13 ^ clkbuf_2_2__f_clk/A (sky130_fd_sc_hd__clkbuf_16)
    14    0.05    0.07    0.16   10.29 ^ clkbuf_2_2__f_clk/X (sky130_fd_sc_hd__clkbuf_16)
                                         clknet_2_2__leaf_clk (net)
                  0.07    0.00   10.29 ^ _334_/CLK (sky130_fd_sc_hd__dfrtp_2)
                          0.00   10.29   clock reconvergence pessimism
                         -0.11   10.19   library setup time
                                 10.19   data required time
-----------------------------------------------------------------------------
                                 10.19   data required time
                                 -3.19   data arrival time
-----------------------------------------------------------------------------
                                  7.00   slack (MET)


Startpoint: _321_ (rising edge-triggered flip-flop clocked by core_clock)
Endpoint: _346_ (rising edge-triggered flip-flop clocked by core_clock)
Path Group: core_clock
Path Type: max
Corner: Typical

Fanout     Cap    Slew   Delay    Time   Description
-----------------------------------------------------------------------------
                          0.00    0.00   clock core_clock (rise edge)
                          0.00    0.00   clock source latency
     1    0.02    0.00    0.00    0.00 ^ clk (in)
                                         clk (net)
                  0.00    0.00    0.00 ^ clkbuf_0_clk/A (sky130_fd_sc_hd__clkbuf_16)
     4    0.05    0.07    0.13    0.13 ^ clkbuf_0_clk/X (sky130_fd_sc_hd__clkbuf_16)
                                         clknet_0_clk (net)
                  0.07    0.00    0.13 ^ clkbuf_2_1__f_clk/A (sky130_fd_sc_hd__clkbuf_16)
    22    0.07    0.08    0.17    0.30 ^ clkbuf_2_1__f_clk/X (sky130_fd_sc_hd__clkbuf_16)
                                         clknet_2_1__leaf_clk (net)
                  0.08    0.00    0.31 ^ _321_/CLK (sky130_fd_sc_hd__dfrtp_4)
    10    0.05    0.16    0.51    0.81 ^ _321_/Q (sky130_fd_sc_hd__dfrtp_4)
                                         div.count[1] (net)
                  0.16    0.00    0.82 ^ _176_/B (sky130_fd_sc_hd__and4_1)
     1    0.02    0.16    0.30    1.11 ^ _176_/X (sky130_fd_sc_hd__and4_1)
                                         _089_ (net)
                  0.16    0.00    1.12 ^ _177_/A (sky130_fd_sc_hd__clkbuf_4)
    16    0.07    0.22    0.30    1.42 ^ _177_/X (sky130_fd_sc_hd__clkbuf_4)
                                         _090_ (net)
                  0.22    0.01    1.42 ^ _217_/A (sky130_fd_sc_hd__and4_1)
     1    0.02    0.19    0.32    1.74 ^ _217_/X (sky130_fd_sc_hd__and4_1)
                                         _117_ (net)
                  0.19    0.00    1.75 ^ _218_/A (sky130_fd_sc_hd__clkbuf_4)
    18    0.09    0.26    0.34    2.08 ^ _218_/X (sky130_fd_sc_hd__clkbuf_4)
                                         _118_ (net)
                  0.26    0.01    2.09 ^ _243_/A (sky130_fd_sc_hd__and2_2)
     8    0.05    0.24    0.34    2.43 ^ _243_/X (sky130_fd_sc_hd__and2_2)
                                         _135_ (net)
                  0.24    0.00    2.44 ^ _246_/C (sky130_fd_sc_hd__and3_1)
     4    0.03    0.28    0.36    2.80 ^ _246_/X (sky130_fd_sc_hd__and3_1)
                                         _137_ (net)
                  0.28    0.00    2.80 ^ _248_/B (sky130_fd_sc_hd__xor2_1)
     1    0.01    0.22    0.25    3.06 ^ _248_/X (sky130_fd_sc_hd__xor2_1)
                                         _022_ (net)
                  0.22    0.00    3.06 ^ _346_/D (sky130_fd_sc_hd__dfrtp_2)
                                  3.06   data arrival time

                         10.00   10.00   clock core_clock (rise edge)
                          0.00   10.00   clock source latency
     1    0.02    0.00    0.00   10.00 ^ clk (in)
                                         clk (net)
                  0.00    0.00   10.00 ^ clkbuf_0_clk/A (sky130_fd_sc_hd__clkbuf_16)
     4    0.05    0.07    0.13   10.13 ^ clkbuf_0_clk/X (sky130_fd_sc_hd__clkbuf_16)
                                         clknet_0_clk (net)
                  0.07    0.00   10.13 ^ clkbuf_2_0__f_clk/A (sky130_fd_sc_hd__clkbuf_16)
    18    0.06    0.08    0.16   10.30 ^ clkbuf_2_0__f_clk/X (sky130_fd_sc_hd__clkbuf_16)
                                         clknet_2_0__leaf_clk (net)
                  0.08    0.00   10.30 ^ _346_/CLK (sky130_fd_sc_hd__dfrtp_2)
                          0.00   10.30   clock reconvergence pessimism
                         -0.10   10.20   library setup time
                                 10.20   data required time
-----------------------------------------------------------------------------
                                 10.20   data required time
                                 -3.06   data arrival time
-----------------------------------------------------------------------------
                                  7.14   slack (MET)


Startpoint: _321_ (rising edge-triggered flip-flop clocked by core_clock)
Endpoint: _345_ (rising edge-triggered flip-flop clocked by core_clock)
Path Group: core_clock
Path Type: max
Corner: Typical

Fanout     Cap    Slew   Delay    Time   Description
-----------------------------------------------------------------------------
                          0.00    0.00   clock core_clock (rise edge)
                          0.00    0.00   clock source latency
     1    0.02    0.00    0.00    0.00 ^ clk (in)
                                         clk (net)
                  0.00    0.00    0.00 ^ clkbuf_0_clk/A (sky130_fd_sc_hd__clkbuf_16)
     4    0.05    0.07    0.13    0.13 ^ clkbuf_0_clk/X (sky130_fd_sc_hd__clkbuf_16)
                                         clknet_0_clk (net)
                  0.07    0.00    0.13 ^ clkbuf_2_1__f_clk/A (sky130_fd_sc_hd__clkbuf_16)
    22    0.07    0.08    0.17    0.30 ^ clkbuf_2_1__f_clk/X (sky130_fd_sc_hd__clkbuf_16)
                                         clknet_2_1__leaf_clk (net)
                  0.08    0.00    0.31 ^ _321_/CLK (sky130_fd_sc_hd__dfrtp_4)
    10    0.05    0.16    0.51    0.81 ^ _321_/Q (sky130_fd_sc_hd__dfrtp_4)
                                         div.count[1] (net)
                  0.16    0.00    0.82 ^ _176_/B (sky130_fd_sc_hd__and4_1)
     1    0.02    0.16    0.30    1.11 ^ _176_/X (sky130_fd_sc_hd__and4_1)
                                         _089_ (net)
                  0.16    0.00    1.12 ^ _177_/A (sky130_fd_sc_hd__clkbuf_4)
    16    0.07    0.22    0.30    1.42 ^ _177_/X (sky130_fd_sc_hd__clkbuf_4)
                                         _090_ (net)
                  0.22    0.01    1.42 ^ _217_/A (sky130_fd_sc_hd__and4_1)
     1    0.02    0.19    0.32    1.74 ^ _217_/X (sky130_fd_sc_hd__and4_1)
                                         _117_ (net)
                  0.19    0.00    1.75 ^ _218_/A (sky130_fd_sc_hd__clkbuf_4)
    18    0.09    0.26    0.34    2.08 ^ _218_/X (sky130_fd_sc_hd__clkbuf_4)
                                         _118_ (net)
                  0.26    0.01    2.09 ^ _243_/A (sky130_fd_sc_hd__and2_2)
     8    0.05    0.24    0.34    2.43 ^ _243_/X (sky130_fd_sc_hd__and2_2)
                                         _135_ (net)
                  0.24    0.00    2.44 ^ _246_/C (sky130_fd_sc_hd__and3_1)
     4    0.03    0.28    0.36    2.80 ^ _246_/X (sky130_fd_sc_hd__and3_1)
                                         _137_ (net)
                  0.28    0.00    2.81 ^ _247_/B (sky130_fd_sc_hd__nor2_1)
     2    0.02    0.14    0.18    2.98 v _247_/Y (sky130_fd_sc_hd__nor2_1)
                                         _021_ (net)
                  0.14    0.00    2.98 v _345_/D (sky130_fd_sc_hd__dfrtp_2)
                                  2.98   data arrival time

                         10.00   10.00   clock core_clock (rise edge)
                          0.00   10.00   clock source latency
     1    0.02    0.00    0.00   10.00 ^ clk (in)
                                         clk (net)
                  0.00    0.00   10.00 ^ clkbuf_0_clk/A (sky130_fd_sc_hd__clkbuf_16)
     4    0.05    0.07    0.13   10.13 ^ clkbuf_0_clk/X (sky130_fd_sc_hd__clkbuf_16)
                                         clknet_0_clk (net)
                  0.07    0.00   10.13 ^ clkbuf_2_3__f_clk/A (sky130_fd_sc_hd__clkbuf_16)
    18    0.05    0.07    0.16   10.29 ^ clkbuf_2_3__f_clk/X (sky130_fd_sc_hd__clkbuf_16)
                                         clknet_2_3__leaf_clk (net)
                  0.07    0.00   10.29 ^ _345_/CLK (sky130_fd_sc_hd__dfrtp_2)
                          0.00   10.29   clock reconvergence pessimism
                         -0.15   10.14   library setup time
                                 10.14   data required time
-----------------------------------------------------------------------------
                                 10.14   data required time
                                 -2.98   data arrival time
-----------------------------------------------------------------------------
                                  7.16   slack (MET)


Startpoint: _321_ (rising edge-triggered flip-flop clocked by core_clock)
Endpoint: _349_ (rising edge-triggered flip-flop clocked by core_clock)
Path Group: core_clock
Path Type: max
Corner: Typical

Fanout     Cap    Slew   Delay    Time   Description
-----------------------------------------------------------------------------
                          0.00    0.00   clock core_clock (rise edge)
                          0.00    0.00   clock source latency
     1    0.02    0.00    0.00    0.00 ^ clk (in)
                                         clk (net)
                  0.00    0.00    0.00 ^ clkbuf_0_clk/A (sky130_fd_sc_hd__clkbuf_16)
     4    0.05    0.07    0.13    0.13 ^ clkbuf_0_clk/X (sky130_fd_sc_hd__clkbuf_16)
                                         clknet_0_clk (net)
                  0.07    0.00    0.13 ^ clkbuf_2_1__f_clk/A (sky130_fd_sc_hd__clkbuf_16)
    22    0.07    0.08    0.17    0.30 ^ clkbuf_2_1__f_clk/X (sky130_fd_sc_hd__clkbuf_16)
                                         clknet_2_1__leaf_clk (net)
                  0.08    0.00    0.31 ^ _321_/CLK (sky130_fd_sc_hd__dfrtp_4)
    10    0.05    0.16    0.51    0.81 ^ _321_/Q (sky130_fd_sc_hd__dfrtp_4)
                                         div.count[1] (net)
                  0.16    0.00    0.82 ^ _176_/B (sky130_fd_sc_hd__and4_1)
     1    0.02    0.16    0.30    1.11 ^ _176_/X (sky130_fd_sc_hd__and4_1)
                                         _089_ (net)
                  0.16    0.00    1.12 ^ _177_/A (sky130_fd_sc_hd__clkbuf_4)
    16    0.07    0.22    0.30    1.42 ^ _177_/X (sky130_fd_sc_hd__clkbuf_4)
                                         _090_ (net)
                  0.22    0.01    1.42 ^ _217_/A (sky130_fd_sc_hd__and4_1)
     1    0.02    0.19    0.32    1.74 ^ _217_/X (sky130_fd_sc_hd__and4_1)
                                         _117_ (net)
                  0.19    0.00    1.75 ^ _218_/A (sky130_fd_sc_hd__clkbuf_4)
    18    0.09    0.26    0.34    2.08 ^ _218_/X (sky130_fd_sc_hd__clkbuf_4)
                                         _118_ (net)
                  0.26    0.01    2.09 ^ _251_/A (sky130_fd_sc_hd__and3_2)
    10    0.05    0.23    0.38    2.47 ^ _251_/X (sky130_fd_sc_hd__and3_2)
                                         _140_ (net)
                  0.23    0.00    2.48 ^ _253_/B (sky130_fd_sc_hd__and2_1)
     2    0.02    0.16    0.24    2.72 ^ _253_/X (sky130_fd_sc_hd__and2_1)
                                         _141_ (net)
                  0.16    0.00    2.72 ^ _257_/A2 (sky130_fd_sc_hd__o21a_1)
     2    0.03    0.25    0.28    3.00 ^ _257_/X (sky130_fd_sc_hd__o21a_1)
                                         _025_ (net)
                  0.25    0.00    3.00 ^ _349_/D (sky130_fd_sc_hd__dfrtp_4)
                                  3.00   data arrival time

                         10.00   10.00   clock core_clock (rise edge)
                          0.00   10.00   clock source latency
     1    0.02    0.00    0.00   10.00 ^ clk (in)
                                         clk (net)
                  0.00    0.00   10.00 ^ clkbuf_0_clk/A (sky130_fd_sc_hd__clkbuf_16)
     4    0.05    0.07    0.13   10.13 ^ clkbuf_0_clk/X (sky130_fd_sc_hd__clkbuf_16)
                                         clknet_0_clk (net)
                  0.07    0.00   10.13 ^ clkbuf_2_3__f_clk/A (sky130_fd_sc_hd__clkbuf_16)
    18    0.05    0.07    0.16   10.29 ^ clkbuf_2_3__f_clk/X (sky130_fd_sc_hd__clkbuf_16)
                                         clknet_2_3__leaf_clk (net)
                  0.07    0.00   10.29 ^ _349_/CLK (sky130_fd_sc_hd__dfrtp_4)
                          0.00   10.29   clock reconvergence pessimism
                         -0.11   10.18   library setup time
                                 10.18   data required time
-----------------------------------------------------------------------------
                                 10.18   data required time
                                 -3.00   data arrival time
-----------------------------------------------------------------------------
                                  7.18   slack (MET)


Startpoint: _321_ (rising edge-triggered flip-flop clocked by core_clock)
Endpoint: _348_ (rising edge-triggered flip-flop clocked by core_clock)
Path Group: core_clock
Path Type: max
Corner: Typical

Fanout     Cap    Slew   Delay    Time   Description
-----------------------------------------------------------------------------
                          0.00    0.00   clock core_clock (rise edge)
                          0.00    0.00   clock source latency
     1    0.02    0.00    0.00    0.00 ^ clk (in)
                                         clk (net)
                  0.00    0.00    0.00 ^ clkbuf_0_clk/A (sky130_fd_sc_hd__clkbuf_16)
     4    0.05    0.07    0.13    0.13 ^ clkbuf_0_clk/X (sky130_fd_sc_hd__clkbuf_16)
                                         clknet_0_clk (net)
                  0.07    0.00    0.13 ^ clkbuf_2_1__f_clk/A (sky130_fd_sc_hd__clkbuf_16)
    22    0.07    0.08    0.17    0.30 ^ clkbuf_2_1__f_clk/X (sky130_fd_sc_hd__clkbuf_16)
                                         clknet_2_1__leaf_clk (net)
                  0.08    0.00    0.31 ^ _321_/CLK (sky130_fd_sc_hd__dfrtp_4)
    10    0.05    0.16    0.51    0.81 ^ _321_/Q (sky130_fd_sc_hd__dfrtp_4)
                                         div.count[1] (net)
                  0.16    0.00    0.82 ^ _176_/B (sky130_fd_sc_hd__and4_1)
     1    0.02    0.16    0.30    1.11 ^ _176_/X (sky130_fd_sc_hd__and4_1)
                                         _089_ (net)
                  0.16    0.00    1.12 ^ _177_/A (sky130_fd_sc_hd__clkbuf_4)
    16    0.07    0.22    0.30    1.42 ^ _177_/X (sky130_fd_sc_hd__clkbuf_4)
                                         _090_ (net)
                  0.22    0.01    1.42 ^ _217_/A (sky130_fd_sc_hd__and4_1)
     1    0.02    0.19    0.32    1.74 ^ _217_/X (sky130_fd_sc_hd__and4_1)
                                         _117_ (net)
                  0.19    0.00    1.75 ^ _218_/A (sky130_fd_sc_hd__clkbuf_4)
    18    0.09    0.26    0.34    2.08 ^ _218_/X (sky130_fd_sc_hd__clkbuf_4)
                                         _118_ (net)
                  0.26    0.01    2.09 ^ _251_/A (sky130_fd_sc_hd__and3_2)
    10    0.05    0.23    0.38    2.47 ^ _251_/X (sky130_fd_sc_hd__and3_2)
                                         _140_ (net)
                  0.23    0.00    2.47 ^ _254_/B (sky130_fd_sc_hd__nor2_1)
     2    0.03    0.14    0.18    2.65 v _254_/Y (sky130_fd_sc_hd__nor2_1)
                                         _142_ (net)
                  0.14    0.00    2.66 v _255_/B (sky130_fd_sc_hd__nor2_1)
     1    0.02    0.36    0.33    2.99 ^ _255_/Y (sky130_fd_sc_hd__nor2_1)
                                         _024_ (net)
                  0.36    0.00    2.99 ^ _348_/D (sky130_fd_sc_hd__dfrtp_4)
                                  2.99   data arrival time

                         10.00   10.00   clock core_clock (rise edge)
                          0.00   10.00   clock source latency
     1    0.02    0.00    0.00   10.00 ^ clk (in)
                                         clk (net)
                  0.00    0.00   10.00 ^ clkbuf_0_clk/A (sky130_fd_sc_hd__clkbuf_16)
     4    0.05    0.07    0.13   10.13 ^ clkbuf_0_clk/X (sky130_fd_sc_hd__clkbuf_16)
                                         clknet_0_clk (net)
                  0.07    0.00   10.13 ^ clkbuf_2_1__f_clk/A (sky130_fd_sc_hd__clkbuf_16)
    22    0.07    0.08    0.17   10.30 ^ clkbuf_2_1__f_clk/X (sky130_fd_sc_hd__clkbuf_16)
                                         clknet_2_1__leaf_clk (net)
                  0.08    0.00   10.30 ^ _348_/CLK (sky130_fd_sc_hd__dfrtp_4)
                          0.00   10.30   clock reconvergence pessimism
                         -0.13   10.17   library setup time
                                 10.17   data required time
-----------------------------------------------------------------------------
                                 10.17   data required time
                                 -2.99   data arrival time
-----------------------------------------------------------------------------
                                  7.19   slack (MET)


Startpoint: _321_ (rising edge-triggered flip-flop clocked by core_clock)
Endpoint: _351_ (rising edge-triggered flip-flop clocked by core_clock)
Path Group: core_clock
Path Type: max
Corner: Typical

Fanout     Cap    Slew   Delay    Time   Description
-----------------------------------------------------------------------------
                          0.00    0.00   clock core_clock (rise edge)
                          0.00    0.00   clock source latency
     1    0.02    0.00    0.00    0.00 ^ clk (in)
                                         clk (net)
                  0.00    0.00    0.00 ^ clkbuf_0_clk/A (sky130_fd_sc_hd__clkbuf_16)
     4    0.05    0.07    0.13    0.13 ^ clkbuf_0_clk/X (sky130_fd_sc_hd__clkbuf_16)
                                         clknet_0_clk (net)
                  0.07    0.00    0.13 ^ clkbuf_2_1__f_clk/A (sky130_fd_sc_hd__clkbuf_16)
    22    0.07    0.08    0.17    0.30 ^ clkbuf_2_1__f_clk/X (sky130_fd_sc_hd__clkbuf_16)
                                         clknet_2_1__leaf_clk (net)
                  0.08    0.00    0.31 ^ _321_/CLK (sky130_fd_sc_hd__dfrtp_4)
    10    0.05    0.16    0.51    0.81 ^ _321_/Q (sky130_fd_sc_hd__dfrtp_4)
                                         div.count[1] (net)
                  0.16    0.00    0.82 ^ _176_/B (sky130_fd_sc_hd__and4_1)
     1    0.02    0.16    0.30    1.11 ^ _176_/X (sky130_fd_sc_hd__and4_1)
                                         _089_ (net)
                  0.16    0.00    1.12 ^ _177_/A (sky130_fd_sc_hd__clkbuf_4)
    16    0.07    0.22    0.30    1.42 ^ _177_/X (sky130_fd_sc_hd__clkbuf_4)
                                         _090_ (net)
                  0.22    0.01    1.42 ^ _217_/A (sky130_fd_sc_hd__and4_1)
     1    0.02    0.19    0.32    1.74 ^ _217_/X (sky130_fd_sc_hd__and4_1)
                                         _117_ (net)
                  0.19    0.00    1.75 ^ _218_/A (sky130_fd_sc_hd__clkbuf_4)
    18    0.09    0.26    0.34    2.08 ^ _218_/X (sky130_fd_sc_hd__clkbuf_4)
                                         _118_ (net)
                  0.26    0.01    2.09 ^ _251_/A (sky130_fd_sc_hd__and3_2)
    10    0.05    0.23    0.38    2.47 ^ _251_/X (sky130_fd_sc_hd__and3_2)
                                         _140_ (net)
                  0.23    0.00    2.47 ^ _259_/D (sky130_fd_sc_hd__and4_1)
     1    0.01    0.11    0.27    2.74 ^ _259_/X (sky130_fd_sc_hd__and4_1)
                                         _144_ (net)
                  0.11    0.00    2.74 ^ _260_/B (sky130_fd_sc_hd__xor2_1)
     1    0.01    0.22    0.23    2.97 ^ _260_/X (sky130_fd_sc_hd__xor2_1)
                                         _028_ (net)
                  0.22    0.00    2.97 ^ _351_/D (sky130_fd_sc_hd__dfrtp_1)
                                  2.97   data arrival time

                         10.00   10.00   clock core_clock (rise edge)
                          0.00   10.00   clock source latency
     1    0.02    0.00    0.00   10.00 ^ clk (in)
                                         clk (net)
                  0.00    0.00   10.00 ^ clkbuf_0_clk/A (sky130_fd_sc_hd__clkbuf_16)
     4    0.05    0.07    0.13   10.13 ^ clkbuf_0_clk/X (sky130_fd_sc_hd__clkbuf_16)
                                         clknet_0_clk (net)
                  0.07    0.00   10.13 ^ clkbuf_2_3__f_clk/A (sky130_fd_sc_hd__clkbuf_16)
    18    0.05    0.07    0.16   10.29 ^ clkbuf_2_3__f_clk/X (sky130_fd_sc_hd__clkbuf_16)
                                         clknet_2_3__leaf_clk (net)
                  0.07    0.00   10.29 ^ _351_/CLK (sky130_fd_sc_hd__dfrtp_1)
                          0.00   10.29   clock reconvergence pessimism
                         -0.10   10.20   library setup time
                                 10.20   data required time
-----------------------------------------------------------------------------
                                 10.20   data required time
                                 -2.97   data arrival time
-----------------------------------------------------------------------------
                                  7.22   slack (MET)


Startpoint: _321_ (rising edge-triggered flip-flop clocked by core_clock)
Endpoint: _344_ (rising edge-triggered flip-flop clocked by core_clock)
Path Group: core_clock
Path Type: max
Corner: Typical

Fanout     Cap    Slew   Delay    Time   Description
-----------------------------------------------------------------------------
                          0.00    0.00   clock core_clock (rise edge)
                          0.00    0.00   clock source latency
     1    0.02    0.00    0.00    0.00 ^ clk (in)
                                         clk (net)
                  0.00    0.00    0.00 ^ clkbuf_0_clk/A (sky130_fd_sc_hd__clkbuf_16)
     4    0.05    0.07    0.13    0.13 ^ clkbuf_0_clk/X (sky130_fd_sc_hd__clkbuf_16)
                                         clknet_0_clk (net)
                  0.07    0.00    0.13 ^ clkbuf_2_1__f_clk/A (sky130_fd_sc_hd__clkbuf_16)
    22    0.07    0.08    0.17    0.30 ^ clkbuf_2_1__f_clk/X (sky130_fd_sc_hd__clkbuf_16)
                                         clknet_2_1__leaf_clk (net)
                  0.08    0.00    0.31 ^ _321_/CLK (sky130_fd_sc_hd__dfrtp_4)
    10    0.05    0.16    0.51    0.81 ^ _321_/Q (sky130_fd_sc_hd__dfrtp_4)
                                         div.count[1] (net)
                  0.16    0.00    0.82 ^ _176_/B (sky130_fd_sc_hd__and4_1)
     1    0.02    0.16    0.30    1.11 ^ _176_/X (sky130_fd_sc_hd__and4_1)
                                         _089_ (net)
                  0.16    0.00    1.12 ^ _177_/A (sky130_fd_sc_hd__clkbuf_4)
    16    0.07    0.22    0.30    1.42 ^ _177_/X (sky130_fd_sc_hd__clkbuf_4)
                                         _090_ (net)
                  0.22    0.01    1.42 ^ _217_/A (sky130_fd_sc_hd__and4_1)
     1    0.02    0.19    0.32    1.74 ^ _217_/X (sky130_fd_sc_hd__and4_1)
                                         _117_ (net)
                  0.19    0.00    1.75 ^ _218_/A (sky130_fd_sc_hd__clkbuf_4)
    18    0.09    0.26    0.34    2.08 ^ _218_/X (sky130_fd_sc_hd__clkbuf_4)
                                         _118_ (net)
                  0.26    0.01    2.09 ^ _243_/A (sky130_fd_sc_hd__and2_2)
     8    0.05    0.24    0.34    2.43 ^ _243_/X (sky130_fd_sc_hd__and2_2)
                                         _135_ (net)
                  0.24    0.01    2.44 ^ _244_/B (sky130_fd_sc_hd__xor2_1)
     2    0.02    0.48    0.44    2.88 ^ _244_/X (sky130_fd_sc_hd__xor2_1)
                                         _020_ (net)
                  0.48    0.00    2.88 ^ _344_/D (sky130_fd_sc_hd__dfrtp_4)
                                  2.88   data arrival time

                         10.00   10.00   clock core_clock (rise edge)
                          0.00   10.00   clock source latency
     1    0.02    0.00    0.00   10.00 ^ clk (in)
                                         clk (net)
                  0.00    0.00   10.00 ^ clkbuf_0_clk/A (sky130_fd_sc_hd__clkbuf_16)
     4    0.05    0.07    0.13   10.13 ^ clkbuf_0_clk/X (sky130_fd_sc_hd__clkbuf_16)
                                         clknet_0_clk (net)
                  0.07    0.00   10.13 ^ clkbuf_2_3__f_clk/A (sky130_fd_sc_hd__clkbuf_16)
    18    0.05    0.07    0.16   10.29 ^ clkbuf_2_3__f_clk/X (sky130_fd_sc_hd__clkbuf_16)
                                         clknet_2_3__leaf_clk (net)
                  0.07    0.00   10.29 ^ _344_/CLK (sky130_fd_sc_hd__dfrtp_4)
                          0.00   10.29   clock reconvergence pessimism
                         -0.16   10.13   library setup time
                                 10.13   data required time
-----------------------------------------------------------------------------
                                 10.13   data required time
                                 -2.88   data arrival time
-----------------------------------------------------------------------------
                                  7.25   slack (MET)


Startpoint: _321_ (rising edge-triggered flip-flop clocked by core_clock)
Endpoint: _335_ (rising edge-triggered flip-flop clocked by core_clock)
Path Group: core_clock
Path Type: max
Corner: Typical

Fanout     Cap    Slew   Delay    Time   Description
-----------------------------------------------------------------------------
                          0.00    0.00   clock core_clock (rise edge)
                          0.00    0.00   clock source latency
     1    0.02    0.00    0.00    0.00 ^ clk (in)
                                         clk (net)
                  0.00    0.00    0.00 ^ clkbuf_0_clk/A (sky130_fd_sc_hd__clkbuf_16)
     4    0.05    0.07    0.13    0.13 ^ clkbuf_0_clk/X (sky130_fd_sc_hd__clkbuf_16)
                                         clknet_0_clk (net)
                  0.07    0.00    0.13 ^ clkbuf_2_1__f_clk/A (sky130_fd_sc_hd__clkbuf_16)
    22    0.07    0.08    0.17    0.30 ^ clkbuf_2_1__f_clk/X (sky130_fd_sc_hd__clkbuf_16)
                                         clknet_2_1__leaf_clk (net)
                  0.08    0.00    0.31 ^ _321_/CLK (sky130_fd_sc_hd__dfrtp_4)
    10    0.05    0.16    0.51    0.81 ^ _321_/Q (sky130_fd_sc_hd__dfrtp_4)
                                         div.count[1] (net)
                  0.16    0.00    0.82 ^ _176_/B (sky130_fd_sc_hd__and4_1)
     1    0.02    0.16    0.30    1.11 ^ _176_/X (sky130_fd_sc_hd__and4_1)
                                         _089_ (net)
                  0.16    0.00    1.12 ^ _177_/A (sky130_fd_sc_hd__clkbuf_4)
    16    0.07    0.22    0.30    1.42 ^ _177_/X (sky130_fd_sc_hd__clkbuf_4)
                                         _090_ (net)
                  0.22    0.00    1.42 ^ _195_/C (sky130_fd_sc_hd__and4_1)
     1    0.02    0.18    0.32    1.74 ^ _195_/X (sky130_fd_sc_hd__and4_1)
                                         _102_ (net)
                  0.18    0.00    1.74 ^ _196_/A (sky130_fd_sc_hd__clkbuf_4)
    12    0.07    0.20    0.30    2.04 ^ _196_/X (sky130_fd_sc_hd__clkbuf_4)
                                         _103_ (net)
                  0.20    0.00    2.05 ^ _211_/A (sky130_fd_sc_hd__and2_2)
     6    0.04    0.21    0.31    2.36 ^ _211_/X (sky130_fd_sc_hd__and2_2)
                                         _114_ (net)
                  0.21    0.00    2.36 ^ _213_/B (sky130_fd_sc_hd__nand2_2)
     4    0.03    0.14    0.17    2.53 v _213_/Y (sky130_fd_sc_hd__nand2_2)
                                         _115_ (net)
                  0.14    0.00    2.53 v _215_/B (sky130_fd_sc_hd__xnor2_2)
     2    0.03    0.39    0.36    2.89 ^ _215_/Y (sky130_fd_sc_hd__xnor2_2)
                                         _010_ (net)
                  0.39    0.00    2.89 ^ _335_/D (sky130_fd_sc_hd__dfrtp_4)
                                  2.89   data arrival time

                         10.00   10.00   clock core_clock (rise edge)
                          0.00   10.00   clock source latency
     1    0.02    0.00    0.00   10.00 ^ clk (in)
                                         clk (net)
                  0.00    0.00   10.00 ^ clkbuf_0_clk/A (sky130_fd_sc_hd__clkbuf_16)
     4    0.05    0.07    0.13   10.13 ^ clkbuf_0_clk/X (sky130_fd_sc_hd__clkbuf_16)
                                         clknet_0_clk (net)
                  0.07    0.00   10.13 ^ clkbuf_2_3__f_clk/A (sky130_fd_sc_hd__clkbuf_16)
    18    0.05    0.07    0.16   10.29 ^ clkbuf_2_3__f_clk/X (sky130_fd_sc_hd__clkbuf_16)
                                         clknet_2_3__leaf_clk (net)
                  0.07    0.00   10.29 ^ _335_/CLK (sky130_fd_sc_hd__dfrtp_4)
                          0.00   10.29   clock reconvergence pessimism
                         -0.14   10.15   library setup time
                                 10.15   data required time
-----------------------------------------------------------------------------
                                 10.15   data required time
                                 -2.89   data arrival time
-----------------------------------------------------------------------------
                                  7.26   slack (MET)


Startpoint: _321_ (rising edge-triggered flip-flop clocked by core_clock)
Endpoint: _341_ (rising edge-triggered flip-flop clocked by core_clock)
Path Group: core_clock
Path Type: max
Corner: Typical

Fanout     Cap    Slew   Delay    Time   Description
-----------------------------------------------------------------------------
                          0.00    0.00   clock core_clock (rise edge)
                          0.00    0.00   clock source latency
     1    0.02    0.00    0.00    0.00 ^ clk (in)
                                         clk (net)
                  0.00    0.00    0.00 ^ clkbuf_0_clk/A (sky130_fd_sc_hd__clkbuf_16)
     4    0.05    0.07    0.13    0.13 ^ clkbuf_0_clk/X (sky130_fd_sc_hd__clkbuf_16)
                                         clknet_0_clk (net)
                  0.07    0.00    0.13 ^ clkbuf_2_1__f_clk/A (sky130_fd_sc_hd__clkbuf_16)
    22    0.07    0.08    0.17    0.30 ^ clkbuf_2_1__f_clk/X (sky130_fd_sc_hd__clkbuf_16)
                                         clknet_2_1__leaf_clk (net)
                  0.08    0.00    0.31 ^ _321_/CLK (sky130_fd_sc_hd__dfrtp_4)
    10    0.05    0.16    0.51    0.81 ^ _321_/Q (sky130_fd_sc_hd__dfrtp_4)
                                         div.count[1] (net)
                  0.16    0.00    0.82 ^ _176_/B (sky130_fd_sc_hd__and4_1)
     1    0.02    0.16    0.30    1.11 ^ _176_/X (sky130_fd_sc_hd__and4_1)
                                         _089_ (net)
                  0.16    0.00    1.12 ^ _177_/A (sky130_fd_sc_hd__clkbuf_4)
    16    0.07    0.22    0.30    1.42 ^ _177_/X (sky130_fd_sc_hd__clkbuf_4)
                                         _090_ (net)
                  0.22    0.01    1.42 ^ _217_/A (sky130_fd_sc_hd__and4_1)
     1    0.02    0.19    0.32    1.74 ^ _217_/X (sky130_fd_sc_hd__and4_1)
                                         _117_ (net)
                  0.19    0.00    1.75 ^ _218_/A (sky130_fd_sc_hd__clkbuf_4)
    18    0.09    0.26    0.34    2.08 ^ _218_/X (sky130_fd_sc_hd__clkbuf_4)
                                         _118_ (net)
                  0.26    0.01    2.09 ^ _232_/B (sky130_fd_sc_hd__and3_2)
     8    0.05    0.26    0.40    2.49 ^ _232_/X (sky130_fd_sc_hd__and3_2)
                                         _128_ (net)
                  0.26    0.01    2.50 ^ _235_/B (sky130_fd_sc_hd__xor2_1)
     2    0.02    0.40    0.38    2.88 ^ _235_/X (sky130_fd_sc_hd__xor2_1)
                                         _017_ (net)
                  0.40    0.00    2.88 ^ _341_/D (sky130_fd_sc_hd__dfrtp_4)
                                  2.88   data arrival time

                         10.00   10.00   clock core_clock (rise edge)
                          0.00   10.00   clock source latency
     1    0.02    0.00    0.00   10.00 ^ clk (in)
                                         clk (net)
                  0.00    0.00   10.00 ^ clkbuf_0_clk/A (sky130_fd_sc_hd__clkbuf_16)
     4    0.05    0.07    0.13   10.13 ^ clkbuf_0_clk/X (sky130_fd_sc_hd__clkbuf_16)
                                         clknet_0_clk (net)
                  0.07    0.00   10.13 ^ clkbuf_2_1__f_clk/A (sky130_fd_sc_hd__clkbuf_16)
    22    0.07    0.08    0.17   10.30 ^ clkbuf_2_1__f_clk/X (sky130_fd_sc_hd__clkbuf_16)
                                         clknet_2_1__leaf_clk (net)
                  0.08    0.00   10.31 ^ _341_/CLK (sky130_fd_sc_hd__dfrtp_4)
                          0.00   10.31   clock reconvergence pessimism
                         -0.14   10.17   library setup time
                                 10.17   data required time
-----------------------------------------------------------------------------
                                 10.17   data required time
                                 -2.88   data arrival time
-----------------------------------------------------------------------------
                                  7.28   slack (MET)


Startpoint: _321_ (rising edge-triggered flip-flop clocked by core_clock)
Endpoint: _347_ (rising edge-triggered flip-flop clocked by core_clock)
Path Group: core_clock
Path Type: max
Corner: Typical

Fanout     Cap    Slew   Delay    Time   Description
-----------------------------------------------------------------------------
                          0.00    0.00   clock core_clock (rise edge)
                          0.00    0.00   clock source latency
     1    0.02    0.00    0.00    0.00 ^ clk (in)
                                         clk (net)
                  0.00    0.00    0.00 ^ clkbuf_0_clk/A (sky130_fd_sc_hd__clkbuf_16)
     4    0.05    0.07    0.13    0.13 ^ clkbuf_0_clk/X (sky130_fd_sc_hd__clkbuf_16)
                                         clknet_0_clk (net)
                  0.07    0.00    0.13 ^ clkbuf_2_1__f_clk/A (sky130_fd_sc_hd__clkbuf_16)
    22    0.07    0.08    0.17    0.30 ^ clkbuf_2_1__f_clk/X (sky130_fd_sc_hd__clkbuf_16)
                                         clknet_2_1__leaf_clk (net)
                  0.08    0.00    0.31 ^ _321_/CLK (sky130_fd_sc_hd__dfrtp_4)
    10    0.05    0.16    0.51    0.81 ^ _321_/Q (sky130_fd_sc_hd__dfrtp_4)
                                         div.count[1] (net)
                  0.16    0.00    0.82 ^ _176_/B (sky130_fd_sc_hd__and4_1)
     1    0.02    0.16    0.30    1.11 ^ _176_/X (sky130_fd_sc_hd__and4_1)
                                         _089_ (net)
                  0.16    0.00    1.12 ^ _177_/A (sky130_fd_sc_hd__clkbuf_4)
    16    0.07    0.22    0.30    1.42 ^ _177_/X (sky130_fd_sc_hd__clkbuf_4)
                                         _090_ (net)
                  0.22    0.01    1.42 ^ _217_/A (sky130_fd_sc_hd__and4_1)
     1    0.02    0.19    0.32    1.74 ^ _217_/X (sky130_fd_sc_hd__and4_1)
                                         _117_ (net)
                  0.19    0.00    1.75 ^ _218_/A (sky130_fd_sc_hd__clkbuf_4)
    18    0.09    0.26    0.34    2.08 ^ _218_/X (sky130_fd_sc_hd__clkbuf_4)
                                         _118_ (net)
                  0.26    0.01    2.09 ^ _243_/A (sky130_fd_sc_hd__and2_2)
     8    0.05    0.24    0.34    2.43 ^ _243_/X (sky130_fd_sc_hd__and2_2)
                                         _135_ (net)
                  0.24    0.00    2.44 ^ _249_/D (sky130_fd_sc_hd__and4_1)
     1    0.01    0.14    0.29    2.73 ^ _249_/X (sky130_fd_sc_hd__and4_1)
                                         _138_ (net)
                  0.14    0.00    2.73 ^ _252_/A2 (sky130_fd_sc_hd__o21ba_1)
     1    0.01    0.13    0.20    2.93 ^ _252_/X (sky130_fd_sc_hd__o21ba_1)
                                         _023_ (net)
                  0.13    0.00    2.93 ^ _347_/D (sky130_fd_sc_hd__dfrtp_1)
                                  2.93   data arrival time

                         10.00   10.00   clock core_clock (rise edge)
                          0.00   10.00   clock source latency
     1    0.02    0.00    0.00   10.00 ^ clk (in)
                                         clk (net)
                  0.00    0.00   10.00 ^ clkbuf_0_clk/A (sky130_fd_sc_hd__clkbuf_16)
     4    0.05    0.07    0.13   10.13 ^ clkbuf_0_clk/X (sky130_fd_sc_hd__clkbuf_16)
                                         clknet_0_clk (net)
                  0.07    0.00   10.13 ^ clkbuf_2_3__f_clk/A (sky130_fd_sc_hd__clkbuf_16)
    18    0.05    0.07    0.16   10.29 ^ clkbuf_2_3__f_clk/X (sky130_fd_sc_hd__clkbuf_16)
                                         clknet_2_3__leaf_clk (net)
                  0.07    0.00   10.29 ^ _347_/CLK (sky130_fd_sc_hd__dfrtp_1)
                          0.00   10.29   clock reconvergence pessimism
                         -0.08   10.22   library setup time
                                 10.22   data required time
-----------------------------------------------------------------------------
                                 10.22   data required time
                                 -2.93   data arrival time
-----------------------------------------------------------------------------
                                  7.29   slack (MET)


Startpoint: _321_ (rising edge-triggered flip-flop clocked by core_clock)
Endpoint: _350_ (rising edge-triggered flip-flop clocked by core_clock)
Path Group: core_clock
Path Type: max
Corner: Typical

Fanout     Cap    Slew   Delay    Time   Description
-----------------------------------------------------------------------------
                          0.00    0.00   clock core_clock (rise edge)
                          0.00    0.00   clock source latency
     1    0.02    0.00    0.00    0.00 ^ clk (in)
                                         clk (net)
                  0.00    0.00    0.00 ^ clkbuf_0_clk/A (sky130_fd_sc_hd__clkbuf_16)
     4    0.05    0.07    0.13    0.13 ^ clkbuf_0_clk/X (sky130_fd_sc_hd__clkbuf_16)
                                         clknet_0_clk (net)
                  0.07    0.00    0.13 ^ clkbuf_2_1__f_clk/A (sky130_fd_sc_hd__clkbuf_16)
    22    0.07    0.08    0.17    0.30 ^ clkbuf_2_1__f_clk/X (sky130_fd_sc_hd__clkbuf_16)
                                         clknet_2_1__leaf_clk (net)
                  0.08    0.00    0.31 ^ _321_/CLK (sky130_fd_sc_hd__dfrtp_4)
    10    0.05    0.16    0.51    0.81 ^ _321_/Q (sky130_fd_sc_hd__dfrtp_4)
                                         div.count[1] (net)
                  0.16    0.00    0.82 ^ _176_/B (sky130_fd_sc_hd__and4_1)
     1    0.02    0.16    0.30    1.11 ^ _176_/X (sky130_fd_sc_hd__and4_1)
                                         _089_ (net)
                  0.16    0.00    1.12 ^ _177_/A (sky130_fd_sc_hd__clkbuf_4)
    16    0.07    0.22    0.30    1.42 ^ _177_/X (sky130_fd_sc_hd__clkbuf_4)
                                         _090_ (net)
                  0.22    0.01    1.42 ^ _217_/A (sky130_fd_sc_hd__and4_1)
     1    0.02    0.19    0.32    1.74 ^ _217_/X (sky130_fd_sc_hd__and4_1)
                                         _117_ (net)
                  0.19    0.00    1.75 ^ _218_/A (sky130_fd_sc_hd__clkbuf_4)
    18    0.09    0.26    0.34    2.08 ^ _218_/X (sky130_fd_sc_hd__clkbuf_4)
                                         _118_ (net)
                  0.26    0.01    2.09 ^ _251_/A (sky130_fd_sc_hd__and3_2)
    10    0.05    0.23    0.38    2.47 ^ _251_/X (sky130_fd_sc_hd__and3_2)
                                         _140_ (net)
                  0.23    0.00    2.47 ^ _256_/C (sky130_fd_sc_hd__nand3_2)
     4    0.03    0.18    0.20    2.68 v _256_/Y (sky130_fd_sc_hd__nand3_2)
                                         _143_ (net)
                  0.18    0.00    2.68 v _258_/B (sky130_fd_sc_hd__xnor2_1)
     1    0.00    0.06    0.18    2.86 v _258_/Y (sky130_fd_sc_hd__xnor2_1)
                                         _027_ (net)
                  0.06    0.00    2.86 v _350_/D (sky130_fd_sc_hd__dfrtp_2)
                                  2.86   data arrival time

                         10.00   10.00   clock core_clock (rise edge)
                          0.00   10.00   clock source latency
     1    0.02    0.00    0.00   10.00 ^ clk (in)
                                         clk (net)
                  0.00    0.00   10.00 ^ clkbuf_0_clk/A (sky130_fd_sc_hd__clkbuf_16)
     4    0.05    0.07    0.13   10.13 ^ clkbuf_0_clk/X (sky130_fd_sc_hd__clkbuf_16)
                                         clknet_0_clk (net)
                  0.07    0.00   10.13 ^ clkbuf_2_0__f_clk/A (sky130_fd_sc_hd__clkbuf_16)
    18    0.06    0.08    0.16   10.30 ^ clkbuf_2_0__f_clk/X (sky130_fd_sc_hd__clkbuf_16)
                                         clknet_2_0__leaf_clk (net)
                  0.08    0.00   10.30 ^ _350_/CLK (sky130_fd_sc_hd__dfrtp_2)
                          0.00   10.30   clock reconvergence pessimism
                         -0.12   10.18   library setup time
                                 10.18   data required time
-----------------------------------------------------------------------------
                                 10.18   data required time
                                 -2.86   data arrival time
-----------------------------------------------------------------------------
                                  7.32   slack (MET)


Startpoint: _322_ (rising edge-triggered flip-flop clocked by core_clock)
Endpoint: _337_ (rising edge-triggered flip-flop clocked by core_clock)
Path Group: core_clock
Path Type: max
Corner: Typical

Fanout     Cap    Slew   Delay    Time   Description
-----------------------------------------------------------------------------
                          0.00    0.00   clock core_clock (rise edge)
                          0.00    0.00   clock source latency
     1    0.02    0.00    0.00    0.00 ^ clk (in)
                                         clk (net)
                  0.00    0.00    0.00 ^ clkbuf_0_clk/A (sky130_fd_sc_hd__clkbuf_16)
     4    0.05    0.07    0.13    0.13 ^ clkbuf_0_clk/X (sky130_fd_sc_hd__clkbuf_16)
                                         clknet_0_clk (net)
                  0.07    0.00    0.13 ^ clkbuf_2_1__f_clk/A (sky130_fd_sc_hd__clkbuf_16)
    22    0.07    0.08    0.17    0.30 ^ clkbuf_2_1__f_clk/X (sky130_fd_sc_hd__clkbuf_16)
                                         clknet_2_1__leaf_clk (net)
                  0.08    0.00    0.30 ^ _322_/CLK (sky130_fd_sc_hd__dfrtp_4)
     8    0.04    0.11    0.55    0.86 v _322_/Q (sky130_fd_sc_hd__dfrtp_4)
                                         div.count[2] (net)
                  0.11    0.00    0.86 v _176_/C (sky130_fd_sc_hd__and4_1)
     1    0.02    0.09    0.27    1.13 v _176_/X (sky130_fd_sc_hd__and4_1)
                                         _089_ (net)
                  0.09    0.00    1.13 v _177_/A (sky130_fd_sc_hd__clkbuf_4)
    16    0.07    0.14    0.25    1.38 v _177_/X (sky130_fd_sc_hd__clkbuf_4)
                                         _090_ (net)
                  0.14    0.01    1.38 v _217_/A (sky130_fd_sc_hd__and4_1)
     1    0.02    0.10    0.25    1.63 v _217_/X (sky130_fd_sc_hd__and4_1)
                                         _117_ (net)
                  0.10    0.00    1.63 v _218_/A (sky130_fd_sc_hd__clkbuf_4)
    18    0.08    0.17    0.27    1.91 v _218_/X (sky130_fd_sc_hd__clkbuf_4)
                                         _118_ (net)
                  0.17    0.00    1.91 v _221_/C (sky130_fd_sc_hd__and3_2)
     4    0.04    0.12    0.35    2.26 v _221_/X (sky130_fd_sc_hd__and3_2)
                                         _120_ (net)
                  0.12    0.00    2.26 v _222_/B (sky130_fd_sc_hd__nor2_2)
     2    0.04    0.39    0.34    2.60 ^ _222_/Y (sky130_fd_sc_hd__nor2_2)
                                         _012_ (net)
                  0.39    0.00    2.60 ^ _337_/D (sky130_fd_sc_hd__dfrtp_4)
                                  2.60   data arrival time

                         10.00   10.00   clock core_clock (rise edge)
                          0.00   10.00   clock source latency
     1    0.02    0.00    0.00   10.00 ^ clk (in)
                                         clk (net)
                  0.00    0.00   10.00 ^ clkbuf_0_clk/A (sky130_fd_sc_hd__clkbuf_16)
     4    0.05    0.07    0.13   10.13 ^ clkbuf_0_clk/X (sky130_fd_sc_hd__clkbuf_16)
                                         clknet_0_clk (net)
                  0.07    0.00   10.13 ^ clkbuf_2_2__f_clk/A (sky130_fd_sc_hd__clkbuf_16)
    14    0.05    0.07    0.16   10.29 ^ clkbuf_2_2__f_clk/X (sky130_fd_sc_hd__clkbuf_16)
                                         clknet_2_2__leaf_clk (net)
                  0.07    0.00   10.29 ^ _337_/CLK (sky130_fd_sc_hd__dfrtp_4)
                          0.00   10.29   clock reconvergence pessimism
                         -0.14   10.16   library setup time
                                 10.16   data required time
-----------------------------------------------------------------------------
                                 10.16   data required time
                                 -2.60   data arrival time
-----------------------------------------------------------------------------
                                  7.55   slack (MET)


Startpoint: _321_ (rising edge-triggered flip-flop clocked by core_clock)
Endpoint: _340_ (rising edge-triggered flip-flop clocked by core_clock)
Path Group: core_clock
Path Type: max
Corner: Typical

Fanout     Cap    Slew   Delay    Time   Description
-----------------------------------------------------------------------------
                          0.00    0.00   clock core_clock (rise edge)
                          0.00    0.00   clock source latency
     1    0.02    0.00    0.00    0.00 ^ clk (in)
                                         clk (net)
                  0.00    0.00    0.00 ^ clkbuf_0_clk/A (sky130_fd_sc_hd__clkbuf_16)
     4    0.05    0.07    0.13    0.13 ^ clkbuf_0_clk/X (sky130_fd_sc_hd__clkbuf_16)
                                         clknet_0_clk (net)
                  0.07    0.00    0.13 ^ clkbuf_2_1__f_clk/A (sky130_fd_sc_hd__clkbuf_16)
    22    0.07    0.08    0.17    0.30 ^ clkbuf_2_1__f_clk/X (sky130_fd_sc_hd__clkbuf_16)
                                         clknet_2_1__leaf_clk (net)
                  0.08    0.00    0.31 ^ _321_/CLK (sky130_fd_sc_hd__dfrtp_4)
    10    0.05    0.16    0.51    0.81 ^ _321_/Q (sky130_fd_sc_hd__dfrtp_4)
                                         div.count[1] (net)
                  0.16    0.00    0.82 ^ _176_/B (sky130_fd_sc_hd__and4_1)
     1    0.02    0.16    0.30    1.11 ^ _176_/X (sky130_fd_sc_hd__and4_1)
                                         _089_ (net)
                  0.16    0.00    1.12 ^ _177_/A (sky130_fd_sc_hd__clkbuf_4)
    16    0.07    0.22    0.30    1.42 ^ _177_/X (sky130_fd_sc_hd__clkbuf_4)
                                         _090_ (net)
                  0.22    0.01    1.42 ^ _217_/A (sky130_fd_sc_hd__and4_1)
     1    0.02    0.19    0.32    1.74 ^ _217_/X (sky130_fd_sc_hd__and4_1)
                                         _117_ (net)
                  0.19    0.00    1.75 ^ _218_/A (sky130_fd_sc_hd__clkbuf_4)
    18    0.09    0.26    0.34    2.08 ^ _218_/X (sky130_fd_sc_hd__clkbuf_4)
                                         _118_ (net)
                  0.26    0.01    2.09 ^ _232_/B (sky130_fd_sc_hd__and3_2)
     8    0.05    0.26    0.40    2.49 ^ _232_/X (sky130_fd_sc_hd__and3_2)
                                         _128_ (net)
                  0.26    0.01    2.50 ^ _234_/A (sky130_fd_sc_hd__nor2_1)
     1    0.01    0.09    0.10    2.60 v _234_/Y (sky130_fd_sc_hd__nor2_1)
                                         _016_ (net)
                  0.09    0.00    2.60 v _340_/D (sky130_fd_sc_hd__dfrtp_4)
                                  2.60   data arrival time

                         10.00   10.00   clock core_clock (rise edge)
                          0.00   10.00   clock source latency
     1    0.02    0.00    0.00   10.00 ^ clk (in)
                                         clk (net)
                  0.00    0.00   10.00 ^ clkbuf_0_clk/A (sky130_fd_sc_hd__clkbuf_16)
     4    0.05    0.07    0.13   10.13 ^ clkbuf_0_clk/X (sky130_fd_sc_hd__clkbuf_16)
                                         clknet_0_clk (net)
                  0.07    0.00   10.13 ^ clkbuf_2_2__f_clk/A (sky130_fd_sc_hd__clkbuf_16)
    14    0.05    0.07    0.16   10.29 ^ clkbuf_2_2__f_clk/X (sky130_fd_sc_hd__clkbuf_16)
                                         clknet_2_2__leaf_clk (net)
                  0.07    0.00   10.29 ^ _340_/CLK (sky130_fd_sc_hd__dfrtp_4)
                          0.00   10.29   clock reconvergence pessimism
                         -0.13   10.17   library setup time
                                 10.17   data required time
-----------------------------------------------------------------------------
                                 10.17   data required time
                                 -2.60   data arrival time
-----------------------------------------------------------------------------
                                  7.57   slack (MET)


Startpoint: _321_ (rising edge-triggered flip-flop clocked by core_clock)
Endpoint: _332_ (rising edge-triggered flip-flop clocked by core_clock)
Path Group: core_clock
Path Type: max
Corner: Typical

Fanout     Cap    Slew   Delay    Time   Description
-----------------------------------------------------------------------------
                          0.00    0.00   clock core_clock (rise edge)
                          0.00    0.00   clock source latency
     1    0.02    0.00    0.00    0.00 ^ clk (in)
                                         clk (net)
                  0.00    0.00    0.00 ^ clkbuf_0_clk/A (sky130_fd_sc_hd__clkbuf_16)
     4    0.05    0.07    0.13    0.13 ^ clkbuf_0_clk/X (sky130_fd_sc_hd__clkbuf_16)
                                         clknet_0_clk (net)
                  0.07    0.00    0.13 ^ clkbuf_2_1__f_clk/A (sky130_fd_sc_hd__clkbuf_16)
    22    0.07    0.08    0.17    0.30 ^ clkbuf_2_1__f_clk/X (sky130_fd_sc_hd__clkbuf_16)
                                         clknet_2_1__leaf_clk (net)
                  0.08    0.00    0.31 ^ _321_/CLK (sky130_fd_sc_hd__dfrtp_4)
    10    0.05    0.16    0.51    0.81 ^ _321_/Q (sky130_fd_sc_hd__dfrtp_4)
                                         div.count[1] (net)
                  0.16    0.00    0.82 ^ _176_/B (sky130_fd_sc_hd__and4_1)
     1    0.02    0.16    0.30    1.11 ^ _176_/X (sky130_fd_sc_hd__and4_1)
                                         _089_ (net)
                  0.16    0.00    1.12 ^ _177_/A (sky130_fd_sc_hd__clkbuf_4)
    16    0.07    0.22    0.30    1.42 ^ _177_/X (sky130_fd_sc_hd__clkbuf_4)
                                         _090_ (net)
                  0.22    0.00    1.42 ^ _195_/C (sky130_fd_sc_hd__and4_1)
     1    0.02    0.18    0.32    1.74 ^ _195_/X (sky130_fd_sc_hd__and4_1)
                                         _102_ (net)
                  0.18    0.00    1.74 ^ _196_/A (sky130_fd_sc_hd__clkbuf_4)
    12    0.07    0.20    0.30    2.04 ^ _196_/X (sky130_fd_sc_hd__clkbuf_4)
                                         _103_ (net)
                  0.20    0.00    2.05 ^ _205_/C (sky130_fd_sc_hd__nand3_2)
     4    0.04    0.23    0.23    2.28 v _205_/Y (sky130_fd_sc_hd__nand3_2)
                                         _110_ (net)
                  0.23    0.00    2.28 v _208_/B (sky130_fd_sc_hd__xnor2_1)
     1    0.01    0.29    0.33    2.61 ^ _208_/Y (sky130_fd_sc_hd__xnor2_1)
                                         _007_ (net)
                  0.29    0.00    2.61 ^ _332_/D (sky130_fd_sc_hd__dfrtp_4)
                                  2.61   data arrival time

                         10.00   10.00   clock core_clock (rise edge)
                          0.00   10.00   clock source latency
     1    0.02    0.00    0.00   10.00 ^ clk (in)
                                         clk (net)
                  0.00    0.00   10.00 ^ clkbuf_0_clk/A (sky130_fd_sc_hd__clkbuf_16)
     4    0.05    0.07    0.13   10.13 ^ clkbuf_0_clk/X (sky130_fd_sc_hd__clkbuf_16)
                                         clknet_0_clk (net)
                  0.07    0.00   10.13 ^ clkbuf_2_1__f_clk/A (sky130_fd_sc_hd__clkbuf_16)
    22    0.07    0.08    0.17   10.30 ^ clkbuf_2_1__f_clk/X (sky130_fd_sc_hd__clkbuf_16)
                                         clknet_2_1__leaf_clk (net)
                  0.08    0.00   10.30 ^ _332_/CLK (sky130_fd_sc_hd__dfrtp_4)
                          0.00   10.30   clock reconvergence pessimism
                         -0.11   10.19   library setup time
                                 10.19   data required time
-----------------------------------------------------------------------------
                                 10.19   data required time
                                 -2.61   data arrival time
-----------------------------------------------------------------------------
                                  7.58   slack (MET)


Startpoint: _321_ (rising edge-triggered flip-flop clocked by core_clock)
Endpoint: _333_ (rising edge-triggered flip-flop clocked by core_clock)
Path Group: core_clock
Path Type: max
Corner: Typical

Fanout     Cap    Slew   Delay    Time   Description
-----------------------------------------------------------------------------
                          0.00    0.00   clock core_clock (rise edge)
                          0.00    0.00   clock source latency
     1    0.02    0.00    0.00    0.00 ^ clk (in)
                                         clk (net)
                  0.00    0.00    0.00 ^ clkbuf_0_clk/A (sky130_fd_sc_hd__clkbuf_16)
     4    0.05    0.07    0.13    0.13 ^ clkbuf_0_clk/X (sky130_fd_sc_hd__clkbuf_16)
                                         clknet_0_clk (net)
                  0.07    0.00    0.13 ^ clkbuf_2_1__f_clk/A (sky130_fd_sc_hd__clkbuf_16)
    22    0.07    0.08    0.17    0.30 ^ clkbuf_2_1__f_clk/X (sky130_fd_sc_hd__clkbuf_16)
                                         clknet_2_1__leaf_clk (net)
                  0.08    0.00    0.31 ^ _321_/CLK (sky130_fd_sc_hd__dfrtp_4)
    10    0.05    0.16    0.51    0.81 ^ _321_/Q (sky130_fd_sc_hd__dfrtp_4)
                                         div.count[1] (net)
                  0.16    0.00    0.82 ^ _176_/B (sky130_fd_sc_hd__and4_1)
     1    0.02    0.16    0.30    1.11 ^ _176_/X (sky130_fd_sc_hd__and4_1)
                                         _089_ (net)
                  0.16    0.00    1.12 ^ _177_/A (sky130_fd_sc_hd__clkbuf_4)
    16    0.07    0.22    0.30    1.42 ^ _177_/X (sky130_fd_sc_hd__clkbuf_4)
                                         _090_ (net)
                  0.22    0.00    1.42 ^ _195_/C (sky130_fd_sc_hd__and4_1)
     1    0.02    0.18    0.32    1.74 ^ _195_/X (sky130_fd_sc_hd__and4_1)
                                         _102_ (net)
                  0.18    0.00    1.74 ^ _196_/A (sky130_fd_sc_hd__clkbuf_4)
    12    0.07    0.20    0.30    2.04 ^ _196_/X (sky130_fd_sc_hd__clkbuf_4)
                                         _103_ (net)
                  0.20    0.00    2.05 ^ _211_/A (sky130_fd_sc_hd__and2_2)
     6    0.04    0.21    0.31    2.36 ^ _211_/X (sky130_fd_sc_hd__and2_2)
                                         _114_ (net)
                  0.21    0.00    2.36 ^ _212_/B1_N (sky130_fd_sc_hd__o21ba_1)
     1    0.01    0.05    0.19    2.55 v _212_/X (sky130_fd_sc_hd__o21ba_1)
                                         _008_ (net)
                  0.05    0.00    2.55 v _333_/D (sky130_fd_sc_hd__dfrtp_2)
                                  2.55   data arrival time

                         10.00   10.00   clock core_clock (rise edge)
                          0.00   10.00   clock source latency
     1    0.02    0.00    0.00   10.00 ^ clk (in)
                                         clk (net)
                  0.00    0.00   10.00 ^ clkbuf_0_clk/A (sky130_fd_sc_hd__clkbuf_16)
     4    0.05    0.07    0.13   10.13 ^ clkbuf_0_clk/X (sky130_fd_sc_hd__clkbuf_16)
                                         clknet_0_clk (net)
                  0.07    0.00   10.13 ^ clkbuf_2_1__f_clk/A (sky130_fd_sc_hd__clkbuf_16)
    22    0.07    0.08    0.17   10.30 ^ clkbuf_2_1__f_clk/X (sky130_fd_sc_hd__clkbuf_16)
                                         clknet_2_1__leaf_clk (net)
                  0.08    0.00   10.31 ^ _333_/CLK (sky130_fd_sc_hd__dfrtp_2)
                          0.00   10.31   clock reconvergence pessimism
                         -0.11   10.20   library setup time
                                 10.20   data required time
-----------------------------------------------------------------------------
                                 10.20   data required time
                                 -2.55   data arrival time
-----------------------------------------------------------------------------
                                  7.64   slack (MET)


Startpoint: _321_ (rising edge-triggered flip-flop clocked by core_clock)
Endpoint: _330_ (rising edge-triggered flip-flop clocked by core_clock)
Path Group: core_clock
Path Type: max
Corner: Typical

Fanout     Cap    Slew   Delay    Time   Description
-----------------------------------------------------------------------------
                          0.00    0.00   clock core_clock (rise edge)
                          0.00    0.00   clock source latency
     1    0.02    0.00    0.00    0.00 ^ clk (in)
                                         clk (net)
                  0.00    0.00    0.00 ^ clkbuf_0_clk/A (sky130_fd_sc_hd__clkbuf_16)
     4    0.05    0.07    0.13    0.13 ^ clkbuf_0_clk/X (sky130_fd_sc_hd__clkbuf_16)
                                         clknet_0_clk (net)
                  0.07    0.00    0.13 ^ clkbuf_2_1__f_clk/A (sky130_fd_sc_hd__clkbuf_16)
    22    0.07    0.08    0.17    0.30 ^ clkbuf_2_1__f_clk/X (sky130_fd_sc_hd__clkbuf_16)
                                         clknet_2_1__leaf_clk (net)
                  0.08    0.00    0.31 ^ _321_/CLK (sky130_fd_sc_hd__dfrtp_4)
    10    0.05    0.16    0.51    0.81 ^ _321_/Q (sky130_fd_sc_hd__dfrtp_4)
                                         div.count[1] (net)
                  0.16    0.00    0.82 ^ _176_/B (sky130_fd_sc_hd__and4_1)
     1    0.02    0.16    0.30    1.11 ^ _176_/X (sky130_fd_sc_hd__and4_1)
                                         _089_ (net)
                  0.16    0.00    1.12 ^ _177_/A (sky130_fd_sc_hd__clkbuf_4)
    16    0.07    0.22    0.30    1.42 ^ _177_/X (sky130_fd_sc_hd__clkbuf_4)
                                         _090_ (net)
                  0.22    0.00    1.42 ^ _195_/C (sky130_fd_sc_hd__and4_1)
     1    0.02    0.18    0.32    1.74 ^ _195_/X (sky130_fd_sc_hd__and4_1)
                                         _102_ (net)
                  0.18    0.00    1.74 ^ _196_/A (sky130_fd_sc_hd__clkbuf_4)
    12    0.07    0.20    0.30    2.04 ^ _196_/X (sky130_fd_sc_hd__clkbuf_4)
                                         _103_ (net)
                  0.20    0.00    2.05 ^ _203_/B (sky130_fd_sc_hd__xor2_2)
     2    0.02    0.32    0.31    2.36 ^ _203_/X (sky130_fd_sc_hd__xor2_2)
                                         _005_ (net)
                  0.32    0.00    2.36 ^ _330_/D (sky130_fd_sc_hd__dfrtp_4)
                                  2.36   data arrival time

                         10.00   10.00   clock core_clock (rise edge)
                          0.00   10.00   clock source latency
     1    0.02    0.00    0.00   10.00 ^ clk (in)
                                         clk (net)
                  0.00    0.00   10.00 ^ clkbuf_0_clk/A (sky130_fd_sc_hd__clkbuf_16)
     4    0.05    0.07    0.13   10.13 ^ clkbuf_0_clk/X (sky130_fd_sc_hd__clkbuf_16)
                                         clknet_0_clk (net)
                  0.07    0.00   10.13 ^ clkbuf_2_2__f_clk/A (sky130_fd_sc_hd__clkbuf_16)
    14    0.05    0.07    0.16   10.29 ^ clkbuf_2_2__f_clk/X (sky130_fd_sc_hd__clkbuf_16)
                                         clknet_2_2__leaf_clk (net)
                  0.07    0.00   10.29 ^ _330_/CLK (sky130_fd_sc_hd__dfrtp_4)
                          0.00   10.29   clock reconvergence pessimism
                         -0.12   10.17   library setup time
                                 10.17   data required time
-----------------------------------------------------------------------------
                                 10.17   data required time
                                 -2.36   data arrival time
-----------------------------------------------------------------------------
                                  7.81   slack (MET)


Startpoint: _321_ (rising edge-triggered flip-flop clocked by core_clock)
Endpoint: _336_ (rising edge-triggered flip-flop clocked by core_clock)
Path Group: core_clock
Path Type: max
Corner: Typical

Fanout     Cap    Slew   Delay    Time   Description
-----------------------------------------------------------------------------
                          0.00    0.00   clock core_clock (rise edge)
                          0.00    0.00   clock source latency
     1    0.02    0.00    0.00    0.00 ^ clk (in)
                                         clk (net)
                  0.00    0.00    0.00 ^ clkbuf_0_clk/A (sky130_fd_sc_hd__clkbuf_16)
     4    0.05    0.07    0.13    0.13 ^ clkbuf_0_clk/X (sky130_fd_sc_hd__clkbuf_16)
                                         clknet_0_clk (net)
                  0.07    0.00    0.13 ^ clkbuf_2_1__f_clk/A (sky130_fd_sc_hd__clkbuf_16)
    22    0.07    0.08    0.17    0.30 ^ clkbuf_2_1__f_clk/X (sky130_fd_sc_hd__clkbuf_16)
                                         clknet_2_1__leaf_clk (net)
                  0.08    0.00    0.31 ^ _321_/CLK (sky130_fd_sc_hd__dfrtp_4)
    10    0.05    0.16    0.51    0.81 ^ _321_/Q (sky130_fd_sc_hd__dfrtp_4)
                                         div.count[1] (net)
                  0.16    0.00    0.82 ^ _176_/B (sky130_fd_sc_hd__and4_1)
     1    0.02    0.16    0.30    1.11 ^ _176_/X (sky130_fd_sc_hd__and4_1)
                                         _089_ (net)
                  0.16    0.00    1.12 ^ _177_/A (sky130_fd_sc_hd__clkbuf_4)
    16    0.07    0.22    0.30    1.42 ^ _177_/X (sky130_fd_sc_hd__clkbuf_4)
                                         _090_ (net)
                  0.22    0.01    1.42 ^ _217_/A (sky130_fd_sc_hd__and4_1)
     1    0.02    0.19    0.32    1.74 ^ _217_/X (sky130_fd_sc_hd__and4_1)
                                         _117_ (net)
                  0.19    0.00    1.75 ^ _218_/A (sky130_fd_sc_hd__clkbuf_4)
    18    0.09    0.26    0.34    2.08 ^ _218_/X (sky130_fd_sc_hd__clkbuf_4)
                                         _118_ (net)
                  0.26    0.00    2.08 ^ _219_/B (sky130_fd_sc_hd__xor2_1)
     1    0.01    0.26    0.28    2.37 ^ _219_/X (sky130_fd_sc_hd__xor2_1)
                                         _011_ (net)
                  0.26    0.00    2.37 ^ _336_/D (sky130_fd_sc_hd__dfrtp_4)
                                  2.37   data arrival time

                         10.00   10.00   clock core_clock (rise edge)
                          0.00   10.00   clock source latency
     1    0.02    0.00    0.00   10.00 ^ clk (in)
                                         clk (net)
                  0.00    0.00   10.00 ^ clkbuf_0_clk/A (sky130_fd_sc_hd__clkbuf_16)
     4    0.05    0.07    0.13   10.13 ^ clkbuf_0_clk/X (sky130_fd_sc_hd__clkbuf_16)
                                         clknet_0_clk (net)
                  0.07    0.00   10.13 ^ clkbuf_2_0__f_clk/A (sky130_fd_sc_hd__clkbuf_16)
    18    0.06    0.08    0.16   10.30 ^ clkbuf_2_0__f_clk/X (sky130_fd_sc_hd__clkbuf_16)
                                         clknet_2_0__leaf_clk (net)
                  0.08    0.00   10.30 ^ _336_/CLK (sky130_fd_sc_hd__dfrtp_4)
                          0.00   10.30   clock reconvergence pessimism
                         -0.11   10.19   library setup time
                                 10.19   data required time
-----------------------------------------------------------------------------
                                 10.19   data required time
                                 -2.37   data arrival time
-----------------------------------------------------------------------------
                                  7.82   slack (MET)


Startpoint: _321_ (rising edge-triggered flip-flop clocked by core_clock)
Endpoint: _327_ (rising edge-triggered flip-flop clocked by core_clock)
Path Group: core_clock
Path Type: max
Corner: Typical

Fanout     Cap    Slew   Delay    Time   Description
-----------------------------------------------------------------------------
                          0.00    0.00   clock core_clock (rise edge)
                          0.00    0.00   clock source latency
     1    0.02    0.00    0.00    0.00 ^ clk (in)
                                         clk (net)
                  0.00    0.00    0.00 ^ clkbuf_0_clk/A (sky130_fd_sc_hd__clkbuf_16)
     4    0.05    0.07    0.13    0.13 ^ clkbuf_0_clk/X (sky130_fd_sc_hd__clkbuf_16)
                                         clknet_0_clk (net)
                  0.07    0.00    0.13 ^ clkbuf_2_1__f_clk/A (sky130_fd_sc_hd__clkbuf_16)
    22    0.07    0.08    0.17    0.30 ^ clkbuf_2_1__f_clk/X (sky130_fd_sc_hd__clkbuf_16)
                                         clknet_2_1__leaf_clk (net)
                  0.08    0.00    0.31 ^ _321_/CLK (sky130_fd_sc_hd__dfrtp_4)
    10    0.05    0.16    0.51    0.81 ^ _321_/Q (sky130_fd_sc_hd__dfrtp_4)
                                         div.count[1] (net)
                  0.16    0.00    0.82 ^ _176_/B (sky130_fd_sc_hd__and4_1)
     1    0.02    0.16    0.30    1.11 ^ _176_/X (sky130_fd_sc_hd__and4_1)
                                         _089_ (net)
                  0.16    0.00    1.12 ^ _177_/A (sky130_fd_sc_hd__clkbuf_4)
    16    0.07    0.22    0.30    1.42 ^ _177_/X (sky130_fd_sc_hd__clkbuf_4)
                                         _090_ (net)
                  0.22    0.00    1.42 ^ _182_/C (sky130_fd_sc_hd__and3_2)
     6    0.04    0.19    0.33    1.76 ^ _182_/X (sky130_fd_sc_hd__and3_2)
                                         _093_ (net)
                  0.19    0.00    1.76 ^ _186_/B (sky130_fd_sc_hd__nand2_1)
     4    0.02    0.18    0.20    1.96 v _186_/Y (sky130_fd_sc_hd__nand2_1)
                                         _096_ (net)
                  0.18    0.00    1.96 v _192_/A2 (sky130_fd_sc_hd__a21oi_1)
     1    0.01    0.29    0.33    2.29 ^ _192_/Y (sky130_fd_sc_hd__a21oi_1)
                                         _033_ (net)
                  0.29    0.00    2.29 ^ _327_/D (sky130_fd_sc_hd__dfrtp_2)
                                  2.29   data arrival time

                         10.00   10.00   clock core_clock (rise edge)
                          0.00   10.00   clock source latency
     1    0.02    0.00    0.00   10.00 ^ clk (in)
                                         clk (net)
                  0.00    0.00   10.00 ^ clkbuf_0_clk/A (sky130_fd_sc_hd__clkbuf_16)
     4    0.05    0.07    0.13   10.13 ^ clkbuf_0_clk/X (sky130_fd_sc_hd__clkbuf_16)
                                         clknet_0_clk (net)
                  0.07    0.00   10.13 ^ clkbuf_2_2__f_clk/A (sky130_fd_sc_hd__clkbuf_16)
    14    0.05    0.07    0.16   10.29 ^ clkbuf_2_2__f_clk/X (sky130_fd_sc_hd__clkbuf_16)
                                         clknet_2_2__leaf_clk (net)
                  0.07    0.00   10.29 ^ _327_/CLK (sky130_fd_sc_hd__dfrtp_2)
                          0.00   10.29   clock reconvergence pessimism
                         -0.12   10.18   library setup time
                                 10.18   data required time
-----------------------------------------------------------------------------
                                 10.18   data required time
                                 -2.29   data arrival time
-----------------------------------------------------------------------------
                                  7.89   slack (MET)


Startpoint: _322_ (rising edge-triggered flip-flop clocked by core_clock)
Endpoint: _325_ (rising edge-triggered flip-flop clocked by core_clock)
Path Group: core_clock
Path Type: max
Corner: Typical

Fanout     Cap    Slew   Delay    Time   Description
-----------------------------------------------------------------------------
                          0.00    0.00   clock core_clock (rise edge)
                          0.00    0.00   clock source latency
     1    0.02    0.00    0.00    0.00 ^ clk (in)
                                         clk (net)
                  0.00    0.00    0.00 ^ clkbuf_0_clk/A (sky130_fd_sc_hd__clkbuf_16)
     4    0.05    0.07    0.13    0.13 ^ clkbuf_0_clk/X (sky130_fd_sc_hd__clkbuf_16)
                                         clknet_0_clk (net)
                  0.07    0.00    0.13 ^ clkbuf_2_1__f_clk/A (sky130_fd_sc_hd__clkbuf_16)
    22    0.07    0.08    0.17    0.30 ^ clkbuf_2_1__f_clk/X (sky130_fd_sc_hd__clkbuf_16)
                                         clknet_2_1__leaf_clk (net)
                  0.08    0.00    0.30 ^ _322_/CLK (sky130_fd_sc_hd__dfrtp_4)
     8    0.04    0.11    0.55    0.86 v _322_/Q (sky130_fd_sc_hd__dfrtp_4)
                                         div.count[2] (net)
                  0.11    0.00    0.86 v _176_/C (sky130_fd_sc_hd__and4_1)
     1    0.02    0.09    0.27    1.13 v _176_/X (sky130_fd_sc_hd__and4_1)
                                         _089_ (net)
                  0.09    0.00    1.13 v _177_/A (sky130_fd_sc_hd__clkbuf_4)
    16    0.07    0.14    0.25    1.38 v _177_/X (sky130_fd_sc_hd__clkbuf_4)
                                         _090_ (net)
                  0.14    0.00    1.38 v _182_/C (sky130_fd_sc_hd__and3_2)
     6    0.04    0.11    0.33    1.71 v _182_/X (sky130_fd_sc_hd__and3_2)
                                         _093_ (net)
                  0.11    0.00    1.72 v _184_/A (sky130_fd_sc_hd__nor2_1)
     1    0.02    0.33    0.31    2.02 ^ _184_/Y (sky130_fd_sc_hd__nor2_1)
                                         _031_ (net)
                  0.33    0.00    2.03 ^ _325_/D (sky130_fd_sc_hd__dfrtp_4)
                                  2.03   data arrival time

                         10.00   10.00   clock core_clock (rise edge)
                          0.00   10.00   clock source latency
     1    0.02    0.00    0.00   10.00 ^ clk (in)
                                         clk (net)
                  0.00    0.00   10.00 ^ clkbuf_0_clk/A (sky130_fd_sc_hd__clkbuf_16)
     4    0.05    0.07    0.13   10.13 ^ clkbuf_0_clk/X (sky130_fd_sc_hd__clkbuf_16)
                                         clknet_0_clk (net)
                  0.07    0.00   10.13 ^ clkbuf_2_2__f_clk/A (sky130_fd_sc_hd__clkbuf_16)
    14    0.05    0.07    0.16   10.29 ^ clkbuf_2_2__f_clk/X (sky130_fd_sc_hd__clkbuf_16)
                                         clknet_2_2__leaf_clk (net)
                  0.07    0.00   10.29 ^ _325_/CLK (sky130_fd_sc_hd__dfrtp_4)
                          0.00   10.29   clock reconvergence pessimism
                         -0.13   10.17   library setup time
                                 10.17   data required time
-----------------------------------------------------------------------------
                                 10.17   data required time
                                 -2.03   data arrival time
-----------------------------------------------------------------------------
                                  8.14   slack (MET)


Startpoint: _321_ (rising edge-triggered flip-flop clocked by core_clock)
Endpoint: _323_ (rising edge-triggered flip-flop clocked by core_clock)
Path Group: core_clock
Path Type: max
Corner: Typical

Fanout     Cap    Slew   Delay    Time   Description
-----------------------------------------------------------------------------
                          0.00    0.00   clock core_clock (rise edge)
                          0.00    0.00   clock source latency
     1    0.02    0.00    0.00    0.00 ^ clk (in)
                                         clk (net)
                  0.00    0.00    0.00 ^ clkbuf_0_clk/A (sky130_fd_sc_hd__clkbuf_16)
     4    0.05    0.07    0.13    0.13 ^ clkbuf_0_clk/X (sky130_fd_sc_hd__clkbuf_16)
                                         clknet_0_clk (net)
                  0.07    0.00    0.13 ^ clkbuf_2_1__f_clk/A (sky130_fd_sc_hd__clkbuf_16)
    22    0.07    0.08    0.17    0.30 ^ clkbuf_2_1__f_clk/X (sky130_fd_sc_hd__clkbuf_16)
                                         clknet_2_1__leaf_clk (net)
                  0.08    0.00    0.31 ^ _321_/CLK (sky130_fd_sc_hd__dfrtp_4)
    10    0.05    0.16    0.51    0.81 ^ _321_/Q (sky130_fd_sc_hd__dfrtp_4)
                                         div.count[1] (net)
                  0.16    0.00    0.82 ^ _176_/B (sky130_fd_sc_hd__and4_1)
     1    0.02    0.16    0.30    1.11 ^ _176_/X (sky130_fd_sc_hd__and4_1)
                                         _089_ (net)
                  0.16    0.00    1.12 ^ _177_/A (sky130_fd_sc_hd__clkbuf_4)
    16    0.07    0.22    0.30    1.42 ^ _177_/X (sky130_fd_sc_hd__clkbuf_4)
                                         _090_ (net)
                  0.22    0.00    1.42 ^ _179_/A_N (sky130_fd_sc_hd__and2b_1)
     2    0.02    0.10    0.27    1.69 v _179_/X (sky130_fd_sc_hd__and2b_1)
                                         _092_ (net)
                  0.10    0.00    1.69 v _180_/A (sky130_fd_sc_hd__buf_1)
     1    0.01    0.06    0.14    1.83 v _180_/X (sky130_fd_sc_hd__buf_1)
                                         _029_ (net)
                  0.06    0.00    1.84 v _323_/D (sky130_fd_sc_hd__dfrtp_2)
                                  1.84   data arrival time

                         10.00   10.00   clock core_clock (rise edge)
                          0.00   10.00   clock source latency
     1    0.02    0.00    0.00   10.00 ^ clk (in)
                                         clk (net)
                  0.00    0.00   10.00 ^ clkbuf_0_clk/A (sky130_fd_sc_hd__clkbuf_16)
     4    0.05    0.07    0.13   10.13 ^ clkbuf_0_clk/X (sky130_fd_sc_hd__clkbuf_16)
                                         clknet_0_clk (net)
                  0.07    0.00   10.13 ^ clkbuf_2_3__f_clk/A (sky130_fd_sc_hd__clkbuf_16)
    18    0.05    0.07    0.16   10.29 ^ clkbuf_2_3__f_clk/X (sky130_fd_sc_hd__clkbuf_16)
                                         clknet_2_3__leaf_clk (net)
                  0.07    0.00   10.29 ^ _323_/CLK (sky130_fd_sc_hd__dfrtp_2)
                          0.00   10.29   clock reconvergence pessimism
                         -0.12   10.17   library setup time
                                 10.17   data required time
-----------------------------------------------------------------------------
                                 10.17   data required time
                                 -1.84   data arrival time
-----------------------------------------------------------------------------
                                  8.34   slack (MET)


Startpoint: _320_ (rising edge-triggered flip-flop clocked by core_clock)
Endpoint: _321_ (rising edge-triggered flip-flop clocked by core_clock)
Path Group: core_clock
Path Type: max
Corner: Typical

Fanout     Cap    Slew   Delay    Time   Description
-----------------------------------------------------------------------------
                          0.00    0.00   clock core_clock (rise edge)
                          0.00    0.00   clock source latency
     1    0.02    0.00    0.00    0.00 ^ clk (in)
                                         clk (net)
                  0.00    0.00    0.00 ^ clkbuf_0_clk/A (sky130_fd_sc_hd__clkbuf_16)
     4    0.05    0.07    0.13    0.13 ^ clkbuf_0_clk/X (sky130_fd_sc_hd__clkbuf_16)
                                         clknet_0_clk (net)
                  0.07    0.00    0.13 ^ clkbuf_2_0__f_clk/A (sky130_fd_sc_hd__clkbuf_16)
    18    0.06    0.08    0.16    0.30 ^ clkbuf_2_0__f_clk/X (sky130_fd_sc_hd__clkbuf_16)
                                         clknet_2_0__leaf_clk (net)
                  0.08    0.00    0.30 ^ _320_/CLK (sky130_fd_sc_hd__dfrtp_4)
    12    0.05    0.13    0.56    0.86 v _320_/Q (sky130_fd_sc_hd__dfrtp_4)
                                         div.count[0] (net)
                  0.13    0.00    0.86 v _171_/A (sky130_fd_sc_hd__or2_1)
     2    0.02    0.10    0.31    1.18 v _171_/X (sky130_fd_sc_hd__or2_1)
                                         _086_ (net)
                  0.10    0.00    1.18 v _173_/A (sky130_fd_sc_hd__and2_1)
     2    0.02    0.12    0.24    1.42 v _173_/X (sky130_fd_sc_hd__and2_1)
                                         _088_ (net)
                  0.12    0.00    1.42 v _174_/A (sky130_fd_sc_hd__buf_1)
     2    0.03    0.19    0.25    1.67 v _174_/X (sky130_fd_sc_hd__buf_1)
                                         _015_ (net)
                  0.19    0.00    1.67 v _321_/D (sky130_fd_sc_hd__dfrtp_4)
                                  1.67   data arrival time

                         10.00   10.00   clock core_clock (rise edge)
                          0.00   10.00   clock source latency
     1    0.02    0.00    0.00   10.00 ^ clk (in)
                                         clk (net)
                  0.00    0.00   10.00 ^ clkbuf_0_clk/A (sky130_fd_sc_hd__clkbuf_16)
     4    0.05    0.07    0.13   10.13 ^ clkbuf_0_clk/X (sky130_fd_sc_hd__clkbuf_16)
                                         clknet_0_clk (net)
                  0.07    0.00   10.13 ^ clkbuf_2_1__f_clk/A (sky130_fd_sc_hd__clkbuf_16)
    22    0.07    0.08    0.17   10.30 ^ clkbuf_2_1__f_clk/X (sky130_fd_sc_hd__clkbuf_16)
                                         clknet_2_1__leaf_clk (net)
                  0.08    0.00   10.31 ^ _321_/CLK (sky130_fd_sc_hd__dfrtp_4)
                          0.00   10.31   clock reconvergence pessimism
                         -0.17   10.14   library setup time
                                 10.14   data required time
-----------------------------------------------------------------------------
                                 10.14   data required time
                                 -1.67   data arrival time
-----------------------------------------------------------------------------
                                  8.46   slack (MET)


Startpoint: _321_ (rising edge-triggered flip-flop clocked by core_clock)
Endpoint: _324_ (rising edge-triggered flip-flop clocked by core_clock)
Path Group: core_clock
Path Type: max
Corner: Typical

Fanout     Cap    Slew   Delay    Time   Description
-----------------------------------------------------------------------------
                          0.00    0.00   clock core_clock (rise edge)
                          0.00    0.00   clock source latency
     1    0.02    0.00    0.00    0.00 ^ clk (in)
                                         clk (net)
                  0.00    0.00    0.00 ^ clkbuf_0_clk/A (sky130_fd_sc_hd__clkbuf_16)
     4    0.05    0.07    0.13    0.13 ^ clkbuf_0_clk/X (sky130_fd_sc_hd__clkbuf_16)
                                         clknet_0_clk (net)
                  0.07    0.00    0.13 ^ clkbuf_2_1__f_clk/A (sky130_fd_sc_hd__clkbuf_16)
    22    0.07    0.08    0.17    0.30 ^ clkbuf_2_1__f_clk/X (sky130_fd_sc_hd__clkbuf_16)
                                         clknet_2_1__leaf_clk (net)
                  0.08    0.00    0.31 ^ _321_/CLK (sky130_fd_sc_hd__dfrtp_4)
    10    0.05    0.16    0.51    0.81 ^ _321_/Q (sky130_fd_sc_hd__dfrtp_4)
                                         div.count[1] (net)
                  0.16    0.00    0.82 ^ _176_/B (sky130_fd_sc_hd__and4_1)
     1    0.02    0.16    0.30    1.11 ^ _176_/X (sky130_fd_sc_hd__and4_1)
                                         _089_ (net)
                  0.16    0.00    1.12 ^ _177_/A (sky130_fd_sc_hd__clkbuf_4)
    16    0.07    0.22    0.30    1.42 ^ _177_/X (sky130_fd_sc_hd__clkbuf_4)
                                         _090_ (net)
                  0.22    0.00    1.42 ^ _181_/B (sky130_fd_sc_hd__xor2_1)
     1    0.01    0.24    0.26    1.68 ^ _181_/X (sky130_fd_sc_hd__xor2_1)
                                         _030_ (net)
                  0.24    0.00    1.68 ^ _324_/D (sky130_fd_sc_hd__dfrtp_4)
                                  1.68   data arrival time

                         10.00   10.00   clock core_clock (rise edge)
                          0.00   10.00   clock source latency
     1    0.02    0.00    0.00   10.00 ^ clk (in)
                                         clk (net)
                  0.00    0.00   10.00 ^ clkbuf_0_clk/A (sky130_fd_sc_hd__clkbuf_16)
     4    0.05    0.07    0.13   10.13 ^ clkbuf_0_clk/X (sky130_fd_sc_hd__clkbuf_16)
                                         clknet_0_clk (net)
                  0.07    0.00   10.13 ^ clkbuf_2_0__f_clk/A (sky130_fd_sc_hd__clkbuf_16)
    18    0.06    0.08    0.16   10.30 ^ clkbuf_2_0__f_clk/X (sky130_fd_sc_hd__clkbuf_16)
                                         clknet_2_0__leaf_clk (net)
                  0.08    0.00   10.30 ^ _324_/CLK (sky130_fd_sc_hd__dfrtp_4)
                          0.00   10.30   clock reconvergence pessimism
                         -0.10   10.19   library setup time
                                 10.19   data required time
-----------------------------------------------------------------------------
                                 10.19   data required time
                                 -1.68   data arrival time
-----------------------------------------------------------------------------
                                  8.51   slack (MET)


Startpoint: _320_ (rising edge-triggered flip-flop clocked by core_clock)
Endpoint: _322_ (rising edge-triggered flip-flop clocked by core_clock)
Path Group: core_clock
Path Type: max
Corner: Typical

Fanout     Cap    Slew   Delay    Time   Description
-----------------------------------------------------------------------------
                          0.00    0.00   clock core_clock (rise edge)
                          0.00    0.00   clock source latency
     1    0.02    0.00    0.00    0.00 ^ clk (in)
                                         clk (net)
                  0.00    0.00    0.00 ^ clkbuf_0_clk/A (sky130_fd_sc_hd__clkbuf_16)
     4    0.05    0.07    0.13    0.13 ^ clkbuf_0_clk/X (sky130_fd_sc_hd__clkbuf_16)
                                         clknet_0_clk (net)
                  0.07    0.00    0.13 ^ clkbuf_2_0__f_clk/A (sky130_fd_sc_hd__clkbuf_16)
    18    0.06    0.08    0.16    0.30 ^ clkbuf_2_0__f_clk/X (sky130_fd_sc_hd__clkbuf_16)
                                         clknet_2_0__leaf_clk (net)
                  0.08    0.00    0.30 ^ _320_/CLK (sky130_fd_sc_hd__dfrtp_4)
    12    0.05    0.17    0.52    0.82 ^ _320_/Q (sky130_fd_sc_hd__dfrtp_4)
                                         div.count[0] (net)
                  0.17    0.00    0.82 ^ _172_/A (sky130_fd_sc_hd__nand2_2)
     4    0.03    0.13    0.15    0.97 v _172_/Y (sky130_fd_sc_hd__nand2_2)
                                         _087_ (net)
                  0.13    0.00    0.97 v _175_/B (sky130_fd_sc_hd__xnor2_1)
     2    0.02    0.48    0.43    1.40 ^ _175_/Y (sky130_fd_sc_hd__xnor2_1)
                                         _026_ (net)
                  0.48    0.00    1.40 ^ _322_/D (sky130_fd_sc_hd__dfrtp_4)
                                  1.40   data arrival time

                         10.00   10.00   clock core_clock (rise edge)
                          0.00   10.00   clock source latency
     1    0.02    0.00    0.00   10.00 ^ clk (in)
                                         clk (net)
                  0.00    0.00   10.00 ^ clkbuf_0_clk/A (sky130_fd_sc_hd__clkbuf_16)
     4    0.05    0.07    0.13   10.13 ^ clkbuf_0_clk/X (sky130_fd_sc_hd__clkbuf_16)
                                         clknet_0_clk (net)
                  0.07    0.00   10.13 ^ clkbuf_2_1__f_clk/A (sky130_fd_sc_hd__clkbuf_16)
    22    0.07    0.08    0.17   10.30 ^ clkbuf_2_1__f_clk/X (sky130_fd_sc_hd__clkbuf_16)
                                         clknet_2_1__leaf_clk (net)
                  0.08    0.00   10.30 ^ _322_/CLK (sky130_fd_sc_hd__dfrtp_4)
                          0.00   10.30   clock reconvergence pessimism
                         -0.16   10.15   library setup time
                                 10.15   data required time
-----------------------------------------------------------------------------
                                 10.15   data required time
                                 -1.40   data arrival time
-----------------------------------------------------------------------------
                                  8.74   slack (MET)



worst slack corner Typical: 6.4359
