OpenROAD b16bda7e82721d10566ff7e2b68f1ff0be9f9e38 
Features included (+) or not (-): +Charts +GPU +GUI +Python
This program is licensed under the BSD-3 license. See the LICENSE file for details.
Components of this program may be licensed under more restrictive licenses which must be honored.
define_corners Slowest Typical Fastest
read_liberty -corner Slowest /Users/nigiri/.volare/sky130A/libs.ref/sky130_fd_sc_hd/lib/sky130_fd_sc_hd__ss_100C_1v60.lib
read_liberty -corner Typical /Users/nigiri/.volare/sky130A/libs.ref/sky130_fd_sc_hd/lib/sky130_fd_sc_hd__tt_025C_1v80.lib
read_liberty -corner Fastest /Users/nigiri/.volare/sky130A/libs.ref/sky130_fd_sc_hd/lib/sky130_fd_sc_hd__ff_n40C_1v95.lib
[WARNING STA-1256] /Users/nigiri/.volare/sky130A/libs.ref/sky130_fd_sc_hd/lib/sky130_fd_sc_hd__ff_n40C_1v95.lib line 619, table template ccsn_ovrf not found.
[WARNING STA-1256] /Users/nigiri/.volare/sky130A/libs.ref/sky130_fd_sc_hd/lib/sky130_fd_sc_hd__ff_n40C_1v95.lib line 625, table template ccsn_ovrf not found.
[WARNING STA-1256] /Users/nigiri/.volare/sky130A/libs.ref/sky130_fd_sc_hd/lib/sky130_fd_sc_hd__ff_n40C_1v95.lib line 633, table template ccsn_ovrf not found.
[WARNING STA-1256] /Users/nigiri/.volare/sky130A/libs.ref/sky130_fd_sc_hd/lib/sky130_fd_sc_hd__ff_n40C_1v95.lib line 639, table template ccsn_ovrf not found.
[WARNING STA-1256] /Users/nigiri/.volare/sky130A/libs.ref/sky130_fd_sc_hd/lib/sky130_fd_sc_hd__ff_n40C_1v95.lib line 647, table template ccsn_pnlh not found.
[WARNING STA-1256] /Users/nigiri/.volare/sky130A/libs.ref/sky130_fd_sc_hd/lib/sky130_fd_sc_hd__ff_n40C_1v95.lib line 654, table template ccsn_pnlh not found.
[WARNING STA-1256] /Users/nigiri/.volare/sky130A/libs.ref/sky130_fd_sc_hd/lib/sky130_fd_sc_hd__ff_n40C_1v95.lib line 661, table template ccsn_pnlh not found.
[WARNING STA-1256] /Users/nigiri/.volare/sky130A/libs.ref/sky130_fd_sc_hd/lib/sky130_fd_sc_hd__ff_n40C_1v95.lib line 668, table template ccsn_pnlh not found.
[WARNING STA-1256] /Users/nigiri/.volare/sky130A/libs.ref/sky130_fd_sc_hd/lib/sky130_fd_sc_hd__ff_n40C_1v95.lib line 675, table template ccsn_pnlh not found.
[WARNING STA-1256] /Users/nigiri/.volare/sky130A/libs.ref/sky130_fd_sc_hd/lib/sky130_fd_sc_hd__ff_n40C_1v95.lib line 682, table template ccsn_pnlh not found.
[WARNING STA-1256] /Users/nigiri/.volare/sky130A/libs.ref/sky130_fd_sc_hd/lib/sky130_fd_sc_hd__ff_n40C_1v95.lib line 689, table template ccsn_pnlh not found.
[WARNING STA-1256] /Users/nigiri/.volare/sky130A/libs.ref/sky130_fd_sc_hd/lib/sky130_fd_sc_hd__ff_n40C_1v95.lib line 698, table template ccsn_pnlh not found.
[WARNING STA-1256] /Users/nigiri/.volare/sky130A/libs.ref/sky130_fd_sc_hd/lib/sky130_fd_sc_hd__ff_n40C_1v95.lib line 705, table template ccsn_pnlh not found.
[WARNING STA-1256] /Users/nigiri/.volare/sky130A/libs.ref/sky130_fd_sc_hd/lib/sky130_fd_sc_hd__ff_n40C_1v95.lib line 712, table template ccsn_pnlh not found.
[WARNING STA-1256] /Users/nigiri/.volare/sky130A/libs.ref/sky130_fd_sc_hd/lib/sky130_fd_sc_hd__ff_n40C_1v95.lib line 719, table template ccsn_pnlh not found.
[WARNING STA-1256] /Users/nigiri/.volare/sky130A/libs.ref/sky130_fd_sc_hd/lib/sky130_fd_sc_hd__ff_n40C_1v95.lib line 726, table template ccsn_pnlh not found.
[WARNING STA-1256] /Users/nigiri/.volare/sky130A/libs.ref/sky130_fd_sc_hd/lib/sky130_fd_sc_hd__ff_n40C_1v95.lib line 733, table template ccsn_pnlh not found.
[WARNING STA-1256] /Users/nigiri/.volare/sky130A/libs.ref/sky130_fd_sc_hd/lib/sky130_fd_sc_hd__ff_n40C_1v95.lib line 740, table template ccsn_pnlh not found.
[WARNING STA-1256] /Users/nigiri/.volare/sky130A/libs.ref/sky130_fd_sc_hd/lib/sky130_fd_sc_hd__ff_n40C_1v95.lib line 789, table template ccsn_ovrf not found.
[WARNING STA-1256] /Users/nigiri/.volare/sky130A/libs.ref/sky130_fd_sc_hd/lib/sky130_fd_sc_hd__ff_n40C_1v95.lib line 795, table template ccsn_ovrf not found.
[WARNING STA-1256] /Users/nigiri/.volare/sky130A/libs.ref/sky130_fd_sc_hd/lib/sky130_fd_sc_hd__ff_n40C_1v95.lib line 801, table template ccsn_ovrf not found.
[WARNING STA-1256] /Users/nigiri/.volare/sky130A/libs.ref/sky130_fd_sc_hd/lib/sky130_fd_sc_hd__ff_n40C_1v95.lib line 807, table template ccsn_ovrf not found.
[WARNING STA-1256] /Users/nigiri/.volare/sky130A/libs.ref/sky130_fd_sc_hd/lib/sky130_fd_sc_hd__ff_n40C_1v95.lib line 815, table template ccsn_ovrf not found.
[WARNING STA-1256] /Users/nigiri/.volare/sky130A/libs.ref/sky130_fd_sc_hd/lib/sky130_fd_sc_hd__ff_n40C_1v95.lib line 821, table template ccsn_ovrf not found.
[WARNING STA-1256] /Users/nigiri/.volare/sky130A/libs.ref/sky130_fd_sc_hd/lib/sky130_fd_sc_hd__ff_n40C_1v95.lib line 827, table template ccsn_ovrf not found.
[WARNING STA-1256] /Users/nigiri/.volare/sky130A/libs.ref/sky130_fd_sc_hd/lib/sky130_fd_sc_hd__ff_n40C_1v95.lib line 833, table template ccsn_ovrf not found.
[WARNING STA-1256] /Users/nigiri/.volare/sky130A/libs.ref/sky130_fd_sc_hd/lib/sky130_fd_sc_hd__ff_n40C_1v95.lib line 841, table template ccsn_pnlh not found.
[WARNING STA-1256] /Users/nigiri/.volare/sky130A/libs.ref/sky130_fd_sc_hd/lib/sky130_fd_sc_hd__ff_n40C_1v95.lib line 848, table template ccsn_pnlh not found.
[WARNING STA-1256] /Users/nigiri/.volare/sky130A/libs.ref/sky130_fd_sc_hd/lib/sky130_fd_sc_hd__ff_n40C_1v95.lib line 855, table template ccsn_pnlh not found.
[WARNING STA-1256] /Users/nigiri/.volare/sky130A/libs.ref/sky130_fd_sc_hd/lib/sky130_fd_sc_hd__ff_n40C_1v95.lib line 862, table template ccsn_pnlh not found.
[WARNING STA-1256] /Users/nigiri/.volare/sky130A/libs.ref/sky130_fd_sc_hd/lib/sky130_fd_sc_hd__ff_n40C_1v95.lib line 869, table template ccsn_pnlh not found.
[WARNING STA-1256] /Users/nigiri/.volare/sky130A/libs.ref/sky130_fd_sc_hd/lib/sky130_fd_sc_hd__ff_n40C_1v95.lib line 876, table template ccsn_pnlh not found.
[WARNING STA-1256] /Users/nigiri/.volare/sky130A/libs.ref/sky130_fd_sc_hd/lib/sky130_fd_sc_hd__ff_n40C_1v95.lib line 883, table template ccsn_pnlh not found.
[WARNING STA-1256] /Users/nigiri/.volare/sky130A/libs.ref/sky130_fd_sc_hd/lib/sky130_fd_sc_hd__ff_n40C_1v95.lib line 892, table template ccsn_pnlh not found.
[WARNING STA-1256] /Users/nigiri/.volare/sky130A/libs.ref/sky130_fd_sc_hd/lib/sky130_fd_sc_hd__ff_n40C_1v95.lib line 899, table template ccsn_pnlh not found.
[WARNING STA-1256] /Users/nigiri/.volare/sky130A/libs.ref/sky130_fd_sc_hd/lib/sky130_fd_sc_hd__ff_n40C_1v95.lib line 906, table template ccsn_pnlh not found.
[WARNING STA-1256] /Users/nigiri/.volare/sky130A/libs.ref/sky130_fd_sc_hd/lib/sky130_fd_sc_hd__ff_n40C_1v95.lib line 913, table template ccsn_pnlh not found.
[WARNING STA-1256] /Users/nigiri/.volare/sky130A/libs.ref/sky130_fd_sc_hd/lib/sky130_fd_sc_hd__ff_n40C_1v95.lib line 920, table template ccsn_pnlh not found.
[WARNING STA-1256] /Users/nigiri/.volare/sky130A/libs.ref/sky130_fd_sc_hd/lib/sky130_fd_sc_hd__ff_n40C_1v95.lib line 927, table template ccsn_pnlh not found.
[WARNING STA-1256] /Users/nigiri/.volare/sky130A/libs.ref/sky130_fd_sc_hd/lib/sky130_fd_sc_hd__ff_n40C_1v95.lib line 934, table template ccsn_pnlh not found.
[WARNING STA-1256] /Users/nigiri/.volare/sky130A/libs.ref/sky130_fd_sc_hd/lib/sky130_fd_sc_hd__ff_n40C_1v95.lib line 1032, table template ccsn_ovrf not found.
[WARNING STA-1256] /Users/nigiri/.volare/sky130A/libs.ref/sky130_fd_sc_hd/lib/sky130_fd_sc_hd__ff_n40C_1v95.lib line 1038, table template ccsn_ovrf not found.
[WARNING STA-1256] /Users/nigiri/.volare/sky130A/libs.ref/sky130_fd_sc_hd/lib/sky130_fd_sc_hd__ff_n40C_1v95.lib line 1046, table template ccsn_ovrf not found.
[WARNING STA-1256] /Users/nigiri/.volare/sky130A/libs.ref/sky130_fd_sc_hd/lib/sky130_fd_sc_hd__ff_n40C_1v95.lib line 1052, table template ccsn_ovrf not found.
[WARNING STA-1256] /Users/nigiri/.volare/sky130A/libs.ref/sky130_fd_sc_hd/lib/sky130_fd_sc_hd__ff_n40C_1v95.lib line 1060, table template ccsn_pnlh not found.
[WARNING STA-1256] /Users/nigiri/.volare/sky130A/libs.ref/sky130_fd_sc_hd/lib/sky130_fd_sc_hd__ff_n40C_1v95.lib line 1067, table template ccsn_pnlh not found.
[WARNING STA-1256] /Users/nigiri/.volare/sky130A/libs.ref/sky130_fd_sc_hd/lib/sky130_fd_sc_hd__ff_n40C_1v95.lib line 1074, table template ccsn_pnlh not found.
[WARNING STA-1256] /Users/nigiri/.volare/sky130A/libs.ref/sky130_fd_sc_hd/lib/sky130_fd_sc_hd__ff_n40C_1v95.lib line 1081, table template ccsn_pnlh not found.
[WARNING STA-1256] /Users/nigiri/.volare/sky130A/libs.ref/sky130_fd_sc_hd/lib/sky130_fd_sc_hd__ff_n40C_1v95.lib line 1088, table template ccsn_pnlh not found.
[WARNING STA-1256] /Users/nigiri/.volare/sky130A/libs.ref/sky130_fd_sc_hd/lib/sky130_fd_sc_hd__ff_n40C_1v95.lib line 1095, table template ccsn_pnlh not found.
[WARNING STA-1256] /Users/nigiri/.volare/sky130A/libs.ref/sky130_fd_sc_hd/lib/sky130_fd_sc_hd__ff_n40C_1v95.lib line 1102, table template ccsn_pnlh not found.
[WARNING STA-1256] /Users/nigiri/.volare/sky130A/libs.ref/sky130_fd_sc_hd/lib/sky130_fd_sc_hd__ff_n40C_1v95.lib line 1111, table template ccsn_pnlh not found.
[WARNING STA-1256] /Users/nigiri/.volare/sky130A/libs.ref/sky130_fd_sc_hd/lib/sky130_fd_sc_hd__ff_n40C_1v95.lib line 1118, table template ccsn_pnlh not found.
[WARNING STA-1256] /Users/nigiri/.volare/sky130A/libs.ref/sky130_fd_sc_hd/lib/sky130_fd_sc_hd__ff_n40C_1v95.lib line 1125, table template ccsn_pnlh not found.
[WARNING STA-1256] /Users/nigiri/.volare/sky130A/libs.ref/sky130_fd_sc_hd/lib/sky130_fd_sc_hd__ff_n40C_1v95.lib line 1132, table template ccsn_pnlh not found.
[WARNING STA-1256] /Users/nigiri/.volare/sky130A/libs.ref/sky130_fd_sc_hd/lib/sky130_fd_sc_hd__ff_n40C_1v95.lib line 1139, table template ccsn_pnlh not found.
[WARNING STA-1256] /Users/nigiri/.volare/sky130A/libs.ref/sky130_fd_sc_hd/lib/sky130_fd_sc_hd__ff_n40C_1v95.lib line 1146, table template ccsn_pnlh not found.
[WARNING STA-1256] /Users/nigiri/.volare/sky130A/libs.ref/sky130_fd_sc_hd/lib/sky130_fd_sc_hd__ff_n40C_1v95.lib line 1153, table template ccsn_pnlh not found.
[WARNING STA-1256] /Users/nigiri/.volare/sky130A/libs.ref/sky130_fd_sc_hd/lib/sky130_fd_sc_hd__ff_n40C_1v95.lib line 1202, table template ccsn_ovrf not found.
[WARNING STA-1256] /Users/nigiri/.volare/sky130A/libs.ref/sky130_fd_sc_hd/lib/sky130_fd_sc_hd__ff_n40C_1v95.lib line 1208, table template ccsn_ovrf not found.
[WARNING STA-1256] /Users/nigiri/.volare/sky130A/libs.ref/sky130_fd_sc_hd/lib/sky130_fd_sc_hd__ff_n40C_1v95.lib line 1214, table template ccsn_ovrf not found.
[WARNING STA-1256] /Users/nigiri/.volare/sky130A/libs.ref/sky130_fd_sc_hd/lib/sky130_fd_sc_hd__ff_n40C_1v95.lib line 1220, table template ccsn_ovrf not found.
[WARNING STA-1256] /Users/nigiri/.volare/sky130A/libs.ref/sky130_fd_sc_hd/lib/sky130_fd_sc_hd__ff_n40C_1v95.lib line 1228, table template ccsn_ovrf not found.
[WARNING STA-1256] /Users/nigiri/.volare/sky130A/libs.ref/sky130_fd_sc_hd/lib/sky130_fd_sc_hd__ff_n40C_1v95.lib line 1234, table template ccsn_ovrf not found.
[WARNING STA-1256] /Users/nigiri/.volare/sky130A/libs.ref/sky130_fd_sc_hd/lib/sky130_fd_sc_hd__ff_n40C_1v95.lib line 1240, table template ccsn_ovrf not found.
[WARNING STA-1256] /Users/nigiri/.volare/sky130A/libs.ref/sky130_fd_sc_hd/lib/sky130_fd_sc_hd__ff_n40C_1v95.lib line 1246, table template ccsn_ovrf not found.
[WARNING STA-1256] /Users/nigiri/.volare/sky130A/libs.ref/sky130_fd_sc_hd/lib/sky130_fd_sc_hd__ff_n40C_1v95.lib line 1254, table template ccsn_pnlh not found.
[WARNING STA-1256] /Users/nigiri/.volare/sky130A/libs.ref/sky130_fd_sc_hd/lib/sky130_fd_sc_hd__ff_n40C_1v95.lib line 1261, table template ccsn_pnlh not found.
[WARNING STA-1256] /Users/nigiri/.volare/sky130A/libs.ref/sky130_fd_sc_hd/lib/sky130_fd_sc_hd__ff_n40C_1v95.lib line 1268, table template ccsn_pnlh not found.
[WARNING STA-1256] /Users/nigiri/.volare/sky130A/libs.ref/sky130_fd_sc_hd/lib/sky130_fd_sc_hd__ff_n40C_1v95.lib line 1275, table template ccsn_pnlh not found.
[WARNING STA-1256] /Users/nigiri/.volare/sky130A/libs.ref/sky130_fd_sc_hd/lib/sky130_fd_sc_hd__ff_n40C_1v95.lib line 1282, table template ccsn_pnlh not found.
[WARNING STA-1256] /Users/nigiri/.volare/sky130A/libs.ref/sky130_fd_sc_hd/lib/sky130_fd_sc_hd__ff_n40C_1v95.lib line 1289, table template ccsn_pnlh not found.
[WARNING STA-1256] /Users/nigiri/.volare/sky130A/libs.ref/sky130_fd_sc_hd/lib/sky130_fd_sc_hd__ff_n40C_1v95.lib line 1296, table template ccsn_pnlh not found.
[WARNING STA-1256] /Users/nigiri/.volare/sky130A/libs.ref/sky130_fd_sc_hd/lib/sky130_fd_sc_hd__ff_n40C_1v95.lib line 1305, table template ccsn_pnlh not found.
[WARNING STA-1256] /Users/nigiri/.volare/sky130A/libs.ref/sky130_fd_sc_hd/lib/sky130_fd_sc_hd__ff_n40C_1v95.lib line 1312, table template ccsn_pnlh not found.
[WARNING STA-1256] /Users/nigiri/.volare/sky130A/libs.ref/sky130_fd_sc_hd/lib/sky130_fd_sc_hd__ff_n40C_1v95.lib line 1319, table template ccsn_pnlh not found.
[WARNING STA-1256] /Users/nigiri/.volare/sky130A/libs.ref/sky130_fd_sc_hd/lib/sky130_fd_sc_hd__ff_n40C_1v95.lib line 1326, table template ccsn_pnlh not found.
[WARNING STA-1256] /Users/nigiri/.volare/sky130A/libs.ref/sky130_fd_sc_hd/lib/sky130_fd_sc_hd__ff_n40C_1v95.lib line 1333, table template ccsn_pnlh not found.
[WARNING STA-1256] /Users/nigiri/.volare/sky130A/libs.ref/sky130_fd_sc_hd/lib/sky130_fd_sc_hd__ff_n40C_1v95.lib line 1340, table template ccsn_pnlh not found.
[WARNING STA-1256] /Users/nigiri/.volare/sky130A/libs.ref/sky130_fd_sc_hd/lib/sky130_fd_sc_hd__ff_n40C_1v95.lib line 1347, table template ccsn_pnlh not found.
[WARNING STA-1256] /Users/nigiri/.volare/sky130A/libs.ref/sky130_fd_sc_hd/lib/sky130_fd_sc_hd__ff_n40C_1v95.lib line 1445, table template ccsn_ovrf not found.
[WARNING STA-1256] /Users/nigiri/.volare/sky130A/libs.ref/sky130_fd_sc_hd/lib/sky130_fd_sc_hd__ff_n40C_1v95.lib line 1451, table template ccsn_ovrf not found.
[WARNING STA-1256] /Users/nigiri/.volare/sky130A/libs.ref/sky130_fd_sc_hd/lib/sky130_fd_sc_hd__ff_n40C_1v95.lib line 1459, table template ccsn_ovrf not found.
[WARNING STA-1256] /Users/nigiri/.volare/sky130A/libs.ref/sky130_fd_sc_hd/lib/sky130_fd_sc_hd__ff_n40C_1v95.lib line 1465, table template ccsn_ovrf not found.
[WARNING STA-1256] /Users/nigiri/.volare/sky130A/libs.ref/sky130_fd_sc_hd/lib/sky130_fd_sc_hd__ff_n40C_1v95.lib line 1473, table template ccsn_pnlh not found.
[WARNING STA-1256] /Users/nigiri/.volare/sky130A/libs.ref/sky130_fd_sc_hd/lib/sky130_fd_sc_hd__ff_n40C_1v95.lib line 1480, table template ccsn_pnlh not found.
[WARNING STA-1256] /Users/nigiri/.volare/sky130A/libs.ref/sky130_fd_sc_hd/lib/sky130_fd_sc_hd__ff_n40C_1v95.lib line 1487, table template ccsn_pnlh not found.
[WARNING STA-1256] /Users/nigiri/.volare/sky130A/libs.ref/sky130_fd_sc_hd/lib/sky130_fd_sc_hd__ff_n40C_1v95.lib line 1494, table template ccsn_pnlh not found.
[WARNING STA-1256] /Users/nigiri/.volare/sky130A/libs.ref/sky130_fd_sc_hd/lib/sky130_fd_sc_hd__ff_n40C_1v95.lib line 1501, table template ccsn_pnlh not found.
[WARNING STA-1256] /Users/nigiri/.volare/sky130A/libs.ref/sky130_fd_sc_hd/lib/sky130_fd_sc_hd__ff_n40C_1v95.lib line 1508, table template ccsn_pnlh not found.
[WARNING STA-1256] /Users/nigiri/.volare/sky130A/libs.ref/sky130_fd_sc_hd/lib/sky130_fd_sc_hd__ff_n40C_1v95.lib line 1515, table template ccsn_pnlh not found.
[WARNING STA-1256] /Users/nigiri/.volare/sky130A/libs.ref/sky130_fd_sc_hd/lib/sky130_fd_sc_hd__ff_n40C_1v95.lib line 1524, table template ccsn_pnlh not found.
[WARNING STA-1256] /Users/nigiri/.volare/sky130A/libs.ref/sky130_fd_sc_hd/lib/sky130_fd_sc_hd__ff_n40C_1v95.lib line 1531, table template ccsn_pnlh not found.
[WARNING STA-1256] /Users/nigiri/.volare/sky130A/libs.ref/sky130_fd_sc_hd/lib/sky130_fd_sc_hd__ff_n40C_1v95.lib line 1538, table template ccsn_pnlh not found.
[WARNING STA-1256] /Users/nigiri/.volare/sky130A/libs.ref/sky130_fd_sc_hd/lib/sky130_fd_sc_hd__ff_n40C_1v95.lib line 1545, table template ccsn_pnlh not found.
[WARNING STA-1256] /Users/nigiri/.volare/sky130A/libs.ref/sky130_fd_sc_hd/lib/sky130_fd_sc_hd__ff_n40C_1v95.lib line 1552, table template ccsn_pnlh not found.
[WARNING STA-1256] /Users/nigiri/.volare/sky130A/libs.ref/sky130_fd_sc_hd/lib/sky130_fd_sc_hd__ff_n40C_1v95.lib line 1559, table template ccsn_pnlh not found.
[WARNING STA-1256] /Users/nigiri/.volare/sky130A/libs.ref/sky130_fd_sc_hd/lib/sky130_fd_sc_hd__ff_n40C_1v95.lib line 1566, table template ccsn_pnlh not found.
[WARNING STA-1256] /Users/nigiri/.volare/sky130A/libs.ref/sky130_fd_sc_hd/lib/sky130_fd_sc_hd__ff_n40C_1v95.lib line 1615, table template ccsn_ovrf not found.
[WARNING STA-1256] /Users/nigiri/.volare/sky130A/libs.ref/sky130_fd_sc_hd/lib/sky130_fd_sc_hd__ff_n40C_1v95.lib line 1621, table template ccsn_ovrf not found.
[WARNING STA-1256] /Users/nigiri/.volare/sky130A/libs.ref/sky130_fd_sc_hd/lib/sky130_fd_sc_hd__ff_n40C_1v95.lib line 1627, table template ccsn_ovrf not found.
[WARNING STA-1256] /Users/nigiri/.volare/sky130A/libs.ref/sky130_fd_sc_hd/lib/sky130_fd_sc_hd__ff_n40C_1v95.lib line 1633, table template ccsn_ovrf not found.
[WARNING STA-1256] /Users/nigiri/.volare/sky130A/libs.ref/sky130_fd_sc_hd/lib/sky130_fd_sc_hd__ff_n40C_1v95.lib line 1641, table template ccsn_ovrf not found.
[WARNING STA-1256] /Users/nigiri/.volare/sky130A/libs.ref/sky130_fd_sc_hd/lib/sky130_fd_sc_hd__ff_n40C_1v95.lib line 1647, table template ccsn_ovrf not found.
[WARNING STA-1256] /Users/nigiri/.volare/sky130A/libs.ref/sky130_fd_sc_hd/lib/sky130_fd_sc_hd__ff_n40C_1v95.lib line 1653, table template ccsn_ovrf not found.
[WARNING STA-1256] /Users/nigiri/.volare/sky130A/libs.ref/sky130_fd_sc_hd/lib/sky130_fd_sc_hd__ff_n40C_1v95.lib line 1659, table template ccsn_ovrf not found.
[WARNING STA-1256] /Users/nigiri/.volare/sky130A/libs.ref/sky130_fd_sc_hd/lib/sky130_fd_sc_hd__ff_n40C_1v95.lib line 1667, table template ccsn_pnlh not found.
[WARNING STA-1256] /Users/nigiri/.volare/sky130A/libs.ref/sky130_fd_sc_hd/lib/sky130_fd_sc_hd__ff_n40C_1v95.lib line 1674, table template ccsn_pnlh not found.
[WARNING STA-1256] /Users/nigiri/.volare/sky130A/libs.ref/sky130_fd_sc_hd/lib/sky130_fd_sc_hd__ff_n40C_1v95.lib line 1681, table template ccsn_pnlh not found.
[WARNING STA-1256] /Users/nigiri/.volare/sky130A/libs.ref/sky130_fd_sc_hd/lib/sky130_fd_sc_hd__ff_n40C_1v95.lib line 1688, table template ccsn_pnlh not found.
[WARNING STA-1256] /Users/nigiri/.volare/sky130A/libs.ref/sky130_fd_sc_hd/lib/sky130_fd_sc_hd__ff_n40C_1v95.lib line 1695, table template ccsn_pnlh not found.
[WARNING STA-1256] /Users/nigiri/.volare/sky130A/libs.ref/sky130_fd_sc_hd/lib/sky130_fd_sc_hd__ff_n40C_1v95.lib line 1702, table template ccsn_pnlh not found.
[WARNING STA-1256] /Users/nigiri/.volare/sky130A/libs.ref/sky130_fd_sc_hd/lib/sky130_fd_sc_hd__ff_n40C_1v95.lib line 1709, table template ccsn_pnlh not found.
[WARNING STA-1256] /Users/nigiri/.volare/sky130A/libs.ref/sky130_fd_sc_hd/lib/sky130_fd_sc_hd__ff_n40C_1v95.lib line 1718, table template ccsn_pnlh not found.
[WARNING STA-1256] /Users/nigiri/.volare/sky130A/libs.ref/sky130_fd_sc_hd/lib/sky130_fd_sc_hd__ff_n40C_1v95.lib line 1725, table template ccsn_pnlh not found.
[WARNING STA-1256] /Users/nigiri/.volare/sky130A/libs.ref/sky130_fd_sc_hd/lib/sky130_fd_sc_hd__ff_n40C_1v95.lib line 1732, table template ccsn_pnlh not found.
[WARNING STA-1256] /Users/nigiri/.volare/sky130A/libs.ref/sky130_fd_sc_hd/lib/sky130_fd_sc_hd__ff_n40C_1v95.lib line 1739, table template ccsn_pnlh not found.
[WARNING STA-1256] /Users/nigiri/.volare/sky130A/libs.ref/sky130_fd_sc_hd/lib/sky130_fd_sc_hd__ff_n40C_1v95.lib line 1746, table template ccsn_pnlh not found.
[WARNING STA-1256] /Users/nigiri/.volare/sky130A/libs.ref/sky130_fd_sc_hd/lib/sky130_fd_sc_hd__ff_n40C_1v95.lib line 1753, table template ccsn_pnlh not found.
[WARNING STA-1256] /Users/nigiri/.volare/sky130A/libs.ref/sky130_fd_sc_hd/lib/sky130_fd_sc_hd__ff_n40C_1v95.lib line 1760, table template ccsn_pnlh not found.
[WARNING STA-1256] /Users/nigiri/.volare/sky130A/libs.ref/sky130_fd_sc_hd/lib/sky130_fd_sc_hd__ff_n40C_1v95.lib line 1858, table template ccsn_ovrf not found.
[WARNING STA-1256] /Users/nigiri/.volare/sky130A/libs.ref/sky130_fd_sc_hd/lib/sky130_fd_sc_hd__ff_n40C_1v95.lib line 1864, table template ccsn_ovrf not found.
[WARNING STA-1256] /Users/nigiri/.volare/sky130A/libs.ref/sky130_fd_sc_hd/lib/sky130_fd_sc_hd__ff_n40C_1v95.lib line 1872, table template ccsn_ovrf not found.
[WARNING STA-1256] /Users/nigiri/.volare/sky130A/libs.ref/sky130_fd_sc_hd/lib/sky130_fd_sc_hd__ff_n40C_1v95.lib line 1878, table template ccsn_ovrf not found.
[WARNING STA-1256] /Users/nigiri/.volare/sky130A/libs.ref/sky130_fd_sc_hd/lib/sky130_fd_sc_hd__ff_n40C_1v95.lib line 1886, table template ccsn_pnlh not found.
[WARNING STA-1256] /Users/nigiri/.volare/sky130A/libs.ref/sky130_fd_sc_hd/lib/sky130_fd_sc_hd__ff_n40C_1v95.lib line 1893, table template ccsn_pnlh not found.
[WARNING STA-1256] /Users/nigiri/.volare/sky130A/libs.ref/sky130_fd_sc_hd/lib/sky130_fd_sc_hd__ff_n40C_1v95.lib line 1900, table template ccsn_pnlh not found.
[WARNING STA-1256] /Users/nigiri/.volare/sky130A/libs.ref/sky130_fd_sc_hd/lib/sky130_fd_sc_hd__ff_n40C_1v95.lib line 1907, table template ccsn_pnlh not found.
[WARNING STA-1256] /Users/nigiri/.volare/sky130A/libs.ref/sky130_fd_sc_hd/lib/sky130_fd_sc_hd__ff_n40C_1v95.lib line 1914, table template ccsn_pnlh not found.
[WARNING STA-1256] /Users/nigiri/.volare/sky130A/libs.ref/sky130_fd_sc_hd/lib/sky130_fd_sc_hd__ff_n40C_1v95.lib line 1921, table template ccsn_pnlh not found.
[WARNING STA-1256] /Users/nigiri/.volare/sky130A/libs.ref/sky130_fd_sc_hd/lib/sky130_fd_sc_hd__ff_n40C_1v95.lib line 1928, table template ccsn_pnlh not found.
[WARNING STA-1256] /Users/nigiri/.volare/sky130A/libs.ref/sky130_fd_sc_hd/lib/sky130_fd_sc_hd__ff_n40C_1v95.lib line 1937, table template ccsn_pnlh not found.
[WARNING STA-1256] /Users/nigiri/.volare/sky130A/libs.ref/sky130_fd_sc_hd/lib/sky130_fd_sc_hd__ff_n40C_1v95.lib line 1944, table template ccsn_pnlh not found.
[WARNING STA-1256] /Users/nigiri/.volare/sky130A/libs.ref/sky130_fd_sc_hd/lib/sky130_fd_sc_hd__ff_n40C_1v95.lib line 1951, table template ccsn_pnlh not found.
[WARNING STA-1256] /Users/nigiri/.volare/sky130A/libs.ref/sky130_fd_sc_hd/lib/sky130_fd_sc_hd__ff_n40C_1v95.lib line 1958, table template ccsn_pnlh not found.
[WARNING STA-1256] /Users/nigiri/.volare/sky130A/libs.ref/sky130_fd_sc_hd/lib/sky130_fd_sc_hd__ff_n40C_1v95.lib line 1965, table template ccsn_pnlh not found.
[WARNING STA-1256] /Users/nigiri/.volare/sky130A/libs.ref/sky130_fd_sc_hd/lib/sky130_fd_sc_hd__ff_n40C_1v95.lib line 1972, table template ccsn_pnlh not found.
[WARNING STA-1256] /Users/nigiri/.volare/sky130A/libs.ref/sky130_fd_sc_hd/lib/sky130_fd_sc_hd__ff_n40C_1v95.lib line 1979, table template ccsn_pnlh not found.
[WARNING STA-1256] /Users/nigiri/.volare/sky130A/libs.ref/sky130_fd_sc_hd/lib/sky130_fd_sc_hd__ff_n40C_1v95.lib line 2028, table template ccsn_ovrf not found.
[WARNING STA-1256] /Users/nigiri/.volare/sky130A/libs.ref/sky130_fd_sc_hd/lib/sky130_fd_sc_hd__ff_n40C_1v95.lib line 2034, table template ccsn_ovrf not found.
[WARNING STA-1256] /Users/nigiri/.volare/sky130A/libs.ref/sky130_fd_sc_hd/lib/sky130_fd_sc_hd__ff_n40C_1v95.lib line 2040, table template ccsn_ovrf not found.
[WARNING STA-1256] /Users/nigiri/.volare/sky130A/libs.ref/sky130_fd_sc_hd/lib/sky130_fd_sc_hd__ff_n40C_1v95.lib line 2046, table template ccsn_ovrf not found.
[WARNING STA-1256] /Users/nigiri/.volare/sky130A/libs.ref/sky130_fd_sc_hd/lib/sky130_fd_sc_hd__ff_n40C_1v95.lib line 2054, table template ccsn_ovrf not found.
[WARNING STA-1256] /Users/nigiri/.volare/sky130A/libs.ref/sky130_fd_sc_hd/lib/sky130_fd_sc_hd__ff_n40C_1v95.lib line 2060, table template ccsn_ovrf not found.
[WARNING STA-1256] /Users/nigiri/.volare/sky130A/libs.ref/sky130_fd_sc_hd/lib/sky130_fd_sc_hd__ff_n40C_1v95.lib line 2066, table template ccsn_ovrf not found.
[WARNING STA-1256] /Users/nigiri/.volare/sky130A/libs.ref/sky130_fd_sc_hd/lib/sky130_fd_sc_hd__ff_n40C_1v95.lib line 2072, table template ccsn_ovrf not found.
[WARNING STA-1256] /Users/nigiri/.volare/sky130A/libs.ref/sky130_fd_sc_hd/lib/sky130_fd_sc_hd__ff_n40C_1v95.lib line 2080, table template ccsn_pnlh not found.
[WARNING STA-1256] /Users/nigiri/.volare/sky130A/libs.ref/sky130_fd_sc_hd/lib/sky130_fd_sc_hd__ff_n40C_1v95.lib line 2087, table template ccsn_pnlh not found.
[WARNING STA-1256] /Users/nigiri/.volare/sky130A/libs.ref/sky130_fd_sc_hd/lib/sky130_fd_sc_hd__ff_n40C_1v95.lib line 2094, table template ccsn_pnlh not found.
[WARNING STA-1256] /Users/nigiri/.volare/sky130A/libs.ref/sky130_fd_sc_hd/lib/sky130_fd_sc_hd__ff_n40C_1v95.lib line 2101, table template ccsn_pnlh not found.
[WARNING STA-1256] /Users/nigiri/.volare/sky130A/libs.ref/sky130_fd_sc_hd/lib/sky130_fd_sc_hd__ff_n40C_1v95.lib line 2108, table template ccsn_pnlh not found.
[WARNING STA-1256] /Users/nigiri/.volare/sky130A/libs.ref/sky130_fd_sc_hd/lib/sky130_fd_sc_hd__ff_n40C_1v95.lib line 2115, table template ccsn_pnlh not found.
[WARNING STA-1256] /Users/nigiri/.volare/sky130A/libs.ref/sky130_fd_sc_hd/lib/sky130_fd_sc_hd__ff_n40C_1v95.lib line 2122, table template ccsn_pnlh not found.
[WARNING STA-1256] /Users/nigiri/.volare/sky130A/libs.ref/sky130_fd_sc_hd/lib/sky130_fd_sc_hd__ff_n40C_1v95.lib line 2131, table template ccsn_pnlh not found.
[WARNING STA-1256] /Users/nigiri/.volare/sky130A/libs.ref/sky130_fd_sc_hd/lib/sky130_fd_sc_hd__ff_n40C_1v95.lib line 2138, table template ccsn_pnlh not found.
[WARNING STA-1256] /Users/nigiri/.volare/sky130A/libs.ref/sky130_fd_sc_hd/lib/sky130_fd_sc_hd__ff_n40C_1v95.lib line 2145, table template ccsn_pnlh not found.
[WARNING STA-1256] /Users/nigiri/.volare/sky130A/libs.ref/sky130_fd_sc_hd/lib/sky130_fd_sc_hd__ff_n40C_1v95.lib line 2152, table template ccsn_pnlh not found.
[WARNING STA-1256] /Users/nigiri/.volare/sky130A/libs.ref/sky130_fd_sc_hd/lib/sky130_fd_sc_hd__ff_n40C_1v95.lib line 2159, table template ccsn_pnlh not found.
[WARNING STA-1256] /Users/nigiri/.volare/sky130A/libs.ref/sky130_fd_sc_hd/lib/sky130_fd_sc_hd__ff_n40C_1v95.lib line 2166, table template ccsn_pnlh not found.
[WARNING STA-1256] /Users/nigiri/.volare/sky130A/libs.ref/sky130_fd_sc_hd/lib/sky130_fd_sc_hd__ff_n40C_1v95.lib line 2173, table template ccsn_pnlh not found.
[WARNING STA-1256] /Users/nigiri/.volare/sky130A/libs.ref/sky130_fd_sc_hd/lib/sky130_fd_sc_hd__ff_n40C_1v95.lib line 2271, table template ccsn_ovrf not found.
[WARNING STA-1256] /Users/nigiri/.volare/sky130A/libs.ref/sky130_fd_sc_hd/lib/sky130_fd_sc_hd__ff_n40C_1v95.lib line 2277, table template ccsn_ovrf not found.
[WARNING STA-1256] /Users/nigiri/.volare/sky130A/libs.ref/sky130_fd_sc_hd/lib/sky130_fd_sc_hd__ff_n40C_1v95.lib line 2285, table template ccsn_ovrf not found.
[WARNING STA-1256] /Users/nigiri/.volare/sky130A/libs.ref/sky130_fd_sc_hd/lib/sky130_fd_sc_hd__ff_n40C_1v95.lib line 2291, table template ccsn_ovrf not found.
[WARNING STA-1256] /Users/nigiri/.volare/sky130A/libs.ref/sky130_fd_sc_hd/lib/sky130_fd_sc_hd__ff_n40C_1v95.lib line 2299, table template ccsn_pnlh not found.
[WARNING STA-1256] /Users/nigiri/.volare/sky130A/libs.ref/sky130_fd_sc_hd/lib/sky130_fd_sc_hd__ff_n40C_1v95.lib line 2306, table template ccsn_pnlh not found.
[WARNING STA-1256] /Users/nigiri/.volare/sky130A/libs.ref/sky130_fd_sc_hd/lib/sky130_fd_sc_hd__ff_n40C_1v95.lib line 2313, table template ccsn_pnlh not found.
[WARNING STA-1256] /Users/nigiri/.volare/sky130A/libs.ref/sky130_fd_sc_hd/lib/sky130_fd_sc_hd__ff_n40C_1v95.lib line 2320, table template ccsn_pnlh not found.
[WARNING STA-1256] /Users/nigiri/.volare/sky130A/libs.ref/sky130_fd_sc_hd/lib/sky130_fd_sc_hd__ff_n40C_1v95.lib line 2327, table template ccsn_pnlh not found.
[WARNING STA-1256] /Users/nigiri/.volare/sky130A/libs.ref/sky130_fd_sc_hd/lib/sky130_fd_sc_hd__ff_n40C_1v95.lib line 2334, table template ccsn_pnlh not found.
[WARNING STA-1256] /Users/nigiri/.volare/sky130A/libs.ref/sky130_fd_sc_hd/lib/sky130_fd_sc_hd__ff_n40C_1v95.lib line 2341, table template ccsn_pnlh not found.
[WARNING STA-1256] /Users/nigiri/.volare/sky130A/libs.ref/sky130_fd_sc_hd/lib/sky130_fd_sc_hd__ff_n40C_1v95.lib line 2350, table template ccsn_pnlh not found.
[WARNING STA-1256] /Users/nigiri/.volare/sky130A/libs.ref/sky130_fd_sc_hd/lib/sky130_fd_sc_hd__ff_n40C_1v95.lib line 2357, table template ccsn_pnlh not found.
[WARNING STA-1256] /Users/nigiri/.volare/sky130A/libs.ref/sky130_fd_sc_hd/lib/sky130_fd_sc_hd__ff_n40C_1v95.lib line 2364, table template ccsn_pnlh not found.
[WARNING STA-1256] /Users/nigiri/.volare/sky130A/libs.ref/sky130_fd_sc_hd/lib/sky130_fd_sc_hd__ff_n40C_1v95.lib line 2371, table template ccsn_pnlh not found.
[WARNING STA-1256] /Users/nigiri/.volare/sky130A/libs.ref/sky130_fd_sc_hd/lib/sky130_fd_sc_hd__ff_n40C_1v95.lib line 2378, table template ccsn_pnlh not found.
[WARNING STA-1256] /Users/nigiri/.volare/sky130A/libs.ref/sky130_fd_sc_hd/lib/sky130_fd_sc_hd__ff_n40C_1v95.lib line 2385, table template ccsn_pnlh not found.
[WARNING STA-1256] /Users/nigiri/.volare/sky130A/libs.ref/sky130_fd_sc_hd/lib/sky130_fd_sc_hd__ff_n40C_1v95.lib line 2392, table template ccsn_pnlh not found.
[WARNING STA-1256] /Users/nigiri/.volare/sky130A/libs.ref/sky130_fd_sc_hd/lib/sky130_fd_sc_hd__ff_n40C_1v95.lib line 2441, table template ccsn_ovrf not found.
[WARNING STA-1256] /Users/nigiri/.volare/sky130A/libs.ref/sky130_fd_sc_hd/lib/sky130_fd_sc_hd__ff_n40C_1v95.lib line 2447, table template ccsn_ovrf not found.
[WARNING STA-1256] /Users/nigiri/.volare/sky130A/libs.ref/sky130_fd_sc_hd/lib/sky130_fd_sc_hd__ff_n40C_1v95.lib line 2453, table template ccsn_ovrf not found.
[WARNING STA-1256] /Users/nigiri/.volare/sky130A/libs.ref/sky130_fd_sc_hd/lib/sky130_fd_sc_hd__ff_n40C_1v95.lib line 2459, table template ccsn_ovrf not found.
[WARNING STA-1256] /Users/nigiri/.volare/sky130A/libs.ref/sky130_fd_sc_hd/lib/sky130_fd_sc_hd__ff_n40C_1v95.lib line 2467, table template ccsn_ovrf not found.
[WARNING STA-1256] /Users/nigiri/.volare/sky130A/libs.ref/sky130_fd_sc_hd/lib/sky130_fd_sc_hd__ff_n40C_1v95.lib line 2473, table template ccsn_ovrf not found.
[WARNING STA-1256] /Users/nigiri/.volare/sky130A/libs.ref/sky130_fd_sc_hd/lib/sky130_fd_sc_hd__ff_n40C_1v95.lib line 2479, table template ccsn_ovrf not found.
[WARNING STA-1256] /Users/nigiri/.volare/sky130A/libs.ref/sky130_fd_sc_hd/lib/sky130_fd_sc_hd__ff_n40C_1v95.lib line 2485, table template ccsn_ovrf not found.
[WARNING STA-1256] /Users/nigiri/.volare/sky130A/libs.ref/sky130_fd_sc_hd/lib/sky130_fd_sc_hd__ff_n40C_1v95.lib line 2493, table template ccsn_pnlh not found.
[WARNING STA-1256] /Users/nigiri/.volare/sky130A/libs.ref/sky130_fd_sc_hd/lib/sky130_fd_sc_hd__ff_n40C_1v95.lib line 2500, table template ccsn_pnlh not found.
[WARNING STA-1256] /Users/nigiri/.volare/sky130A/libs.ref/sky130_fd_sc_hd/lib/sky130_fd_sc_hd__ff_n40C_1v95.lib line 2507, table template ccsn_pnlh not found.
[WARNING STA-1256] /Users/nigiri/.volare/sky130A/libs.ref/sky130_fd_sc_hd/lib/sky130_fd_sc_hd__ff_n40C_1v95.lib line 2514, table template ccsn_pnlh not found.
[WARNING STA-1256] /Users/nigiri/.volare/sky130A/libs.ref/sky130_fd_sc_hd/lib/sky130_fd_sc_hd__ff_n40C_1v95.lib line 2521, table template ccsn_pnlh not found.
[WARNING STA-1256] /Users/nigiri/.volare/sky130A/libs.ref/sky130_fd_sc_hd/lib/sky130_fd_sc_hd__ff_n40C_1v95.lib line 2528, table template ccsn_pnlh not found.
[WARNING STA-1256] /Users/nigiri/.volare/sky130A/libs.ref/sky130_fd_sc_hd/lib/sky130_fd_sc_hd__ff_n40C_1v95.lib line 2535, table template ccsn_pnlh not found.
[WARNING STA-1256] /Users/nigiri/.volare/sky130A/libs.ref/sky130_fd_sc_hd/lib/sky130_fd_sc_hd__ff_n40C_1v95.lib line 2544, table template ccsn_pnlh not found.
[WARNING STA-1256] /Users/nigiri/.volare/sky130A/libs.ref/sky130_fd_sc_hd/lib/sky130_fd_sc_hd__ff_n40C_1v95.lib line 2551, table template ccsn_pnlh not found.
[WARNING STA-1256] /Users/nigiri/.volare/sky130A/libs.ref/sky130_fd_sc_hd/lib/sky130_fd_sc_hd__ff_n40C_1v95.lib line 2558, table template ccsn_pnlh not found.
[WARNING STA-1256] /Users/nigiri/.volare/sky130A/libs.ref/sky130_fd_sc_hd/lib/sky130_fd_sc_hd__ff_n40C_1v95.lib line 2565, table template ccsn_pnlh not found.
[WARNING STA-1256] /Users/nigiri/.volare/sky130A/libs.ref/sky130_fd_sc_hd/lib/sky130_fd_sc_hd__ff_n40C_1v95.lib line 2572, table template ccsn_pnlh not found.
[WARNING STA-1256] /Users/nigiri/.volare/sky130A/libs.ref/sky130_fd_sc_hd/lib/sky130_fd_sc_hd__ff_n40C_1v95.lib line 2579, table template ccsn_pnlh not found.
[WARNING STA-1256] /Users/nigiri/.volare/sky130A/libs.ref/sky130_fd_sc_hd/lib/sky130_fd_sc_hd__ff_n40C_1v95.lib line 2586, table template ccsn_pnlh not found.
[WARNING STA-1256] /Users/nigiri/.volare/sky130A/libs.ref/sky130_fd_sc_hd/lib/sky130_fd_sc_hd__ff_n40C_1v95.lib line 3080, table template ccsn_ovrf not found.
[WARNING STA-1256] /Users/nigiri/.volare/sky130A/libs.ref/sky130_fd_sc_hd/lib/sky130_fd_sc_hd__ff_n40C_1v95.lib line 3086, table template ccsn_ovrf not found.
[WARNING STA-1256] /Users/nigiri/.volare/sky130A/libs.ref/sky130_fd_sc_hd/lib/sky130_fd_sc_hd__ff_n40C_1v95.lib line 3094, table template ccsn_ovrf not found.
[WARNING STA-1256] /Users/nigiri/.volare/sky130A/libs.ref/sky130_fd_sc_hd/lib/sky130_fd_sc_hd__ff_n40C_1v95.lib line 3100, table template ccsn_ovrf not found.
[WARNING STA-1256] /Users/nigiri/.volare/sky130A/libs.ref/sky130_fd_sc_hd/lib/sky130_fd_sc_hd__ff_n40C_1v95.lib line 3108, table template ccsn_pnlh not found.
[WARNING STA-1256] /Users/nigiri/.volare/sky130A/libs.ref/sky130_fd_sc_hd/lib/sky130_fd_sc_hd__ff_n40C_1v95.lib line 3115, table template ccsn_pnlh not found.
[WARNING STA-1256] /Users/nigiri/.volare/sky130A/libs.ref/sky130_fd_sc_hd/lib/sky130_fd_sc_hd__ff_n40C_1v95.lib line 3122, table template ccsn_pnlh not found.
[WARNING STA-1256] /Users/nigiri/.volare/sky130A/libs.ref/sky130_fd_sc_hd/lib/sky130_fd_sc_hd__ff_n40C_1v95.lib line 3129, table template ccsn_pnlh not found.
[WARNING STA-1256] /Users/nigiri/.volare/sky130A/libs.ref/sky130_fd_sc_hd/lib/sky130_fd_sc_hd__ff_n40C_1v95.lib line 3136, table template ccsn_pnlh not found.
[WARNING STA-1256] /Users/nigiri/.volare/sky130A/libs.ref/sky130_fd_sc_hd/lib/sky130_fd_sc_hd__ff_n40C_1v95.lib line 3143, table template ccsn_pnlh not found.
[WARNING STA-1256] /Users/nigiri/.volare/sky130A/libs.ref/sky130_fd_sc_hd/lib/sky130_fd_sc_hd__ff_n40C_1v95.lib line 3150, table template ccsn_pnlh not found.
[WARNING STA-1256] /Users/nigiri/.volare/sky130A/libs.ref/sky130_fd_sc_hd/lib/sky130_fd_sc_hd__ff_n40C_1v95.lib line 3159, table template ccsn_pnlh not found.
[WARNING STA-1256] /Users/nigiri/.volare/sky130A/libs.ref/sky130_fd_sc_hd/lib/sky130_fd_sc_hd__ff_n40C_1v95.lib line 3166, table template ccsn_pnlh not found.
[WARNING STA-1256] /Users/nigiri/.volare/sky130A/libs.ref/sky130_fd_sc_hd/lib/sky130_fd_sc_hd__ff_n40C_1v95.lib line 3173, table template ccsn_pnlh not found.
[WARNING STA-1256] /Users/nigiri/.volare/sky130A/libs.ref/sky130_fd_sc_hd/lib/sky130_fd_sc_hd__ff_n40C_1v95.lib line 3180, table template ccsn_pnlh not found.
[WARNING STA-1256] /Users/nigiri/.volare/sky130A/libs.ref/sky130_fd_sc_hd/lib/sky130_fd_sc_hd__ff_n40C_1v95.lib line 3187, table template ccsn_pnlh not found.
[WARNING STA-1256] /Users/nigiri/.volare/sky130A/libs.ref/sky130_fd_sc_hd/lib/sky130_fd_sc_hd__ff_n40C_1v95.lib line 3194, table template ccsn_pnlh not found.
[WARNING STA-1256] /Users/nigiri/.volare/sky130A/libs.ref/sky130_fd_sc_hd/lib/sky130_fd_sc_hd__ff_n40C_1v95.lib line 3201, table template ccsn_pnlh not found.
[WARNING STA-1256] /Users/nigiri/.volare/sky130A/libs.ref/sky130_fd_sc_hd/lib/sky130_fd_sc_hd__ff_n40C_1v95.lib line 3250, table template ccsn_ovrf not found.
[WARNING STA-1256] /Users/nigiri/.volare/sky130A/libs.ref/sky130_fd_sc_hd/lib/sky130_fd_sc_hd__ff_n40C_1v95.lib line 3256, table template ccsn_ovrf not found.
[WARNING STA-1256] /Users/nigiri/.volare/sky130A/libs.ref/sky130_fd_sc_hd/lib/sky130_fd_sc_hd__ff_n40C_1v95.lib line 3262, table template ccsn_ovrf not found.
[WARNING STA-1256] /Users/nigiri/.volare/sky130A/libs.ref/sky130_fd_sc_hd/lib/sky130_fd_sc_hd__ff_n40C_1v95.lib line 3268, table template ccsn_ovrf not found.
[WARNING STA-1256] /Users/nigiri/.volare/sky130A/libs.ref/sky130_fd_sc_hd/lib/sky130_fd_sc_hd__ff_n40C_1v95.lib line 3276, table template ccsn_ovrf not found.
[WARNING STA-1256] /Users/nigiri/.volare/sky130A/libs.ref/sky130_fd_sc_hd/lib/sky130_fd_sc_hd__ff_n40C_1v95.lib line 3282, table template ccsn_ovrf not found.
[WARNING STA-1256] /Users/nigiri/.volare/sky130A/libs.ref/sky130_fd_sc_hd/lib/sky130_fd_sc_hd__ff_n40C_1v95.lib line 3288, table template ccsn_ovrf not found.
[WARNING STA-1256] /Users/nigiri/.volare/sky130A/libs.ref/sky130_fd_sc_hd/lib/sky130_fd_sc_hd__ff_n40C_1v95.lib line 3294, table template ccsn_ovrf not found.
[WARNING STA-1256] /Users/nigiri/.volare/sky130A/libs.ref/sky130_fd_sc_hd/lib/sky130_fd_sc_hd__ff_n40C_1v95.lib line 3302, table template ccsn_pnlh not found.
[WARNING STA-1256] /Users/nigiri/.volare/sky130A/libs.ref/sky130_fd_sc_hd/lib/sky130_fd_sc_hd__ff_n40C_1v95.lib line 3309, table template ccsn_pnlh not found.
[WARNING STA-1256] /Users/nigiri/.volare/sky130A/libs.ref/sky130_fd_sc_hd/lib/sky130_fd_sc_hd__ff_n40C_1v95.lib line 3316, table template ccsn_pnlh not found.
[WARNING STA-1256] /Users/nigiri/.volare/sky130A/libs.ref/sky130_fd_sc_hd/lib/sky130_fd_sc_hd__ff_n40C_1v95.lib line 3323, table template ccsn_pnlh not found.
[WARNING STA-1256] /Users/nigiri/.volare/sky130A/libs.ref/sky130_fd_sc_hd/lib/sky130_fd_sc_hd__ff_n40C_1v95.lib line 3330, table template ccsn_pnlh not found.
[WARNING STA-1256] /Users/nigiri/.volare/sky130A/libs.ref/sky130_fd_sc_hd/lib/sky130_fd_sc_hd__ff_n40C_1v95.lib line 3337, table template ccsn_pnlh not found.
[WARNING STA-1256] /Users/nigiri/.volare/sky130A/libs.ref/sky130_fd_sc_hd/lib/sky130_fd_sc_hd__ff_n40C_1v95.lib line 3344, table template ccsn_pnlh not found.
[WARNING STA-1256] /Users/nigiri/.volare/sky130A/libs.ref/sky130_fd_sc_hd/lib/sky130_fd_sc_hd__ff_n40C_1v95.lib line 3353, table template ccsn_pnlh not found.
[WARNING STA-1256] /Users/nigiri/.volare/sky130A/libs.ref/sky130_fd_sc_hd/lib/sky130_fd_sc_hd__ff_n40C_1v95.lib line 3360, table template ccsn_pnlh not found.
[WARNING STA-1256] /Users/nigiri/.volare/sky130A/libs.ref/sky130_fd_sc_hd/lib/sky130_fd_sc_hd__ff_n40C_1v95.lib line 3367, table template ccsn_pnlh not found.
[WARNING STA-1256] /Users/nigiri/.volare/sky130A/libs.ref/sky130_fd_sc_hd/lib/sky130_fd_sc_hd__ff_n40C_1v95.lib line 3374, table template ccsn_pnlh not found.
[WARNING STA-1256] /Users/nigiri/.volare/sky130A/libs.ref/sky130_fd_sc_hd/lib/sky130_fd_sc_hd__ff_n40C_1v95.lib line 3381, table template ccsn_pnlh not found.
[WARNING STA-1256] /Users/nigiri/.volare/sky130A/libs.ref/sky130_fd_sc_hd/lib/sky130_fd_sc_hd__ff_n40C_1v95.lib line 3388, table template ccsn_pnlh not found.
[WARNING STA-1256] /Users/nigiri/.volare/sky130A/libs.ref/sky130_fd_sc_hd/lib/sky130_fd_sc_hd__ff_n40C_1v95.lib line 3395, table template ccsn_pnlh not found.
[WARNING STA-1256] /Users/nigiri/.volare/sky130A/libs.ref/sky130_fd_sc_hd/lib/sky130_fd_sc_hd__ff_n40C_1v95.lib line 3493, table template ccsn_ovrf not found.
[WARNING STA-1256] /Users/nigiri/.volare/sky130A/libs.ref/sky130_fd_sc_hd/lib/sky130_fd_sc_hd__ff_n40C_1v95.lib line 3499, table template ccsn_ovrf not found.
[WARNING STA-1256] /Users/nigiri/.volare/sky130A/libs.ref/sky130_fd_sc_hd/lib/sky130_fd_sc_hd__ff_n40C_1v95.lib line 3507, table template ccsn_ovrf not found.
[WARNING STA-1256] /Users/nigiri/.volare/sky130A/libs.ref/sky130_fd_sc_hd/lib/sky130_fd_sc_hd__ff_n40C_1v95.lib line 3513, table template ccsn_ovrf not found.
[WARNING STA-1256] /Users/nigiri/.volare/sky130A/libs.ref/sky130_fd_sc_hd/lib/sky130_fd_sc_hd__ff_n40C_1v95.lib line 3521, table template ccsn_pnlh not found.
[WARNING STA-1256] /Users/nigiri/.volare/sky130A/libs.ref/sky130_fd_sc_hd/lib/sky130_fd_sc_hd__ff_n40C_1v95.lib line 3528, table template ccsn_pnlh not found.
[WARNING STA-1256] /Users/nigiri/.volare/sky130A/libs.ref/sky130_fd_sc_hd/lib/sky130_fd_sc_hd__ff_n40C_1v95.lib line 3535, table template ccsn_pnlh not found.
[WARNING STA-1256] /Users/nigiri/.volare/sky130A/libs.ref/sky130_fd_sc_hd/lib/sky130_fd_sc_hd__ff_n40C_1v95.lib line 3542, table template ccsn_pnlh not found.
[WARNING STA-1256] /Users/nigiri/.volare/sky130A/libs.ref/sky130_fd_sc_hd/lib/sky130_fd_sc_hd__ff_n40C_1v95.lib line 3549, table template ccsn_pnlh not found.
[WARNING STA-1256] /Users/nigiri/.volare/sky130A/libs.ref/sky130_fd_sc_hd/lib/sky130_fd_sc_hd__ff_n40C_1v95.lib line 3556, table template ccsn_pnlh not found.
[WARNING STA-1256] /Users/nigiri/.volare/sky130A/libs.ref/sky130_fd_sc_hd/lib/sky130_fd_sc_hd__ff_n40C_1v95.lib line 3563, table template ccsn_pnlh not found.
[WARNING STA-1256] /Users/nigiri/.volare/sky130A/libs.ref/sky130_fd_sc_hd/lib/sky130_fd_sc_hd__ff_n40C_1v95.lib line 3572, table template ccsn_pnlh not found.
[WARNING STA-1256] /Users/nigiri/.volare/sky130A/libs.ref/sky130_fd_sc_hd/lib/sky130_fd_sc_hd__ff_n40C_1v95.lib line 3579, table template ccsn_pnlh not found.
[WARNING STA-1256] /Users/nigiri/.volare/sky130A/libs.ref/sky130_fd_sc_hd/lib/sky130_fd_sc_hd__ff_n40C_1v95.lib line 3586, table template ccsn_pnlh not found.
[WARNING STA-1256] /Users/nigiri/.volare/sky130A/libs.ref/sky130_fd_sc_hd/lib/sky130_fd_sc_hd__ff_n40C_1v95.lib line 3593, table template ccsn_pnlh not found.
[WARNING STA-1256] /Users/nigiri/.volare/sky130A/libs.ref/sky130_fd_sc_hd/lib/sky130_fd_sc_hd__ff_n40C_1v95.lib line 3600, table template ccsn_pnlh not found.
[WARNING STA-1256] /Users/nigiri/.volare/sky130A/libs.ref/sky130_fd_sc_hd/lib/sky130_fd_sc_hd__ff_n40C_1v95.lib line 3607, table template ccsn_pnlh not found.
[WARNING STA-1256] /Users/nigiri/.volare/sky130A/libs.ref/sky130_fd_sc_hd/lib/sky130_fd_sc_hd__ff_n40C_1v95.lib line 3614, table template ccsn_pnlh not found.
[WARNING STA-1256] /Users/nigiri/.volare/sky130A/libs.ref/sky130_fd_sc_hd/lib/sky130_fd_sc_hd__ff_n40C_1v95.lib line 3663, table template ccsn_ovrf not found.
[WARNING STA-1256] /Users/nigiri/.volare/sky130A/libs.ref/sky130_fd_sc_hd/lib/sky130_fd_sc_hd__ff_n40C_1v95.lib line 3669, table template ccsn_ovrf not found.
[WARNING STA-1256] /Users/nigiri/.volare/sky130A/libs.ref/sky130_fd_sc_hd/lib/sky130_fd_sc_hd__ff_n40C_1v95.lib line 3675, table template ccsn_ovrf not found.
[WARNING STA-1256] /Users/nigiri/.volare/sky130A/libs.ref/sky130_fd_sc_hd/lib/sky130_fd_sc_hd__ff_n40C_1v95.lib line 3681, table template ccsn_ovrf not found.
[WARNING STA-1256] /Users/nigiri/.volare/sky130A/libs.ref/sky130_fd_sc_hd/lib/sky130_fd_sc_hd__ff_n40C_1v95.lib line 3689, table template ccsn_ovrf not found.
[WARNING STA-1256] /Users/nigiri/.volare/sky130A/libs.ref/sky130_fd_sc_hd/lib/sky130_fd_sc_hd__ff_n40C_1v95.lib line 3695, table template ccsn_ovrf not found.
[WARNING STA-1256] /Users/nigiri/.volare/sky130A/libs.ref/sky130_fd_sc_hd/lib/sky130_fd_sc_hd__ff_n40C_1v95.lib line 3701, table template ccsn_ovrf not found.
[WARNING STA-1256] /Users/nigiri/.volare/sky130A/libs.ref/sky130_fd_sc_hd/lib/sky130_fd_sc_hd__ff_n40C_1v95.lib line 3707, table template ccsn_ovrf not found.
[WARNING STA-1256] /Users/nigiri/.volare/sky130A/libs.ref/sky130_fd_sc_hd/lib/sky130_fd_sc_hd__ff_n40C_1v95.lib line 3715, table template ccsn_pnlh not found.
[WARNING STA-1256] /Users/nigiri/.volare/sky130A/libs.ref/sky130_fd_sc_hd/lib/sky130_fd_sc_hd__ff_n40C_1v95.lib line 3722, table template ccsn_pnlh not found.
[WARNING STA-1256] /Users/nigiri/.volare/sky130A/libs.ref/sky130_fd_sc_hd/lib/sky130_fd_sc_hd__ff_n40C_1v95.lib line 3729, table template ccsn_pnlh not found.
[WARNING STA-1256] /Users/nigiri/.volare/sky130A/libs.ref/sky130_fd_sc_hd/lib/sky130_fd_sc_hd__ff_n40C_1v95.lib line 3736, table template ccsn_pnlh not found.
[WARNING STA-1256] /Users/nigiri/.volare/sky130A/libs.ref/sky130_fd_sc_hd/lib/sky130_fd_sc_hd__ff_n40C_1v95.lib line 3743, table template ccsn_pnlh not found.
[WARNING STA-1256] /Users/nigiri/.volare/sky130A/libs.ref/sky130_fd_sc_hd/lib/sky130_fd_sc_hd__ff_n40C_1v95.lib line 3750, table template ccsn_pnlh not found.
[WARNING STA-1256] /Users/nigiri/.volare/sky130A/libs.ref/sky130_fd_sc_hd/lib/sky130_fd_sc_hd__ff_n40C_1v95.lib line 3757, table template ccsn_pnlh not found.
[WARNING STA-1256] /Users/nigiri/.volare/sky130A/libs.ref/sky130_fd_sc_hd/lib/sky130_fd_sc_hd__ff_n40C_1v95.lib line 3766, table template ccsn_pnlh not found.
[WARNING STA-1256] /Users/nigiri/.volare/sky130A/libs.ref/sky130_fd_sc_hd/lib/sky130_fd_sc_hd__ff_n40C_1v95.lib line 3773, table template ccsn_pnlh not found.
[WARNING STA-1256] /Users/nigiri/.volare/sky130A/libs.ref/sky130_fd_sc_hd/lib/sky130_fd_sc_hd__ff_n40C_1v95.lib line 3780, table template ccsn_pnlh not found.
[WARNING STA-1256] /Users/nigiri/.volare/sky130A/libs.ref/sky130_fd_sc_hd/lib/sky130_fd_sc_hd__ff_n40C_1v95.lib line 3787, table template ccsn_pnlh not found.
[WARNING STA-1256] /Users/nigiri/.volare/sky130A/libs.ref/sky130_fd_sc_hd/lib/sky130_fd_sc_hd__ff_n40C_1v95.lib line 3794, table template ccsn_pnlh not found.
[WARNING STA-1256] /Users/nigiri/.volare/sky130A/libs.ref/sky130_fd_sc_hd/lib/sky130_fd_sc_hd__ff_n40C_1v95.lib line 3801, table template ccsn_pnlh not found.
[WARNING STA-1256] /Users/nigiri/.volare/sky130A/libs.ref/sky130_fd_sc_hd/lib/sky130_fd_sc_hd__ff_n40C_1v95.lib line 3808, table template ccsn_pnlh not found.
[WARNING STA-1256] /Users/nigiri/.volare/sky130A/libs.ref/sky130_fd_sc_hd/lib/sky130_fd_sc_hd__ff_n40C_1v95.lib line 3906, table template ccsn_ovrf not found.
[WARNING STA-1256] /Users/nigiri/.volare/sky130A/libs.ref/sky130_fd_sc_hd/lib/sky130_fd_sc_hd__ff_n40C_1v95.lib line 3912, table template ccsn_ovrf not found.
[WARNING STA-1256] /Users/nigiri/.volare/sky130A/libs.ref/sky130_fd_sc_hd/lib/sky130_fd_sc_hd__ff_n40C_1v95.lib line 3920, table template ccsn_ovrf not found.
[WARNING STA-1256] /Users/nigiri/.volare/sky130A/libs.ref/sky130_fd_sc_hd/lib/sky130_fd_sc_hd__ff_n40C_1v95.lib line 3926, table template ccsn_ovrf not found.
[WARNING STA-1256] /Users/nigiri/.volare/sky130A/libs.ref/sky130_fd_sc_hd/lib/sky130_fd_sc_hd__ff_n40C_1v95.lib line 3934, table template ccsn_pnlh not found.
[WARNING STA-1256] /Users/nigiri/.volare/sky130A/libs.ref/sky130_fd_sc_hd/lib/sky130_fd_sc_hd__ff_n40C_1v95.lib line 3941, table template ccsn_pnlh not found.
[WARNING STA-1256] /Users/nigiri/.volare/sky130A/libs.ref/sky130_fd_sc_hd/lib/sky130_fd_sc_hd__ff_n40C_1v95.lib line 3948, table template ccsn_pnlh not found.
[WARNING STA-1256] /Users/nigiri/.volare/sky130A/libs.ref/sky130_fd_sc_hd/lib/sky130_fd_sc_hd__ff_n40C_1v95.lib line 3955, table template ccsn_pnlh not found.
[WARNING STA-1256] /Users/nigiri/.volare/sky130A/libs.ref/sky130_fd_sc_hd/lib/sky130_fd_sc_hd__ff_n40C_1v95.lib line 3962, table template ccsn_pnlh not found.
[WARNING STA-1256] /Users/nigiri/.volare/sky130A/libs.ref/sky130_fd_sc_hd/lib/sky130_fd_sc_hd__ff_n40C_1v95.lib line 3969, table template ccsn_pnlh not found.
[WARNING STA-1256] /Users/nigiri/.volare/sky130A/libs.ref/sky130_fd_sc_hd/lib/sky130_fd_sc_hd__ff_n40C_1v95.lib line 3976, table template ccsn_pnlh not found.
[WARNING STA-1256] /Users/nigiri/.volare/sky130A/libs.ref/sky130_fd_sc_hd/lib/sky130_fd_sc_hd__ff_n40C_1v95.lib line 3985, table template ccsn_pnlh not found.
[WARNING STA-1256] /Users/nigiri/.volare/sky130A/libs.ref/sky130_fd_sc_hd/lib/sky130_fd_sc_hd__ff_n40C_1v95.lib line 3992, table template ccsn_pnlh not found.
[WARNING STA-1256] /Users/nigiri/.volare/sky130A/libs.ref/sky130_fd_sc_hd/lib/sky130_fd_sc_hd__ff_n40C_1v95.lib line 3999, table template ccsn_pnlh not found.
[WARNING STA-1256] /Users/nigiri/.volare/sky130A/libs.ref/sky130_fd_sc_hd/lib/sky130_fd_sc_hd__ff_n40C_1v95.lib line 4006, table template ccsn_pnlh not found.
[WARNING STA-1256] /Users/nigiri/.volare/sky130A/libs.ref/sky130_fd_sc_hd/lib/sky130_fd_sc_hd__ff_n40C_1v95.lib line 4013, table template ccsn_pnlh not found.
[WARNING STA-1256] /Users/nigiri/.volare/sky130A/libs.ref/sky130_fd_sc_hd/lib/sky130_fd_sc_hd__ff_n40C_1v95.lib line 4020, table template ccsn_pnlh not found.
[WARNING STA-1256] /Users/nigiri/.volare/sky130A/libs.ref/sky130_fd_sc_hd/lib/sky130_fd_sc_hd__ff_n40C_1v95.lib line 4027, table template ccsn_pnlh not found.
[WARNING STA-1256] /Users/nigiri/.volare/sky130A/libs.ref/sky130_fd_sc_hd/lib/sky130_fd_sc_hd__ff_n40C_1v95.lib line 4076, table template ccsn_ovrf not found.
[WARNING STA-1256] /Users/nigiri/.volare/sky130A/libs.ref/sky130_fd_sc_hd/lib/sky130_fd_sc_hd__ff_n40C_1v95.lib line 4082, table template ccsn_ovrf not found.
[WARNING STA-1256] /Users/nigiri/.volare/sky130A/libs.ref/sky130_fd_sc_hd/lib/sky130_fd_sc_hd__ff_n40C_1v95.lib line 4088, table template ccsn_ovrf not found.
[WARNING STA-1256] /Users/nigiri/.volare/sky130A/libs.ref/sky130_fd_sc_hd/lib/sky130_fd_sc_hd__ff_n40C_1v95.lib line 4094, table template ccsn_ovrf not found.
[WARNING STA-1256] /Users/nigiri/.volare/sky130A/libs.ref/sky130_fd_sc_hd/lib/sky130_fd_sc_hd__ff_n40C_1v95.lib line 4102, table template ccsn_ovrf not found.
[WARNING STA-1256] /Users/nigiri/.volare/sky130A/libs.ref/sky130_fd_sc_hd/lib/sky130_fd_sc_hd__ff_n40C_1v95.lib line 4108, table template ccsn_ovrf not found.
[WARNING STA-1256] /Users/nigiri/.volare/sky130A/libs.ref/sky130_fd_sc_hd/lib/sky130_fd_sc_hd__ff_n40C_1v95.lib line 4114, table template ccsn_ovrf not found.
[WARNING STA-1256] /Users/nigiri/.volare/sky130A/libs.ref/sky130_fd_sc_hd/lib/sky130_fd_sc_hd__ff_n40C_1v95.lib line 4120, table template ccsn_ovrf not found.
[WARNING STA-1256] /Users/nigiri/.volare/sky130A/libs.ref/sky130_fd_sc_hd/lib/sky130_fd_sc_hd__ff_n40C_1v95.lib line 4128, table template ccsn_pnlh not found.
[WARNING STA-1256] /Users/nigiri/.volare/sky130A/libs.ref/sky130_fd_sc_hd/lib/sky130_fd_sc_hd__ff_n40C_1v95.lib line 4135, table template ccsn_pnlh not found.
[WARNING STA-1256] /Users/nigiri/.volare/sky130A/libs.ref/sky130_fd_sc_hd/lib/sky130_fd_sc_hd__ff_n40C_1v95.lib line 4142, table template ccsn_pnlh not found.
[WARNING STA-1256] /Users/nigiri/.volare/sky130A/libs.ref/sky130_fd_sc_hd/lib/sky130_fd_sc_hd__ff_n40C_1v95.lib line 4149, table template ccsn_pnlh not found.
[WARNING STA-1256] /Users/nigiri/.volare/sky130A/libs.ref/sky130_fd_sc_hd/lib/sky130_fd_sc_hd__ff_n40C_1v95.lib line 4156, table template ccsn_pnlh not found.
[WARNING STA-1256] /Users/nigiri/.volare/sky130A/libs.ref/sky130_fd_sc_hd/lib/sky130_fd_sc_hd__ff_n40C_1v95.lib line 4163, table template ccsn_pnlh not found.
[WARNING STA-1256] /Users/nigiri/.volare/sky130A/libs.ref/sky130_fd_sc_hd/lib/sky130_fd_sc_hd__ff_n40C_1v95.lib line 4170, table template ccsn_pnlh not found.
[WARNING STA-1256] /Users/nigiri/.volare/sky130A/libs.ref/sky130_fd_sc_hd/lib/sky130_fd_sc_hd__ff_n40C_1v95.lib line 4179, table template ccsn_pnlh not found.
[WARNING STA-1256] /Users/nigiri/.volare/sky130A/libs.ref/sky130_fd_sc_hd/lib/sky130_fd_sc_hd__ff_n40C_1v95.lib line 4186, table template ccsn_pnlh not found.
[WARNING STA-1256] /Users/nigiri/.volare/sky130A/libs.ref/sky130_fd_sc_hd/lib/sky130_fd_sc_hd__ff_n40C_1v95.lib line 4193, table template ccsn_pnlh not found.
[WARNING STA-1256] /Users/nigiri/.volare/sky130A/libs.ref/sky130_fd_sc_hd/lib/sky130_fd_sc_hd__ff_n40C_1v95.lib line 4200, table template ccsn_pnlh not found.
[WARNING STA-1256] /Users/nigiri/.volare/sky130A/libs.ref/sky130_fd_sc_hd/lib/sky130_fd_sc_hd__ff_n40C_1v95.lib line 4207, table template ccsn_pnlh not found.
[WARNING STA-1256] /Users/nigiri/.volare/sky130A/libs.ref/sky130_fd_sc_hd/lib/sky130_fd_sc_hd__ff_n40C_1v95.lib line 4214, table template ccsn_pnlh not found.
[WARNING STA-1256] /Users/nigiri/.volare/sky130A/libs.ref/sky130_fd_sc_hd/lib/sky130_fd_sc_hd__ff_n40C_1v95.lib line 4221, table template ccsn_pnlh not found.
[WARNING STA-1256] /Users/nigiri/.volare/sky130A/libs.ref/sky130_fd_sc_hd/lib/sky130_fd_sc_hd__ff_n40C_1v95.lib line 4319, table template ccsn_ovrf not found.
[WARNING STA-1256] /Users/nigiri/.volare/sky130A/libs.ref/sky130_fd_sc_hd/lib/sky130_fd_sc_hd__ff_n40C_1v95.lib line 4325, table template ccsn_ovrf not found.
[WARNING STA-1256] /Users/nigiri/.volare/sky130A/libs.ref/sky130_fd_sc_hd/lib/sky130_fd_sc_hd__ff_n40C_1v95.lib line 4333, table template ccsn_ovrf not found.
[WARNING STA-1256] /Users/nigiri/.volare/sky130A/libs.ref/sky130_fd_sc_hd/lib/sky130_fd_sc_hd__ff_n40C_1v95.lib line 4339, table template ccsn_ovrf not found.
[WARNING STA-1256] /Users/nigiri/.volare/sky130A/libs.ref/sky130_fd_sc_hd/lib/sky130_fd_sc_hd__ff_n40C_1v95.lib line 4347, table template ccsn_pnlh not found.
[WARNING STA-1256] /Users/nigiri/.volare/sky130A/libs.ref/sky130_fd_sc_hd/lib/sky130_fd_sc_hd__ff_n40C_1v95.lib line 4354, table template ccsn_pnlh not found.
[WARNING STA-1256] /Users/nigiri/.volare/sky130A/libs.ref/sky130_fd_sc_hd/lib/sky130_fd_sc_hd__ff_n40C_1v95.lib line 4361, table template ccsn_pnlh not found.
[WARNING STA-1256] /Users/nigiri/.volare/sky130A/libs.ref/sky130_fd_sc_hd/lib/sky130_fd_sc_hd__ff_n40C_1v95.lib line 4368, table template ccsn_pnlh not found.
[WARNING STA-1256] /Users/nigiri/.volare/sky130A/libs.ref/sky130_fd_sc_hd/lib/sky130_fd_sc_hd__ff_n40C_1v95.lib line 4375, table template ccsn_pnlh not found.
[WARNING STA-1256] /Users/nigiri/.volare/sky130A/libs.ref/sky130_fd_sc_hd/lib/sky130_fd_sc_hd__ff_n40C_1v95.lib line 4382, table template ccsn_pnlh not found.
[WARNING STA-1256] /Users/nigiri/.volare/sky130A/libs.ref/sky130_fd_sc_hd/lib/sky130_fd_sc_hd__ff_n40C_1v95.lib line 4389, table template ccsn_pnlh not found.
[WARNING STA-1256] /Users/nigiri/.volare/sky130A/libs.ref/sky130_fd_sc_hd/lib/sky130_fd_sc_hd__ff_n40C_1v95.lib line 4398, table template ccsn_pnlh not found.
[WARNING STA-1256] /Users/nigiri/.volare/sky130A/libs.ref/sky130_fd_sc_hd/lib/sky130_fd_sc_hd__ff_n40C_1v95.lib line 4405, table template ccsn_pnlh not found.
[WARNING STA-1256] /Users/nigiri/.volare/sky130A/libs.ref/sky130_fd_sc_hd/lib/sky130_fd_sc_hd__ff_n40C_1v95.lib line 4412, table template ccsn_pnlh not found.
[WARNING STA-1256] /Users/nigiri/.volare/sky130A/libs.ref/sky130_fd_sc_hd/lib/sky130_fd_sc_hd__ff_n40C_1v95.lib line 4419, table template ccsn_pnlh not found.
[WARNING STA-1256] /Users/nigiri/.volare/sky130A/libs.ref/sky130_fd_sc_hd/lib/sky130_fd_sc_hd__ff_n40C_1v95.lib line 4426, table template ccsn_pnlh not found.
[WARNING STA-1256] /Users/nigiri/.volare/sky130A/libs.ref/sky130_fd_sc_hd/lib/sky130_fd_sc_hd__ff_n40C_1v95.lib line 4433, table template ccsn_pnlh not found.
[WARNING STA-1256] /Users/nigiri/.volare/sky130A/libs.ref/sky130_fd_sc_hd/lib/sky130_fd_sc_hd__ff_n40C_1v95.lib line 4440, table template ccsn_pnlh not found.
[WARNING STA-1256] /Users/nigiri/.volare/sky130A/libs.ref/sky130_fd_sc_hd/lib/sky130_fd_sc_hd__ff_n40C_1v95.lib line 4489, table template ccsn_ovrf not found.
[WARNING STA-1256] /Users/nigiri/.volare/sky130A/libs.ref/sky130_fd_sc_hd/lib/sky130_fd_sc_hd__ff_n40C_1v95.lib line 4495, table template ccsn_ovrf not found.
[WARNING STA-1256] /Users/nigiri/.volare/sky130A/libs.ref/sky130_fd_sc_hd/lib/sky130_fd_sc_hd__ff_n40C_1v95.lib line 4501, table template ccsn_ovrf not found.
[WARNING STA-1256] /Users/nigiri/.volare/sky130A/libs.ref/sky130_fd_sc_hd/lib/sky130_fd_sc_hd__ff_n40C_1v95.lib line 4507, table template ccsn_ovrf not found.
[WARNING STA-1256] /Users/nigiri/.volare/sky130A/libs.ref/sky130_fd_sc_hd/lib/sky130_fd_sc_hd__ff_n40C_1v95.lib line 4515, table template ccsn_ovrf not found.
[WARNING STA-1256] /Users/nigiri/.volare/sky130A/libs.ref/sky130_fd_sc_hd/lib/sky130_fd_sc_hd__ff_n40C_1v95.lib line 4521, table template ccsn_ovrf not found.
[WARNING STA-1256] /Users/nigiri/.volare/sky130A/libs.ref/sky130_fd_sc_hd/lib/sky130_fd_sc_hd__ff_n40C_1v95.lib line 4527, table template ccsn_ovrf not found.
[WARNING STA-1256] /Users/nigiri/.volare/sky130A/libs.ref/sky130_fd_sc_hd/lib/sky130_fd_sc_hd__ff_n40C_1v95.lib line 4533, table template ccsn_ovrf not found.
[WARNING STA-1256] /Users/nigiri/.volare/sky130A/libs.ref/sky130_fd_sc_hd/lib/sky130_fd_sc_hd__ff_n40C_1v95.lib line 4541, table template ccsn_pnlh not found.
[WARNING STA-1256] /Users/nigiri/.volare/sky130A/libs.ref/sky130_fd_sc_hd/lib/sky130_fd_sc_hd__ff_n40C_1v95.lib line 4548, table template ccsn_pnlh not found.
[WARNING STA-1256] /Users/nigiri/.volare/sky130A/libs.ref/sky130_fd_sc_hd/lib/sky130_fd_sc_hd__ff_n40C_1v95.lib line 4555, table template ccsn_pnlh not found.
[WARNING STA-1256] /Users/nigiri/.volare/sky130A/libs.ref/sky130_fd_sc_hd/lib/sky130_fd_sc_hd__ff_n40C_1v95.lib line 4562, table template ccsn_pnlh not found.
[WARNING STA-1256] /Users/nigiri/.volare/sky130A/libs.ref/sky130_fd_sc_hd/lib/sky130_fd_sc_hd__ff_n40C_1v95.lib line 4569, table template ccsn_pnlh not found.
[WARNING STA-1256] /Users/nigiri/.volare/sky130A/libs.ref/sky130_fd_sc_hd/lib/sky130_fd_sc_hd__ff_n40C_1v95.lib line 4576, table template ccsn_pnlh not found.
[WARNING STA-1256] /Users/nigiri/.volare/sky130A/libs.ref/sky130_fd_sc_hd/lib/sky130_fd_sc_hd__ff_n40C_1v95.lib line 4583, table template ccsn_pnlh not found.
[WARNING STA-1256] /Users/nigiri/.volare/sky130A/libs.ref/sky130_fd_sc_hd/lib/sky130_fd_sc_hd__ff_n40C_1v95.lib line 4592, table template ccsn_pnlh not found.
[WARNING STA-1256] /Users/nigiri/.volare/sky130A/libs.ref/sky130_fd_sc_hd/lib/sky130_fd_sc_hd__ff_n40C_1v95.lib line 4599, table template ccsn_pnlh not found.
[WARNING STA-1256] /Users/nigiri/.volare/sky130A/libs.ref/sky130_fd_sc_hd/lib/sky130_fd_sc_hd__ff_n40C_1v95.lib line 4606, table template ccsn_pnlh not found.
[WARNING STA-1256] /Users/nigiri/.volare/sky130A/libs.ref/sky130_fd_sc_hd/lib/sky130_fd_sc_hd__ff_n40C_1v95.lib line 4613, table template ccsn_pnlh not found.
[WARNING STA-1256] /Users/nigiri/.volare/sky130A/libs.ref/sky130_fd_sc_hd/lib/sky130_fd_sc_hd__ff_n40C_1v95.lib line 4620, table template ccsn_pnlh not found.
[WARNING STA-1256] /Users/nigiri/.volare/sky130A/libs.ref/sky130_fd_sc_hd/lib/sky130_fd_sc_hd__ff_n40C_1v95.lib line 4627, table template ccsn_pnlh not found.
[WARNING STA-1256] /Users/nigiri/.volare/sky130A/libs.ref/sky130_fd_sc_hd/lib/sky130_fd_sc_hd__ff_n40C_1v95.lib line 4634, table template ccsn_pnlh not found.
[WARNING STA-1256] /Users/nigiri/.volare/sky130A/libs.ref/sky130_fd_sc_hd/lib/sky130_fd_sc_hd__ff_n40C_1v95.lib line 4732, table template ccsn_ovrf not found.
[WARNING STA-1256] /Users/nigiri/.volare/sky130A/libs.ref/sky130_fd_sc_hd/lib/sky130_fd_sc_hd__ff_n40C_1v95.lib line 4738, table template ccsn_ovrf not found.
[WARNING STA-1256] /Users/nigiri/.volare/sky130A/libs.ref/sky130_fd_sc_hd/lib/sky130_fd_sc_hd__ff_n40C_1v95.lib line 4746, table template ccsn_ovrf not found.
[WARNING STA-1256] /Users/nigiri/.volare/sky130A/libs.ref/sky130_fd_sc_hd/lib/sky130_fd_sc_hd__ff_n40C_1v95.lib line 4752, table template ccsn_ovrf not found.
[WARNING STA-1256] /Users/nigiri/.volare/sky130A/libs.ref/sky130_fd_sc_hd/lib/sky130_fd_sc_hd__ff_n40C_1v95.lib line 4760, table template ccsn_pnlh not found.
[WARNING STA-1256] /Users/nigiri/.volare/sky130A/libs.ref/sky130_fd_sc_hd/lib/sky130_fd_sc_hd__ff_n40C_1v95.lib line 4767, table template ccsn_pnlh not found.
[WARNING STA-1256] /Users/nigiri/.volare/sky130A/libs.ref/sky130_fd_sc_hd/lib/sky130_fd_sc_hd__ff_n40C_1v95.lib line 4774, table template ccsn_pnlh not found.
[WARNING STA-1256] /Users/nigiri/.volare/sky130A/libs.ref/sky130_fd_sc_hd/lib/sky130_fd_sc_hd__ff_n40C_1v95.lib line 4781, table template ccsn_pnlh not found.
[WARNING STA-1256] /Users/nigiri/.volare/sky130A/libs.ref/sky130_fd_sc_hd/lib/sky130_fd_sc_hd__ff_n40C_1v95.lib line 4788, table template ccsn_pnlh not found.
[WARNING STA-1256] /Users/nigiri/.volare/sky130A/libs.ref/sky130_fd_sc_hd/lib/sky130_fd_sc_hd__ff_n40C_1v95.lib line 4795, table template ccsn_pnlh not found.
[WARNING STA-1256] /Users/nigiri/.volare/sky130A/libs.ref/sky130_fd_sc_hd/lib/sky130_fd_sc_hd__ff_n40C_1v95.lib line 4802, table template ccsn_pnlh not found.
[WARNING STA-1256] /Users/nigiri/.volare/sky130A/libs.ref/sky130_fd_sc_hd/lib/sky130_fd_sc_hd__ff_n40C_1v95.lib line 4811, table template ccsn_pnlh not found.
[WARNING STA-1256] /Users/nigiri/.volare/sky130A/libs.ref/sky130_fd_sc_hd/lib/sky130_fd_sc_hd__ff_n40C_1v95.lib line 4818, table template ccsn_pnlh not found.
[WARNING STA-1256] /Users/nigiri/.volare/sky130A/libs.ref/sky130_fd_sc_hd/lib/sky130_fd_sc_hd__ff_n40C_1v95.lib line 4825, table template ccsn_pnlh not found.
[WARNING STA-1256] /Users/nigiri/.volare/sky130A/libs.ref/sky130_fd_sc_hd/lib/sky130_fd_sc_hd__ff_n40C_1v95.lib line 4832, table template ccsn_pnlh not found.
[WARNING STA-1256] /Users/nigiri/.volare/sky130A/libs.ref/sky130_fd_sc_hd/lib/sky130_fd_sc_hd__ff_n40C_1v95.lib line 4839, table template ccsn_pnlh not found.
[WARNING STA-1256] /Users/nigiri/.volare/sky130A/libs.ref/sky130_fd_sc_hd/lib/sky130_fd_sc_hd__ff_n40C_1v95.lib line 4846, table template ccsn_pnlh not found.
[WARNING STA-1256] /Users/nigiri/.volare/sky130A/libs.ref/sky130_fd_sc_hd/lib/sky130_fd_sc_hd__ff_n40C_1v95.lib line 4853, table template ccsn_pnlh not found.
[WARNING STA-1256] /Users/nigiri/.volare/sky130A/libs.ref/sky130_fd_sc_hd/lib/sky130_fd_sc_hd__ff_n40C_1v95.lib line 4902, table template ccsn_ovrf not found.
[WARNING STA-1256] /Users/nigiri/.volare/sky130A/libs.ref/sky130_fd_sc_hd/lib/sky130_fd_sc_hd__ff_n40C_1v95.lib line 4908, table template ccsn_ovrf not found.
[WARNING STA-1256] /Users/nigiri/.volare/sky130A/libs.ref/sky130_fd_sc_hd/lib/sky130_fd_sc_hd__ff_n40C_1v95.lib line 4914, table template ccsn_ovrf not found.
[WARNING STA-1256] /Users/nigiri/.volare/sky130A/libs.ref/sky130_fd_sc_hd/lib/sky130_fd_sc_hd__ff_n40C_1v95.lib line 4920, table template ccsn_ovrf not found.
[WARNING STA-1256] /Users/nigiri/.volare/sky130A/libs.ref/sky130_fd_sc_hd/lib/sky130_fd_sc_hd__ff_n40C_1v95.lib line 4928, table template ccsn_ovrf not found.
[WARNING STA-1256] /Users/nigiri/.volare/sky130A/libs.ref/sky130_fd_sc_hd/lib/sky130_fd_sc_hd__ff_n40C_1v95.lib line 4934, table template ccsn_ovrf not found.
[WARNING STA-1256] /Users/nigiri/.volare/sky130A/libs.ref/sky130_fd_sc_hd/lib/sky130_fd_sc_hd__ff_n40C_1v95.lib line 4940, table template ccsn_ovrf not found.
[WARNING STA-1256] /Users/nigiri/.volare/sky130A/libs.ref/sky130_fd_sc_hd/lib/sky130_fd_sc_hd__ff_n40C_1v95.lib line 4946, table template ccsn_ovrf not found.
[WARNING STA-1256] /Users/nigiri/.volare/sky130A/libs.ref/sky130_fd_sc_hd/lib/sky130_fd_sc_hd__ff_n40C_1v95.lib line 4954, table template ccsn_pnlh not found.
[WARNING STA-1256] /Users/nigiri/.volare/sky130A/libs.ref/sky130_fd_sc_hd/lib/sky130_fd_sc_hd__ff_n40C_1v95.lib line 4961, table template ccsn_pnlh not found.
[WARNING STA-1256] /Users/nigiri/.volare/sky130A/libs.ref/sky130_fd_sc_hd/lib/sky130_fd_sc_hd__ff_n40C_1v95.lib line 4968, table template ccsn_pnlh not found.
[WARNING STA-1256] /Users/nigiri/.volare/sky130A/libs.ref/sky130_fd_sc_hd/lib/sky130_fd_sc_hd__ff_n40C_1v95.lib line 4975, table template ccsn_pnlh not found.
[WARNING STA-1256] /Users/nigiri/.volare/sky130A/libs.ref/sky130_fd_sc_hd/lib/sky130_fd_sc_hd__ff_n40C_1v95.lib line 4982, table template ccsn_pnlh not found.
[WARNING STA-1256] /Users/nigiri/.volare/sky130A/libs.ref/sky130_fd_sc_hd/lib/sky130_fd_sc_hd__ff_n40C_1v95.lib line 4989, table template ccsn_pnlh not found.
[WARNING STA-1256] /Users/nigiri/.volare/sky130A/libs.ref/sky130_fd_sc_hd/lib/sky130_fd_sc_hd__ff_n40C_1v95.lib line 4996, table template ccsn_pnlh not found.
[WARNING STA-1256] /Users/nigiri/.volare/sky130A/libs.ref/sky130_fd_sc_hd/lib/sky130_fd_sc_hd__ff_n40C_1v95.lib line 5005, table template ccsn_pnlh not found.
[WARNING STA-1256] /Users/nigiri/.volare/sky130A/libs.ref/sky130_fd_sc_hd/lib/sky130_fd_sc_hd__ff_n40C_1v95.lib line 5012, table template ccsn_pnlh not found.
[WARNING STA-1256] /Users/nigiri/.volare/sky130A/libs.ref/sky130_fd_sc_hd/lib/sky130_fd_sc_hd__ff_n40C_1v95.lib line 5019, table template ccsn_pnlh not found.
[WARNING STA-1256] /Users/nigiri/.volare/sky130A/libs.ref/sky130_fd_sc_hd/lib/sky130_fd_sc_hd__ff_n40C_1v95.lib line 5026, table template ccsn_pnlh not found.
[WARNING STA-1256] /Users/nigiri/.volare/sky130A/libs.ref/sky130_fd_sc_hd/lib/sky130_fd_sc_hd__ff_n40C_1v95.lib line 5033, table template ccsn_pnlh not found.
[WARNING STA-1256] /Users/nigiri/.volare/sky130A/libs.ref/sky130_fd_sc_hd/lib/sky130_fd_sc_hd__ff_n40C_1v95.lib line 5040, table template ccsn_pnlh not found.
[WARNING STA-1256] /Users/nigiri/.volare/sky130A/libs.ref/sky130_fd_sc_hd/lib/sky130_fd_sc_hd__ff_n40C_1v95.lib line 5047, table template ccsn_pnlh not found.
[WARNING STA-1256] /Users/nigiri/.volare/sky130A/libs.ref/sky130_fd_sc_hd/lib/sky130_fd_sc_hd__ff_n40C_1v95.lib line 5541, table template ccsn_ovrf not found.
[WARNING STA-1256] /Users/nigiri/.volare/sky130A/libs.ref/sky130_fd_sc_hd/lib/sky130_fd_sc_hd__ff_n40C_1v95.lib line 5547, table template ccsn_ovrf not found.
[WARNING STA-1256] /Users/nigiri/.volare/sky130A/libs.ref/sky130_fd_sc_hd/lib/sky130_fd_sc_hd__ff_n40C_1v95.lib line 5555, table template ccsn_ovrf not found.
[WARNING STA-1256] /Users/nigiri/.volare/sky130A/libs.ref/sky130_fd_sc_hd/lib/sky130_fd_sc_hd__ff_n40C_1v95.lib line 5561, table template ccsn_ovrf not found.
[WARNING STA-1256] /Users/nigiri/.volare/sky130A/libs.ref/sky130_fd_sc_hd/lib/sky130_fd_sc_hd__ff_n40C_1v95.lib line 5569, table template ccsn_pnlh not found.
[WARNING STA-1256] /Users/nigiri/.volare/sky130A/libs.ref/sky130_fd_sc_hd/lib/sky130_fd_sc_hd__ff_n40C_1v95.lib line 5576, table template ccsn_pnlh not found.
[WARNING STA-1256] /Users/nigiri/.volare/sky130A/libs.ref/sky130_fd_sc_hd/lib/sky130_fd_sc_hd__ff_n40C_1v95.lib line 5583, table template ccsn_pnlh not found.
[WARNING STA-1256] /Users/nigiri/.volare/sky130A/libs.ref/sky130_fd_sc_hd/lib/sky130_fd_sc_hd__ff_n40C_1v95.lib line 5590, table template ccsn_pnlh not found.
[WARNING STA-1256] /Users/nigiri/.volare/sky130A/libs.ref/sky130_fd_sc_hd/lib/sky130_fd_sc_hd__ff_n40C_1v95.lib line 5597, table template ccsn_pnlh not found.
[WARNING STA-1256] /Users/nigiri/.volare/sky130A/libs.ref/sky130_fd_sc_hd/lib/sky130_fd_sc_hd__ff_n40C_1v95.lib line 5604, table template ccsn_pnlh not found.
[WARNING STA-1256] /Users/nigiri/.volare/sky130A/libs.ref/sky130_fd_sc_hd/lib/sky130_fd_sc_hd__ff_n40C_1v95.lib line 5611, table template ccsn_pnlh not found.
[WARNING STA-1256] /Users/nigiri/.volare/sky130A/libs.ref/sky130_fd_sc_hd/lib/sky130_fd_sc_hd__ff_n40C_1v95.lib line 5620, table template ccsn_pnlh not found.
[WARNING STA-1256] /Users/nigiri/.volare/sky130A/libs.ref/sky130_fd_sc_hd/lib/sky130_fd_sc_hd__ff_n40C_1v95.lib line 5627, table template ccsn_pnlh not found.
[WARNING STA-1256] /Users/nigiri/.volare/sky130A/libs.ref/sky130_fd_sc_hd/lib/sky130_fd_sc_hd__ff_n40C_1v95.lib line 5634, table template ccsn_pnlh not found.
[WARNING STA-1256] /Users/nigiri/.volare/sky130A/libs.ref/sky130_fd_sc_hd/lib/sky130_fd_sc_hd__ff_n40C_1v95.lib line 5641, table template ccsn_pnlh not found.
[WARNING STA-1256] /Users/nigiri/.volare/sky130A/libs.ref/sky130_fd_sc_hd/lib/sky130_fd_sc_hd__ff_n40C_1v95.lib line 5648, table template ccsn_pnlh not found.
[WARNING STA-1256] /Users/nigiri/.volare/sky130A/libs.ref/sky130_fd_sc_hd/lib/sky130_fd_sc_hd__ff_n40C_1v95.lib line 5655, table template ccsn_pnlh not found.
[WARNING STA-1256] /Users/nigiri/.volare/sky130A/libs.ref/sky130_fd_sc_hd/lib/sky130_fd_sc_hd__ff_n40C_1v95.lib line 5662, table template ccsn_pnlh not found.
[WARNING STA-1256] /Users/nigiri/.volare/sky130A/libs.ref/sky130_fd_sc_hd/lib/sky130_fd_sc_hd__ff_n40C_1v95.lib line 5711, table template ccsn_ovrf not found.
[WARNING STA-1256] /Users/nigiri/.volare/sky130A/libs.ref/sky130_fd_sc_hd/lib/sky130_fd_sc_hd__ff_n40C_1v95.lib line 5717, table template ccsn_ovrf not found.
[WARNING STA-1256] /Users/nigiri/.volare/sky130A/libs.ref/sky130_fd_sc_hd/lib/sky130_fd_sc_hd__ff_n40C_1v95.lib line 5723, table template ccsn_ovrf not found.
[WARNING STA-1256] /Users/nigiri/.volare/sky130A/libs.ref/sky130_fd_sc_hd/lib/sky130_fd_sc_hd__ff_n40C_1v95.lib line 5729, table template ccsn_ovrf not found.
[WARNING STA-1256] /Users/nigiri/.volare/sky130A/libs.ref/sky130_fd_sc_hd/lib/sky130_fd_sc_hd__ff_n40C_1v95.lib line 5737, table template ccsn_ovrf not found.
[WARNING STA-1256] /Users/nigiri/.volare/sky130A/libs.ref/sky130_fd_sc_hd/lib/sky130_fd_sc_hd__ff_n40C_1v95.lib line 5743, table template ccsn_ovrf not found.
[WARNING STA-1256] /Users/nigiri/.volare/sky130A/libs.ref/sky130_fd_sc_hd/lib/sky130_fd_sc_hd__ff_n40C_1v95.lib line 5749, table template ccsn_ovrf not found.
[WARNING STA-1256] /Users/nigiri/.volare/sky130A/libs.ref/sky130_fd_sc_hd/lib/sky130_fd_sc_hd__ff_n40C_1v95.lib line 5755, table template ccsn_ovrf not found.
[WARNING STA-1256] /Users/nigiri/.volare/sky130A/libs.ref/sky130_fd_sc_hd/lib/sky130_fd_sc_hd__ff_n40C_1v95.lib line 5763, table template ccsn_pnlh not found.
[WARNING STA-1256] /Users/nigiri/.volare/sky130A/libs.ref/sky130_fd_sc_hd/lib/sky130_fd_sc_hd__ff_n40C_1v95.lib line 5770, table template ccsn_pnlh not found.
[WARNING STA-1256] /Users/nigiri/.volare/sky130A/libs.ref/sky130_fd_sc_hd/lib/sky130_fd_sc_hd__ff_n40C_1v95.lib line 5777, table template ccsn_pnlh not found.
[WARNING STA-1256] /Users/nigiri/.volare/sky130A/libs.ref/sky130_fd_sc_hd/lib/sky130_fd_sc_hd__ff_n40C_1v95.lib line 5784, table template ccsn_pnlh not found.
[WARNING STA-1256] /Users/nigiri/.volare/sky130A/libs.ref/sky130_fd_sc_hd/lib/sky130_fd_sc_hd__ff_n40C_1v95.lib line 5791, table template ccsn_pnlh not found.
[WARNING STA-1256] /Users/nigiri/.volare/sky130A/libs.ref/sky130_fd_sc_hd/lib/sky130_fd_sc_hd__ff_n40C_1v95.lib line 5798, table template ccsn_pnlh not found.
[WARNING STA-1256] /Users/nigiri/.volare/sky130A/libs.ref/sky130_fd_sc_hd/lib/sky130_fd_sc_hd__ff_n40C_1v95.lib line 5805, table template ccsn_pnlh not found.
[WARNING STA-1256] /Users/nigiri/.volare/sky130A/libs.ref/sky130_fd_sc_hd/lib/sky130_fd_sc_hd__ff_n40C_1v95.lib line 5814, table template ccsn_pnlh not found.
[WARNING STA-1256] /Users/nigiri/.volare/sky130A/libs.ref/sky130_fd_sc_hd/lib/sky130_fd_sc_hd__ff_n40C_1v95.lib line 5821, table template ccsn_pnlh not found.
[WARNING STA-1256] /Users/nigiri/.volare/sky130A/libs.ref/sky130_fd_sc_hd/lib/sky130_fd_sc_hd__ff_n40C_1v95.lib line 5828, table template ccsn_pnlh not found.
[WARNING STA-1256] /Users/nigiri/.volare/sky130A/libs.ref/sky130_fd_sc_hd/lib/sky130_fd_sc_hd__ff_n40C_1v95.lib line 5835, table template ccsn_pnlh not found.
[WARNING STA-1256] /Users/nigiri/.volare/sky130A/libs.ref/sky130_fd_sc_hd/lib/sky130_fd_sc_hd__ff_n40C_1v95.lib line 5842, table template ccsn_pnlh not found.
[WARNING STA-1256] /Users/nigiri/.volare/sky130A/libs.ref/sky130_fd_sc_hd/lib/sky130_fd_sc_hd__ff_n40C_1v95.lib line 5849, table template ccsn_pnlh not found.
[WARNING STA-1256] /Users/nigiri/.volare/sky130A/libs.ref/sky130_fd_sc_hd/lib/sky130_fd_sc_hd__ff_n40C_1v95.lib line 5856, table template ccsn_pnlh not found.
[WARNING STA-1256] /Users/nigiri/.volare/sky130A/libs.ref/sky130_fd_sc_hd/lib/sky130_fd_sc_hd__ff_n40C_1v95.lib line 5954, table template ccsn_ovrf not found.
[WARNING STA-1256] /Users/nigiri/.volare/sky130A/libs.ref/sky130_fd_sc_hd/lib/sky130_fd_sc_hd__ff_n40C_1v95.lib line 5960, table template ccsn_ovrf not found.
[WARNING STA-1256] /Users/nigiri/.volare/sky130A/libs.ref/sky130_fd_sc_hd/lib/sky130_fd_sc_hd__ff_n40C_1v95.lib line 5968, table template ccsn_ovrf not found.
[WARNING STA-1256] /Users/nigiri/.volare/sky130A/libs.ref/sky130_fd_sc_hd/lib/sky130_fd_sc_hd__ff_n40C_1v95.lib line 5974, table template ccsn_ovrf not found.
[WARNING STA-1256] /Users/nigiri/.volare/sky130A/libs.ref/sky130_fd_sc_hd/lib/sky130_fd_sc_hd__ff_n40C_1v95.lib line 5982, table template ccsn_pnlh not found.
[WARNING STA-1256] /Users/nigiri/.volare/sky130A/libs.ref/sky130_fd_sc_hd/lib/sky130_fd_sc_hd__ff_n40C_1v95.lib line 5989, table template ccsn_pnlh not found.
[WARNING STA-1256] /Users/nigiri/.volare/sky130A/libs.ref/sky130_fd_sc_hd/lib/sky130_fd_sc_hd__ff_n40C_1v95.lib line 5996, table template ccsn_pnlh not found.
[WARNING STA-1256] /Users/nigiri/.volare/sky130A/libs.ref/sky130_fd_sc_hd/lib/sky130_fd_sc_hd__ff_n40C_1v95.lib line 6003, table template ccsn_pnlh not found.
[WARNING STA-1256] /Users/nigiri/.volare/sky130A/libs.ref/sky130_fd_sc_hd/lib/sky130_fd_sc_hd__ff_n40C_1v95.lib line 6010, table template ccsn_pnlh not found.
[WARNING STA-1256] /Users/nigiri/.volare/sky130A/libs.ref/sky130_fd_sc_hd/lib/sky130_fd_sc_hd__ff_n40C_1v95.lib line 6017, table template ccsn_pnlh not found.
[WARNING STA-1256] /Users/nigiri/.volare/sky130A/libs.ref/sky130_fd_sc_hd/lib/sky130_fd_sc_hd__ff_n40C_1v95.lib line 6024, table template ccsn_pnlh not found.
[WARNING STA-1256] /Users/nigiri/.volare/sky130A/libs.ref/sky130_fd_sc_hd/lib/sky130_fd_sc_hd__ff_n40C_1v95.lib line 6033, table template ccsn_pnlh not found.
[WARNING STA-1256] /Users/nigiri/.volare/sky130A/libs.ref/sky130_fd_sc_hd/lib/sky130_fd_sc_hd__ff_n40C_1v95.lib line 6040, table template ccsn_pnlh not found.
[WARNING STA-1256] /Users/nigiri/.volare/sky130A/libs.ref/sky130_fd_sc_hd/lib/sky130_fd_sc_hd__ff_n40C_1v95.lib line 6047, table template ccsn_pnlh not found.
[WARNING STA-1256] /Users/nigiri/.volare/sky130A/libs.ref/sky130_fd_sc_hd/lib/sky130_fd_sc_hd__ff_n40C_1v95.lib line 6054, table template ccsn_pnlh not found.
[WARNING STA-1256] /Users/nigiri/.volare/sky130A/libs.ref/sky130_fd_sc_hd/lib/sky130_fd_sc_hd__ff_n40C_1v95.lib line 6061, table template ccsn_pnlh not found.
[WARNING STA-1256] /Users/nigiri/.volare/sky130A/libs.ref/sky130_fd_sc_hd/lib/sky130_fd_sc_hd__ff_n40C_1v95.lib line 6068, table template ccsn_pnlh not found.
[WARNING STA-1256] /Users/nigiri/.volare/sky130A/libs.ref/sky130_fd_sc_hd/lib/sky130_fd_sc_hd__ff_n40C_1v95.lib line 6075, table template ccsn_pnlh not found.
[WARNING STA-1256] /Users/nigiri/.volare/sky130A/libs.ref/sky130_fd_sc_hd/lib/sky130_fd_sc_hd__ff_n40C_1v95.lib line 6124, table template ccsn_ovrf not found.
[WARNING STA-1256] /Users/nigiri/.volare/sky130A/libs.ref/sky130_fd_sc_hd/lib/sky130_fd_sc_hd__ff_n40C_1v95.lib line 6130, table template ccsn_ovrf not found.
[WARNING STA-1256] /Users/nigiri/.volare/sky130A/libs.ref/sky130_fd_sc_hd/lib/sky130_fd_sc_hd__ff_n40C_1v95.lib line 6136, table template ccsn_ovrf not found.
[WARNING STA-1256] /Users/nigiri/.volare/sky130A/libs.ref/sky130_fd_sc_hd/lib/sky130_fd_sc_hd__ff_n40C_1v95.lib line 6142, table template ccsn_ovrf not found.
[WARNING STA-1256] /Users/nigiri/.volare/sky130A/libs.ref/sky130_fd_sc_hd/lib/sky130_fd_sc_hd__ff_n40C_1v95.lib line 6150, table template ccsn_ovrf not found.
[WARNING STA-1256] /Users/nigiri/.volare/sky130A/libs.ref/sky130_fd_sc_hd/lib/sky130_fd_sc_hd__ff_n40C_1v95.lib line 6156, table template ccsn_ovrf not found.
[WARNING STA-1256] /Users/nigiri/.volare/sky130A/libs.ref/sky130_fd_sc_hd/lib/sky130_fd_sc_hd__ff_n40C_1v95.lib line 6162, table template ccsn_ovrf not found.
[WARNING STA-1256] /Users/nigiri/.volare/sky130A/libs.ref/sky130_fd_sc_hd/lib/sky130_fd_sc_hd__ff_n40C_1v95.lib line 6168, table template ccsn_ovrf not found.
[WARNING STA-1256] /Users/nigiri/.volare/sky130A/libs.ref/sky130_fd_sc_hd/lib/sky130_fd_sc_hd__ff_n40C_1v95.lib line 6176, table template ccsn_pnlh not found.
[WARNING STA-1256] /Users/nigiri/.volare/sky130A/libs.ref/sky130_fd_sc_hd/lib/sky130_fd_sc_hd__ff_n40C_1v95.lib line 6183, table template ccsn_pnlh not found.
[WARNING STA-1256] /Users/nigiri/.volare/sky130A/libs.ref/sky130_fd_sc_hd/lib/sky130_fd_sc_hd__ff_n40C_1v95.lib line 6190, table template ccsn_pnlh not found.
[WARNING STA-1256] /Users/nigiri/.volare/sky130A/libs.ref/sky130_fd_sc_hd/lib/sky130_fd_sc_hd__ff_n40C_1v95.lib line 6197, table template ccsn_pnlh not found.
[WARNING STA-1256] /Users/nigiri/.volare/sky130A/libs.ref/sky130_fd_sc_hd/lib/sky130_fd_sc_hd__ff_n40C_1v95.lib line 6204, table template ccsn_pnlh not found.
[WARNING STA-1256] /Users/nigiri/.volare/sky130A/libs.ref/sky130_fd_sc_hd/lib/sky130_fd_sc_hd__ff_n40C_1v95.lib line 6211, table template ccsn_pnlh not found.
[WARNING STA-1256] /Users/nigiri/.volare/sky130A/libs.ref/sky130_fd_sc_hd/lib/sky130_fd_sc_hd__ff_n40C_1v95.lib line 6218, table template ccsn_pnlh not found.
[WARNING STA-1256] /Users/nigiri/.volare/sky130A/libs.ref/sky130_fd_sc_hd/lib/sky130_fd_sc_hd__ff_n40C_1v95.lib line 6227, table template ccsn_pnlh not found.
[WARNING STA-1256] /Users/nigiri/.volare/sky130A/libs.ref/sky130_fd_sc_hd/lib/sky130_fd_sc_hd__ff_n40C_1v95.lib line 6234, table template ccsn_pnlh not found.
[WARNING STA-1256] /Users/nigiri/.volare/sky130A/libs.ref/sky130_fd_sc_hd/lib/sky130_fd_sc_hd__ff_n40C_1v95.lib line 6241, table template ccsn_pnlh not found.
[WARNING STA-1256] /Users/nigiri/.volare/sky130A/libs.ref/sky130_fd_sc_hd/lib/sky130_fd_sc_hd__ff_n40C_1v95.lib line 6248, table template ccsn_pnlh not found.
[WARNING STA-1256] /Users/nigiri/.volare/sky130A/libs.ref/sky130_fd_sc_hd/lib/sky130_fd_sc_hd__ff_n40C_1v95.lib line 6255, table template ccsn_pnlh not found.
[WARNING STA-1256] /Users/nigiri/.volare/sky130A/libs.ref/sky130_fd_sc_hd/lib/sky130_fd_sc_hd__ff_n40C_1v95.lib line 6262, table template ccsn_pnlh not found.
[WARNING STA-1256] /Users/nigiri/.volare/sky130A/libs.ref/sky130_fd_sc_hd/lib/sky130_fd_sc_hd__ff_n40C_1v95.lib line 6269, table template ccsn_pnlh not found.
[WARNING STA-1256] /Users/nigiri/.volare/sky130A/libs.ref/sky130_fd_sc_hd/lib/sky130_fd_sc_hd__ff_n40C_1v95.lib line 6367, table template ccsn_ovrf not found.
[WARNING STA-1256] /Users/nigiri/.volare/sky130A/libs.ref/sky130_fd_sc_hd/lib/sky130_fd_sc_hd__ff_n40C_1v95.lib line 6373, table template ccsn_ovrf not found.
[WARNING STA-1256] /Users/nigiri/.volare/sky130A/libs.ref/sky130_fd_sc_hd/lib/sky130_fd_sc_hd__ff_n40C_1v95.lib line 6381, table template ccsn_ovrf not found.
[WARNING STA-1256] /Users/nigiri/.volare/sky130A/libs.ref/sky130_fd_sc_hd/lib/sky130_fd_sc_hd__ff_n40C_1v95.lib line 6387, table template ccsn_ovrf not found.
[WARNING STA-1256] /Users/nigiri/.volare/sky130A/libs.ref/sky130_fd_sc_hd/lib/sky130_fd_sc_hd__ff_n40C_1v95.lib line 6395, table template ccsn_pnlh not found.
[WARNING STA-1256] /Users/nigiri/.volare/sky130A/libs.ref/sky130_fd_sc_hd/lib/sky130_fd_sc_hd__ff_n40C_1v95.lib line 6402, table template ccsn_pnlh not found.
[WARNING STA-1256] /Users/nigiri/.volare/sky130A/libs.ref/sky130_fd_sc_hd/lib/sky130_fd_sc_hd__ff_n40C_1v95.lib line 6409, table template ccsn_pnlh not found.
[WARNING STA-1256] /Users/nigiri/.volare/sky130A/libs.ref/sky130_fd_sc_hd/lib/sky130_fd_sc_hd__ff_n40C_1v95.lib line 6416, table template ccsn_pnlh not found.
[WARNING STA-1256] /Users/nigiri/.volare/sky130A/libs.ref/sky130_fd_sc_hd/lib/sky130_fd_sc_hd__ff_n40C_1v95.lib line 6423, table template ccsn_pnlh not found.
[WARNING STA-1256] /Users/nigiri/.volare/sky130A/libs.ref/sky130_fd_sc_hd/lib/sky130_fd_sc_hd__ff_n40C_1v95.lib line 6430, table template ccsn_pnlh not found.
[WARNING STA-1256] /Users/nigiri/.volare/sky130A/libs.ref/sky130_fd_sc_hd/lib/sky130_fd_sc_hd__ff_n40C_1v95.lib line 6437, table template ccsn_pnlh not found.
[WARNING STA-1256] /Users/nigiri/.volare/sky130A/libs.ref/sky130_fd_sc_hd/lib/sky130_fd_sc_hd__ff_n40C_1v95.lib line 6446, table template ccsn_pnlh not found.
[WARNING STA-1256] /Users/nigiri/.volare/sky130A/libs.ref/sky130_fd_sc_hd/lib/sky130_fd_sc_hd__ff_n40C_1v95.lib line 6453, table template ccsn_pnlh not found.
[WARNING STA-1256] /Users/nigiri/.volare/sky130A/libs.ref/sky130_fd_sc_hd/lib/sky130_fd_sc_hd__ff_n40C_1v95.lib line 6460, table template ccsn_pnlh not found.
[WARNING STA-1256] /Users/nigiri/.volare/sky130A/libs.ref/sky130_fd_sc_hd/lib/sky130_fd_sc_hd__ff_n40C_1v95.lib line 6467, table template ccsn_pnlh not found.
[WARNING STA-1256] /Users/nigiri/.volare/sky130A/libs.ref/sky130_fd_sc_hd/lib/sky130_fd_sc_hd__ff_n40C_1v95.lib line 6474, table template ccsn_pnlh not found.
[WARNING STA-1256] /Users/nigiri/.volare/sky130A/libs.ref/sky130_fd_sc_hd/lib/sky130_fd_sc_hd__ff_n40C_1v95.lib line 6481, table template ccsn_pnlh not found.
[WARNING STA-1256] /Users/nigiri/.volare/sky130A/libs.ref/sky130_fd_sc_hd/lib/sky130_fd_sc_hd__ff_n40C_1v95.lib line 6488, table template ccsn_pnlh not found.
[WARNING STA-1256] /Users/nigiri/.volare/sky130A/libs.ref/sky130_fd_sc_hd/lib/sky130_fd_sc_hd__ff_n40C_1v95.lib line 6537, table template ccsn_ovrf not found.
[WARNING STA-1256] /Users/nigiri/.volare/sky130A/libs.ref/sky130_fd_sc_hd/lib/sky130_fd_sc_hd__ff_n40C_1v95.lib line 6543, table template ccsn_ovrf not found.
[WARNING STA-1256] /Users/nigiri/.volare/sky130A/libs.ref/sky130_fd_sc_hd/lib/sky130_fd_sc_hd__ff_n40C_1v95.lib line 6549, table template ccsn_ovrf not found.
[WARNING STA-1256] /Users/nigiri/.volare/sky130A/libs.ref/sky130_fd_sc_hd/lib/sky130_fd_sc_hd__ff_n40C_1v95.lib line 6555, table template ccsn_ovrf not found.
[WARNING STA-1256] /Users/nigiri/.volare/sky130A/libs.ref/sky130_fd_sc_hd/lib/sky130_fd_sc_hd__ff_n40C_1v95.lib line 6563, table template ccsn_ovrf not found.
[WARNING STA-1256] /Users/nigiri/.volare/sky130A/libs.ref/sky130_fd_sc_hd/lib/sky130_fd_sc_hd__ff_n40C_1v95.lib line 6569, table template ccsn_ovrf not found.
[WARNING STA-1256] /Users/nigiri/.volare/sky130A/libs.ref/sky130_fd_sc_hd/lib/sky130_fd_sc_hd__ff_n40C_1v95.lib line 6575, table template ccsn_ovrf not found.
[WARNING STA-1256] /Users/nigiri/.volare/sky130A/libs.ref/sky130_fd_sc_hd/lib/sky130_fd_sc_hd__ff_n40C_1v95.lib line 6581, table template ccsn_ovrf not found.
[WARNING STA-1256] /Users/nigiri/.volare/sky130A/libs.ref/sky130_fd_sc_hd/lib/sky130_fd_sc_hd__ff_n40C_1v95.lib line 6589, table template ccsn_pnlh not found.
[WARNING STA-1256] /Users/nigiri/.volare/sky130A/libs.ref/sky130_fd_sc_hd/lib/sky130_fd_sc_hd__ff_n40C_1v95.lib line 6596, table template ccsn_pnlh not found.
[WARNING STA-1256] /Users/nigiri/.volare/sky130A/libs.ref/sky130_fd_sc_hd/lib/sky130_fd_sc_hd__ff_n40C_1v95.lib line 6603, table template ccsn_pnlh not found.
[WARNING STA-1256] /Users/nigiri/.volare/sky130A/libs.ref/sky130_fd_sc_hd/lib/sky130_fd_sc_hd__ff_n40C_1v95.lib line 6610, table template ccsn_pnlh not found.
[WARNING STA-1256] /Users/nigiri/.volare/sky130A/libs.ref/sky130_fd_sc_hd/lib/sky130_fd_sc_hd__ff_n40C_1v95.lib line 6617, table template ccsn_pnlh not found.
[WARNING STA-1256] /Users/nigiri/.volare/sky130A/libs.ref/sky130_fd_sc_hd/lib/sky130_fd_sc_hd__ff_n40C_1v95.lib line 6624, table template ccsn_pnlh not found.
[WARNING STA-1256] /Users/nigiri/.volare/sky130A/libs.ref/sky130_fd_sc_hd/lib/sky130_fd_sc_hd__ff_n40C_1v95.lib line 6631, table template ccsn_pnlh not found.
[WARNING STA-1256] /Users/nigiri/.volare/sky130A/libs.ref/sky130_fd_sc_hd/lib/sky130_fd_sc_hd__ff_n40C_1v95.lib line 6640, table template ccsn_pnlh not found.
[WARNING STA-1256] /Users/nigiri/.volare/sky130A/libs.ref/sky130_fd_sc_hd/lib/sky130_fd_sc_hd__ff_n40C_1v95.lib line 6647, table template ccsn_pnlh not found.
[WARNING STA-1256] /Users/nigiri/.volare/sky130A/libs.ref/sky130_fd_sc_hd/lib/sky130_fd_sc_hd__ff_n40C_1v95.lib line 6654, table template ccsn_pnlh not found.
[WARNING STA-1256] /Users/nigiri/.volare/sky130A/libs.ref/sky130_fd_sc_hd/lib/sky130_fd_sc_hd__ff_n40C_1v95.lib line 6661, table template ccsn_pnlh not found.
[WARNING STA-1256] /Users/nigiri/.volare/sky130A/libs.ref/sky130_fd_sc_hd/lib/sky130_fd_sc_hd__ff_n40C_1v95.lib line 6668, table template ccsn_pnlh not found.
[WARNING STA-1256] /Users/nigiri/.volare/sky130A/libs.ref/sky130_fd_sc_hd/lib/sky130_fd_sc_hd__ff_n40C_1v95.lib line 6675, table template ccsn_pnlh not found.
[WARNING STA-1256] /Users/nigiri/.volare/sky130A/libs.ref/sky130_fd_sc_hd/lib/sky130_fd_sc_hd__ff_n40C_1v95.lib line 6682, table template ccsn_pnlh not found.
[WARNING STA-1256] /Users/nigiri/.volare/sky130A/libs.ref/sky130_fd_sc_hd/lib/sky130_fd_sc_hd__ff_n40C_1v95.lib line 6780, table template ccsn_ovrf not found.
[WARNING STA-1256] /Users/nigiri/.volare/sky130A/libs.ref/sky130_fd_sc_hd/lib/sky130_fd_sc_hd__ff_n40C_1v95.lib line 6786, table template ccsn_ovrf not found.
[WARNING STA-1256] /Users/nigiri/.volare/sky130A/libs.ref/sky130_fd_sc_hd/lib/sky130_fd_sc_hd__ff_n40C_1v95.lib line 6794, table template ccsn_ovrf not found.
[WARNING STA-1256] /Users/nigiri/.volare/sky130A/libs.ref/sky130_fd_sc_hd/lib/sky130_fd_sc_hd__ff_n40C_1v95.lib line 6800, table template ccsn_ovrf not found.
[WARNING STA-1256] /Users/nigiri/.volare/sky130A/libs.ref/sky130_fd_sc_hd/lib/sky130_fd_sc_hd__ff_n40C_1v95.lib line 6808, table template ccsn_pnlh not found.
[WARNING STA-1256] /Users/nigiri/.volare/sky130A/libs.ref/sky130_fd_sc_hd/lib/sky130_fd_sc_hd__ff_n40C_1v95.lib line 6815, table template ccsn_pnlh not found.
[WARNING STA-1256] /Users/nigiri/.volare/sky130A/libs.ref/sky130_fd_sc_hd/lib/sky130_fd_sc_hd__ff_n40C_1v95.lib line 6822, table template ccsn_pnlh not found.
[WARNING STA-1256] /Users/nigiri/.volare/sky130A/libs.ref/sky130_fd_sc_hd/lib/sky130_fd_sc_hd__ff_n40C_1v95.lib line 6829, table template ccsn_pnlh not found.
[WARNING STA-1256] /Users/nigiri/.volare/sky130A/libs.ref/sky130_fd_sc_hd/lib/sky130_fd_sc_hd__ff_n40C_1v95.lib line 6836, table template ccsn_pnlh not found.
[WARNING STA-1256] /Users/nigiri/.volare/sky130A/libs.ref/sky130_fd_sc_hd/lib/sky130_fd_sc_hd__ff_n40C_1v95.lib line 6843, table template ccsn_pnlh not found.
[WARNING STA-1256] /Users/nigiri/.volare/sky130A/libs.ref/sky130_fd_sc_hd/lib/sky130_fd_sc_hd__ff_n40C_1v95.lib line 6850, table template ccsn_pnlh not found.
[WARNING STA-1256] /Users/nigiri/.volare/sky130A/libs.ref/sky130_fd_sc_hd/lib/sky130_fd_sc_hd__ff_n40C_1v95.lib line 6859, table template ccsn_pnlh not found.
[WARNING STA-1256] /Users/nigiri/.volare/sky130A/libs.ref/sky130_fd_sc_hd/lib/sky130_fd_sc_hd__ff_n40C_1v95.lib line 6866, table template ccsn_pnlh not found.
[WARNING STA-1256] /Users/nigiri/.volare/sky130A/libs.ref/sky130_fd_sc_hd/lib/sky130_fd_sc_hd__ff_n40C_1v95.lib line 6873, table template ccsn_pnlh not found.
[WARNING STA-1256] /Users/nigiri/.volare/sky130A/libs.ref/sky130_fd_sc_hd/lib/sky130_fd_sc_hd__ff_n40C_1v95.lib line 6880, table template ccsn_pnlh not found.
[WARNING STA-1256] /Users/nigiri/.volare/sky130A/libs.ref/sky130_fd_sc_hd/lib/sky130_fd_sc_hd__ff_n40C_1v95.lib line 6887, table template ccsn_pnlh not found.
[WARNING STA-1256] /Users/nigiri/.volare/sky130A/libs.ref/sky130_fd_sc_hd/lib/sky130_fd_sc_hd__ff_n40C_1v95.lib line 6894, table template ccsn_pnlh not found.
[WARNING STA-1256] /Users/nigiri/.volare/sky130A/libs.ref/sky130_fd_sc_hd/lib/sky130_fd_sc_hd__ff_n40C_1v95.lib line 6901, table template ccsn_pnlh not found.
[WARNING STA-1256] /Users/nigiri/.volare/sky130A/libs.ref/sky130_fd_sc_hd/lib/sky130_fd_sc_hd__ff_n40C_1v95.lib line 6950, table template ccsn_ovrf not found.
[WARNING STA-1256] /Users/nigiri/.volare/sky130A/libs.ref/sky130_fd_sc_hd/lib/sky130_fd_sc_hd__ff_n40C_1v95.lib line 6956, table template ccsn_ovrf not found.
[WARNING STA-1256] /Users/nigiri/.volare/sky130A/libs.ref/sky130_fd_sc_hd/lib/sky130_fd_sc_hd__ff_n40C_1v95.lib line 6962, table template ccsn_ovrf not found.
[WARNING STA-1256] /Users/nigiri/.volare/sky130A/libs.ref/sky130_fd_sc_hd/lib/sky130_fd_sc_hd__ff_n40C_1v95.lib line 6968, table template ccsn_ovrf not found.
[WARNING STA-1256] /Users/nigiri/.volare/sky130A/libs.ref/sky130_fd_sc_hd/lib/sky130_fd_sc_hd__ff_n40C_1v95.lib line 6976, table template ccsn_ovrf not found.
[WARNING STA-1256] /Users/nigiri/.volare/sky130A/libs.ref/sky130_fd_sc_hd/lib/sky130_fd_sc_hd__ff_n40C_1v95.lib line 6982, table template ccsn_ovrf not found.
[WARNING STA-1256] /Users/nigiri/.volare/sky130A/libs.ref/sky130_fd_sc_hd/lib/sky130_fd_sc_hd__ff_n40C_1v95.lib line 6988, table template ccsn_ovrf not found.
[WARNING STA-1256] /Users/nigiri/.volare/sky130A/libs.ref/sky130_fd_sc_hd/lib/sky130_fd_sc_hd__ff_n40C_1v95.lib line 6994, table template ccsn_ovrf not found.
[WARNING STA-1256] /Users/nigiri/.volare/sky130A/libs.ref/sky130_fd_sc_hd/lib/sky130_fd_sc_hd__ff_n40C_1v95.lib line 7002, table template ccsn_pnlh not found.
[WARNING STA-1256] /Users/nigiri/.volare/sky130A/libs.ref/sky130_fd_sc_hd/lib/sky130_fd_sc_hd__ff_n40C_1v95.lib line 7009, table template ccsn_pnlh not found.
[WARNING STA-1256] /Users/nigiri/.volare/sky130A/libs.ref/sky130_fd_sc_hd/lib/sky130_fd_sc_hd__ff_n40C_1v95.lib line 7016, table template ccsn_pnlh not found.
[WARNING STA-1256] /Users/nigiri/.volare/sky130A/libs.ref/sky130_fd_sc_hd/lib/sky130_fd_sc_hd__ff_n40C_1v95.lib line 7023, table template ccsn_pnlh not found.
[WARNING STA-1256] /Users/nigiri/.volare/sky130A/libs.ref/sky130_fd_sc_hd/lib/sky130_fd_sc_hd__ff_n40C_1v95.lib line 7030, table template ccsn_pnlh not found.
[WARNING STA-1256] /Users/nigiri/.volare/sky130A/libs.ref/sky130_fd_sc_hd/lib/sky130_fd_sc_hd__ff_n40C_1v95.lib line 7037, table template ccsn_pnlh not found.
[WARNING STA-1256] /Users/nigiri/.volare/sky130A/libs.ref/sky130_fd_sc_hd/lib/sky130_fd_sc_hd__ff_n40C_1v95.lib line 7044, table template ccsn_pnlh not found.
[WARNING STA-1256] /Users/nigiri/.volare/sky130A/libs.ref/sky130_fd_sc_hd/lib/sky130_fd_sc_hd__ff_n40C_1v95.lib line 7053, table template ccsn_pnlh not found.
[WARNING STA-1256] /Users/nigiri/.volare/sky130A/libs.ref/sky130_fd_sc_hd/lib/sky130_fd_sc_hd__ff_n40C_1v95.lib line 7060, table template ccsn_pnlh not found.
[WARNING STA-1256] /Users/nigiri/.volare/sky130A/libs.ref/sky130_fd_sc_hd/lib/sky130_fd_sc_hd__ff_n40C_1v95.lib line 7067, table template ccsn_pnlh not found.
[WARNING STA-1256] /Users/nigiri/.volare/sky130A/libs.ref/sky130_fd_sc_hd/lib/sky130_fd_sc_hd__ff_n40C_1v95.lib line 7074, table template ccsn_pnlh not found.
[WARNING STA-1256] /Users/nigiri/.volare/sky130A/libs.ref/sky130_fd_sc_hd/lib/sky130_fd_sc_hd__ff_n40C_1v95.lib line 7081, table template ccsn_pnlh not found.
[WARNING STA-1256] /Users/nigiri/.volare/sky130A/libs.ref/sky130_fd_sc_hd/lib/sky130_fd_sc_hd__ff_n40C_1v95.lib line 7088, table template ccsn_pnlh not found.
[WARNING STA-1256] /Users/nigiri/.volare/sky130A/libs.ref/sky130_fd_sc_hd/lib/sky130_fd_sc_hd__ff_n40C_1v95.lib line 7095, table template ccsn_pnlh not found.
[WARNING STA-1256] /Users/nigiri/.volare/sky130A/libs.ref/sky130_fd_sc_hd/lib/sky130_fd_sc_hd__ff_n40C_1v95.lib line 7193, table template ccsn_ovrf not found.
[WARNING STA-1256] /Users/nigiri/.volare/sky130A/libs.ref/sky130_fd_sc_hd/lib/sky130_fd_sc_hd__ff_n40C_1v95.lib line 7199, table template ccsn_ovrf not found.
[WARNING STA-1256] /Users/nigiri/.volare/sky130A/libs.ref/sky130_fd_sc_hd/lib/sky130_fd_sc_hd__ff_n40C_1v95.lib line 7207, table template ccsn_ovrf not found.
[WARNING STA-1256] /Users/nigiri/.volare/sky130A/libs.ref/sky130_fd_sc_hd/lib/sky130_fd_sc_hd__ff_n40C_1v95.lib line 7213, table template ccsn_ovrf not found.
[WARNING STA-1256] /Users/nigiri/.volare/sky130A/libs.ref/sky130_fd_sc_hd/lib/sky130_fd_sc_hd__ff_n40C_1v95.lib line 7221, table template ccsn_pnlh not found.
[WARNING STA-1256] /Users/nigiri/.volare/sky130A/libs.ref/sky130_fd_sc_hd/lib/sky130_fd_sc_hd__ff_n40C_1v95.lib line 7228, table template ccsn_pnlh not found.
[WARNING STA-1256] /Users/nigiri/.volare/sky130A/libs.ref/sky130_fd_sc_hd/lib/sky130_fd_sc_hd__ff_n40C_1v95.lib line 7235, table template ccsn_pnlh not found.
[WARNING STA-1256] /Users/nigiri/.volare/sky130A/libs.ref/sky130_fd_sc_hd/lib/sky130_fd_sc_hd__ff_n40C_1v95.lib line 7242, table template ccsn_pnlh not found.
[WARNING STA-1256] /Users/nigiri/.volare/sky130A/libs.ref/sky130_fd_sc_hd/lib/sky130_fd_sc_hd__ff_n40C_1v95.lib line 7249, table template ccsn_pnlh not found.
[WARNING STA-1256] /Users/nigiri/.volare/sky130A/libs.ref/sky130_fd_sc_hd/lib/sky130_fd_sc_hd__ff_n40C_1v95.lib line 7256, table template ccsn_pnlh not found.
[WARNING STA-1256] /Users/nigiri/.volare/sky130A/libs.ref/sky130_fd_sc_hd/lib/sky130_fd_sc_hd__ff_n40C_1v95.lib line 7263, table template ccsn_pnlh not found.
[WARNING STA-1256] /Users/nigiri/.volare/sky130A/libs.ref/sky130_fd_sc_hd/lib/sky130_fd_sc_hd__ff_n40C_1v95.lib line 7272, table template ccsn_pnlh not found.
[WARNING STA-1256] /Users/nigiri/.volare/sky130A/libs.ref/sky130_fd_sc_hd/lib/sky130_fd_sc_hd__ff_n40C_1v95.lib line 7279, table template ccsn_pnlh not found.
[WARNING STA-1256] /Users/nigiri/.volare/sky130A/libs.ref/sky130_fd_sc_hd/lib/sky130_fd_sc_hd__ff_n40C_1v95.lib line 7286, table template ccsn_pnlh not found.
[WARNING STA-1256] /Users/nigiri/.volare/sky130A/libs.ref/sky130_fd_sc_hd/lib/sky130_fd_sc_hd__ff_n40C_1v95.lib line 7293, table template ccsn_pnlh not found.
[WARNING STA-1256] /Users/nigiri/.volare/sky130A/libs.ref/sky130_fd_sc_hd/lib/sky130_fd_sc_hd__ff_n40C_1v95.lib line 7300, table template ccsn_pnlh not found.
[WARNING STA-1256] /Users/nigiri/.volare/sky130A/libs.ref/sky130_fd_sc_hd/lib/sky130_fd_sc_hd__ff_n40C_1v95.lib line 7307, table template ccsn_pnlh not found.
[WARNING STA-1256] /Users/nigiri/.volare/sky130A/libs.ref/sky130_fd_sc_hd/lib/sky130_fd_sc_hd__ff_n40C_1v95.lib line 7314, table template ccsn_pnlh not found.
[WARNING STA-1256] /Users/nigiri/.volare/sky130A/libs.ref/sky130_fd_sc_hd/lib/sky130_fd_sc_hd__ff_n40C_1v95.lib line 7363, table template ccsn_ovrf not found.
[WARNING STA-1256] /Users/nigiri/.volare/sky130A/libs.ref/sky130_fd_sc_hd/lib/sky130_fd_sc_hd__ff_n40C_1v95.lib line 7369, table template ccsn_ovrf not found.
[WARNING STA-1256] /Users/nigiri/.volare/sky130A/libs.ref/sky130_fd_sc_hd/lib/sky130_fd_sc_hd__ff_n40C_1v95.lib line 7375, table template ccsn_ovrf not found.
[WARNING STA-1256] /Users/nigiri/.volare/sky130A/libs.ref/sky130_fd_sc_hd/lib/sky130_fd_sc_hd__ff_n40C_1v95.lib line 7381, table template ccsn_ovrf not found.
[WARNING STA-1256] /Users/nigiri/.volare/sky130A/libs.ref/sky130_fd_sc_hd/lib/sky130_fd_sc_hd__ff_n40C_1v95.lib line 7389, table template ccsn_ovrf not found.
[WARNING STA-1256] /Users/nigiri/.volare/sky130A/libs.ref/sky130_fd_sc_hd/lib/sky130_fd_sc_hd__ff_n40C_1v95.lib line 7395, table template ccsn_ovrf not found.
[WARNING STA-1256] /Users/nigiri/.volare/sky130A/libs.ref/sky130_fd_sc_hd/lib/sky130_fd_sc_hd__ff_n40C_1v95.lib line 7401, table template ccsn_ovrf not found.
[WARNING STA-1256] /Users/nigiri/.volare/sky130A/libs.ref/sky130_fd_sc_hd/lib/sky130_fd_sc_hd__ff_n40C_1v95.lib line 7407, table template ccsn_ovrf not found.
[WARNING STA-1256] /Users/nigiri/.volare/sky130A/libs.ref/sky130_fd_sc_hd/lib/sky130_fd_sc_hd__ff_n40C_1v95.lib line 7415, table template ccsn_pnlh not found.
[WARNING STA-1256] /Users/nigiri/.volare/sky130A/libs.ref/sky130_fd_sc_hd/lib/sky130_fd_sc_hd__ff_n40C_1v95.lib line 7422, table template ccsn_pnlh not found.
[WARNING STA-1256] /Users/nigiri/.volare/sky130A/libs.ref/sky130_fd_sc_hd/lib/sky130_fd_sc_hd__ff_n40C_1v95.lib line 7429, table template ccsn_pnlh not found.
[WARNING STA-1256] /Users/nigiri/.volare/sky130A/libs.ref/sky130_fd_sc_hd/lib/sky130_fd_sc_hd__ff_n40C_1v95.lib line 7436, table template ccsn_pnlh not found.
[WARNING STA-1256] /Users/nigiri/.volare/sky130A/libs.ref/sky130_fd_sc_hd/lib/sky130_fd_sc_hd__ff_n40C_1v95.lib line 7443, table template ccsn_pnlh not found.
[WARNING STA-1256] /Users/nigiri/.volare/sky130A/libs.ref/sky130_fd_sc_hd/lib/sky130_fd_sc_hd__ff_n40C_1v95.lib line 7450, table template ccsn_pnlh not found.
[WARNING STA-1256] /Users/nigiri/.volare/sky130A/libs.ref/sky130_fd_sc_hd/lib/sky130_fd_sc_hd__ff_n40C_1v95.lib line 7457, table template ccsn_pnlh not found.
[WARNING STA-1256] /Users/nigiri/.volare/sky130A/libs.ref/sky130_fd_sc_hd/lib/sky130_fd_sc_hd__ff_n40C_1v95.lib line 7466, table template ccsn_pnlh not found.
[WARNING STA-1256] /Users/nigiri/.volare/sky130A/libs.ref/sky130_fd_sc_hd/lib/sky130_fd_sc_hd__ff_n40C_1v95.lib line 7473, table template ccsn_pnlh not found.
[WARNING STA-1256] /Users/nigiri/.volare/sky130A/libs.ref/sky130_fd_sc_hd/lib/sky130_fd_sc_hd__ff_n40C_1v95.lib line 7480, table template ccsn_pnlh not found.
[WARNING STA-1256] /Users/nigiri/.volare/sky130A/libs.ref/sky130_fd_sc_hd/lib/sky130_fd_sc_hd__ff_n40C_1v95.lib line 7487, table template ccsn_pnlh not found.
[WARNING STA-1256] /Users/nigiri/.volare/sky130A/libs.ref/sky130_fd_sc_hd/lib/sky130_fd_sc_hd__ff_n40C_1v95.lib line 7494, table template ccsn_pnlh not found.
[WARNING STA-1256] /Users/nigiri/.volare/sky130A/libs.ref/sky130_fd_sc_hd/lib/sky130_fd_sc_hd__ff_n40C_1v95.lib line 7501, table template ccsn_pnlh not found.
[WARNING STA-1256] /Users/nigiri/.volare/sky130A/libs.ref/sky130_fd_sc_hd/lib/sky130_fd_sc_hd__ff_n40C_1v95.lib line 7508, table template ccsn_pnlh not found.
[WARNING STA-1256] /Users/nigiri/.volare/sky130A/libs.ref/sky130_fd_sc_hd/lib/sky130_fd_sc_hd__ff_n40C_1v95.lib line 8002, table template ccsn_ovrf not found.
[WARNING STA-1256] /Users/nigiri/.volare/sky130A/libs.ref/sky130_fd_sc_hd/lib/sky130_fd_sc_hd__ff_n40C_1v95.lib line 8008, table template ccsn_ovrf not found.
[WARNING STA-1256] /Users/nigiri/.volare/sky130A/libs.ref/sky130_fd_sc_hd/lib/sky130_fd_sc_hd__ff_n40C_1v95.lib line 8014, table template ccsn_ovrf not found.
[WARNING STA-1256] /Users/nigiri/.volare/sky130A/libs.ref/sky130_fd_sc_hd/lib/sky130_fd_sc_hd__ff_n40C_1v95.lib line 8020, table template ccsn_ovrf not found.
[WARNING STA-1256] /Users/nigiri/.volare/sky130A/libs.ref/sky130_fd_sc_hd/lib/sky130_fd_sc_hd__ff_n40C_1v95.lib line 8028, table template ccsn_ovrf not found.
[WARNING STA-1256] /Users/nigiri/.volare/sky130A/libs.ref/sky130_fd_sc_hd/lib/sky130_fd_sc_hd__ff_n40C_1v95.lib line 8034, table template ccsn_ovrf not found.
[WARNING STA-1256] /Users/nigiri/.volare/sky130A/libs.ref/sky130_fd_sc_hd/lib/sky130_fd_sc_hd__ff_n40C_1v95.lib line 8040, table template ccsn_ovrf not found.
[WARNING STA-1256] /Users/nigiri/.volare/sky130A/libs.ref/sky130_fd_sc_hd/lib/sky130_fd_sc_hd__ff_n40C_1v95.lib line 8046, table template ccsn_ovrf not found.
[WARNING STA-1256] /Users/nigiri/.volare/sky130A/libs.ref/sky130_fd_sc_hd/lib/sky130_fd_sc_hd__ff_n40C_1v95.lib line 8054, table template ccsn_pnlh not found.
[WARNING STA-1256] /Users/nigiri/.volare/sky130A/libs.ref/sky130_fd_sc_hd/lib/sky130_fd_sc_hd__ff_n40C_1v95.lib line 8061, table template ccsn_pnlh not found.
[WARNING STA-1256] /Users/nigiri/.volare/sky130A/libs.ref/sky130_fd_sc_hd/lib/sky130_fd_sc_hd__ff_n40C_1v95.lib line 8068, table template ccsn_pnlh not found.
[WARNING STA-1256] /Users/nigiri/.volare/sky130A/libs.ref/sky130_fd_sc_hd/lib/sky130_fd_sc_hd__ff_n40C_1v95.lib line 8075, table template ccsn_pnlh not found.
[WARNING STA-1256] /Users/nigiri/.volare/sky130A/libs.ref/sky130_fd_sc_hd/lib/sky130_fd_sc_hd__ff_n40C_1v95.lib line 8082, table template ccsn_pnlh not found.
[WARNING STA-1256] /Users/nigiri/.volare/sky130A/libs.ref/sky130_fd_sc_hd/lib/sky130_fd_sc_hd__ff_n40C_1v95.lib line 8089, table template ccsn_pnlh not found.
[WARNING STA-1256] /Users/nigiri/.volare/sky130A/libs.ref/sky130_fd_sc_hd/lib/sky130_fd_sc_hd__ff_n40C_1v95.lib line 8096, table template ccsn_pnlh not found.
[WARNING STA-1256] /Users/nigiri/.volare/sky130A/libs.ref/sky130_fd_sc_hd/lib/sky130_fd_sc_hd__ff_n40C_1v95.lib line 8105, table template ccsn_pnlh not found.
[WARNING STA-1256] /Users/nigiri/.volare/sky130A/libs.ref/sky130_fd_sc_hd/lib/sky130_fd_sc_hd__ff_n40C_1v95.lib line 8112, table template ccsn_pnlh not found.
[WARNING STA-1256] /Users/nigiri/.volare/sky130A/libs.ref/sky130_fd_sc_hd/lib/sky130_fd_sc_hd__ff_n40C_1v95.lib line 8119, table template ccsn_pnlh not found.
[WARNING STA-1256] /Users/nigiri/.volare/sky130A/libs.ref/sky130_fd_sc_hd/lib/sky130_fd_sc_hd__ff_n40C_1v95.lib line 8126, table template ccsn_pnlh not found.
[WARNING STA-1256] /Users/nigiri/.volare/sky130A/libs.ref/sky130_fd_sc_hd/lib/sky130_fd_sc_hd__ff_n40C_1v95.lib line 8133, table template ccsn_pnlh not found.
[WARNING STA-1256] /Users/nigiri/.volare/sky130A/libs.ref/sky130_fd_sc_hd/lib/sky130_fd_sc_hd__ff_n40C_1v95.lib line 8140, table template ccsn_pnlh not found.
[WARNING STA-1256] /Users/nigiri/.volare/sky130A/libs.ref/sky130_fd_sc_hd/lib/sky130_fd_sc_hd__ff_n40C_1v95.lib line 8147, table template ccsn_pnlh not found.
[WARNING STA-1256] /Users/nigiri/.volare/sky130A/libs.ref/sky130_fd_sc_hd/lib/sky130_fd_sc_hd__ff_n40C_1v95.lib line 8245, table template ccsn_ovrf not found.
[WARNING STA-1256] /Users/nigiri/.volare/sky130A/libs.ref/sky130_fd_sc_hd/lib/sky130_fd_sc_hd__ff_n40C_1v95.lib line 8251, table template ccsn_ovrf not found.
[WARNING STA-1256] /Users/nigiri/.volare/sky130A/libs.ref/sky130_fd_sc_hd/lib/sky130_fd_sc_hd__ff_n40C_1v95.lib line 8257, table template ccsn_ovrf not found.
[WARNING STA-1256] /Users/nigiri/.volare/sky130A/libs.ref/sky130_fd_sc_hd/lib/sky130_fd_sc_hd__ff_n40C_1v95.lib line 8263, table template ccsn_ovrf not found.
[WARNING STA-1256] /Users/nigiri/.volare/sky130A/libs.ref/sky130_fd_sc_hd/lib/sky130_fd_sc_hd__ff_n40C_1v95.lib line 8271, table template ccsn_ovrf not found.
[WARNING STA-1256] /Users/nigiri/.volare/sky130A/libs.ref/sky130_fd_sc_hd/lib/sky130_fd_sc_hd__ff_n40C_1v95.lib line 8277, table template ccsn_ovrf not found.
[WARNING STA-1256] /Users/nigiri/.volare/sky130A/libs.ref/sky130_fd_sc_hd/lib/sky130_fd_sc_hd__ff_n40C_1v95.lib line 8283, table template ccsn_ovrf not found.
[WARNING STA-1256] /Users/nigiri/.volare/sky130A/libs.ref/sky130_fd_sc_hd/lib/sky130_fd_sc_hd__ff_n40C_1v95.lib line 8289, table template ccsn_ovrf not found.
[WARNING STA-1256] /Users/nigiri/.volare/sky130A/libs.ref/sky130_fd_sc_hd/lib/sky130_fd_sc_hd__ff_n40C_1v95.lib line 8297, table template ccsn_pnlh not found.
[WARNING STA-1256] /Users/nigiri/.volare/sky130A/libs.ref/sky130_fd_sc_hd/lib/sky130_fd_sc_hd__ff_n40C_1v95.lib line 8304, table template ccsn_pnlh not found.
[WARNING STA-1256] /Users/nigiri/.volare/sky130A/libs.ref/sky130_fd_sc_hd/lib/sky130_fd_sc_hd__ff_n40C_1v95.lib line 8311, table template ccsn_pnlh not found.
[WARNING STA-1256] /Users/nigiri/.volare/sky130A/libs.ref/sky130_fd_sc_hd/lib/sky130_fd_sc_hd__ff_n40C_1v95.lib line 8318, table template ccsn_pnlh not found.
[WARNING STA-1256] /Users/nigiri/.volare/sky130A/libs.ref/sky130_fd_sc_hd/lib/sky130_fd_sc_hd__ff_n40C_1v95.lib line 8325, table template ccsn_pnlh not found.
[WARNING STA-1256] /Users/nigiri/.volare/sky130A/libs.ref/sky130_fd_sc_hd/lib/sky130_fd_sc_hd__ff_n40C_1v95.lib line 8332, table template ccsn_pnlh not found.
[WARNING STA-1256] /Users/nigiri/.volare/sky130A/libs.ref/sky130_fd_sc_hd/lib/sky130_fd_sc_hd__ff_n40C_1v95.lib line 8339, table template ccsn_pnlh not found.
[WARNING STA-1256] /Users/nigiri/.volare/sky130A/libs.ref/sky130_fd_sc_hd/lib/sky130_fd_sc_hd__ff_n40C_1v95.lib line 8348, table template ccsn_pnlh not found.
[WARNING STA-1256] /Users/nigiri/.volare/sky130A/libs.ref/sky130_fd_sc_hd/lib/sky130_fd_sc_hd__ff_n40C_1v95.lib line 8355, table template ccsn_pnlh not found.
[WARNING STA-1256] /Users/nigiri/.volare/sky130A/libs.ref/sky130_fd_sc_hd/lib/sky130_fd_sc_hd__ff_n40C_1v95.lib line 8362, table template ccsn_pnlh not found.
[WARNING STA-1256] /Users/nigiri/.volare/sky130A/libs.ref/sky130_fd_sc_hd/lib/sky130_fd_sc_hd__ff_n40C_1v95.lib line 8369, table template ccsn_pnlh not found.
[WARNING STA-1256] /Users/nigiri/.volare/sky130A/libs.ref/sky130_fd_sc_hd/lib/sky130_fd_sc_hd__ff_n40C_1v95.lib line 8376, table template ccsn_pnlh not found.
[WARNING STA-1256] /Users/nigiri/.volare/sky130A/libs.ref/sky130_fd_sc_hd/lib/sky130_fd_sc_hd__ff_n40C_1v95.lib line 8383, table template ccsn_pnlh not found.
[WARNING STA-1256] /Users/nigiri/.volare/sky130A/libs.ref/sky130_fd_sc_hd/lib/sky130_fd_sc_hd__ff_n40C_1v95.lib line 8390, table template ccsn_pnlh not found.
[WARNING STA-1256] /Users/nigiri/.volare/sky130A/libs.ref/sky130_fd_sc_hd/lib/sky130_fd_sc_hd__ff_n40C_1v95.lib line 8488, table template ccsn_ovrf not found.
[WARNING STA-1256] /Users/nigiri/.volare/sky130A/libs.ref/sky130_fd_sc_hd/lib/sky130_fd_sc_hd__ff_n40C_1v95.lib line 8494, table template ccsn_ovrf not found.
[WARNING STA-1256] /Users/nigiri/.volare/sky130A/libs.ref/sky130_fd_sc_hd/lib/sky130_fd_sc_hd__ff_n40C_1v95.lib line 8500, table template ccsn_ovrf not found.
[WARNING STA-1256] /Users/nigiri/.volare/sky130A/libs.ref/sky130_fd_sc_hd/lib/sky130_fd_sc_hd__ff_n40C_1v95.lib line 8506, table template ccsn_ovrf not found.
[WARNING STA-1256] /Users/nigiri/.volare/sky130A/libs.ref/sky130_fd_sc_hd/lib/sky130_fd_sc_hd__ff_n40C_1v95.lib line 8514, table template ccsn_ovrf not found.
[WARNING STA-1256] /Users/nigiri/.volare/sky130A/libs.ref/sky130_fd_sc_hd/lib/sky130_fd_sc_hd__ff_n40C_1v95.lib line 8520, table template ccsn_ovrf not found.
[WARNING STA-1256] /Users/nigiri/.volare/sky130A/libs.ref/sky130_fd_sc_hd/lib/sky130_fd_sc_hd__ff_n40C_1v95.lib line 8526, table template ccsn_ovrf not found.
[WARNING STA-1256] /Users/nigiri/.volare/sky130A/libs.ref/sky130_fd_sc_hd/lib/sky130_fd_sc_hd__ff_n40C_1v95.lib line 8532, table template ccsn_ovrf not found.
[WARNING STA-1256] /Users/nigiri/.volare/sky130A/libs.ref/sky130_fd_sc_hd/lib/sky130_fd_sc_hd__ff_n40C_1v95.lib line 8540, table template ccsn_pnlh not found.
[WARNING STA-1256] /Users/nigiri/.volare/sky130A/libs.ref/sky130_fd_sc_hd/lib/sky130_fd_sc_hd__ff_n40C_1v95.lib line 8547, table template ccsn_pnlh not found.
[WARNING STA-1256] /Users/nigiri/.volare/sky130A/libs.ref/sky130_fd_sc_hd/lib/sky130_fd_sc_hd__ff_n40C_1v95.lib line 8554, table template ccsn_pnlh not found.
[WARNING STA-1256] /Users/nigiri/.volare/sky130A/libs.ref/sky130_fd_sc_hd/lib/sky130_fd_sc_hd__ff_n40C_1v95.lib line 8561, table template ccsn_pnlh not found.
[WARNING STA-1256] /Users/nigiri/.volare/sky130A/libs.ref/sky130_fd_sc_hd/lib/sky130_fd_sc_hd__ff_n40C_1v95.lib line 8568, table template ccsn_pnlh not found.
[WARNING STA-1256] /Users/nigiri/.volare/sky130A/libs.ref/sky130_fd_sc_hd/lib/sky130_fd_sc_hd__ff_n40C_1v95.lib line 8575, table template ccsn_pnlh not found.
[WARNING STA-1256] /Users/nigiri/.volare/sky130A/libs.ref/sky130_fd_sc_hd/lib/sky130_fd_sc_hd__ff_n40C_1v95.lib line 8582, table template ccsn_pnlh not found.
[WARNING STA-1256] /Users/nigiri/.volare/sky130A/libs.ref/sky130_fd_sc_hd/lib/sky130_fd_sc_hd__ff_n40C_1v95.lib line 8591, table template ccsn_pnlh not found.
[WARNING STA-1256] /Users/nigiri/.volare/sky130A/libs.ref/sky130_fd_sc_hd/lib/sky130_fd_sc_hd__ff_n40C_1v95.lib line 8598, table template ccsn_pnlh not found.
[WARNING STA-1256] /Users/nigiri/.volare/sky130A/libs.ref/sky130_fd_sc_hd/lib/sky130_fd_sc_hd__ff_n40C_1v95.lib line 8605, table template ccsn_pnlh not found.
[WARNING STA-1256] /Users/nigiri/.volare/sky130A/libs.ref/sky130_fd_sc_hd/lib/sky130_fd_sc_hd__ff_n40C_1v95.lib line 8612, table template ccsn_pnlh not found.
[WARNING STA-1256] /Users/nigiri/.volare/sky130A/libs.ref/sky130_fd_sc_hd/lib/sky130_fd_sc_hd__ff_n40C_1v95.lib line 8619, table template ccsn_pnlh not found.
[WARNING STA-1256] /Users/nigiri/.volare/sky130A/libs.ref/sky130_fd_sc_hd/lib/sky130_fd_sc_hd__ff_n40C_1v95.lib line 8626, table template ccsn_pnlh not found.
[WARNING STA-1256] /Users/nigiri/.volare/sky130A/libs.ref/sky130_fd_sc_hd/lib/sky130_fd_sc_hd__ff_n40C_1v95.lib line 8633, table template ccsn_pnlh not found.
[WARNING STA-1256] /Users/nigiri/.volare/sky130A/libs.ref/sky130_fd_sc_hd/lib/sky130_fd_sc_hd__ff_n40C_1v95.lib line 8731, table template ccsn_ovrf not found.
[WARNING STA-1256] /Users/nigiri/.volare/sky130A/libs.ref/sky130_fd_sc_hd/lib/sky130_fd_sc_hd__ff_n40C_1v95.lib line 8737, table template ccsn_ovrf not found.
[WARNING STA-1256] /Users/nigiri/.volare/sky130A/libs.ref/sky130_fd_sc_hd/lib/sky130_fd_sc_hd__ff_n40C_1v95.lib line 8743, table template ccsn_ovrf not found.
[WARNING STA-1256] /Users/nigiri/.volare/sky130A/libs.ref/sky130_fd_sc_hd/lib/sky130_fd_sc_hd__ff_n40C_1v95.lib line 8749, table template ccsn_ovrf not found.
[WARNING STA-1256] /Users/nigiri/.volare/sky130A/libs.ref/sky130_fd_sc_hd/lib/sky130_fd_sc_hd__ff_n40C_1v95.lib line 8757, table template ccsn_ovrf not found.
[WARNING STA-1256] /Users/nigiri/.volare/sky130A/libs.ref/sky130_fd_sc_hd/lib/sky130_fd_sc_hd__ff_n40C_1v95.lib line 8763, table template ccsn_ovrf not found.
[WARNING STA-1256] /Users/nigiri/.volare/sky130A/libs.ref/sky130_fd_sc_hd/lib/sky130_fd_sc_hd__ff_n40C_1v95.lib line 8769, table template ccsn_ovrf not found.
[WARNING STA-1256] /Users/nigiri/.volare/sky130A/libs.ref/sky130_fd_sc_hd/lib/sky130_fd_sc_hd__ff_n40C_1v95.lib line 8775, table template ccsn_ovrf not found.
[WARNING STA-1256] /Users/nigiri/.volare/sky130A/libs.ref/sky130_fd_sc_hd/lib/sky130_fd_sc_hd__ff_n40C_1v95.lib line 8783, table template ccsn_pnlh not found.
[WARNING STA-1256] /Users/nigiri/.volare/sky130A/libs.ref/sky130_fd_sc_hd/lib/sky130_fd_sc_hd__ff_n40C_1v95.lib line 8790, table template ccsn_pnlh not found.
[WARNING STA-1256] /Users/nigiri/.volare/sky130A/libs.ref/sky130_fd_sc_hd/lib/sky130_fd_sc_hd__ff_n40C_1v95.lib line 8797, table template ccsn_pnlh not found.
[WARNING STA-1256] /Users/nigiri/.volare/sky130A/libs.ref/sky130_fd_sc_hd/lib/sky130_fd_sc_hd__ff_n40C_1v95.lib line 8804, table template ccsn_pnlh not found.
[WARNING STA-1256] /Users/nigiri/.volare/sky130A/libs.ref/sky130_fd_sc_hd/lib/sky130_fd_sc_hd__ff_n40C_1v95.lib line 8811, table template ccsn_pnlh not found.
[WARNING STA-1256] /Users/nigiri/.volare/sky130A/libs.ref/sky130_fd_sc_hd/lib/sky130_fd_sc_hd__ff_n40C_1v95.lib line 8818, table template ccsn_pnlh not found.
[WARNING STA-1256] /Users/nigiri/.volare/sky130A/libs.ref/sky130_fd_sc_hd/lib/sky130_fd_sc_hd__ff_n40C_1v95.lib line 8825, table template ccsn_pnlh not found.
[WARNING STA-1256] /Users/nigiri/.volare/sky130A/libs.ref/sky130_fd_sc_hd/lib/sky130_fd_sc_hd__ff_n40C_1v95.lib line 8834, table template ccsn_pnlh not found.
[WARNING STA-1256] /Users/nigiri/.volare/sky130A/libs.ref/sky130_fd_sc_hd/lib/sky130_fd_sc_hd__ff_n40C_1v95.lib line 8841, table template ccsn_pnlh not found.
[WARNING STA-1256] /Users/nigiri/.volare/sky130A/libs.ref/sky130_fd_sc_hd/lib/sky130_fd_sc_hd__ff_n40C_1v95.lib line 8848, table template ccsn_pnlh not found.
[WARNING STA-1256] /Users/nigiri/.volare/sky130A/libs.ref/sky130_fd_sc_hd/lib/sky130_fd_sc_hd__ff_n40C_1v95.lib line 8855, table template ccsn_pnlh not found.
[WARNING STA-1256] /Users/nigiri/.volare/sky130A/libs.ref/sky130_fd_sc_hd/lib/sky130_fd_sc_hd__ff_n40C_1v95.lib line 8862, table template ccsn_pnlh not found.
[WARNING STA-1256] /Users/nigiri/.volare/sky130A/libs.ref/sky130_fd_sc_hd/lib/sky130_fd_sc_hd__ff_n40C_1v95.lib line 8869, table template ccsn_pnlh not found.
[WARNING STA-1256] /Users/nigiri/.volare/sky130A/libs.ref/sky130_fd_sc_hd/lib/sky130_fd_sc_hd__ff_n40C_1v95.lib line 8876, table template ccsn_pnlh not found.
[WARNING STA-1256] /Users/nigiri/.volare/sky130A/libs.ref/sky130_fd_sc_hd/lib/sky130_fd_sc_hd__ff_n40C_1v95.lib line 8974, table template ccsn_ovrf not found.
[WARNING STA-1256] /Users/nigiri/.volare/sky130A/libs.ref/sky130_fd_sc_hd/lib/sky130_fd_sc_hd__ff_n40C_1v95.lib line 8980, table template ccsn_ovrf not found.
[WARNING STA-1256] /Users/nigiri/.volare/sky130A/libs.ref/sky130_fd_sc_hd/lib/sky130_fd_sc_hd__ff_n40C_1v95.lib line 8986, table template ccsn_ovrf not found.
[WARNING STA-1256] /Users/nigiri/.volare/sky130A/libs.ref/sky130_fd_sc_hd/lib/sky130_fd_sc_hd__ff_n40C_1v95.lib line 8992, table template ccsn_ovrf not found.
[WARNING STA-1256] /Users/nigiri/.volare/sky130A/libs.ref/sky130_fd_sc_hd/lib/sky130_fd_sc_hd__ff_n40C_1v95.lib line 9000, table template ccsn_ovrf not found.
[WARNING STA-1256] /Users/nigiri/.volare/sky130A/libs.ref/sky130_fd_sc_hd/lib/sky130_fd_sc_hd__ff_n40C_1v95.lib line 9006, table template ccsn_ovrf not found.
[WARNING STA-1256] /Users/nigiri/.volare/sky130A/libs.ref/sky130_fd_sc_hd/lib/sky130_fd_sc_hd__ff_n40C_1v95.lib line 9012, table template ccsn_ovrf not found.
[WARNING STA-1256] /Users/nigiri/.volare/sky130A/libs.ref/sky130_fd_sc_hd/lib/sky130_fd_sc_hd__ff_n40C_1v95.lib line 9018, table template ccsn_ovrf not found.
[WARNING STA-1256] /Users/nigiri/.volare/sky130A/libs.ref/sky130_fd_sc_hd/lib/sky130_fd_sc_hd__ff_n40C_1v95.lib line 9026, table template ccsn_pnlh not found.
[WARNING STA-1256] /Users/nigiri/.volare/sky130A/libs.ref/sky130_fd_sc_hd/lib/sky130_fd_sc_hd__ff_n40C_1v95.lib line 9033, table template ccsn_pnlh not found.
[WARNING STA-1256] /Users/nigiri/.volare/sky130A/libs.ref/sky130_fd_sc_hd/lib/sky130_fd_sc_hd__ff_n40C_1v95.lib line 9040, table template ccsn_pnlh not found.
[WARNING STA-1256] /Users/nigiri/.volare/sky130A/libs.ref/sky130_fd_sc_hd/lib/sky130_fd_sc_hd__ff_n40C_1v95.lib line 9047, table template ccsn_pnlh not found.
[WARNING STA-1256] /Users/nigiri/.volare/sky130A/libs.ref/sky130_fd_sc_hd/lib/sky130_fd_sc_hd__ff_n40C_1v95.lib line 9054, table template ccsn_pnlh not found.
[WARNING STA-1256] /Users/nigiri/.volare/sky130A/libs.ref/sky130_fd_sc_hd/lib/sky130_fd_sc_hd__ff_n40C_1v95.lib line 9061, table template ccsn_pnlh not found.
[WARNING STA-1256] /Users/nigiri/.volare/sky130A/libs.ref/sky130_fd_sc_hd/lib/sky130_fd_sc_hd__ff_n40C_1v95.lib line 9068, table template ccsn_pnlh not found.
[WARNING STA-1256] /Users/nigiri/.volare/sky130A/libs.ref/sky130_fd_sc_hd/lib/sky130_fd_sc_hd__ff_n40C_1v95.lib line 9077, table template ccsn_pnlh not found.
[WARNING STA-1256] /Users/nigiri/.volare/sky130A/libs.ref/sky130_fd_sc_hd/lib/sky130_fd_sc_hd__ff_n40C_1v95.lib line 9084, table template ccsn_pnlh not found.
[WARNING STA-1256] /Users/nigiri/.volare/sky130A/libs.ref/sky130_fd_sc_hd/lib/sky130_fd_sc_hd__ff_n40C_1v95.lib line 9091, table template ccsn_pnlh not found.
[WARNING STA-1256] /Users/nigiri/.volare/sky130A/libs.ref/sky130_fd_sc_hd/lib/sky130_fd_sc_hd__ff_n40C_1v95.lib line 9098, table template ccsn_pnlh not found.
[WARNING STA-1256] /Users/nigiri/.volare/sky130A/libs.ref/sky130_fd_sc_hd/lib/sky130_fd_sc_hd__ff_n40C_1v95.lib line 9105, table template ccsn_pnlh not found.
[WARNING STA-1256] /Users/nigiri/.volare/sky130A/libs.ref/sky130_fd_sc_hd/lib/sky130_fd_sc_hd__ff_n40C_1v95.lib line 9112, table template ccsn_pnlh not found.
[WARNING STA-1256] /Users/nigiri/.volare/sky130A/libs.ref/sky130_fd_sc_hd/lib/sky130_fd_sc_hd__ff_n40C_1v95.lib line 9119, table template ccsn_pnlh not found.
[WARNING STA-1256] /Users/nigiri/.volare/sky130A/libs.ref/sky130_fd_sc_hd/lib/sky130_fd_sc_hd__ff_n40C_1v95.lib line 9613, table template ccsn_ovrf not found.
[WARNING STA-1256] /Users/nigiri/.volare/sky130A/libs.ref/sky130_fd_sc_hd/lib/sky130_fd_sc_hd__ff_n40C_1v95.lib line 9619, table template ccsn_ovrf not found.
[WARNING STA-1256] /Users/nigiri/.volare/sky130A/libs.ref/sky130_fd_sc_hd/lib/sky130_fd_sc_hd__ff_n40C_1v95.lib line 9625, table template ccsn_ovrf not found.
[WARNING STA-1256] /Users/nigiri/.volare/sky130A/libs.ref/sky130_fd_sc_hd/lib/sky130_fd_sc_hd__ff_n40C_1v95.lib line 9631, table template ccsn_ovrf not found.
[WARNING STA-1256] /Users/nigiri/.volare/sky130A/libs.ref/sky130_fd_sc_hd/lib/sky130_fd_sc_hd__ff_n40C_1v95.lib line 9639, table template ccsn_ovrf not found.
[WARNING STA-1256] /Users/nigiri/.volare/sky130A/libs.ref/sky130_fd_sc_hd/lib/sky130_fd_sc_hd__ff_n40C_1v95.lib line 9645, table template ccsn_ovrf not found.
[WARNING STA-1256] /Users/nigiri/.volare/sky130A/libs.ref/sky130_fd_sc_hd/lib/sky130_fd_sc_hd__ff_n40C_1v95.lib line 9651, table template ccsn_ovrf not found.
[WARNING STA-1256] /Users/nigiri/.volare/sky130A/libs.ref/sky130_fd_sc_hd/lib/sky130_fd_sc_hd__ff_n40C_1v95.lib line 9657, table template ccsn_ovrf not found.
[WARNING STA-1256] /Users/nigiri/.volare/sky130A/libs.ref/sky130_fd_sc_hd/lib/sky130_fd_sc_hd__ff_n40C_1v95.lib line 9665, table template ccsn_pnlh not found.
[WARNING STA-1256] /Users/nigiri/.volare/sky130A/libs.ref/sky130_fd_sc_hd/lib/sky130_fd_sc_hd__ff_n40C_1v95.lib line 9672, table template ccsn_pnlh not found.
[WARNING STA-1256] /Users/nigiri/.volare/sky130A/libs.ref/sky130_fd_sc_hd/lib/sky130_fd_sc_hd__ff_n40C_1v95.lib line 9679, table template ccsn_pnlh not found.
[WARNING STA-1256] /Users/nigiri/.volare/sky130A/libs.ref/sky130_fd_sc_hd/lib/sky130_fd_sc_hd__ff_n40C_1v95.lib line 9686, table template ccsn_pnlh not found.
[WARNING STA-1256] /Users/nigiri/.volare/sky130A/libs.ref/sky130_fd_sc_hd/lib/sky130_fd_sc_hd__ff_n40C_1v95.lib line 9693, table template ccsn_pnlh not found.
[WARNING STA-1256] /Users/nigiri/.volare/sky130A/libs.ref/sky130_fd_sc_hd/lib/sky130_fd_sc_hd__ff_n40C_1v95.lib line 9700, table template ccsn_pnlh not found.
[WARNING STA-1256] /Users/nigiri/.volare/sky130A/libs.ref/sky130_fd_sc_hd/lib/sky130_fd_sc_hd__ff_n40C_1v95.lib line 9707, table template ccsn_pnlh not found.
[WARNING STA-1256] /Users/nigiri/.volare/sky130A/libs.ref/sky130_fd_sc_hd/lib/sky130_fd_sc_hd__ff_n40C_1v95.lib line 9716, table template ccsn_pnlh not found.
[WARNING STA-1256] /Users/nigiri/.volare/sky130A/libs.ref/sky130_fd_sc_hd/lib/sky130_fd_sc_hd__ff_n40C_1v95.lib line 9723, table template ccsn_pnlh not found.
[WARNING STA-1256] /Users/nigiri/.volare/sky130A/libs.ref/sky130_fd_sc_hd/lib/sky130_fd_sc_hd__ff_n40C_1v95.lib line 9730, table template ccsn_pnlh not found.
[WARNING STA-1256] /Users/nigiri/.volare/sky130A/libs.ref/sky130_fd_sc_hd/lib/sky130_fd_sc_hd__ff_n40C_1v95.lib line 9737, table template ccsn_pnlh not found.
[WARNING STA-1256] /Users/nigiri/.volare/sky130A/libs.ref/sky130_fd_sc_hd/lib/sky130_fd_sc_hd__ff_n40C_1v95.lib line 9744, table template ccsn_pnlh not found.
[WARNING STA-1256] /Users/nigiri/.volare/sky130A/libs.ref/sky130_fd_sc_hd/lib/sky130_fd_sc_hd__ff_n40C_1v95.lib line 9751, table template ccsn_pnlh not found.
[WARNING STA-1256] /Users/nigiri/.volare/sky130A/libs.ref/sky130_fd_sc_hd/lib/sky130_fd_sc_hd__ff_n40C_1v95.lib line 9758, table template ccsn_pnlh not found.
[WARNING STA-1256] /Users/nigiri/.volare/sky130A/libs.ref/sky130_fd_sc_hd/lib/sky130_fd_sc_hd__ff_n40C_1v95.lib line 9856, table template ccsn_ovrf not found.
[WARNING STA-1256] /Users/nigiri/.volare/sky130A/libs.ref/sky130_fd_sc_hd/lib/sky130_fd_sc_hd__ff_n40C_1v95.lib line 9862, table template ccsn_ovrf not found.
[WARNING STA-1256] /Users/nigiri/.volare/sky130A/libs.ref/sky130_fd_sc_hd/lib/sky130_fd_sc_hd__ff_n40C_1v95.lib line 9868, table template ccsn_ovrf not found.
[WARNING STA-1256] /Users/nigiri/.volare/sky130A/libs.ref/sky130_fd_sc_hd/lib/sky130_fd_sc_hd__ff_n40C_1v95.lib line 9874, table template ccsn_ovrf not found.
[WARNING STA-1256] /Users/nigiri/.volare/sky130A/libs.ref/sky130_fd_sc_hd/lib/sky130_fd_sc_hd__ff_n40C_1v95.lib line 9882, table template ccsn_ovrf not found.
[WARNING STA-1256] /Users/nigiri/.volare/sky130A/libs.ref/sky130_fd_sc_hd/lib/sky130_fd_sc_hd__ff_n40C_1v95.lib line 9888, table template ccsn_ovrf not found.
[WARNING STA-1256] /Users/nigiri/.volare/sky130A/libs.ref/sky130_fd_sc_hd/lib/sky130_fd_sc_hd__ff_n40C_1v95.lib line 9894, table template ccsn_ovrf not found.
[WARNING STA-1256] /Users/nigiri/.volare/sky130A/libs.ref/sky130_fd_sc_hd/lib/sky130_fd_sc_hd__ff_n40C_1v95.lib line 9900, table template ccsn_ovrf not found.
[WARNING STA-1256] /Users/nigiri/.volare/sky130A/libs.ref/sky130_fd_sc_hd/lib/sky130_fd_sc_hd__ff_n40C_1v95.lib line 9908, table template ccsn_pnlh not found.
[WARNING STA-1256] /Users/nigiri/.volare/sky130A/libs.ref/sky130_fd_sc_hd/lib/sky130_fd_sc_hd__ff_n40C_1v95.lib line 9915, table template ccsn_pnlh not found.
[WARNING STA-1256] /Users/nigiri/.volare/sky130A/libs.ref/sky130_fd_sc_hd/lib/sky130_fd_sc_hd__ff_n40C_1v95.lib line 9922, table template ccsn_pnlh not found.
[WARNING STA-1256] /Users/nigiri/.volare/sky130A/libs.ref/sky130_fd_sc_hd/lib/sky130_fd_sc_hd__ff_n40C_1v95.lib line 9929, table template ccsn_pnlh not found.
[WARNING STA-1256] /Users/nigiri/.volare/sky130A/libs.ref/sky130_fd_sc_hd/lib/sky130_fd_sc_hd__ff_n40C_1v95.lib line 9936, table template ccsn_pnlh not found.
[WARNING STA-1256] /Users/nigiri/.volare/sky130A/libs.ref/sky130_fd_sc_hd/lib/sky130_fd_sc_hd__ff_n40C_1v95.lib line 9943, table template ccsn_pnlh not found.
[WARNING STA-1256] /Users/nigiri/.volare/sky130A/libs.ref/sky130_fd_sc_hd/lib/sky130_fd_sc_hd__ff_n40C_1v95.lib line 9950, table template ccsn_pnlh not found.
[WARNING STA-1256] /Users/nigiri/.volare/sky130A/libs.ref/sky130_fd_sc_hd/lib/sky130_fd_sc_hd__ff_n40C_1v95.lib line 9959, table template ccsn_pnlh not found.
[WARNING STA-1256] /Users/nigiri/.volare/sky130A/libs.ref/sky130_fd_sc_hd/lib/sky130_fd_sc_hd__ff_n40C_1v95.lib line 9966, table template ccsn_pnlh not found.
[WARNING STA-1256] /Users/nigiri/.volare/sky130A/libs.ref/sky130_fd_sc_hd/lib/sky130_fd_sc_hd__ff_n40C_1v95.lib line 9973, table template ccsn_pnlh not found.
[WARNING STA-1256] /Users/nigiri/.volare/sky130A/libs.ref/sky130_fd_sc_hd/lib/sky130_fd_sc_hd__ff_n40C_1v95.lib line 9980, table template ccsn_pnlh not found.
[WARNING STA-1256] /Users/nigiri/.volare/sky130A/libs.ref/sky130_fd_sc_hd/lib/sky130_fd_sc_hd__ff_n40C_1v95.lib line 9987, table template ccsn_pnlh not found.
[WARNING STA-1256] /Users/nigiri/.volare/sky130A/libs.ref/sky130_fd_sc_hd/lib/sky130_fd_sc_hd__ff_n40C_1v95.lib line 9994, table template ccsn_pnlh not found.
[WARNING STA-1256] /Users/nigiri/.volare/sky130A/libs.ref/sky130_fd_sc_hd/lib/sky130_fd_sc_hd__ff_n40C_1v95.lib line 10001, table template ccsn_pnlh not found.
[WARNING STA-1256] /Users/nigiri/.volare/sky130A/libs.ref/sky130_fd_sc_hd/lib/sky130_fd_sc_hd__ff_n40C_1v95.lib line 10099, table template ccsn_ovrf not found.
[WARNING STA-1256] /Users/nigiri/.volare/sky130A/libs.ref/sky130_fd_sc_hd/lib/sky130_fd_sc_hd__ff_n40C_1v95.lib line 10105, table template ccsn_ovrf not found.
[WARNING STA-1256] /Users/nigiri/.volare/sky130A/libs.ref/sky130_fd_sc_hd/lib/sky130_fd_sc_hd__ff_n40C_1v95.lib line 10111, table template ccsn_ovrf not found.
[WARNING STA-1256] /Users/nigiri/.volare/sky130A/libs.ref/sky130_fd_sc_hd/lib/sky130_fd_sc_hd__ff_n40C_1v95.lib line 10117, table template ccsn_ovrf not found.
[WARNING STA-1256] /Users/nigiri/.volare/sky130A/libs.ref/sky130_fd_sc_hd/lib/sky130_fd_sc_hd__ff_n40C_1v95.lib line 10125, table template ccsn_ovrf not found.
[WARNING STA-1256] /Users/nigiri/.volare/sky130A/libs.ref/sky130_fd_sc_hd/lib/sky130_fd_sc_hd__ff_n40C_1v95.lib line 10131, table template ccsn_ovrf not found.
[WARNING STA-1256] /Users/nigiri/.volare/sky130A/libs.ref/sky130_fd_sc_hd/lib/sky130_fd_sc_hd__ff_n40C_1v95.lib line 10137, table template ccsn_ovrf not found.
[WARNING STA-1256] /Users/nigiri/.volare/sky130A/libs.ref/sky130_fd_sc_hd/lib/sky130_fd_sc_hd__ff_n40C_1v95.lib line 10143, table template ccsn_ovrf not found.
[WARNING STA-1256] /Users/nigiri/.volare/sky130A/libs.ref/sky130_fd_sc_hd/lib/sky130_fd_sc_hd__ff_n40C_1v95.lib line 10151, table template ccsn_pnlh not found.
[WARNING STA-1256] /Users/nigiri/.volare/sky130A/libs.ref/sky130_fd_sc_hd/lib/sky130_fd_sc_hd__ff_n40C_1v95.lib line 10158, table template ccsn_pnlh not found.
[WARNING STA-1256] /Users/nigiri/.volare/sky130A/libs.ref/sky130_fd_sc_hd/lib/sky130_fd_sc_hd__ff_n40C_1v95.lib line 10165, table template ccsn_pnlh not found.
[WARNING STA-1256] /Users/nigiri/.volare/sky130A/libs.ref/sky130_fd_sc_hd/lib/sky130_fd_sc_hd__ff_n40C_1v95.lib line 10172, table template ccsn_pnlh not found.
[WARNING STA-1256] /Users/nigiri/.volare/sky130A/libs.ref/sky130_fd_sc_hd/lib/sky130_fd_sc_hd__ff_n40C_1v95.lib line 10179, table template ccsn_pnlh not found.
[WARNING STA-1256] /Users/nigiri/.volare/sky130A/libs.ref/sky130_fd_sc_hd/lib/sky130_fd_sc_hd__ff_n40C_1v95.lib line 10186, table template ccsn_pnlh not found.
[WARNING STA-1256] /Users/nigiri/.volare/sky130A/libs.ref/sky130_fd_sc_hd/lib/sky130_fd_sc_hd__ff_n40C_1v95.lib line 10193, table template ccsn_pnlh not found.
[WARNING STA-1256] /Users/nigiri/.volare/sky130A/libs.ref/sky130_fd_sc_hd/lib/sky130_fd_sc_hd__ff_n40C_1v95.lib line 10202, table template ccsn_pnlh not found.
[WARNING STA-1256] /Users/nigiri/.volare/sky130A/libs.ref/sky130_fd_sc_hd/lib/sky130_fd_sc_hd__ff_n40C_1v95.lib line 10209, table template ccsn_pnlh not found.
[WARNING STA-1256] /Users/nigiri/.volare/sky130A/libs.ref/sky130_fd_sc_hd/lib/sky130_fd_sc_hd__ff_n40C_1v95.lib line 10216, table template ccsn_pnlh not found.
[WARNING STA-1256] /Users/nigiri/.volare/sky130A/libs.ref/sky130_fd_sc_hd/lib/sky130_fd_sc_hd__ff_n40C_1v95.lib line 10223, table template ccsn_pnlh not found.
[WARNING STA-1256] /Users/nigiri/.volare/sky130A/libs.ref/sky130_fd_sc_hd/lib/sky130_fd_sc_hd__ff_n40C_1v95.lib line 10230, table template ccsn_pnlh not found.
[WARNING STA-1256] /Users/nigiri/.volare/sky130A/libs.ref/sky130_fd_sc_hd/lib/sky130_fd_sc_hd__ff_n40C_1v95.lib line 10237, table template ccsn_pnlh not found.
[WARNING STA-1256] /Users/nigiri/.volare/sky130A/libs.ref/sky130_fd_sc_hd/lib/sky130_fd_sc_hd__ff_n40C_1v95.lib line 10244, table template ccsn_pnlh not found.
[WARNING STA-1256] /Users/nigiri/.volare/sky130A/libs.ref/sky130_fd_sc_hd/lib/sky130_fd_sc_hd__ff_n40C_1v95.lib line 10342, table template ccsn_ovrf not found.
[WARNING STA-1256] /Users/nigiri/.volare/sky130A/libs.ref/sky130_fd_sc_hd/lib/sky130_fd_sc_hd__ff_n40C_1v95.lib line 10348, table template ccsn_ovrf not found.
[WARNING STA-1256] /Users/nigiri/.volare/sky130A/libs.ref/sky130_fd_sc_hd/lib/sky130_fd_sc_hd__ff_n40C_1v95.lib line 10354, table template ccsn_ovrf not found.
[WARNING STA-1256] /Users/nigiri/.volare/sky130A/libs.ref/sky130_fd_sc_hd/lib/sky130_fd_sc_hd__ff_n40C_1v95.lib line 10360, table template ccsn_ovrf not found.
[WARNING STA-1256] /Users/nigiri/.volare/sky130A/libs.ref/sky130_fd_sc_hd/lib/sky130_fd_sc_hd__ff_n40C_1v95.lib line 10368, table template ccsn_ovrf not found.
[WARNING STA-1256] /Users/nigiri/.volare/sky130A/libs.ref/sky130_fd_sc_hd/lib/sky130_fd_sc_hd__ff_n40C_1v95.lib line 10374, table template ccsn_ovrf not found.
[WARNING STA-1256] /Users/nigiri/.volare/sky130A/libs.ref/sky130_fd_sc_hd/lib/sky130_fd_sc_hd__ff_n40C_1v95.lib line 10380, table template ccsn_ovrf not found.
[WARNING STA-1256] /Users/nigiri/.volare/sky130A/libs.ref/sky130_fd_sc_hd/lib/sky130_fd_sc_hd__ff_n40C_1v95.lib line 10386, table template ccsn_ovrf not found.
[WARNING STA-1256] /Users/nigiri/.volare/sky130A/libs.ref/sky130_fd_sc_hd/lib/sky130_fd_sc_hd__ff_n40C_1v95.lib line 10394, table template ccsn_pnlh not found.
[WARNING STA-1256] /Users/nigiri/.volare/sky130A/libs.ref/sky130_fd_sc_hd/lib/sky130_fd_sc_hd__ff_n40C_1v95.lib line 10401, table template ccsn_pnlh not found.
[WARNING STA-1256] /Users/nigiri/.volare/sky130A/libs.ref/sky130_fd_sc_hd/lib/sky130_fd_sc_hd__ff_n40C_1v95.lib line 10408, table template ccsn_pnlh not found.
[WARNING STA-1256] /Users/nigiri/.volare/sky130A/libs.ref/sky130_fd_sc_hd/lib/sky130_fd_sc_hd__ff_n40C_1v95.lib line 10415, table template ccsn_pnlh not found.
[WARNING STA-1256] /Users/nigiri/.volare/sky130A/libs.ref/sky130_fd_sc_hd/lib/sky130_fd_sc_hd__ff_n40C_1v95.lib line 10422, table template ccsn_pnlh not found.
[WARNING STA-1256] /Users/nigiri/.volare/sky130A/libs.ref/sky130_fd_sc_hd/lib/sky130_fd_sc_hd__ff_n40C_1v95.lib line 10429, table template ccsn_pnlh not found.
[WARNING STA-1256] /Users/nigiri/.volare/sky130A/libs.ref/sky130_fd_sc_hd/lib/sky130_fd_sc_hd__ff_n40C_1v95.lib line 10436, table template ccsn_pnlh not found.
[WARNING STA-1256] /Users/nigiri/.volare/sky130A/libs.ref/sky130_fd_sc_hd/lib/sky130_fd_sc_hd__ff_n40C_1v95.lib line 10445, table template ccsn_pnlh not found.
[WARNING STA-1256] /Users/nigiri/.volare/sky130A/libs.ref/sky130_fd_sc_hd/lib/sky130_fd_sc_hd__ff_n40C_1v95.lib line 10452, table template ccsn_pnlh not found.
[WARNING STA-1256] /Users/nigiri/.volare/sky130A/libs.ref/sky130_fd_sc_hd/lib/sky130_fd_sc_hd__ff_n40C_1v95.lib line 10459, table template ccsn_pnlh not found.
[WARNING STA-1256] /Users/nigiri/.volare/sky130A/libs.ref/sky130_fd_sc_hd/lib/sky130_fd_sc_hd__ff_n40C_1v95.lib line 10466, table template ccsn_pnlh not found.
[WARNING STA-1256] /Users/nigiri/.volare/sky130A/libs.ref/sky130_fd_sc_hd/lib/sky130_fd_sc_hd__ff_n40C_1v95.lib line 10473, table template ccsn_pnlh not found.
[WARNING STA-1256] /Users/nigiri/.volare/sky130A/libs.ref/sky130_fd_sc_hd/lib/sky130_fd_sc_hd__ff_n40C_1v95.lib line 10480, table template ccsn_pnlh not found.
[WARNING STA-1256] /Users/nigiri/.volare/sky130A/libs.ref/sky130_fd_sc_hd/lib/sky130_fd_sc_hd__ff_n40C_1v95.lib line 10487, table template ccsn_pnlh not found.
[WARNING STA-1256] /Users/nigiri/.volare/sky130A/libs.ref/sky130_fd_sc_hd/lib/sky130_fd_sc_hd__ff_n40C_1v95.lib line 10585, table template ccsn_ovrf not found.
[WARNING STA-1256] /Users/nigiri/.volare/sky130A/libs.ref/sky130_fd_sc_hd/lib/sky130_fd_sc_hd__ff_n40C_1v95.lib line 10591, table template ccsn_ovrf not found.
[WARNING STA-1256] /Users/nigiri/.volare/sky130A/libs.ref/sky130_fd_sc_hd/lib/sky130_fd_sc_hd__ff_n40C_1v95.lib line 10597, table template ccsn_ovrf not found.
[WARNING STA-1256] /Users/nigiri/.volare/sky130A/libs.ref/sky130_fd_sc_hd/lib/sky130_fd_sc_hd__ff_n40C_1v95.lib line 10603, table template ccsn_ovrf not found.
[WARNING STA-1256] /Users/nigiri/.volare/sky130A/libs.ref/sky130_fd_sc_hd/lib/sky130_fd_sc_hd__ff_n40C_1v95.lib line 10611, table template ccsn_ovrf not found.
[WARNING STA-1256] /Users/nigiri/.volare/sky130A/libs.ref/sky130_fd_sc_hd/lib/sky130_fd_sc_hd__ff_n40C_1v95.lib line 10617, table template ccsn_ovrf not found.
[WARNING STA-1256] /Users/nigiri/.volare/sky130A/libs.ref/sky130_fd_sc_hd/lib/sky130_fd_sc_hd__ff_n40C_1v95.lib line 10623, table template ccsn_ovrf not found.
[WARNING STA-1256] /Users/nigiri/.volare/sky130A/libs.ref/sky130_fd_sc_hd/lib/sky130_fd_sc_hd__ff_n40C_1v95.lib line 10629, table template ccsn_ovrf not found.
[WARNING STA-1256] /Users/nigiri/.volare/sky130A/libs.ref/sky130_fd_sc_hd/lib/sky130_fd_sc_hd__ff_n40C_1v95.lib line 10637, table template ccsn_pnlh not found.
[WARNING STA-1256] /Users/nigiri/.volare/sky130A/libs.ref/sky130_fd_sc_hd/lib/sky130_fd_sc_hd__ff_n40C_1v95.lib line 10644, table template ccsn_pnlh not found.
[WARNING STA-1256] /Users/nigiri/.volare/sky130A/libs.ref/sky130_fd_sc_hd/lib/sky130_fd_sc_hd__ff_n40C_1v95.lib line 10651, table template ccsn_pnlh not found.
[WARNING STA-1256] /Users/nigiri/.volare/sky130A/libs.ref/sky130_fd_sc_hd/lib/sky130_fd_sc_hd__ff_n40C_1v95.lib line 10658, table template ccsn_pnlh not found.
[WARNING STA-1256] /Users/nigiri/.volare/sky130A/libs.ref/sky130_fd_sc_hd/lib/sky130_fd_sc_hd__ff_n40C_1v95.lib line 10665, table template ccsn_pnlh not found.
[WARNING STA-1256] /Users/nigiri/.volare/sky130A/libs.ref/sky130_fd_sc_hd/lib/sky130_fd_sc_hd__ff_n40C_1v95.lib line 10672, table template ccsn_pnlh not found.
[WARNING STA-1256] /Users/nigiri/.volare/sky130A/libs.ref/sky130_fd_sc_hd/lib/sky130_fd_sc_hd__ff_n40C_1v95.lib line 10679, table template ccsn_pnlh not found.
[WARNING STA-1256] /Users/nigiri/.volare/sky130A/libs.ref/sky130_fd_sc_hd/lib/sky130_fd_sc_hd__ff_n40C_1v95.lib line 10688, table template ccsn_pnlh not found.
[WARNING STA-1256] /Users/nigiri/.volare/sky130A/libs.ref/sky130_fd_sc_hd/lib/sky130_fd_sc_hd__ff_n40C_1v95.lib line 10695, table template ccsn_pnlh not found.
[WARNING STA-1256] /Users/nigiri/.volare/sky130A/libs.ref/sky130_fd_sc_hd/lib/sky130_fd_sc_hd__ff_n40C_1v95.lib line 10702, table template ccsn_pnlh not found.
[WARNING STA-1256] /Users/nigiri/.volare/sky130A/libs.ref/sky130_fd_sc_hd/lib/sky130_fd_sc_hd__ff_n40C_1v95.lib line 10709, table template ccsn_pnlh not found.
[WARNING STA-1256] /Users/nigiri/.volare/sky130A/libs.ref/sky130_fd_sc_hd/lib/sky130_fd_sc_hd__ff_n40C_1v95.lib line 10716, table template ccsn_pnlh not found.
[WARNING STA-1256] /Users/nigiri/.volare/sky130A/libs.ref/sky130_fd_sc_hd/lib/sky130_fd_sc_hd__ff_n40C_1v95.lib line 10723, table template ccsn_pnlh not found.
[WARNING STA-1256] /Users/nigiri/.volare/sky130A/libs.ref/sky130_fd_sc_hd/lib/sky130_fd_sc_hd__ff_n40C_1v95.lib line 10730, table template ccsn_pnlh not found.
[WARNING STA-1256] /Users/nigiri/.volare/sky130A/libs.ref/sky130_fd_sc_hd/lib/sky130_fd_sc_hd__ff_n40C_1v95.lib line 11224, table template ccsn_ovrf not found.
[WARNING STA-1256] /Users/nigiri/.volare/sky130A/libs.ref/sky130_fd_sc_hd/lib/sky130_fd_sc_hd__ff_n40C_1v95.lib line 11230, table template ccsn_ovrf not found.
[WARNING STA-1256] /Users/nigiri/.volare/sky130A/libs.ref/sky130_fd_sc_hd/lib/sky130_fd_sc_hd__ff_n40C_1v95.lib line 11236, table template ccsn_ovrf not found.
[WARNING STA-1256] /Users/nigiri/.volare/sky130A/libs.ref/sky130_fd_sc_hd/lib/sky130_fd_sc_hd__ff_n40C_1v95.lib line 11242, table template ccsn_ovrf not found.
[WARNING STA-1256] /Users/nigiri/.volare/sky130A/libs.ref/sky130_fd_sc_hd/lib/sky130_fd_sc_hd__ff_n40C_1v95.lib line 11250, table template ccsn_ovrf not found.
[WARNING STA-1256] /Users/nigiri/.volare/sky130A/libs.ref/sky130_fd_sc_hd/lib/sky130_fd_sc_hd__ff_n40C_1v95.lib line 11256, table template ccsn_ovrf not found.
[WARNING STA-1256] /Users/nigiri/.volare/sky130A/libs.ref/sky130_fd_sc_hd/lib/sky130_fd_sc_hd__ff_n40C_1v95.lib line 11262, table template ccsn_ovrf not found.
[WARNING STA-1256] /Users/nigiri/.volare/sky130A/libs.ref/sky130_fd_sc_hd/lib/sky130_fd_sc_hd__ff_n40C_1v95.lib line 11268, table template ccsn_ovrf not found.
[WARNING STA-1256] /Users/nigiri/.volare/sky130A/libs.ref/sky130_fd_sc_hd/lib/sky130_fd_sc_hd__ff_n40C_1v95.lib line 11276, table template ccsn_pnlh not found.
[WARNING STA-1256] /Users/nigiri/.volare/sky130A/libs.ref/sky130_fd_sc_hd/lib/sky130_fd_sc_hd__ff_n40C_1v95.lib line 11283, table template ccsn_pnlh not found.
[WARNING STA-1256] /Users/nigiri/.volare/sky130A/libs.ref/sky130_fd_sc_hd/lib/sky130_fd_sc_hd__ff_n40C_1v95.lib line 11290, table template ccsn_pnlh not found.
[WARNING STA-1256] /Users/nigiri/.volare/sky130A/libs.ref/sky130_fd_sc_hd/lib/sky130_fd_sc_hd__ff_n40C_1v95.lib line 11297, table template ccsn_pnlh not found.
[WARNING STA-1256] /Users/nigiri/.volare/sky130A/libs.ref/sky130_fd_sc_hd/lib/sky130_fd_sc_hd__ff_n40C_1v95.lib line 11304, table template ccsn_pnlh not found.
[WARNING STA-1256] /Users/nigiri/.volare/sky130A/libs.ref/sky130_fd_sc_hd/lib/sky130_fd_sc_hd__ff_n40C_1v95.lib line 11311, table template ccsn_pnlh not found.
[WARNING STA-1256] /Users/nigiri/.volare/sky130A/libs.ref/sky130_fd_sc_hd/lib/sky130_fd_sc_hd__ff_n40C_1v95.lib line 11318, table template ccsn_pnlh not found.
[WARNING STA-1256] /Users/nigiri/.volare/sky130A/libs.ref/sky130_fd_sc_hd/lib/sky130_fd_sc_hd__ff_n40C_1v95.lib line 11327, table template ccsn_pnlh not found.
[WARNING STA-1256] /Users/nigiri/.volare/sky130A/libs.ref/sky130_fd_sc_hd/lib/sky130_fd_sc_hd__ff_n40C_1v95.lib line 11334, table template ccsn_pnlh not found.
[WARNING STA-1256] /Users/nigiri/.volare/sky130A/libs.ref/sky130_fd_sc_hd/lib/sky130_fd_sc_hd__ff_n40C_1v95.lib line 11341, table template ccsn_pnlh not found.
[WARNING STA-1256] /Users/nigiri/.volare/sky130A/libs.ref/sky130_fd_sc_hd/lib/sky130_fd_sc_hd__ff_n40C_1v95.lib line 11348, table template ccsn_pnlh not found.
[WARNING STA-1256] /Users/nigiri/.volare/sky130A/libs.ref/sky130_fd_sc_hd/lib/sky130_fd_sc_hd__ff_n40C_1v95.lib line 11355, table template ccsn_pnlh not found.
[WARNING STA-1256] /Users/nigiri/.volare/sky130A/libs.ref/sky130_fd_sc_hd/lib/sky130_fd_sc_hd__ff_n40C_1v95.lib line 11362, table template ccsn_pnlh not found.
[WARNING STA-1256] /Users/nigiri/.volare/sky130A/libs.ref/sky130_fd_sc_hd/lib/sky130_fd_sc_hd__ff_n40C_1v95.lib line 11369, table template ccsn_pnlh not found.
[WARNING STA-1256] /Users/nigiri/.volare/sky130A/libs.ref/sky130_fd_sc_hd/lib/sky130_fd_sc_hd__ff_n40C_1v95.lib line 11467, table template ccsn_ovrf not found.
[WARNING STA-1256] /Users/nigiri/.volare/sky130A/libs.ref/sky130_fd_sc_hd/lib/sky130_fd_sc_hd__ff_n40C_1v95.lib line 11473, table template ccsn_ovrf not found.
[WARNING STA-1256] /Users/nigiri/.volare/sky130A/libs.ref/sky130_fd_sc_hd/lib/sky130_fd_sc_hd__ff_n40C_1v95.lib line 11479, table template ccsn_ovrf not found.
[WARNING STA-1256] /Users/nigiri/.volare/sky130A/libs.ref/sky130_fd_sc_hd/lib/sky130_fd_sc_hd__ff_n40C_1v95.lib line 11485, table template ccsn_ovrf not found.
[WARNING STA-1256] /Users/nigiri/.volare/sky130A/libs.ref/sky130_fd_sc_hd/lib/sky130_fd_sc_hd__ff_n40C_1v95.lib line 11493, table template ccsn_ovrf not found.
[WARNING STA-1256] /Users/nigiri/.volare/sky130A/libs.ref/sky130_fd_sc_hd/lib/sky130_fd_sc_hd__ff_n40C_1v95.lib line 11499, table template ccsn_ovrf not found.
[WARNING STA-1256] /Users/nigiri/.volare/sky130A/libs.ref/sky130_fd_sc_hd/lib/sky130_fd_sc_hd__ff_n40C_1v95.lib line 11505, table template ccsn_ovrf not found.
[WARNING STA-1256] /Users/nigiri/.volare/sky130A/libs.ref/sky130_fd_sc_hd/lib/sky130_fd_sc_hd__ff_n40C_1v95.lib line 11511, table template ccsn_ovrf not found.
[WARNING STA-1256] /Users/nigiri/.volare/sky130A/libs.ref/sky130_fd_sc_hd/lib/sky130_fd_sc_hd__ff_n40C_1v95.lib line 11519, table template ccsn_pnlh not found.
[WARNING STA-1256] /Users/nigiri/.volare/sky130A/libs.ref/sky130_fd_sc_hd/lib/sky130_fd_sc_hd__ff_n40C_1v95.lib line 11526, table template ccsn_pnlh not found.
[WARNING STA-1256] /Users/nigiri/.volare/sky130A/libs.ref/sky130_fd_sc_hd/lib/sky130_fd_sc_hd__ff_n40C_1v95.lib line 11533, table template ccsn_pnlh not found.
[WARNING STA-1256] /Users/nigiri/.volare/sky130A/libs.ref/sky130_fd_sc_hd/lib/sky130_fd_sc_hd__ff_n40C_1v95.lib line 11540, table template ccsn_pnlh not found.
[WARNING STA-1256] /Users/nigiri/.volare/sky130A/libs.ref/sky130_fd_sc_hd/lib/sky130_fd_sc_hd__ff_n40C_1v95.lib line 11547, table template ccsn_pnlh not found.
[WARNING STA-1256] /Users/nigiri/.volare/sky130A/libs.ref/sky130_fd_sc_hd/lib/sky130_fd_sc_hd__ff_n40C_1v95.lib line 11554, table template ccsn_pnlh not found.
[WARNING STA-1256] /Users/nigiri/.volare/sky130A/libs.ref/sky130_fd_sc_hd/lib/sky130_fd_sc_hd__ff_n40C_1v95.lib line 11561, table template ccsn_pnlh not found.
[WARNING STA-1256] /Users/nigiri/.volare/sky130A/libs.ref/sky130_fd_sc_hd/lib/sky130_fd_sc_hd__ff_n40C_1v95.lib line 11570, table template ccsn_pnlh not found.
[WARNING STA-1256] /Users/nigiri/.volare/sky130A/libs.ref/sky130_fd_sc_hd/lib/sky130_fd_sc_hd__ff_n40C_1v95.lib line 11577, table template ccsn_pnlh not found.
[WARNING STA-1256] /Users/nigiri/.volare/sky130A/libs.ref/sky130_fd_sc_hd/lib/sky130_fd_sc_hd__ff_n40C_1v95.lib line 11584, table template ccsn_pnlh not found.
[WARNING STA-1256] /Users/nigiri/.volare/sky130A/libs.ref/sky130_fd_sc_hd/lib/sky130_fd_sc_hd__ff_n40C_1v95.lib line 11591, table template ccsn_pnlh not found.
[WARNING STA-1256] /Users/nigiri/.volare/sky130A/libs.ref/sky130_fd_sc_hd/lib/sky130_fd_sc_hd__ff_n40C_1v95.lib line 11598, table template ccsn_pnlh not found.
[WARNING STA-1256] /Users/nigiri/.volare/sky130A/libs.ref/sky130_fd_sc_hd/lib/sky130_fd_sc_hd__ff_n40C_1v95.lib line 11605, table template ccsn_pnlh not found.
[WARNING STA-1256] /Users/nigiri/.volare/sky130A/libs.ref/sky130_fd_sc_hd/lib/sky130_fd_sc_hd__ff_n40C_1v95.lib line 11612, table template ccsn_pnlh not found.
[WARNING STA-1256] /Users/nigiri/.volare/sky130A/libs.ref/sky130_fd_sc_hd/lib/sky130_fd_sc_hd__ff_n40C_1v95.lib line 11710, table template ccsn_ovrf not found.
[WARNING STA-1256] /Users/nigiri/.volare/sky130A/libs.ref/sky130_fd_sc_hd/lib/sky130_fd_sc_hd__ff_n40C_1v95.lib line 11716, table template ccsn_ovrf not found.
[WARNING STA-1256] /Users/nigiri/.volare/sky130A/libs.ref/sky130_fd_sc_hd/lib/sky130_fd_sc_hd__ff_n40C_1v95.lib line 11722, table template ccsn_ovrf not found.
[WARNING STA-1256] /Users/nigiri/.volare/sky130A/libs.ref/sky130_fd_sc_hd/lib/sky130_fd_sc_hd__ff_n40C_1v95.lib line 11728, table template ccsn_ovrf not found.
[WARNING STA-1256] /Users/nigiri/.volare/sky130A/libs.ref/sky130_fd_sc_hd/lib/sky130_fd_sc_hd__ff_n40C_1v95.lib line 11736, table template ccsn_ovrf not found.
[WARNING STA-1256] /Users/nigiri/.volare/sky130A/libs.ref/sky130_fd_sc_hd/lib/sky130_fd_sc_hd__ff_n40C_1v95.lib line 11742, table template ccsn_ovrf not found.
[WARNING STA-1256] /Users/nigiri/.volare/sky130A/libs.ref/sky130_fd_sc_hd/lib/sky130_fd_sc_hd__ff_n40C_1v95.lib line 11748, table template ccsn_ovrf not found.
[WARNING STA-1256] /Users/nigiri/.volare/sky130A/libs.ref/sky130_fd_sc_hd/lib/sky130_fd_sc_hd__ff_n40C_1v95.lib line 11754, table template ccsn_ovrf not found.
[WARNING STA-1256] /Users/nigiri/.volare/sky130A/libs.ref/sky130_fd_sc_hd/lib/sky130_fd_sc_hd__ff_n40C_1v95.lib line 11762, table template ccsn_pnlh not found.
[WARNING STA-1256] /Users/nigiri/.volare/sky130A/libs.ref/sky130_fd_sc_hd/lib/sky130_fd_sc_hd__ff_n40C_1v95.lib line 11769, table template ccsn_pnlh not found.
[WARNING STA-1256] /Users/nigiri/.volare/sky130A/libs.ref/sky130_fd_sc_hd/lib/sky130_fd_sc_hd__ff_n40C_1v95.lib line 11776, table template ccsn_pnlh not found.
[WARNING STA-1256] /Users/nigiri/.volare/sky130A/libs.ref/sky130_fd_sc_hd/lib/sky130_fd_sc_hd__ff_n40C_1v95.lib line 11783, table template ccsn_pnlh not found.
[WARNING STA-1256] /Users/nigiri/.volare/sky130A/libs.ref/sky130_fd_sc_hd/lib/sky130_fd_sc_hd__ff_n40C_1v95.lib line 11790, table template ccsn_pnlh not found.
[WARNING STA-1256] /Users/nigiri/.volare/sky130A/libs.ref/sky130_fd_sc_hd/lib/sky130_fd_sc_hd__ff_n40C_1v95.lib line 11797, table template ccsn_pnlh not found.
[WARNING STA-1256] /Users/nigiri/.volare/sky130A/libs.ref/sky130_fd_sc_hd/lib/sky130_fd_sc_hd__ff_n40C_1v95.lib line 11804, table template ccsn_pnlh not found.
[WARNING STA-1256] /Users/nigiri/.volare/sky130A/libs.ref/sky130_fd_sc_hd/lib/sky130_fd_sc_hd__ff_n40C_1v95.lib line 11813, table template ccsn_pnlh not found.
[WARNING STA-1256] /Users/nigiri/.volare/sky130A/libs.ref/sky130_fd_sc_hd/lib/sky130_fd_sc_hd__ff_n40C_1v95.lib line 11820, table template ccsn_pnlh not found.
[WARNING STA-1256] /Users/nigiri/.volare/sky130A/libs.ref/sky130_fd_sc_hd/lib/sky130_fd_sc_hd__ff_n40C_1v95.lib line 11827, table template ccsn_pnlh not found.
[WARNING STA-1256] /Users/nigiri/.volare/sky130A/libs.ref/sky130_fd_sc_hd/lib/sky130_fd_sc_hd__ff_n40C_1v95.lib line 11834, table template ccsn_pnlh not found.
[WARNING STA-1256] /Users/nigiri/.volare/sky130A/libs.ref/sky130_fd_sc_hd/lib/sky130_fd_sc_hd__ff_n40C_1v95.lib line 11841, table template ccsn_pnlh not found.
[WARNING STA-1256] /Users/nigiri/.volare/sky130A/libs.ref/sky130_fd_sc_hd/lib/sky130_fd_sc_hd__ff_n40C_1v95.lib line 11848, table template ccsn_pnlh not found.
[WARNING STA-1256] /Users/nigiri/.volare/sky130A/libs.ref/sky130_fd_sc_hd/lib/sky130_fd_sc_hd__ff_n40C_1v95.lib line 11855, table template ccsn_pnlh not found.
[WARNING STA-1256] /Users/nigiri/.volare/sky130A/libs.ref/sky130_fd_sc_hd/lib/sky130_fd_sc_hd__ff_n40C_1v95.lib line 11953, table template ccsn_ovrf not found.
[WARNING STA-1256] /Users/nigiri/.volare/sky130A/libs.ref/sky130_fd_sc_hd/lib/sky130_fd_sc_hd__ff_n40C_1v95.lib line 11959, table template ccsn_ovrf not found.
[WARNING STA-1256] /Users/nigiri/.volare/sky130A/libs.ref/sky130_fd_sc_hd/lib/sky130_fd_sc_hd__ff_n40C_1v95.lib line 11965, table template ccsn_ovrf not found.
[WARNING STA-1256] /Users/nigiri/.volare/sky130A/libs.ref/sky130_fd_sc_hd/lib/sky130_fd_sc_hd__ff_n40C_1v95.lib line 11971, table template ccsn_ovrf not found.
[WARNING STA-1256] /Users/nigiri/.volare/sky130A/libs.ref/sky130_fd_sc_hd/lib/sky130_fd_sc_hd__ff_n40C_1v95.lib line 11979, table template ccsn_ovrf not found.
[WARNING STA-1256] /Users/nigiri/.volare/sky130A/libs.ref/sky130_fd_sc_hd/lib/sky130_fd_sc_hd__ff_n40C_1v95.lib line 11985, table template ccsn_ovrf not found.
[WARNING STA-1256] /Users/nigiri/.volare/sky130A/libs.ref/sky130_fd_sc_hd/lib/sky130_fd_sc_hd__ff_n40C_1v95.lib line 11991, table template ccsn_ovrf not found.
[WARNING STA-1256] /Users/nigiri/.volare/sky130A/libs.ref/sky130_fd_sc_hd/lib/sky130_fd_sc_hd__ff_n40C_1v95.lib line 11997, table template ccsn_ovrf not found.
[WARNING STA-1256] /Users/nigiri/.volare/sky130A/libs.ref/sky130_fd_sc_hd/lib/sky130_fd_sc_hd__ff_n40C_1v95.lib line 12005, table template ccsn_pnlh not found.
[WARNING STA-1256] /Users/nigiri/.volare/sky130A/libs.ref/sky130_fd_sc_hd/lib/sky130_fd_sc_hd__ff_n40C_1v95.lib line 12012, table template ccsn_pnlh not found.
[WARNING STA-1256] /Users/nigiri/.volare/sky130A/libs.ref/sky130_fd_sc_hd/lib/sky130_fd_sc_hd__ff_n40C_1v95.lib line 12019, table template ccsn_pnlh not found.
[WARNING STA-1256] /Users/nigiri/.volare/sky130A/libs.ref/sky130_fd_sc_hd/lib/sky130_fd_sc_hd__ff_n40C_1v95.lib line 12026, table template ccsn_pnlh not found.
[WARNING STA-1256] /Users/nigiri/.volare/sky130A/libs.ref/sky130_fd_sc_hd/lib/sky130_fd_sc_hd__ff_n40C_1v95.lib line 12033, table template ccsn_pnlh not found.
[WARNING STA-1256] /Users/nigiri/.volare/sky130A/libs.ref/sky130_fd_sc_hd/lib/sky130_fd_sc_hd__ff_n40C_1v95.lib line 12040, table template ccsn_pnlh not found.
[WARNING STA-1256] /Users/nigiri/.volare/sky130A/libs.ref/sky130_fd_sc_hd/lib/sky130_fd_sc_hd__ff_n40C_1v95.lib line 12047, table template ccsn_pnlh not found.
[WARNING STA-1256] /Users/nigiri/.volare/sky130A/libs.ref/sky130_fd_sc_hd/lib/sky130_fd_sc_hd__ff_n40C_1v95.lib line 12056, table template ccsn_pnlh not found.
[WARNING STA-1256] /Users/nigiri/.volare/sky130A/libs.ref/sky130_fd_sc_hd/lib/sky130_fd_sc_hd__ff_n40C_1v95.lib line 12063, table template ccsn_pnlh not found.
[WARNING STA-1256] /Users/nigiri/.volare/sky130A/libs.ref/sky130_fd_sc_hd/lib/sky130_fd_sc_hd__ff_n40C_1v95.lib line 12070, table template ccsn_pnlh not found.
[WARNING STA-1256] /Users/nigiri/.volare/sky130A/libs.ref/sky130_fd_sc_hd/lib/sky130_fd_sc_hd__ff_n40C_1v95.lib line 12077, table template ccsn_pnlh not found.
[WARNING STA-1256] /Users/nigiri/.volare/sky130A/libs.ref/sky130_fd_sc_hd/lib/sky130_fd_sc_hd__ff_n40C_1v95.lib line 12084, table template ccsn_pnlh not found.
[WARNING STA-1256] /Users/nigiri/.volare/sky130A/libs.ref/sky130_fd_sc_hd/lib/sky130_fd_sc_hd__ff_n40C_1v95.lib line 12091, table template ccsn_pnlh not found.
[WARNING STA-1256] /Users/nigiri/.volare/sky130A/libs.ref/sky130_fd_sc_hd/lib/sky130_fd_sc_hd__ff_n40C_1v95.lib line 12098, table template ccsn_pnlh not found.
[WARNING STA-1256] /Users/nigiri/.volare/sky130A/libs.ref/sky130_fd_sc_hd/lib/sky130_fd_sc_hd__ff_n40C_1v95.lib line 12196, table template ccsn_ovrf not found.
[WARNING STA-1256] /Users/nigiri/.volare/sky130A/libs.ref/sky130_fd_sc_hd/lib/sky130_fd_sc_hd__ff_n40C_1v95.lib line 12202, table template ccsn_ovrf not found.
[WARNING STA-1256] /Users/nigiri/.volare/sky130A/libs.ref/sky130_fd_sc_hd/lib/sky130_fd_sc_hd__ff_n40C_1v95.lib line 12208, table template ccsn_ovrf not found.
[WARNING STA-1256] /Users/nigiri/.volare/sky130A/libs.ref/sky130_fd_sc_hd/lib/sky130_fd_sc_hd__ff_n40C_1v95.lib line 12214, table template ccsn_ovrf not found.
[WARNING STA-1256] /Users/nigiri/.volare/sky130A/libs.ref/sky130_fd_sc_hd/lib/sky130_fd_sc_hd__ff_n40C_1v95.lib line 12222, table template ccsn_ovrf not found.
[WARNING STA-1256] /Users/nigiri/.volare/sky130A/libs.ref/sky130_fd_sc_hd/lib/sky130_fd_sc_hd__ff_n40C_1v95.lib line 12228, table template ccsn_ovrf not found.
[WARNING STA-1256] /Users/nigiri/.volare/sky130A/libs.ref/sky130_fd_sc_hd/lib/sky130_fd_sc_hd__ff_n40C_1v95.lib line 12234, table template ccsn_ovrf not found.
[WARNING STA-1256] /Users/nigiri/.volare/sky130A/libs.ref/sky130_fd_sc_hd/lib/sky130_fd_sc_hd__ff_n40C_1v95.lib line 12240, table template ccsn_ovrf not found.
[WARNING STA-1256] /Users/nigiri/.volare/sky130A/libs.ref/sky130_fd_sc_hd/lib/sky130_fd_sc_hd__ff_n40C_1v95.lib line 12248, table template ccsn_pnlh not found.
[WARNING STA-1256] /Users/nigiri/.volare/sky130A/libs.ref/sky130_fd_sc_hd/lib/sky130_fd_sc_hd__ff_n40C_1v95.lib line 12255, table template ccsn_pnlh not found.
[WARNING STA-1256] /Users/nigiri/.volare/sky130A/libs.ref/sky130_fd_sc_hd/lib/sky130_fd_sc_hd__ff_n40C_1v95.lib line 12262, table template ccsn_pnlh not found.
[WARNING STA-1256] /Users/nigiri/.volare/sky130A/libs.ref/sky130_fd_sc_hd/lib/sky130_fd_sc_hd__ff_n40C_1v95.lib line 12269, table template ccsn_pnlh not found.
[WARNING STA-1256] /Users/nigiri/.volare/sky130A/libs.ref/sky130_fd_sc_hd/lib/sky130_fd_sc_hd__ff_n40C_1v95.lib line 12276, table template ccsn_pnlh not found.
[WARNING STA-1256] /Users/nigiri/.volare/sky130A/libs.ref/sky130_fd_sc_hd/lib/sky130_fd_sc_hd__ff_n40C_1v95.lib line 12283, table template ccsn_pnlh not found.
[WARNING STA-1256] /Users/nigiri/.volare/sky130A/libs.ref/sky130_fd_sc_hd/lib/sky130_fd_sc_hd__ff_n40C_1v95.lib line 12290, table template ccsn_pnlh not found.
[WARNING STA-1256] /Users/nigiri/.volare/sky130A/libs.ref/sky130_fd_sc_hd/lib/sky130_fd_sc_hd__ff_n40C_1v95.lib line 12299, table template ccsn_pnlh not found.
[WARNING STA-1256] /Users/nigiri/.volare/sky130A/libs.ref/sky130_fd_sc_hd/lib/sky130_fd_sc_hd__ff_n40C_1v95.lib line 12306, table template ccsn_pnlh not found.
[WARNING STA-1256] /Users/nigiri/.volare/sky130A/libs.ref/sky130_fd_sc_hd/lib/sky130_fd_sc_hd__ff_n40C_1v95.lib line 12313, table template ccsn_pnlh not found.
[WARNING STA-1256] /Users/nigiri/.volare/sky130A/libs.ref/sky130_fd_sc_hd/lib/sky130_fd_sc_hd__ff_n40C_1v95.lib line 12320, table template ccsn_pnlh not found.
[WARNING STA-1256] /Users/nigiri/.volare/sky130A/libs.ref/sky130_fd_sc_hd/lib/sky130_fd_sc_hd__ff_n40C_1v95.lib line 12327, table template ccsn_pnlh not found.
[WARNING STA-1256] /Users/nigiri/.volare/sky130A/libs.ref/sky130_fd_sc_hd/lib/sky130_fd_sc_hd__ff_n40C_1v95.lib line 12334, table template ccsn_pnlh not found.
[WARNING STA-1256] /Users/nigiri/.volare/sky130A/libs.ref/sky130_fd_sc_hd/lib/sky130_fd_sc_hd__ff_n40C_1v95.lib line 12341, table template ccsn_pnlh not found.
[WARNING STA-1256] /Users/nigiri/.volare/sky130A/libs.ref/sky130_fd_sc_hd/lib/sky130_fd_sc_hd__ff_n40C_1v95.lib line 12835, table template ccsn_ovrf not found.
[WARNING STA-1256] /Users/nigiri/.volare/sky130A/libs.ref/sky130_fd_sc_hd/lib/sky130_fd_sc_hd__ff_n40C_1v95.lib line 12841, table template ccsn_ovrf not found.
[WARNING STA-1256] /Users/nigiri/.volare/sky130A/libs.ref/sky130_fd_sc_hd/lib/sky130_fd_sc_hd__ff_n40C_1v95.lib line 12847, table template ccsn_ovrf not found.
[WARNING STA-1256] /Users/nigiri/.volare/sky130A/libs.ref/sky130_fd_sc_hd/lib/sky130_fd_sc_hd__ff_n40C_1v95.lib line 12853, table template ccsn_ovrf not found.
[WARNING STA-1256] /Users/nigiri/.volare/sky130A/libs.ref/sky130_fd_sc_hd/lib/sky130_fd_sc_hd__ff_n40C_1v95.lib line 12861, table template ccsn_ovrf not found.
[WARNING STA-1256] /Users/nigiri/.volare/sky130A/libs.ref/sky130_fd_sc_hd/lib/sky130_fd_sc_hd__ff_n40C_1v95.lib line 12867, table template ccsn_ovrf not found.
[WARNING STA-1256] /Users/nigiri/.volare/sky130A/libs.ref/sky130_fd_sc_hd/lib/sky130_fd_sc_hd__ff_n40C_1v95.lib line 12873, table template ccsn_ovrf not found.
[WARNING STA-1256] /Users/nigiri/.volare/sky130A/libs.ref/sky130_fd_sc_hd/lib/sky130_fd_sc_hd__ff_n40C_1v95.lib line 12879, table template ccsn_ovrf not found.
[WARNING STA-1256] /Users/nigiri/.volare/sky130A/libs.ref/sky130_fd_sc_hd/lib/sky130_fd_sc_hd__ff_n40C_1v95.lib line 12887, table template ccsn_pnlh not found.
[WARNING STA-1256] /Users/nigiri/.volare/sky130A/libs.ref/sky130_fd_sc_hd/lib/sky130_fd_sc_hd__ff_n40C_1v95.lib line 12894, table template ccsn_pnlh not found.
[WARNING STA-1256] /Users/nigiri/.volare/sky130A/libs.ref/sky130_fd_sc_hd/lib/sky130_fd_sc_hd__ff_n40C_1v95.lib line 12901, table template ccsn_pnlh not found.
[WARNING STA-1256] /Users/nigiri/.volare/sky130A/libs.ref/sky130_fd_sc_hd/lib/sky130_fd_sc_hd__ff_n40C_1v95.lib line 12908, table template ccsn_pnlh not found.
[WARNING STA-1256] /Users/nigiri/.volare/sky130A/libs.ref/sky130_fd_sc_hd/lib/sky130_fd_sc_hd__ff_n40C_1v95.lib line 12915, table template ccsn_pnlh not found.
[WARNING STA-1256] /Users/nigiri/.volare/sky130A/libs.ref/sky130_fd_sc_hd/lib/sky130_fd_sc_hd__ff_n40C_1v95.lib line 12922, table template ccsn_pnlh not found.
[WARNING STA-1256] /Users/nigiri/.volare/sky130A/libs.ref/sky130_fd_sc_hd/lib/sky130_fd_sc_hd__ff_n40C_1v95.lib line 12929, table template ccsn_pnlh not found.
[WARNING STA-1256] /Users/nigiri/.volare/sky130A/libs.ref/sky130_fd_sc_hd/lib/sky130_fd_sc_hd__ff_n40C_1v95.lib line 12938, table template ccsn_pnlh not found.
[WARNING STA-1256] /Users/nigiri/.volare/sky130A/libs.ref/sky130_fd_sc_hd/lib/sky130_fd_sc_hd__ff_n40C_1v95.lib line 12945, table template ccsn_pnlh not found.
[WARNING STA-1256] /Users/nigiri/.volare/sky130A/libs.ref/sky130_fd_sc_hd/lib/sky130_fd_sc_hd__ff_n40C_1v95.lib line 12952, table template ccsn_pnlh not found.
[WARNING STA-1256] /Users/nigiri/.volare/sky130A/libs.ref/sky130_fd_sc_hd/lib/sky130_fd_sc_hd__ff_n40C_1v95.lib line 12959, table template ccsn_pnlh not found.
[WARNING STA-1256] /Users/nigiri/.volare/sky130A/libs.ref/sky130_fd_sc_hd/lib/sky130_fd_sc_hd__ff_n40C_1v95.lib line 12966, table template ccsn_pnlh not found.
[WARNING STA-1256] /Users/nigiri/.volare/sky130A/libs.ref/sky130_fd_sc_hd/lib/sky130_fd_sc_hd__ff_n40C_1v95.lib line 12973, table template ccsn_pnlh not found.
[WARNING STA-1256] /Users/nigiri/.volare/sky130A/libs.ref/sky130_fd_sc_hd/lib/sky130_fd_sc_hd__ff_n40C_1v95.lib line 12980, table template ccsn_pnlh not found.
[WARNING STA-1256] /Users/nigiri/.volare/sky130A/libs.ref/sky130_fd_sc_hd/lib/sky130_fd_sc_hd__ff_n40C_1v95.lib line 13078, table template ccsn_ovrf not found.
[WARNING STA-1256] /Users/nigiri/.volare/sky130A/libs.ref/sky130_fd_sc_hd/lib/sky130_fd_sc_hd__ff_n40C_1v95.lib line 13084, table template ccsn_ovrf not found.
[WARNING STA-1256] /Users/nigiri/.volare/sky130A/libs.ref/sky130_fd_sc_hd/lib/sky130_fd_sc_hd__ff_n40C_1v95.lib line 13090, table template ccsn_ovrf not found.
[WARNING STA-1256] /Users/nigiri/.volare/sky130A/libs.ref/sky130_fd_sc_hd/lib/sky130_fd_sc_hd__ff_n40C_1v95.lib line 13096, table template ccsn_ovrf not found.
[WARNING STA-1256] /Users/nigiri/.volare/sky130A/libs.ref/sky130_fd_sc_hd/lib/sky130_fd_sc_hd__ff_n40C_1v95.lib line 13104, table template ccsn_ovrf not found.
[WARNING STA-1256] /Users/nigiri/.volare/sky130A/libs.ref/sky130_fd_sc_hd/lib/sky130_fd_sc_hd__ff_n40C_1v95.lib line 13110, table template ccsn_ovrf not found.
[WARNING STA-1256] /Users/nigiri/.volare/sky130A/libs.ref/sky130_fd_sc_hd/lib/sky130_fd_sc_hd__ff_n40C_1v95.lib line 13116, table template ccsn_ovrf not found.
[WARNING STA-1256] /Users/nigiri/.volare/sky130A/libs.ref/sky130_fd_sc_hd/lib/sky130_fd_sc_hd__ff_n40C_1v95.lib line 13122, table template ccsn_ovrf not found.
[WARNING STA-1256] /Users/nigiri/.volare/sky130A/libs.ref/sky130_fd_sc_hd/lib/sky130_fd_sc_hd__ff_n40C_1v95.lib line 13130, table template ccsn_pnlh not found.
[WARNING STA-1256] /Users/nigiri/.volare/sky130A/libs.ref/sky130_fd_sc_hd/lib/sky130_fd_sc_hd__ff_n40C_1v95.lib line 13137, table template ccsn_pnlh not found.
[WARNING STA-1256] /Users/nigiri/.volare/sky130A/libs.ref/sky130_fd_sc_hd/lib/sky130_fd_sc_hd__ff_n40C_1v95.lib line 13144, table template ccsn_pnlh not found.
[WARNING STA-1256] /Users/nigiri/.volare/sky130A/libs.ref/sky130_fd_sc_hd/lib/sky130_fd_sc_hd__ff_n40C_1v95.lib line 13151, table template ccsn_pnlh not found.
[WARNING STA-1256] /Users/nigiri/.volare/sky130A/libs.ref/sky130_fd_sc_hd/lib/sky130_fd_sc_hd__ff_n40C_1v95.lib line 13158, table template ccsn_pnlh not found.
[WARNING STA-1256] /Users/nigiri/.volare/sky130A/libs.ref/sky130_fd_sc_hd/lib/sky130_fd_sc_hd__ff_n40C_1v95.lib line 13165, table template ccsn_pnlh not found.
[WARNING STA-1256] /Users/nigiri/.volare/sky130A/libs.ref/sky130_fd_sc_hd/lib/sky130_fd_sc_hd__ff_n40C_1v95.lib line 13172, table template ccsn_pnlh not found.
[WARNING STA-1256] /Users/nigiri/.volare/sky130A/libs.ref/sky130_fd_sc_hd/lib/sky130_fd_sc_hd__ff_n40C_1v95.lib line 13181, table template ccsn_pnlh not found.
[WARNING STA-1256] /Users/nigiri/.volare/sky130A/libs.ref/sky130_fd_sc_hd/lib/sky130_fd_sc_hd__ff_n40C_1v95.lib line 13188, table template ccsn_pnlh not found.
[WARNING STA-1256] /Users/nigiri/.volare/sky130A/libs.ref/sky130_fd_sc_hd/lib/sky130_fd_sc_hd__ff_n40C_1v95.lib line 13195, table template ccsn_pnlh not found.
[WARNING STA-1256] /Users/nigiri/.volare/sky130A/libs.ref/sky130_fd_sc_hd/lib/sky130_fd_sc_hd__ff_n40C_1v95.lib line 13202, table template ccsn_pnlh not found.
[WARNING STA-1256] /Users/nigiri/.volare/sky130A/libs.ref/sky130_fd_sc_hd/lib/sky130_fd_sc_hd__ff_n40C_1v95.lib line 13209, table template ccsn_pnlh not found.
[WARNING STA-1256] /Users/nigiri/.volare/sky130A/libs.ref/sky130_fd_sc_hd/lib/sky130_fd_sc_hd__ff_n40C_1v95.lib line 13216, table template ccsn_pnlh not found.
[WARNING STA-1256] /Users/nigiri/.volare/sky130A/libs.ref/sky130_fd_sc_hd/lib/sky130_fd_sc_hd__ff_n40C_1v95.lib line 13223, table template ccsn_pnlh not found.
[WARNING STA-1256] /Users/nigiri/.volare/sky130A/libs.ref/sky130_fd_sc_hd/lib/sky130_fd_sc_hd__ff_n40C_1v95.lib line 13321, table template ccsn_ovrf not found.
[WARNING STA-1256] /Users/nigiri/.volare/sky130A/libs.ref/sky130_fd_sc_hd/lib/sky130_fd_sc_hd__ff_n40C_1v95.lib line 13327, table template ccsn_ovrf not found.
[WARNING STA-1256] /Users/nigiri/.volare/sky130A/libs.ref/sky130_fd_sc_hd/lib/sky130_fd_sc_hd__ff_n40C_1v95.lib line 13333, table template ccsn_ovrf not found.
[WARNING STA-1256] /Users/nigiri/.volare/sky130A/libs.ref/sky130_fd_sc_hd/lib/sky130_fd_sc_hd__ff_n40C_1v95.lib line 13339, table template ccsn_ovrf not found.
[WARNING STA-1256] /Users/nigiri/.volare/sky130A/libs.ref/sky130_fd_sc_hd/lib/sky130_fd_sc_hd__ff_n40C_1v95.lib line 13347, table template ccsn_ovrf not found.
[WARNING STA-1256] /Users/nigiri/.volare/sky130A/libs.ref/sky130_fd_sc_hd/lib/sky130_fd_sc_hd__ff_n40C_1v95.lib line 13353, table template ccsn_ovrf not found.
[WARNING STA-1256] /Users/nigiri/.volare/sky130A/libs.ref/sky130_fd_sc_hd/lib/sky130_fd_sc_hd__ff_n40C_1v95.lib line 13359, table template ccsn_ovrf not found.
[WARNING STA-1256] /Users/nigiri/.volare/sky130A/libs.ref/sky130_fd_sc_hd/lib/sky130_fd_sc_hd__ff_n40C_1v95.lib line 13365, table template ccsn_ovrf not found.
[WARNING STA-1256] /Users/nigiri/.volare/sky130A/libs.ref/sky130_fd_sc_hd/lib/sky130_fd_sc_hd__ff_n40C_1v95.lib line 13373, table template ccsn_pnlh not found.
[WARNING STA-1256] /Users/nigiri/.volare/sky130A/libs.ref/sky130_fd_sc_hd/lib/sky130_fd_sc_hd__ff_n40C_1v95.lib line 13380, table template ccsn_pnlh not found.
[WARNING STA-1256] /Users/nigiri/.volare/sky130A/libs.ref/sky130_fd_sc_hd/lib/sky130_fd_sc_hd__ff_n40C_1v95.lib line 13387, table template ccsn_pnlh not found.
[WARNING STA-1256] /Users/nigiri/.volare/sky130A/libs.ref/sky130_fd_sc_hd/lib/sky130_fd_sc_hd__ff_n40C_1v95.lib line 13394, table template ccsn_pnlh not found.
[WARNING STA-1256] /Users/nigiri/.volare/sky130A/libs.ref/sky130_fd_sc_hd/lib/sky130_fd_sc_hd__ff_n40C_1v95.lib line 13401, table template ccsn_pnlh not found.
[WARNING STA-1256] /Users/nigiri/.volare/sky130A/libs.ref/sky130_fd_sc_hd/lib/sky130_fd_sc_hd__ff_n40C_1v95.lib line 13408, table template ccsn_pnlh not found.
[WARNING STA-1256] /Users/nigiri/.volare/sky130A/libs.ref/sky130_fd_sc_hd/lib/sky130_fd_sc_hd__ff_n40C_1v95.lib line 13415, table template ccsn_pnlh not found.
[WARNING STA-1256] /Users/nigiri/.volare/sky130A/libs.ref/sky130_fd_sc_hd/lib/sky130_fd_sc_hd__ff_n40C_1v95.lib line 13424, table template ccsn_pnlh not found.
[WARNING STA-1256] /Users/nigiri/.volare/sky130A/libs.ref/sky130_fd_sc_hd/lib/sky130_fd_sc_hd__ff_n40C_1v95.lib line 13431, table template ccsn_pnlh not found.
[WARNING STA-1256] /Users/nigiri/.volare/sky130A/libs.ref/sky130_fd_sc_hd/lib/sky130_fd_sc_hd__ff_n40C_1v95.lib line 13438, table template ccsn_pnlh not found.
[WARNING STA-1256] /Users/nigiri/.volare/sky130A/libs.ref/sky130_fd_sc_hd/lib/sky130_fd_sc_hd__ff_n40C_1v95.lib line 13445, table template ccsn_pnlh not found.
[WARNING STA-1256] /Users/nigiri/.volare/sky130A/libs.ref/sky130_fd_sc_hd/lib/sky130_fd_sc_hd__ff_n40C_1v95.lib line 13452, table template ccsn_pnlh not found.
[WARNING STA-1256] /Users/nigiri/.volare/sky130A/libs.ref/sky130_fd_sc_hd/lib/sky130_fd_sc_hd__ff_n40C_1v95.lib line 13459, table template ccsn_pnlh not found.
[WARNING STA-1256] /Users/nigiri/.volare/sky130A/libs.ref/sky130_fd_sc_hd/lib/sky130_fd_sc_hd__ff_n40C_1v95.lib line 13466, table template ccsn_pnlh not found.
[WARNING STA-1256] /Users/nigiri/.volare/sky130A/libs.ref/sky130_fd_sc_hd/lib/sky130_fd_sc_hd__ff_n40C_1v95.lib line 13564, table template ccsn_ovrf not found.
[WARNING STA-1256] /Users/nigiri/.volare/sky130A/libs.ref/sky130_fd_sc_hd/lib/sky130_fd_sc_hd__ff_n40C_1v95.lib line 13570, table template ccsn_ovrf not found.
[WARNING STA-1256] /Users/nigiri/.volare/sky130A/libs.ref/sky130_fd_sc_hd/lib/sky130_fd_sc_hd__ff_n40C_1v95.lib line 13576, table template ccsn_ovrf not found.
[WARNING STA-1256] /Users/nigiri/.volare/sky130A/libs.ref/sky130_fd_sc_hd/lib/sky130_fd_sc_hd__ff_n40C_1v95.lib line 13582, table template ccsn_ovrf not found.
[WARNING STA-1256] message limit reached, this message will no longer print
Using 1e-12 for capacitance...
Using 1e+03 for resistance...
Using 1e-09 for time...
Using 1e+00 for voltage...
Using 1e-03 for current...
Using 1e-09 for power...
Using 1e-06 for distance...
[INFO]: Reading ODB at '/openlane/designs/lab4/runs/RUN_2025.06.01_20.19.44/tmp/placement/7-global.odb'…
Reading design constraints file at '/openlane/designs/lab4/src/lab4.sdc'…
[WARNING STA-0366] port 'clk' not found.
[INFO]: Setting RC values...
[INFO RSZ-0027] Inserted 45 input buffers.
[INFO RSZ-0028] Inserted 96 output buffers.
[INFO RSZ-0058] Using max wire length 4508um.
[INFO RSZ-0034] Found 1 slew violations.
[INFO RSZ-0036] Found 1 capacitance violations.
[INFO RSZ-0038] Inserted 4 buffers in 1 nets.
[INFO RSZ-0039] Resized 4243 instances.
[INFO DPL-0034] Detailed placement failed on the following 3792 instances:
[INFO DPL-0035]  _5035_
[INFO DPL-0035]  _5276_
[INFO DPL-0035]  _5276_
[INFO DPL-0035]  _5135_
[INFO DPL-0035]  _4603_
[INFO DPL-0035]  _4603_
[INFO DPL-0035]  _4603_
[INFO DPL-0035]  _4382_
[INFO DPL-0035]  _4382_
[INFO DPL-0035]  _4194_
[INFO DPL-0035]  _5006_
[INFO DPL-0035]  _5187_
[INFO DPL-0035]  _5187_
[INFO DPL-0035]  _4928_
[INFO DPL-0035]  _4928_
[INFO DPL-0035]  _4954_
[INFO DPL-0035]  _4414_
[INFO DPL-0035]  _5230_
[INFO DPL-0035]  _4406_
[INFO DPL-0035]  _4632_
[INFO DPL-0035]  _4766_
[INFO DPL-0035]  _4766_
[INFO DPL-0035]  _4766_
[INFO DPL-0035]  _4268_
[INFO DPL-0035]  _4387_
[INFO DPL-0035]  _5175_
[INFO DPL-0035]  _5049_
[INFO DPL-0035]  _4380_
[INFO DPL-0035]  _4529_
[INFO DPL-0035]  _5266_
[INFO DPL-0035]  _4990_
[INFO DPL-0035]  _4564_
[INFO DPL-0035]  _5171_
[INFO DPL-0035]  _5262_
[INFO DPL-0035]  _5659_
[INFO DPL-0035]  _5659_
[INFO DPL-0035]  _5659_
[INFO DPL-0035]  _4540_
[INFO DPL-0035]  _5044_
[INFO DPL-0035]  _4256_
[INFO DPL-0035]  _4274_
[INFO DPL-0035]  _4274_
[INFO DPL-0035]  _4274_
[INFO DPL-0035]  _4600_
[INFO DPL-0035]  _4933_
[INFO DPL-0035]  _5031_
[INFO DPL-0035]  _5087_
[INFO DPL-0035]  _5087_
[INFO DPL-0035]  _5087_
[INFO DPL-0035]  _4631_
[INFO DPL-0035]  _4631_
[INFO DPL-0035]  _4944_
[INFO DPL-0035]  _4597_
[INFO DPL-0035]  _4514_
[INFO DPL-0035]  _4514_
[INFO DPL-0035]  _4299_
[INFO DPL-0035]  _4437_
[INFO DPL-0035]  _5218_
[INFO DPL-0035]  _5072_
[INFO DPL-0035]  _4344_
[INFO DPL-0035]  _4373_
[INFO DPL-0035]  _4833_
[INFO DPL-0035]  _4941_
[INFO DPL-0035]  _4592_
[INFO DPL-0035]  _5024_
[INFO DPL-0035]  _4237_
[INFO DPL-0035]  _4997_
[INFO DPL-0035]  _4905_
[INFO DPL-0035]  _5264_
[INFO DPL-0035]  _4639_
[INFO DPL-0035]  _4945_
[INFO DPL-0035]  _5241_
[INFO DPL-0035]  _5241_
[INFO DPL-0035]  _4338_
[INFO DPL-0035]  load_slew144
[INFO DPL-0035]  input12
[INFO DPL-0035]  _9078_
[INFO DPL-0035]  _9078_
[INFO DPL-0035]  _9110_
[INFO DPL-0035]  _9110_
[INFO DPL-0035]  _9051_
[INFO DPL-0035]  _9095_
[INFO DPL-0035]  _9088_
[INFO DPL-0035]  _9064_
[INFO DPL-0035]  _9063_
[INFO DPL-0035]  _9052_
[INFO DPL-0035]  _9052_
[INFO DPL-0035]  _9102_
[INFO DPL-0035]  _9067_
[INFO DPL-0035]  _9083_
[INFO DPL-0035]  _9083_
[INFO DPL-0035]  _9083_
[INFO DPL-0035]  _9056_
[INFO DPL-0035]  _5288_
[INFO DPL-0035]  _4485_
[INFO DPL-0035]  _4485_
[INFO DPL-0035]  _4485_
[INFO DPL-0035]  _4810_
[INFO DPL-0035]  _4810_
[INFO DPL-0035]  _5059_
[INFO DPL-0035]  _4870_
[INFO DPL-0035]  _4870_
[INFO DPL-0035]  _5138_
[INFO DPL-0035]  _5237_
[INFO DPL-0035]  _5203_
[INFO DPL-0035]  _4369_
[INFO DPL-0035]  _5122_
[INFO DPL-0035]  _4832_
[INFO DPL-0035]  _4832_
[INFO DPL-0035]  _4169_
[INFO DPL-0035]  _4518_
[INFO DPL-0035]  _4518_
[INFO DPL-0035]  _4596_
[INFO DPL-0035]  _5509_
[INFO DPL-0035]  _5509_
[INFO DPL-0035]  _5598_
[INFO DPL-0035]  _5522_
[INFO DPL-0035]  _4772_
[INFO DPL-0035]  _4166_
[INFO DPL-0035]  _5748_
[INFO DPL-0035]  _5293_
[INFO DPL-0035]  _5293_
[INFO DPL-0035]  _4321_
[INFO DPL-0035]  _4584_
[INFO DPL-0035]  _4584_
[INFO DPL-0035]  _5903_
[INFO DPL-0035]  _5903_
[INFO DPL-0035]  _5212_
[INFO DPL-0035]  _4294_
[INFO DPL-0035]  _4294_
[INFO DPL-0035]  _4599_
[INFO DPL-0035]  _4757_
[INFO DPL-0035]  _5296_
[INFO DPL-0035]  _5208_
[INFO DPL-0035]  _5208_
[INFO DPL-0035]  _4688_
[INFO DPL-0035]  _4608_
[INFO DPL-0035]  _4608_
[INFO DPL-0035]  _5714_
[INFO DPL-0035]  _4517_
[INFO DPL-0035]  _4571_
[INFO DPL-0035]  _4703_
[INFO DPL-0035]  _4290_
[INFO DPL-0035]  _4964_
[INFO DPL-0035]  _5019_
[INFO DPL-0035]  _4715_
[INFO DPL-0035]  _5119_
[INFO DPL-0035]  _4407_
[INFO DPL-0035]  _5126_
[INFO DPL-0035]  _5126_
[INFO DPL-0035]  _4716_
[INFO DPL-0035]  _5095_
[INFO DPL-0035]  _4463_
[INFO DPL-0035]  _5137_
[INFO DPL-0035]  _4391_
[INFO DPL-0035]  _4180_
[INFO DPL-0035]  _4180_
[INFO DPL-0035]  _5864_
[INFO DPL-0035]  _4693_
[INFO DPL-0035]  _4494_
[INFO DPL-0035]  _4494_
[INFO DPL-0035]  _4839_
[INFO DPL-0035]  _4343_
[INFO DPL-0035]  _4343_
[INFO DPL-0035]  _4300_
[INFO DPL-0035]  _4737_
[INFO DPL-0035]  _5141_
[INFO DPL-0035]  _4856_
[INFO DPL-0035]  _4884_
[INFO DPL-0035]  _4580_
[INFO DPL-0035]  _5174_
[INFO DPL-0035]  _4978_
[INFO DPL-0035]  _4218_
[INFO DPL-0035]  _5807_
[INFO DPL-0035]  _4982_
[INFO DPL-0035]  _5179_
[INFO DPL-0035]  _5179_
[INFO DPL-0035]  _4399_
[INFO DPL-0035]  _4324_
[INFO DPL-0035]  _4324_
[INFO DPL-0035]  _4672_
[INFO DPL-0035]  _5196_
[INFO DPL-0035]  _5030_
[INFO DPL-0035]  _5030_
[INFO DPL-0035]  _5030_
[INFO DPL-0035]  _4636_
[INFO DPL-0035]  _4816_
[INFO DPL-0035]  _4211_
[INFO DPL-0035]  _5158_
[INFO DPL-0035]  _4591_
[INFO DPL-0035]  _5920_
[INFO DPL-0035]  _5091_
[INFO DPL-0035]  _5091_
[INFO DPL-0035]  _5234_
[INFO DPL-0035]  _5234_
[INFO DPL-0035]  _4386_
[INFO DPL-0035]  _4177_
[INFO DPL-0035]  _4899_
[INFO DPL-0035]  _5125_
[INFO DPL-0035]  _4464_
[INFO DPL-0035]  _4801_
[INFO DPL-0035]  _4546_
[INFO DPL-0035]  _4607_
[INFO DPL-0035]  _5246_
[INFO DPL-0035]  _4882_
[INFO DPL-0035]  _4495_
[INFO DPL-0035]  _4711_
[INFO DPL-0035]  _4711_
[INFO DPL-0035]  _5064_
[INFO DPL-0035]  _5603_
[INFO DPL-0035]  _4195_
[INFO DPL-0035]  _4730_
[INFO DPL-0035]  _4640_
[INFO DPL-0035]  _5604_
[INFO DPL-0035]  _4910_
[INFO DPL-0035]  _4438_
[INFO DPL-0035]  _4261_
[INFO DPL-0035]  _4916_
[INFO DPL-0035]  _4403_
[INFO DPL-0035]  _5254_
[INFO DPL-0035]  _4858_
[INFO DPL-0035]  _9084_
[INFO DPL-0035]  _9072_
[INFO DPL-0035]  _9072_
[INFO DPL-0035]  _9219_
[INFO DPL-0035]  _8477_
[INFO DPL-0035]  _8399_
[INFO DPL-0035]  _9073_
[INFO DPL-0035]  _9073_
[INFO DPL-0035]  _9073_
[INFO DPL-0035]  _9093_
[INFO DPL-0035]  _8781_
[INFO DPL-0035]  _8916_
[INFO DPL-0035]  _8948_
[INFO DPL-0035]  _9322_
[INFO DPL-0035]  _9096_
[INFO DPL-0035]  _9096_
[INFO DPL-0035]  _9057_
[INFO DPL-0035]  _9057_
[INFO DPL-0035]  _9068_
[INFO DPL-0035]  _9068_
[INFO DPL-0035]  _5690_
[INFO DPL-0035]  _9124_
[INFO DPL-0035]  _8984_
[INFO DPL-0035]  _9006_
[INFO DPL-0035]  _9103_
[INFO DPL-0035]  _9058_
[INFO DPL-0035]  _9071_
[INFO DPL-0035]  _9108_
[INFO DPL-0035]  _8849_
[INFO DPL-0035]  _8902_
[INFO DPL-0035]  _8902_
[INFO DPL-0035]  _8401_
[INFO DPL-0035]  _9070_
[INFO DPL-0035]  _9070_
[INFO DPL-0035]  _9081_
[INFO DPL-0035]  _9112_
[INFO DPL-0035]  _9065_
[INFO DPL-0035]  _9065_
[INFO DPL-0035]  _9065_
[INFO DPL-0035]  _9092_
[INFO DPL-0035]  _9092_
[INFO DPL-0035]  _9090_
[INFO DPL-0035]  _9086_
[INFO DPL-0035]  _9320_
[INFO DPL-0035]  _9076_
[INFO DPL-0035]  _9074_
[INFO DPL-0035]  _9074_
[INFO DPL-0035]  _8289_
[INFO DPL-0035]  _9106_
[INFO DPL-0035]  _8865_
[INFO DPL-0035]  _9089_
[INFO DPL-0035]  _9113_
[INFO DPL-0035]  _9109_
[INFO DPL-0035]  _9295_
[INFO DPL-0035]  _8961_
[INFO DPL-0035]  _9147_
[INFO DPL-0035]  _9303_
[INFO DPL-0035]  _8679_
[INFO DPL-0035]  _8605_
[INFO DPL-0035]  _8605_
[INFO DPL-0035]  _9264_
[INFO DPL-0035]  _9161_
[INFO DPL-0035]  _9161_
[INFO DPL-0035]  _9161_
[INFO DPL-0035]  _8949_
[INFO DPL-0035]  _8949_
[INFO DPL-0035]  _9045_
[INFO DPL-0035]  _9134_
[INFO DPL-0035]  _9009_
[INFO DPL-0035]  _8569_
[INFO DPL-0035]  _8710_
[INFO DPL-0035]  _8710_
[INFO DPL-0035]  _8895_
[INFO DPL-0035]  _8895_
[INFO DPL-0035]  _8895_
[INFO DPL-0035]  _9177_
[INFO DPL-0035]  _9177_
[INFO DPL-0035]  _8642_
[INFO DPL-0035]  _9278_
[INFO DPL-0035]  _9142_
[INFO DPL-0035]  _9142_
[INFO DPL-0035]  _9326_
[INFO DPL-0035]  _8457_
[INFO DPL-0035]  _8286_
[INFO DPL-0035]  _8320_
[INFO DPL-0035]  _8490_
[INFO DPL-0035]  _8490_
[INFO DPL-0035]  _8490_
[INFO DPL-0035]  _8701_
[INFO DPL-0035]  _9329_
[INFO DPL-0035]  _9162_
[INFO DPL-0035]  _9048_
[INFO DPL-0035]  _8499_
[INFO DPL-0035]  _8659_
[INFO DPL-0035]  _8659_
[INFO DPL-0035]  _8541_
[INFO DPL-0035]  _8541_
[INFO DPL-0035]  _8409_
[INFO DPL-0035]  _9150_
[INFO DPL-0035]  _8520_
[INFO DPL-0035]  _8520_
[INFO DPL-0035]  _9229_
[INFO DPL-0035]  _8296_
[INFO DPL-0035]  _8776_
[INFO DPL-0035]  _9133_
[INFO DPL-0035]  _8627_
[INFO DPL-0035]  _8290_
[INFO DPL-0035]  _9274_
[INFO DPL-0035]  _9164_
[INFO DPL-0035]  _9164_
[INFO DPL-0035]  _9167_
[INFO DPL-0035]  _9167_
[INFO DPL-0035]  _8825_
[INFO DPL-0035]  _8825_
[INFO DPL-0035]  _9334_
[INFO DPL-0035]  _9334_
[INFO DPL-0035]  _8873_
[INFO DPL-0035]  _8494_
[INFO DPL-0035]  _8840_
[INFO DPL-0035]  _8840_
[INFO DPL-0035]  _8431_
[INFO DPL-0035]  _8431_
[INFO DPL-0035]  _8765_
[INFO DPL-0035]  _9120_
[INFO DPL-0035]  _9028_
[INFO DPL-0035]  _8515_
[INFO DPL-0035]  _8515_
[INFO DPL-0035]  _8293_
[INFO DPL-0035]  _9044_
[INFO DPL-0035]  _9044_
[INFO DPL-0035]  _9238_
[INFO DPL-0035]  _8372_
[INFO DPL-0035]  _8672_
[INFO DPL-0035]  _8672_
[INFO DPL-0035]  _8672_
[INFO DPL-0035]  _8523_
[INFO DPL-0035]  _9362_
[INFO DPL-0035]  _8415_
[INFO DPL-0035]  _8415_
[INFO DPL-0035]  _8986_
[INFO DPL-0035]  _8783_
[INFO DPL-0035]  _8778_
[INFO DPL-0035]  _8778_
[INFO DPL-0035]  _9202_
[INFO DPL-0035]  _9195_
[INFO DPL-0035]  _8397_
[INFO DPL-0035]  _8397_
[INFO DPL-0035]  _8704_
[INFO DPL-0035]  _8735_
[INFO DPL-0035]  _8894_
[INFO DPL-0035]  _8894_
[INFO DPL-0035]  _9268_
[INFO DPL-0035]  _8637_
[INFO DPL-0035]  _9321_
[INFO DPL-0035]  _9321_
[INFO DPL-0035]  _8983_
[INFO DPL-0035]  _8983_
[INFO DPL-0035]  _9170_
[INFO DPL-0035]  _9170_
[INFO DPL-0035]  _8675_
[INFO DPL-0035]  _8675_
[INFO DPL-0035]  _8829_
[INFO DPL-0035]  _8892_
[INFO DPL-0035]  _8807_
[INFO DPL-0035]  _9308_
[INFO DPL-0035]  _8522_
[INFO DPL-0035]  _9313_
[INFO DPL-0035]  _9201_
[INFO DPL-0035]  _9201_
[INFO DPL-0035]  _9201_
[INFO DPL-0035]  _8903_
[INFO DPL-0035]  _8900_
[INFO DPL-0035]  _8900_
[INFO DPL-0035]  _8900_
[INFO DPL-0035]  _8335_
[INFO DPL-0035]  _8430_
[INFO DPL-0035]  _8688_
[INFO DPL-0035]  _8688_
[INFO DPL-0035]  _8773_
[INFO DPL-0035]  _8773_
[INFO DPL-0035]  _9213_
[INFO DPL-0035]  _8396_
[INFO DPL-0035]  _8566_
[INFO DPL-0035]  _8566_
[INFO DPL-0035]  _8653_
[INFO DPL-0035]  _9253_
[INFO DPL-0035]  _8818_
[INFO DPL-0035]  _8818_
[INFO DPL-0035]  _8412_
[INFO DPL-0035]  _8412_
[INFO DPL-0035]  _9146_
[INFO DPL-0035]  _8608_
[INFO DPL-0035]  _9259_
[INFO DPL-0035]  _8712_
[INFO DPL-0035]  _9115_
[INFO DPL-0035]  _8525_
[INFO DPL-0035]  _8525_
[INFO DPL-0035]  _8563_
[INFO DPL-0035]  _8563_
[INFO DPL-0035]  _8670_
[INFO DPL-0035]  _8670_
[INFO DPL-0035]  _9190_
[INFO DPL-0035]  _9114_
[INFO DPL-0035]  _8459_
[INFO DPL-0035]  _8459_
[INFO DPL-0035]  _8943_
[INFO DPL-0035]  _9042_
[INFO DPL-0035]  _8315_
[INFO DPL-0035]  _8315_
[INFO DPL-0035]  _8785_
[INFO DPL-0035]  _8373_
[INFO DPL-0035]  _8373_
[INFO DPL-0035]  _8826_
[INFO DPL-0035]  _8574_
[INFO DPL-0035]  _8786_
[INFO DPL-0035]  _8356_
[INFO DPL-0035]  _8356_
[INFO DPL-0035]  _8852_
[INFO DPL-0035]  _8721_
[INFO DPL-0035]  _8721_
[INFO DPL-0035]  _9318_
[INFO DPL-0035]  _9038_
[INFO DPL-0035]  _9340_
[INFO DPL-0035]  _8517_
[INFO DPL-0035]  _9030_
[INFO DPL-0035]  _9030_
[INFO DPL-0035]  _8810_
[INFO DPL-0035]  _8504_
[INFO DPL-0035]  _9131_
[INFO DPL-0035]  _9131_
[INFO DPL-0035]  _8953_
[INFO DPL-0035]  _8319_
[INFO DPL-0035]  _8285_
[INFO DPL-0035]  _8636_
[INFO DPL-0035]  _8636_
[INFO DPL-0035]  _8405_
[INFO DPL-0035]  _8908_
[INFO DPL-0035]  _8874_
[INFO DPL-0035]  _8874_
[INFO DPL-0035]  _8874_
[INFO DPL-0035]  _8451_
[INFO DPL-0035]  _9230_
[INFO DPL-0035]  _9367_
[INFO DPL-0035]  _8830_
[INFO DPL-0035]  _8904_
[INFO DPL-0035]  _8726_
[INFO DPL-0035]  _8835_
[INFO DPL-0035]  _8835_
[INFO DPL-0035]  _8667_
[INFO DPL-0035]  _9035_
[INFO DPL-0035]  _9035_
[INFO DPL-0035]  _8973_
[INFO DPL-0035]  _8416_
[INFO DPL-0035]  _8416_
[INFO DPL-0035]  _8557_
[INFO DPL-0035]  _8557_
[INFO DPL-0035]  _9361_
[INFO DPL-0035]  _9353_
[INFO DPL-0035]  _8511_
[INFO DPL-0035]  _8656_
[INFO DPL-0035]  _8482_
[INFO DPL-0035]  _8482_
[INFO DPL-0035]  _8482_
[INFO DPL-0035]  _8787_
[INFO DPL-0035]  _8448_
[INFO DPL-0035]  _8448_
[INFO DPL-0035]  _8603_
[INFO DPL-0035]  _8684_
[INFO DPL-0035]  _8684_
[INFO DPL-0035]  _8684_
[INFO DPL-0035]  _8684_
[INFO DPL-0035]  _8419_
[INFO DPL-0035]  _8316_
[INFO DPL-0035]  _9082_
[INFO DPL-0035]  _9082_
[INFO DPL-0035]  _8724_
[INFO DPL-0035]  _8724_
[INFO DPL-0035]  _8395_
[INFO DPL-0035]  _8395_
[INFO DPL-0035]  _8997_
[INFO DPL-0035]  _8997_
[INFO DPL-0035]  _9130_
[INFO DPL-0035]  _9130_
[INFO DPL-0035]  _9335_
[INFO DPL-0035]  _9335_
[INFO DPL-0035]  _8802_
[INFO DPL-0035]  _8802_
[INFO DPL-0035]  _8645_
[INFO DPL-0035]  _8645_
[INFO DPL-0035]  _8996_
[INFO DPL-0035]  _8353_
[INFO DPL-0035]  _8859_
[INFO DPL-0035]  _9357_
[INFO DPL-0035]  _8610_
[INFO DPL-0035]  _9218_
[INFO DPL-0035]  _8609_
[INFO DPL-0035]  _8609_
[INFO DPL-0035]  _6335_
[INFO DPL-0035]  _8390_
[INFO DPL-0035]  _8768_
[INFO DPL-0035]  _8768_
[INFO DPL-0035]  _8768_
[INFO DPL-0035]  _9024_
[INFO DPL-0035]  _9324_
[INFO DPL-0035]  _9324_
[INFO DPL-0035]  _8910_
[INFO DPL-0035]  _8828_
[INFO DPL-0035]  _8828_
[INFO DPL-0035]  _8828_
[INFO DPL-0035]  _8472_
[INFO DPL-0035]  _9339_
[INFO DPL-0035]  _8889_
[INFO DPL-0035]  _8889_
[INFO DPL-0035]  _8559_
[INFO DPL-0035]  _8528_
[INFO DPL-0035]  _8906_
[INFO DPL-0035]  _8779_
[INFO DPL-0035]  _8779_
[INFO DPL-0035]  _8629_
[INFO DPL-0035]  _8629_
[INFO DPL-0035]  _9279_
[INFO DPL-0035]  _9279_
[INFO DPL-0035]  _8919_
[INFO DPL-0035]  _9002_
[INFO DPL-0035]  _8589_
[INFO DPL-0035]  _8406_
[INFO DPL-0035]  _9332_
[INFO DPL-0035]  _8414_
[INFO DPL-0035]  _8414_
[INFO DPL-0035]  _8445_
[INFO DPL-0035]  _8576_
[INFO DPL-0035]  _8360_
[INFO DPL-0035]  _8360_
[INFO DPL-0035]  _9166_
[INFO DPL-0035]  _9166_
[INFO DPL-0035]  _8616_
[INFO DPL-0035]  _8379_
[INFO DPL-0035]  _8613_
[INFO DPL-0035]  _8752_
[INFO DPL-0035]  _8752_
[INFO DPL-0035]  _8329_
[INFO DPL-0035]  _8329_
[INFO DPL-0035]  _8814_
[INFO DPL-0035]  _9234_
[INFO DPL-0035]  _8834_
[INFO DPL-0035]  _8988_
[INFO DPL-0035]  _9260_
[INFO DPL-0035]  _8437_
[INFO DPL-0035]  _9331_
[INFO DPL-0035]  _9331_
[INFO DPL-0035]  _8556_
[INFO DPL-0035]  _8556_
[INFO DPL-0035]  _8690_
[INFO DPL-0035]  _8501_
[INFO DPL-0035]  _9132_
[INFO DPL-0035]  _9132_
[INFO DPL-0035]  _9132_
[INFO DPL-0035]  _9344_
[INFO DPL-0035]  _9344_
[INFO DPL-0035]  _9344_
[INFO DPL-0035]  _8823_
[INFO DPL-0035]  _9359_
[INFO DPL-0035]  _9291_
[INFO DPL-0035]  _8929_
[INFO DPL-0035]  _8471_
[INFO DPL-0035]  _8956_
[INFO DPL-0035]  _8748_
[INFO DPL-0035]  _8748_
[INFO DPL-0035]  _8383_
[INFO DPL-0035]  _8822_
[INFO DPL-0035]  _8822_
[INFO DPL-0035]  _8822_
[INFO DPL-0035]  _8822_
[INFO DPL-0035]  _8622_
[INFO DPL-0035]  _9000_
[INFO DPL-0035]  _8495_
[INFO DPL-0035]  _8311_
[INFO DPL-0035]  _8311_
[INFO DPL-0035]  _9280_
[INFO DPL-0035]  _9280_
[INFO DPL-0035]  _8345_
[INFO DPL-0035]  _8838_
[INFO DPL-0035]  _9186_
[INFO DPL-0035]  _9159_
[INFO DPL-0035]  _9159_
[INFO DPL-0035]  _9159_
[INFO DPL-0035]  _8788_
[INFO DPL-0035]  _8782_
[INFO DPL-0035]  _8782_
[INFO DPL-0035]  _8620_
[INFO DPL-0035]  _8860_
[INFO DPL-0035]  _8860_
[INFO DPL-0035]  _8497_
[INFO DPL-0035]  _8497_
[INFO DPL-0035]  _8427_
[INFO DPL-0035]  _8427_
[INFO DPL-0035]  _8909_
[INFO DPL-0035]  _8547_
[INFO DPL-0035]  _8547_
[INFO DPL-0035]  _9077_
[INFO DPL-0035]  _8288_
[INFO DPL-0035]  _8288_
[INFO DPL-0035]  _9208_
[INFO DPL-0035]  _9208_
[INFO DPL-0035]  _8863_
[INFO DPL-0035]  _8863_
[INFO DPL-0035]  _8678_
[INFO DPL-0035]  _8815_
[INFO DPL-0035]  _8815_
[INFO DPL-0035]  _8815_
[INFO DPL-0035]  _8945_
[INFO DPL-0035]  _8743_
[INFO DPL-0035]  _8959_
[INFO DPL-0035]  _8959_
[INFO DPL-0035]  _8341_
[INFO DPL-0035]  _8341_
[INFO DPL-0035]  _8463_
[INFO DPL-0035]  _8463_
[INFO DPL-0035]  _8577_
[INFO DPL-0035]  _8960_
[INFO DPL-0035]  _8361_
[INFO DPL-0035]  _8793_
[INFO DPL-0035]  _8510_
[INFO DPL-0035]  _9236_
[INFO DPL-0035]  _8312_
[INFO DPL-0035]  _8484_
[INFO DPL-0035]  _8484_
[INFO DPL-0035]  _8505_
[INFO DPL-0035]  _8348_
[INFO DPL-0035]  _9365_
[INFO DPL-0035]  _9350_
[INFO DPL-0035]  _9369_
[INFO DPL-0035]  _8646_
[INFO DPL-0035]  _8646_
[INFO DPL-0035]  _9184_
[INFO DPL-0035]  _9184_
[INFO DPL-0035]  _8747_
[INFO DPL-0035]  _8664_
[INFO DPL-0035]  _8284_
[INFO DPL-0035]  _8284_
[INFO DPL-0035]  _9209_
[INFO DPL-0035]  _9209_
[INFO DPL-0035]  _8976_
[INFO DPL-0035]  _8804_
[INFO DPL-0035]  _8804_
[INFO DPL-0035]  _8327_
[INFO DPL-0035]  _8283_
[INFO DPL-0035]  _9310_
[INFO DPL-0035]  _8531_
[INFO DPL-0035]  _8841_
[INFO DPL-0035]  _8841_
[INFO DPL-0035]  _8375_
[INFO DPL-0035]  _8470_
[INFO DPL-0035]  _8470_
[INFO DPL-0035]  _8470_
[INFO DPL-0035]  _9180_
[INFO DPL-0035]  _9244_
[INFO DPL-0035]  _9244_
[INFO DPL-0035]  _9281_
[INFO DPL-0035]  _9281_
[INFO DPL-0035]  _8708_
[INFO DPL-0035]  _8753_
[INFO DPL-0035]  _8753_
[INFO DPL-0035]  _9172_
[INFO DPL-0035]  _9172_
[INFO DPL-0035]  _8600_
[INFO DPL-0035]  _8460_
[INFO DPL-0035]  _8571_
[INFO DPL-0035]  _8363_
[INFO DPL-0035]  _8363_
[INFO DPL-0035]  _9128_
[INFO DPL-0035]  _8346_
[INFO DPL-0035]  _8584_
[INFO DPL-0035]  _8584_
[INFO DPL-0035]  _8584_
[INFO DPL-0035]  _9136_
[INFO DPL-0035]  _8875_
[INFO DPL-0035]  _8706_
[INFO DPL-0035]  _8706_
[INFO DPL-0035]  _8588_
[INFO DPL-0035]  _8588_
[INFO DPL-0035]  _8588_
[INFO DPL-0035]  _8691_
[INFO DPL-0035]  _8691_
[INFO DPL-0035]  _8691_
[INFO DPL-0035]  _8691_
[INFO DPL-0035]  _9129_
[INFO DPL-0035]  _8539_
[INFO DPL-0035]  _9157_
[INFO DPL-0035]  _8512_
[INFO DPL-0035]  _8512_
[INFO DPL-0035]  _8512_
[INFO DPL-0035]  _8685_
[INFO DPL-0035]  _8634_
[INFO DPL-0035]  _9300_
[INFO DPL-0035]  _9300_
[INFO DPL-0035]  _9300_
[INFO DPL-0035]  _8418_
[INFO DPL-0035]  _8418_
[INFO DPL-0035]  _8394_
[INFO DPL-0035]  _8498_
[INFO DPL-0035]  _8558_
[INFO DPL-0035]  _8549_
[INFO DPL-0035]  _8549_
[INFO DPL-0035]  _8660_
[INFO DPL-0035]  _8660_
[INFO DPL-0035]  _8426_
[INFO DPL-0035]  _8426_
[INFO DPL-0035]  _8777_
[INFO DPL-0035]  _8449_
[INFO DPL-0035]  _8449_
[INFO DPL-0035]  _8340_
[INFO DPL-0035]  _8330_
[INFO DPL-0035]  _8548_
[INFO DPL-0035]  _8548_
[INFO DPL-0035]  _8309_
[INFO DPL-0035]  _8309_
[INFO DPL-0035]  _8832_
[INFO DPL-0035]  _8832_
[INFO DPL-0035]  _9013_
[INFO DPL-0035]  _9013_
[INFO DPL-0035]  _9183_
[INFO DPL-0035]  _9183_
[INFO DPL-0035]  _9183_
[INFO DPL-0035]  _9290_
[INFO DPL-0035]  _9293_
[INFO DPL-0035]  _8552_
[INFO DPL-0035]  _8581_
[INFO DPL-0035]  _8485_
[INFO DPL-0035]  _9360_
[INFO DPL-0035]  _9360_
[INFO DPL-0035]  _8535_
[INFO DPL-0035]  _8535_
[INFO DPL-0035]  _9041_
[INFO DPL-0035]  _8573_
[INFO DPL-0035]  _8573_
[INFO DPL-0035]  _8573_
[INFO DPL-0035]  _9168_
[INFO DPL-0035]  _9168_
[INFO DPL-0035]  _9207_
[INFO DPL-0035]  _9207_
[INFO DPL-0035]  _8993_
[INFO DPL-0035]  _8369_
[INFO DPL-0035]  _8955_
[INFO DPL-0035]  _8357_
[INFO DPL-0035]  _8357_
[INFO DPL-0035]  _8905_
[INFO DPL-0035]  _9176_
[INFO DPL-0035]  _8424_
[INFO DPL-0035]  _8424_
[INFO DPL-0035]  _8963_
[INFO DPL-0035]  _9351_
[INFO DPL-0035]  _9351_
[INFO DPL-0035]  _9178_
[INFO DPL-0035]  _9178_
[INFO DPL-0035]  _8317_
[INFO DPL-0035]  _8614_
[INFO DPL-0035]  _8614_
[INFO DPL-0035]  _8456_
[INFO DPL-0035]  _8602_
[INFO DPL-0035]  _8602_
[INFO DPL-0035]  _9192_
[INFO DPL-0035]  _8500_
[INFO DPL-0035]  _8338_
[INFO DPL-0035]  _8338_
[INFO DPL-0035]  _8898_
[INFO DPL-0035]  _8898_
[INFO DPL-0035]  _9235_
[INFO DPL-0035]  _8300_
[INFO DPL-0035]  _9027_
[INFO DPL-0035]  _9027_
[INFO DPL-0035]  _8553_
[INFO DPL-0035]  _8553_
[INFO DPL-0035]  _8553_
[INFO DPL-0035]  _9249_
[INFO DPL-0035]  _9249_
[INFO DPL-0035]  _8935_
[INFO DPL-0035]  _8420_
[INFO DPL-0035]  _9237_
[INFO DPL-0035]  _9011_
[INFO DPL-0035]  _9011_
[INFO DPL-0035]  _9011_
[INFO DPL-0035]  _9179_
[INFO DPL-0035]  _8933_
[INFO DPL-0035]  _8933_
[INFO DPL-0035]  _8538_
[INFO DPL-0035]  _9171_
[INFO DPL-0035]  _8389_
[INFO DPL-0035]  _8820_
[INFO DPL-0035]  _8982_
[INFO DPL-0035]  _8982_
[INFO DPL-0035]  _8982_
[INFO DPL-0035]  _8404_
[INFO DPL-0035]  _8794_
[INFO DPL-0035]  _8839_
[INFO DPL-0035]  _8368_
[INFO DPL-0035]  _8368_
[INFO DPL-0035]  _8749_
[INFO DPL-0035]  _8657_
[INFO DPL-0035]  _8657_
[INFO DPL-0035]  _8716_
[INFO DPL-0035]  _8716_
[INFO DPL-0035]  _8536_
[INFO DPL-0035]  _9021_
[INFO DPL-0035]  _9021_
[INFO DPL-0035]  _8355_
[INFO DPL-0035]  _8355_
[INFO DPL-0035]  _8355_
[INFO DPL-0035]  _9250_
[INFO DPL-0035]  _9250_
[INFO DPL-0035]  _8887_
[INFO DPL-0035]  _8809_
[INFO DPL-0035]  _8809_
[INFO DPL-0035]  _8837_
[INFO DPL-0035]  _9126_
[INFO DPL-0035]  _8513_
[INFO DPL-0035]  _8524_
[INFO DPL-0035]  _8326_
[INFO DPL-0035]  _8326_
[INFO DPL-0035]  _9019_
[INFO DPL-0035]  _8790_
[INFO DPL-0035]  _9289_
[INFO DPL-0035]  _9302_
[INFO DPL-0035]  _9227_
[INFO DPL-0035]  _8972_
[INFO DPL-0035]  _8931_
[INFO DPL-0035]  _8931_
[INFO DPL-0035]  _8805_
[INFO DPL-0035]  _8805_
[INFO DPL-0035]  _8819_
[INFO DPL-0035]  _8567_
[INFO DPL-0035]  _9270_
[INFO DPL-0035]  _9317_
[INFO DPL-0035]  _8700_
[INFO DPL-0035]  _9252_
[INFO DPL-0035]  _9118_
[INFO DPL-0035]  _9262_
[INFO DPL-0035]  _8518_
[INFO DPL-0035]  _9135_
[INFO DPL-0035]  _9049_
[INFO DPL-0035]  _9239_
[INFO DPL-0035]  _8652_
[INFO DPL-0035]  _8377_
[INFO DPL-0035]  _8377_
[INFO DPL-0035]  _9165_
[INFO DPL-0035]  _9165_
[INFO DPL-0035]  _9165_
[INFO DPL-0035]  _8947_
[INFO DPL-0035]  _8947_
[INFO DPL-0035]  _8947_
[INFO DPL-0035]  _8543_
[INFO DPL-0035]  _8393_
[INFO DPL-0035]  _8365_
[INFO DPL-0035]  _8639_
[INFO DPL-0035]  _8639_
[INFO DPL-0035]  _8967_
[INFO DPL-0035]  _8534_
[INFO DPL-0035]  _8808_
[INFO DPL-0035]  _8808_
[INFO DPL-0035]  _8683_
[INFO DPL-0035]  _9240_
[INFO DPL-0035]  _8537_
[INFO DPL-0035]  _8537_
[INFO DPL-0035]  _8332_
[INFO DPL-0035]  _8880_
[INFO DPL-0035]  _8880_
[INFO DPL-0035]  _8438_
[INFO DPL-0035]  _8438_
[INFO DPL-0035]  _8766_
[INFO DPL-0035]  _8766_
[INFO DPL-0035]  _8766_
[INFO DPL-0035]  _8325_
[INFO DPL-0035]  _8486_
[INFO DPL-0035]  _9156_
[INFO DPL-0035]  _9156_
[INFO DPL-0035]  _9156_
[INFO DPL-0035]  _8784_
[INFO DPL-0035]  _8769_
[INFO DPL-0035]  _8827_
[INFO DPL-0035]  _8703_
[INFO DPL-0035]  _8851_
[INFO DPL-0035]  _8893_
[INFO DPL-0035]  _8893_
[INFO DPL-0035]  _8640_
[INFO DPL-0035]  _9254_
[INFO DPL-0035]  _9254_
[INFO DPL-0035]  _8985_
[INFO DPL-0035]  _8985_
[INFO DPL-0035]  _8342_
[INFO DPL-0035]  _8342_
[INFO DPL-0035]  _9328_
[INFO DPL-0035]  _9039_
[INFO DPL-0035]  _8301_
[INFO DPL-0035]  _8301_
[INFO DPL-0035]  _8641_
[INFO DPL-0035]  _9256_
[INFO DPL-0035]  _8877_
[INFO DPL-0035]  _8877_
[INFO DPL-0035]  _9158_
[INFO DPL-0035]  _8387_
[INFO DPL-0035]  _8328_
[INFO DPL-0035]  _8806_
[INFO DPL-0035]  _8417_
[INFO DPL-0035]  _8417_
[INFO DPL-0035]  _8673_
[INFO DPL-0035]  _8575_
[INFO DPL-0035]  _8432_
[INFO DPL-0035]  _8648_
[INFO DPL-0035]  _8648_
[INFO DPL-0035]  _8791_
[INFO DPL-0035]  _8939_
[INFO DPL-0035]  _8939_
[INFO DPL-0035]  _8884_
[INFO DPL-0035]  _8884_
[INFO DPL-0035]  _8884_
[INFO DPL-0035]  _8693_
[INFO DPL-0035]  _8833_
[INFO DPL-0035]  _8767_
[INFO DPL-0035]  _8336_
[INFO DPL-0035]  _8461_
[INFO DPL-0035]  _8886_
[INFO DPL-0035]  _8478_
[INFO DPL-0035]  _8478_
[INFO DPL-0035]  _8478_
[INFO DPL-0035]  _9312_
[INFO DPL-0035]  _9020_
[INFO DPL-0035]  _9020_
[INFO DPL-0035]  _9020_
[INFO DPL-0035]  _8386_
[INFO DPL-0035]  _8474_
[INFO DPL-0035]  _8474_
[INFO DPL-0035]  _8474_
[INFO DPL-0035]  _9001_
[INFO DPL-0035]  _9001_
[INFO DPL-0035]  _8966_
[INFO DPL-0035]  _8481_
[INFO DPL-0035]  _8321_
[INFO DPL-0035]  _9040_
[INFO DPL-0035]  _8992_
[INFO DPL-0035]  _9191_
[INFO DPL-0035]  _8715_
[INFO DPL-0035]  _8344_
[INFO DPL-0035]  _9153_
[INFO DPL-0035]  _8469_
[INFO DPL-0035]  _8469_
[INFO DPL-0035]  _8546_
[INFO DPL-0035]  _8546_
[INFO DPL-0035]  _8554_
[INFO DPL-0035]  _8370_
[INFO DPL-0035]  _8370_
[INFO DPL-0035]  _8911_
[INFO DPL-0035]  _8911_
[INFO DPL-0035]  _8911_
[INFO DPL-0035]  _8991_
[INFO DPL-0035]  _9251_
[INFO DPL-0035]  _9251_
[INFO DPL-0035]  _9251_
[INFO DPL-0035]  _8443_
[INFO DPL-0035]  _8941_
[INFO DPL-0035]  _8586_
[INFO DPL-0035]  _8551_
[INFO DPL-0035]  _8560_
[INFO DPL-0035]  _8560_
[INFO DPL-0035]  _8299_
[INFO DPL-0035]  _8299_
[INFO DPL-0035]  _9304_
[INFO DPL-0035]  _9189_
[INFO DPL-0035]  _9189_
[INFO DPL-0035]  _8601_
[INFO DPL-0035]  _8601_
[INFO DPL-0035]  _9121_
[INFO DPL-0035]  _9121_
[INFO DPL-0035]  _8696_
[INFO DPL-0035]  _8696_
[INFO DPL-0035]  _9354_
[INFO DPL-0035]  _9354_
[INFO DPL-0035]  _8533_
[INFO DPL-0035]  _8516_
[INFO DPL-0035]  _9333_
[INFO DPL-0035] message limit reached, this message will no longer print
[ERROR DPL-0036] Detailed placement failed.
Error: resizer.tcl, 66 DPL-0036
