OpenSTA 2.5.0 GITDIR-NOT Copyright (c) 2024, Parallax Software, Inc.
License GPLv3: GNU GPL version 3 <http://gnu.org/licenses/gpl.html>

This is free software, and you are free to change and redistribute it
under certain conditions; type `show_copying' for details. 
This program comes with ABSOLUTELY NO WARRANTY; for details type `show_warranty'.
define_corners Typical
read_liberty -corner Typical /Users/nigiri/.volare/sky130A/libs.ref/sky130_fd_sc_hd/lib/sky130_fd_sc_hd__tt_025C_1v80.lib
Using 1e-12 for capacitance...
Using 1e+03 for resistance...
Using 1e-09 for time...
Using 1e+00 for voltage...
Using 1e-03 for current...
Using 1e-09 for power...
Using 1e-06 for distance...
Reading netlist '/openlane/designs/lab3/runs/RUN_2025.05.25_20.36.00/results/synthesis/lab3.v'…
Reading design constraints file at '/openlane/designs/lab3/src/lab3.sdc'…
min_report

===========================================================================
report_checks -path_delay min (Hold)
============================================================================
======================= Typical Corner ===================================

Startpoint: _351_ (rising edge-triggered flip-flop clocked by core_clock)
Endpoint: _351_ (rising edge-triggered flip-flop clocked by core_clock)
Path Group: core_clock
Path Type: min

Fanout     Cap    Slew   Delay    Time   Description
-----------------------------------------------------------------------------
                  0.00    0.00    0.00   clock core_clock (rise edge)
                          0.00    0.00   clock network delay (ideal)
                  0.00    0.00    0.00 ^ _351_/CLK (sky130_fd_sc_hd__dfrtp_2)
     2    0.01    0.07    0.35    0.35 ^ _351_/Q (sky130_fd_sc_hd__dfrtp_2)
                                         div.count[31] (net)
                  0.07    0.00    0.35 ^ _260_/A (sky130_fd_sc_hd__xor2_2)
     1    0.00    0.03    0.06    0.41 v _260_/X (sky130_fd_sc_hd__xor2_2)
                                         _028_ (net)
                  0.03    0.00    0.41 v _351_/D (sky130_fd_sc_hd__dfrtp_2)
                                  0.41   data arrival time

                  0.00    0.00    0.00   clock core_clock (rise edge)
                          0.00    0.00   clock network delay (ideal)
                          0.00    0.00   clock reconvergence pessimism
                                  0.00 ^ _351_/CLK (sky130_fd_sc_hd__dfrtp_2)
                         -0.05   -0.05   library hold time
                                 -0.05   data required time
-----------------------------------------------------------------------------
                                 -0.05   data required time
                                 -0.41   data arrival time
-----------------------------------------------------------------------------
                                  0.46   slack (MET)


Startpoint: _335_ (rising edge-triggered flip-flop clocked by core_clock)
Endpoint: _335_ (rising edge-triggered flip-flop clocked by core_clock)
Path Group: core_clock
Path Type: min

Fanout     Cap    Slew   Delay    Time   Description
-----------------------------------------------------------------------------
                  0.00    0.00    0.00   clock core_clock (rise edge)
                          0.00    0.00   clock network delay (ideal)
                  0.00    0.00    0.00 ^ _335_/CLK (sky130_fd_sc_hd__dfrtp_2)
     3    0.01    0.08    0.36    0.36 ^ _335_/Q (sky130_fd_sc_hd__dfrtp_2)
                                         div.count[15] (net)
                  0.08    0.00    0.36 ^ _215_/A (sky130_fd_sc_hd__xnor2_2)
     1    0.00    0.03    0.06    0.42 v _215_/Y (sky130_fd_sc_hd__xnor2_2)
                                         _010_ (net)
                  0.03    0.00    0.42 v _335_/D (sky130_fd_sc_hd__dfrtp_2)
                                  0.42   data arrival time

                  0.00    0.00    0.00   clock core_clock (rise edge)
                          0.00    0.00   clock network delay (ideal)
                          0.00    0.00   clock reconvergence pessimism
                                  0.00 ^ _335_/CLK (sky130_fd_sc_hd__dfrtp_2)
                         -0.04   -0.04   library hold time
                                 -0.04   data required time
-----------------------------------------------------------------------------
                                 -0.04   data required time
                                 -0.42   data arrival time
-----------------------------------------------------------------------------
                                  0.47   slack (MET)


Startpoint: _343_ (rising edge-triggered flip-flop clocked by core_clock)
Endpoint: _343_ (rising edge-triggered flip-flop clocked by core_clock)
Path Group: core_clock
Path Type: min

Fanout     Cap    Slew   Delay    Time   Description
-----------------------------------------------------------------------------
                  0.00    0.00    0.00   clock core_clock (rise edge)
                          0.00    0.00   clock network delay (ideal)
                  0.00    0.00    0.00 ^ _343_/CLK (sky130_fd_sc_hd__dfrtp_2)
     3    0.01    0.08    0.36    0.36 ^ _343_/Q (sky130_fd_sc_hd__dfrtp_2)
                                         div.count[23] (net)
                  0.08    0.00    0.36 ^ _240_/A (sky130_fd_sc_hd__xnor2_2)
     1    0.00    0.03    0.06    0.42 v _240_/Y (sky130_fd_sc_hd__xnor2_2)
                                         _019_ (net)
                  0.03    0.00    0.42 v _343_/D (sky130_fd_sc_hd__dfrtp_2)
                                  0.42   data arrival time

                  0.00    0.00    0.00   clock core_clock (rise edge)
                          0.00    0.00   clock network delay (ideal)
                          0.00    0.00   clock reconvergence pessimism
                                  0.00 ^ _343_/CLK (sky130_fd_sc_hd__dfrtp_2)
                         -0.04   -0.04   library hold time
                                 -0.04   data required time
-----------------------------------------------------------------------------
                                 -0.04   data required time
                                 -0.42   data arrival time
-----------------------------------------------------------------------------
                                  0.47   slack (MET)


Startpoint: _350_ (rising edge-triggered flip-flop clocked by core_clock)
Endpoint: _350_ (rising edge-triggered flip-flop clocked by core_clock)
Path Group: core_clock
Path Type: min

Fanout     Cap    Slew   Delay    Time   Description
-----------------------------------------------------------------------------
                  0.00    0.00    0.00   clock core_clock (rise edge)
                          0.00    0.00   clock network delay (ideal)
                  0.00    0.00    0.00 ^ _350_/CLK (sky130_fd_sc_hd__dfrtp_2)
     3    0.01    0.08    0.36    0.36 ^ _350_/Q (sky130_fd_sc_hd__dfrtp_2)
                                         div.count[30] (net)
                  0.08    0.00    0.36 ^ _258_/A (sky130_fd_sc_hd__xnor2_2)
     1    0.00    0.03    0.06    0.42 v _258_/Y (sky130_fd_sc_hd__xnor2_2)
                                         _027_ (net)
                  0.03    0.00    0.42 v _350_/D (sky130_fd_sc_hd__dfrtp_2)
                                  0.42   data arrival time

                  0.00    0.00    0.00   clock core_clock (rise edge)
                          0.00    0.00   clock network delay (ideal)
                          0.00    0.00   clock reconvergence pessimism
                                  0.00 ^ _350_/CLK (sky130_fd_sc_hd__dfrtp_2)
                         -0.04   -0.04   library hold time
                                 -0.04   data required time
-----------------------------------------------------------------------------
                                 -0.04   data required time
                                 -0.42   data arrival time
-----------------------------------------------------------------------------
                                  0.47   slack (MET)


Startpoint: _332_ (rising edge-triggered flip-flop clocked by core_clock)
Endpoint: _332_ (rising edge-triggered flip-flop clocked by core_clock)
Path Group: core_clock
Path Type: min

Fanout     Cap    Slew   Delay    Time   Description
-----------------------------------------------------------------------------
                  0.00    0.00    0.00   clock core_clock (rise edge)
                          0.00    0.00   clock network delay (ideal)
                  0.00    0.00    0.00 ^ _332_/CLK (sky130_fd_sc_hd__dfrtp_2)
     4    0.01    0.09    0.36    0.36 ^ _332_/Q (sky130_fd_sc_hd__dfrtp_2)
                                         div.count[12] (net)
                  0.09    0.00    0.36 ^ _208_/A (sky130_fd_sc_hd__xnor2_2)
     1    0.00    0.03    0.07    0.43 v _208_/Y (sky130_fd_sc_hd__xnor2_2)
                                         _007_ (net)
                  0.03    0.00    0.43 v _332_/D (sky130_fd_sc_hd__dfrtp_2)
                                  0.43   data arrival time

                  0.00    0.00    0.00   clock core_clock (rise edge)
                          0.00    0.00   clock network delay (ideal)
                          0.00    0.00   clock reconvergence pessimism
                                  0.00 ^ _332_/CLK (sky130_fd_sc_hd__dfrtp_2)
                         -0.04   -0.04   library hold time
                                 -0.04   data required time
-----------------------------------------------------------------------------
                                 -0.04   data required time
                                 -0.43   data arrival time
-----------------------------------------------------------------------------
                                  0.47   slack (MET)


Startpoint: _346_ (rising edge-triggered flip-flop clocked by core_clock)
Endpoint: _346_ (rising edge-triggered flip-flop clocked by core_clock)
Path Group: core_clock
Path Type: min

Fanout     Cap    Slew   Delay    Time   Description
-----------------------------------------------------------------------------
                  0.00    0.00    0.00   clock core_clock (rise edge)
                          0.00    0.00   clock network delay (ideal)
                  0.00    0.00    0.00 ^ _346_/CLK (sky130_fd_sc_hd__dfrtp_2)
     4    0.01    0.09    0.36    0.36 ^ _346_/Q (sky130_fd_sc_hd__dfrtp_2)
                                         div.count[26] (net)
                  0.09    0.00    0.36 ^ _248_/A (sky130_fd_sc_hd__xor2_2)
     1    0.00    0.03    0.06    0.43 v _248_/X (sky130_fd_sc_hd__xor2_2)
                                         _022_ (net)
                  0.03    0.00    0.43 v _346_/D (sky130_fd_sc_hd__dfrtp_2)
                                  0.43   data arrival time

                  0.00    0.00    0.00   clock core_clock (rise edge)
                          0.00    0.00   clock network delay (ideal)
                          0.00    0.00   clock reconvergence pessimism
                                  0.00 ^ _346_/CLK (sky130_fd_sc_hd__dfrtp_2)
                         -0.05   -0.05   library hold time
                                 -0.05   data required time
-----------------------------------------------------------------------------
                                 -0.05   data required time
                                 -0.43   data arrival time
-----------------------------------------------------------------------------
                                  0.47   slack (MET)


Startpoint: _322_ (rising edge-triggered flip-flop clocked by core_clock)
Endpoint: _322_ (rising edge-triggered flip-flop clocked by core_clock)
Path Group: core_clock
Path Type: min

Fanout     Cap    Slew   Delay    Time   Description
-----------------------------------------------------------------------------
                  0.00    0.00    0.00   clock core_clock (rise edge)
                          0.00    0.00   clock network delay (ideal)
                  0.00    0.00    0.00 ^ _322_/CLK (sky130_fd_sc_hd__dfrtp_2)
     4    0.01    0.09    0.37    0.37 ^ _322_/Q (sky130_fd_sc_hd__dfrtp_2)
                                         div.count[2] (net)
                  0.09    0.00    0.37 ^ _175_/A (sky130_fd_sc_hd__xnor2_2)
     1    0.00    0.03    0.07    0.43 v _175_/Y (sky130_fd_sc_hd__xnor2_2)
                                         _026_ (net)
                  0.03    0.00    0.43 v _322_/D (sky130_fd_sc_hd__dfrtp_2)
                                  0.43   data arrival time

                  0.00    0.00    0.00   clock core_clock (rise edge)
                          0.00    0.00   clock network delay (ideal)
                          0.00    0.00   clock reconvergence pessimism
                                  0.00 ^ _322_/CLK (sky130_fd_sc_hd__dfrtp_2)
                         -0.04   -0.04   library hold time
                                 -0.04   data required time
-----------------------------------------------------------------------------
                                 -0.04   data required time
                                 -0.43   data arrival time
-----------------------------------------------------------------------------
                                  0.48   slack (MET)


Startpoint: _340_ (rising edge-triggered flip-flop clocked by core_clock)
Endpoint: _340_ (rising edge-triggered flip-flop clocked by core_clock)
Path Group: core_clock
Path Type: min

Fanout     Cap    Slew   Delay    Time   Description
-----------------------------------------------------------------------------
                  0.00    0.00    0.00   clock core_clock (rise edge)
                          0.00    0.00   clock network delay (ideal)
                  0.00    0.00    0.00 ^ _340_/CLK (sky130_fd_sc_hd__dfrtp_2)
     4    0.01    0.07    0.34    0.34 ^ _340_/Q (sky130_fd_sc_hd__dfrtp_2)
                                         div.count[20] (net)
                  0.07    0.00    0.34 ^ _233_/B1 (sky130_fd_sc_hd__a21oi_2)
     1    0.00    0.03    0.04    0.38 v _233_/Y (sky130_fd_sc_hd__a21oi_2)
                                         _129_ (net)
                  0.03    0.00    0.38 v _234_/B (sky130_fd_sc_hd__nor2_2)
     1    0.00    0.05    0.06    0.44 ^ _234_/Y (sky130_fd_sc_hd__nor2_2)
                                         _016_ (net)
                  0.05    0.00    0.44 ^ _340_/D (sky130_fd_sc_hd__dfrtp_2)
                                  0.44   data arrival time

                  0.00    0.00    0.00   clock core_clock (rise edge)
                          0.00    0.00   clock network delay (ideal)
                          0.00    0.00   clock reconvergence pessimism
                                  0.00 ^ _340_/CLK (sky130_fd_sc_hd__dfrtp_2)
                         -0.04   -0.04   library hold time
                                 -0.04   data required time
-----------------------------------------------------------------------------
                                 -0.04   data required time
                                 -0.44   data arrival time
-----------------------------------------------------------------------------
                                  0.48   slack (MET)


Startpoint: _328_ (rising edge-triggered flip-flop clocked by core_clock)
Endpoint: _328_ (rising edge-triggered flip-flop clocked by core_clock)
Path Group: core_clock
Path Type: min

Fanout     Cap    Slew   Delay    Time   Description
-----------------------------------------------------------------------------
                  0.00    0.00    0.00   clock core_clock (rise edge)
                          0.00    0.00   clock network delay (ideal)
                  0.00    0.00    0.00 ^ _328_/CLK (sky130_fd_sc_hd__dfrtp_2)
     6    0.02    0.11    0.38    0.38 ^ _328_/Q (sky130_fd_sc_hd__dfrtp_2)
                                         div.count[8] (net)
                  0.11    0.00    0.38 ^ _194_/A1 (sky130_fd_sc_hd__a21oi_2)
     1    0.00    0.02    0.06    0.44 v _194_/Y (sky130_fd_sc_hd__a21oi_2)
                                         _034_ (net)
                  0.02    0.00    0.44 v _328_/D (sky130_fd_sc_hd__dfrtp_2)
                                  0.44   data arrival time

                  0.00    0.00    0.00   clock core_clock (rise edge)
                          0.00    0.00   clock network delay (ideal)
                          0.00    0.00   clock reconvergence pessimism
                                  0.00 ^ _328_/CLK (sky130_fd_sc_hd__dfrtp_2)
                         -0.04   -0.04   library hold time
                                 -0.04   data required time
-----------------------------------------------------------------------------
                                 -0.04   data required time
                                 -0.44   data arrival time
-----------------------------------------------------------------------------
                                  0.48   slack (MET)


Startpoint: _356_ (rising edge-triggered flip-flop clocked by core_clock)
Endpoint: _356_ (rising edge-triggered flip-flop clocked by core_clock)
Path Group: core_clock
Path Type: min

Fanout     Cap    Slew   Delay    Time   Description
-----------------------------------------------------------------------------
                  0.00    0.00    0.00   clock core_clock (rise edge)
                          0.00    0.00   clock network delay (ideal)
                  0.00    0.00    0.00 ^ _356_/CLK (sky130_fd_sc_hd__dfrtp_2)
     5    0.02    0.10    0.37    0.37 ^ _356_/Q (sky130_fd_sc_hd__dfrtp_2)
                                         counter.clk (net)
                  0.10    0.00    0.37 ^ _168_/A (sky130_fd_sc_hd__xnor2_2)
     1    0.00    0.03    0.07    0.44 v _168_/Y (sky130_fd_sc_hd__xnor2_2)
                                         _073_ (net)
                  0.03    0.00    0.44 v _356_/D (sky130_fd_sc_hd__dfrtp_2)
                                  0.44   data arrival time

                  0.00    0.00    0.00   clock core_clock (rise edge)
                          0.00    0.00   clock network delay (ideal)
                          0.00    0.00   clock reconvergence pessimism
                                  0.00 ^ _356_/CLK (sky130_fd_sc_hd__dfrtp_2)
                         -0.05   -0.05   library hold time
                                 -0.05   data required time
-----------------------------------------------------------------------------
                                 -0.05   data required time
                                 -0.44   data arrival time
-----------------------------------------------------------------------------
                                  0.49   slack (MET)


Startpoint: _325_ (rising edge-triggered flip-flop clocked by core_clock)
Endpoint: _325_ (rising edge-triggered flip-flop clocked by core_clock)
Path Group: core_clock
Path Type: min

Fanout     Cap    Slew   Delay    Time   Description
-----------------------------------------------------------------------------
                  0.00    0.00    0.00   clock core_clock (rise edge)
                          0.00    0.00   clock network delay (ideal)
                  0.00    0.00    0.00 ^ _325_/CLK (sky130_fd_sc_hd__dfrtp_2)
     5    0.01    0.07    0.35    0.35 ^ _325_/Q (sky130_fd_sc_hd__dfrtp_2)
                                         div.count[5] (net)
                  0.07    0.00    0.35 ^ _183_/B1 (sky130_fd_sc_hd__a21oi_2)
     1    0.00    0.03    0.04    0.39 v _183_/Y (sky130_fd_sc_hd__a21oi_2)
                                         _094_ (net)
                  0.03    0.00    0.39 v _184_/B (sky130_fd_sc_hd__nor2_2)
     1    0.00    0.05    0.06    0.45 ^ _184_/Y (sky130_fd_sc_hd__nor2_2)
                                         _031_ (net)
                  0.05    0.00    0.45 ^ _325_/D (sky130_fd_sc_hd__dfrtp_2)
                                  0.45   data arrival time

                  0.00    0.00    0.00   clock core_clock (rise edge)
                          0.00    0.00   clock network delay (ideal)
                          0.00    0.00   clock reconvergence pessimism
                                  0.00 ^ _325_/CLK (sky130_fd_sc_hd__dfrtp_2)
                         -0.04   -0.04   library hold time
                                 -0.04   data required time
-----------------------------------------------------------------------------
                                 -0.04   data required time
                                 -0.45   data arrival time
-----------------------------------------------------------------------------
                                  0.49   slack (MET)


Startpoint: _333_ (rising edge-triggered flip-flop clocked by core_clock)
Endpoint: _333_ (rising edge-triggered flip-flop clocked by core_clock)
Path Group: core_clock
Path Type: min

Fanout     Cap    Slew   Delay    Time   Description
-----------------------------------------------------------------------------
                  0.00    0.00    0.00   clock core_clock (rise edge)
                          0.00    0.00   clock network delay (ideal)
                  0.00    0.00    0.00 ^ _333_/CLK (sky130_fd_sc_hd__dfrtp_2)
     3    0.01    0.05    0.33    0.33 ^ _333_/Q (sky130_fd_sc_hd__dfrtp_2)
                                         div.count[13] (net)
                  0.05    0.00    0.33 ^ _212_/A1 (sky130_fd_sc_hd__o21ba_2)
     1    0.00    0.03    0.13    0.46 ^ _212_/X (sky130_fd_sc_hd__o21ba_2)
                                         _008_ (net)
                  0.03    0.00    0.46 ^ _333_/D (sky130_fd_sc_hd__dfrtp_2)
                                  0.46   data arrival time

                  0.00    0.00    0.00   clock core_clock (rise edge)
                          0.00    0.00   clock network delay (ideal)
                          0.00    0.00   clock reconvergence pessimism
                                  0.00 ^ _333_/CLK (sky130_fd_sc_hd__dfrtp_2)
                         -0.04   -0.04   library hold time
                                 -0.04   data required time
-----------------------------------------------------------------------------
                                 -0.04   data required time
                                 -0.46   data arrival time
-----------------------------------------------------------------------------
                                  0.49   slack (MET)


Startpoint: _347_ (rising edge-triggered flip-flop clocked by core_clock)
Endpoint: _347_ (rising edge-triggered flip-flop clocked by core_clock)
Path Group: core_clock
Path Type: min

Fanout     Cap    Slew   Delay    Time   Description
-----------------------------------------------------------------------------
                  0.00    0.00    0.00   clock core_clock (rise edge)
                          0.00    0.00   clock network delay (ideal)
                  0.00    0.00    0.00 ^ _347_/CLK (sky130_fd_sc_hd__dfrtp_2)
     3    0.01    0.05    0.33    0.33 ^ _347_/Q (sky130_fd_sc_hd__dfrtp_2)
                                         div.count[27] (net)
                  0.05    0.00    0.33 ^ _252_/A1 (sky130_fd_sc_hd__o21ba_2)
     1    0.00    0.03    0.13    0.46 ^ _252_/X (sky130_fd_sc_hd__o21ba_2)
                                         _023_ (net)
                  0.03    0.00    0.46 ^ _347_/D (sky130_fd_sc_hd__dfrtp_2)
                                  0.46   data arrival time

                  0.00    0.00    0.00   clock core_clock (rise edge)
                          0.00    0.00   clock network delay (ideal)
                          0.00    0.00   clock reconvergence pessimism
                                  0.00 ^ _347_/CLK (sky130_fd_sc_hd__dfrtp_2)
                         -0.04   -0.04   library hold time
                                 -0.04   data required time
-----------------------------------------------------------------------------
                                 -0.04   data required time
                                 -0.46   data arrival time
-----------------------------------------------------------------------------
                                  0.49   slack (MET)


Startpoint: _341_ (rising edge-triggered flip-flop clocked by core_clock)
Endpoint: _341_ (rising edge-triggered flip-flop clocked by core_clock)
Path Group: core_clock
Path Type: min

Fanout     Cap    Slew   Delay    Time   Description
-----------------------------------------------------------------------------
                  0.00    0.00    0.00   clock core_clock (rise edge)
                          0.00    0.00   clock network delay (ideal)
                  0.00    0.00    0.00 ^ _341_/CLK (sky130_fd_sc_hd__dfrtp_2)
     5    0.02    0.11    0.38    0.38 ^ _341_/Q (sky130_fd_sc_hd__dfrtp_2)
                                         div.count[21] (net)
                  0.11    0.00    0.38 ^ _235_/A (sky130_fd_sc_hd__xor2_2)
     1    0.00    0.03    0.07    0.45 v _235_/X (sky130_fd_sc_hd__xor2_2)
                                         _017_ (net)
                  0.03    0.00    0.45 v _341_/D (sky130_fd_sc_hd__dfrtp_2)
                                  0.45   data arrival time

                  0.00    0.00    0.00   clock core_clock (rise edge)
                          0.00    0.00   clock network delay (ideal)
                          0.00    0.00   clock reconvergence pessimism
                                  0.00 ^ _341_/CLK (sky130_fd_sc_hd__dfrtp_2)
                         -0.05   -0.05   library hold time
                                 -0.05   data required time
-----------------------------------------------------------------------------
                                 -0.05   data required time
                                 -0.45   data arrival time
-----------------------------------------------------------------------------
                                  0.50   slack (MET)


Startpoint: _324_ (rising edge-triggered flip-flop clocked by core_clock)
Endpoint: _324_ (rising edge-triggered flip-flop clocked by core_clock)
Path Group: core_clock
Path Type: min

Fanout     Cap    Slew   Delay    Time   Description
-----------------------------------------------------------------------------
                  0.00    0.00    0.00   clock core_clock (rise edge)
                          0.00    0.00   clock network delay (ideal)
                  0.00    0.00    0.00 ^ _324_/CLK (sky130_fd_sc_hd__dfrtp_2)
     6    0.02    0.11    0.38    0.38 ^ _324_/Q (sky130_fd_sc_hd__dfrtp_2)
                                         div.count[4] (net)
                  0.11    0.00    0.38 ^ _181_/A (sky130_fd_sc_hd__xor2_2)
     1    0.00    0.03    0.07    0.46 v _181_/X (sky130_fd_sc_hd__xor2_2)
                                         _030_ (net)
                  0.03    0.00    0.46 v _324_/D (sky130_fd_sc_hd__dfrtp_2)
                                  0.46   data arrival time

                  0.00    0.00    0.00   clock core_clock (rise edge)
                          0.00    0.00   clock network delay (ideal)
                          0.00    0.00   clock reconvergence pessimism
                                  0.00 ^ _324_/CLK (sky130_fd_sc_hd__dfrtp_2)
                         -0.05   -0.05   library hold time
                                 -0.05   data required time
-----------------------------------------------------------------------------
                                 -0.05   data required time
                                 -0.46   data arrival time
-----------------------------------------------------------------------------
                                  0.50   slack (MET)


Startpoint: _344_ (rising edge-triggered flip-flop clocked by core_clock)
Endpoint: _344_ (rising edge-triggered flip-flop clocked by core_clock)
Path Group: core_clock
Path Type: min

Fanout     Cap    Slew   Delay    Time   Description
-----------------------------------------------------------------------------
                  0.00    0.00    0.00   clock core_clock (rise edge)
                          0.00    0.00   clock network delay (ideal)
                  0.00    0.00    0.00 ^ _344_/CLK (sky130_fd_sc_hd__dfrtp_2)
     6    0.02    0.11    0.39    0.39 ^ _344_/Q (sky130_fd_sc_hd__dfrtp_2)
                                         div.count[24] (net)
                  0.11    0.00    0.39 ^ _244_/A (sky130_fd_sc_hd__xor2_2)
     1    0.00    0.03    0.07    0.46 v _244_/X (sky130_fd_sc_hd__xor2_2)
                                         _020_ (net)
                  0.03    0.00    0.46 v _344_/D (sky130_fd_sc_hd__dfrtp_2)
                                  0.46   data arrival time

                  0.00    0.00    0.00   clock core_clock (rise edge)
                          0.00    0.00   clock network delay (ideal)
                          0.00    0.00   clock reconvergence pessimism
                                  0.00 ^ _344_/CLK (sky130_fd_sc_hd__dfrtp_2)
                         -0.05   -0.05   library hold time
                                 -0.05   data required time
-----------------------------------------------------------------------------
                                 -0.05   data required time
                                 -0.46   data arrival time
-----------------------------------------------------------------------------
                                  0.50   slack (MET)


Startpoint: _330_ (rising edge-triggered flip-flop clocked by core_clock)
Endpoint: _330_ (rising edge-triggered flip-flop clocked by core_clock)
Path Group: core_clock
Path Type: min

Fanout     Cap    Slew   Delay    Time   Description
-----------------------------------------------------------------------------
                  0.00    0.00    0.00   clock core_clock (rise edge)
                          0.00    0.00   clock network delay (ideal)
                  0.00    0.00    0.00 ^ _330_/CLK (sky130_fd_sc_hd__dfrtp_2)
     6    0.02    0.12    0.39    0.39 ^ _330_/Q (sky130_fd_sc_hd__dfrtp_2)
                                         div.count[10] (net)
                  0.12    0.00    0.39 ^ _203_/A (sky130_fd_sc_hd__xor2_2)
     1    0.00    0.03    0.07    0.46 v _203_/X (sky130_fd_sc_hd__xor2_2)
                                         _005_ (net)
                  0.03    0.00    0.46 v _330_/D (sky130_fd_sc_hd__dfrtp_2)
                                  0.46   data arrival time

                  0.00    0.00    0.00   clock core_clock (rise edge)
                          0.00    0.00   clock network delay (ideal)
                          0.00    0.00   clock reconvergence pessimism
                                  0.00 ^ _330_/CLK (sky130_fd_sc_hd__dfrtp_2)
                         -0.05   -0.05   library hold time
                                 -0.05   data required time
-----------------------------------------------------------------------------
                                 -0.05   data required time
                                 -0.46   data arrival time
-----------------------------------------------------------------------------
                                  0.50   slack (MET)


Startpoint: _349_ (rising edge-triggered flip-flop clocked by core_clock)
Endpoint: _349_ (rising edge-triggered flip-flop clocked by core_clock)
Path Group: core_clock
Path Type: min

Fanout     Cap    Slew   Delay    Time   Description
-----------------------------------------------------------------------------
                  0.00    0.00    0.00   clock core_clock (rise edge)
                          0.00    0.00   clock network delay (ideal)
                  0.00    0.00    0.00 ^ _349_/CLK (sky130_fd_sc_hd__dfrtp_2)
     4    0.01    0.07    0.35    0.35 ^ _349_/Q (sky130_fd_sc_hd__dfrtp_2)
                                         div.count[29] (net)
                  0.07    0.00    0.35 ^ _257_/A1 (sky130_fd_sc_hd__o21a_2)
     1    0.00    0.03    0.12    0.47 ^ _257_/X (sky130_fd_sc_hd__o21a_2)
                                         _025_ (net)
                  0.03    0.00    0.47 ^ _349_/D (sky130_fd_sc_hd__dfrtp_2)
                                  0.47   data arrival time

                  0.00    0.00    0.00   clock core_clock (rise edge)
                          0.00    0.00   clock network delay (ideal)
                          0.00    0.00   clock reconvergence pessimism
                                  0.00 ^ _349_/CLK (sky130_fd_sc_hd__dfrtp_2)
                         -0.04   -0.04   library hold time
                                 -0.04   data required time
-----------------------------------------------------------------------------
                                 -0.04   data required time
                                 -0.47   data arrival time
-----------------------------------------------------------------------------
                                  0.51   slack (MET)


Startpoint: _345_ (rising edge-triggered flip-flop clocked by core_clock)
Endpoint: _345_ (rising edge-triggered flip-flop clocked by core_clock)
Path Group: core_clock
Path Type: min

Fanout     Cap    Slew   Delay    Time   Description
-----------------------------------------------------------------------------
                  0.00    0.00    0.00   clock core_clock (rise edge)
                          0.00    0.00   clock network delay (ideal)
                  0.00    0.00    0.00 ^ _345_/CLK (sky130_fd_sc_hd__dfrtp_2)
     5    0.01    0.07    0.35    0.35 ^ _345_/Q (sky130_fd_sc_hd__dfrtp_2)
                                         div.count[25] (net)
                  0.07    0.00    0.35 ^ _245_/B1 (sky130_fd_sc_hd__a21oi_2)
     1    0.00    0.03    0.04    0.39 v _245_/Y (sky130_fd_sc_hd__a21oi_2)
                                         _136_ (net)
                  0.03    0.00    0.39 v _247_/A (sky130_fd_sc_hd__nor2_2)
     1    0.00    0.05    0.08    0.47 ^ _247_/Y (sky130_fd_sc_hd__nor2_2)
                                         _021_ (net)
                  0.05    0.00    0.47 ^ _345_/D (sky130_fd_sc_hd__dfrtp_2)
                                  0.47   data arrival time

                  0.00    0.00    0.00   clock core_clock (rise edge)
                          0.00    0.00   clock network delay (ideal)
                          0.00    0.00   clock reconvergence pessimism
                                  0.00 ^ _345_/CLK (sky130_fd_sc_hd__dfrtp_2)
                         -0.04   -0.04   library hold time
                                 -0.04   data required time
-----------------------------------------------------------------------------
                                 -0.04   data required time
                                 -0.47   data arrival time
-----------------------------------------------------------------------------
                                  0.51   slack (MET)


Startpoint: _327_ (rising edge-triggered flip-flop clocked by core_clock)
Endpoint: _327_ (rising edge-triggered flip-flop clocked by core_clock)
Path Group: core_clock
Path Type: min

Fanout     Cap    Slew   Delay    Time   Description
-----------------------------------------------------------------------------
                  0.00    0.00    0.00   clock core_clock (rise edge)
                          0.00    0.00   clock network delay (ideal)
                  0.00    0.00    0.00 ^ _327_/CLK (sky130_fd_sc_hd__dfrtp_2)
     4    0.01    0.07    0.35    0.35 ^ _327_/Q (sky130_fd_sc_hd__dfrtp_2)
                                         div.count[7] (net)
                  0.07    0.00    0.35 ^ _189_/A (sky130_fd_sc_hd__inv_2)
     1    0.00    0.02    0.03    0.38 v _189_/Y (sky130_fd_sc_hd__inv_2)
                                         _098_ (net)
                  0.02    0.00    0.38 v _192_/A1 (sky130_fd_sc_hd__a21oi_2)
     1    0.00    0.06    0.09    0.47 ^ _192_/Y (sky130_fd_sc_hd__a21oi_2)
                                         _033_ (net)
                  0.06    0.00    0.47 ^ _327_/D (sky130_fd_sc_hd__dfrtp_2)
                                  0.47   data arrival time

                  0.00    0.00    0.00   clock core_clock (rise edge)
                          0.00    0.00   clock network delay (ideal)
                          0.00    0.00   clock reconvergence pessimism
                                  0.00 ^ _327_/CLK (sky130_fd_sc_hd__dfrtp_2)
                         -0.04   -0.04   library hold time
                                 -0.04   data required time
-----------------------------------------------------------------------------
                                 -0.04   data required time
                                 -0.47   data arrival time
-----------------------------------------------------------------------------
                                  0.51   slack (MET)


Startpoint: _336_ (rising edge-triggered flip-flop clocked by core_clock)
Endpoint: _336_ (rising edge-triggered flip-flop clocked by core_clock)
Path Group: core_clock
Path Type: min

Fanout     Cap    Slew   Delay    Time   Description
-----------------------------------------------------------------------------
                  0.00    0.00    0.00   clock core_clock (rise edge)
                          0.00    0.00   clock network delay (ideal)
                  0.00    0.00    0.00 ^ _336_/CLK (sky130_fd_sc_hd__dfrtp_2)
     6    0.02    0.13    0.40    0.40 ^ _336_/Q (sky130_fd_sc_hd__dfrtp_2)
                                         div.count[16] (net)
                  0.13    0.00    0.40 ^ _219_/A (sky130_fd_sc_hd__xor2_2)
     1    0.00    0.03    0.07    0.47 v _219_/X (sky130_fd_sc_hd__xor2_2)
                                         _011_ (net)
                  0.03    0.00    0.47 v _336_/D (sky130_fd_sc_hd__dfrtp_2)
                                  0.47   data arrival time

                  0.00    0.00    0.00   clock core_clock (rise edge)
                          0.00    0.00   clock network delay (ideal)
                          0.00    0.00   clock reconvergence pessimism
                                  0.00 ^ _336_/CLK (sky130_fd_sc_hd__dfrtp_2)
                         -0.05   -0.05   library hold time
                                 -0.05   data required time
-----------------------------------------------------------------------------
                                 -0.05   data required time
                                 -0.47   data arrival time
-----------------------------------------------------------------------------
                                  0.52   slack (MET)


Startpoint: _348_ (rising edge-triggered flip-flop clocked by core_clock)
Endpoint: _348_ (rising edge-triggered flip-flop clocked by core_clock)
Path Group: core_clock
Path Type: min

Fanout     Cap    Slew   Delay    Time   Description
-----------------------------------------------------------------------------
                  0.00    0.00    0.00   clock core_clock (rise edge)
                          0.00    0.00   clock network delay (ideal)
                  0.00    0.00    0.00 ^ _348_/CLK (sky130_fd_sc_hd__dfrtp_2)
     6    0.02    0.09    0.37    0.37 ^ _348_/Q (sky130_fd_sc_hd__dfrtp_2)
                                         div.count[28] (net)
                  0.09    0.00    0.37 ^ _254_/A (sky130_fd_sc_hd__nor2_2)
     1    0.00    0.03    0.05    0.42 v _254_/Y (sky130_fd_sc_hd__nor2_2)
                                         _142_ (net)
                  0.03    0.00    0.42 v _255_/B (sky130_fd_sc_hd__nor2_2)
     1    0.00    0.05    0.06    0.47 ^ _255_/Y (sky130_fd_sc_hd__nor2_2)
                                         _024_ (net)
                  0.05    0.00    0.47 ^ _348_/D (sky130_fd_sc_hd__dfrtp_2)
                                  0.47   data arrival time

                  0.00    0.00    0.00   clock core_clock (rise edge)
                          0.00    0.00   clock network delay (ideal)
                          0.00    0.00   clock reconvergence pessimism
                                  0.00 ^ _348_/CLK (sky130_fd_sc_hd__dfrtp_2)
                         -0.04   -0.04   library hold time
                                 -0.04   data required time
-----------------------------------------------------------------------------
                                 -0.04   data required time
                                 -0.47   data arrival time
-----------------------------------------------------------------------------
                                  0.52   slack (MET)


Startpoint: _337_ (rising edge-triggered flip-flop clocked by core_clock)
Endpoint: _337_ (rising edge-triggered flip-flop clocked by core_clock)
Path Group: core_clock
Path Type: min

Fanout     Cap    Slew   Delay    Time   Description
-----------------------------------------------------------------------------
                  0.00    0.00    0.00   clock core_clock (rise edge)
                          0.00    0.00   clock network delay (ideal)
                  0.00    0.00    0.00 ^ _337_/CLK (sky130_fd_sc_hd__dfrtp_2)
     5    0.01    0.09    0.36    0.36 ^ _337_/Q (sky130_fd_sc_hd__dfrtp_2)
                                         div.count[17] (net)
                  0.09    0.00    0.36 ^ _220_/B1 (sky130_fd_sc_hd__a21oi_2)
     1    0.00    0.03    0.04    0.40 v _220_/Y (sky130_fd_sc_hd__a21oi_2)
                                         _119_ (net)
                  0.03    0.00    0.40 v _222_/A (sky130_fd_sc_hd__nor2_2)
     1    0.00    0.05    0.08    0.48 ^ _222_/Y (sky130_fd_sc_hd__nor2_2)
                                         _012_ (net)
                  0.05    0.00    0.48 ^ _337_/D (sky130_fd_sc_hd__dfrtp_2)
                                  0.48   data arrival time

                  0.00    0.00    0.00   clock core_clock (rise edge)
                          0.00    0.00   clock network delay (ideal)
                          0.00    0.00   clock reconvergence pessimism
                                  0.00 ^ _337_/CLK (sky130_fd_sc_hd__dfrtp_2)
                         -0.04   -0.04   library hold time
                                 -0.04   data required time
-----------------------------------------------------------------------------
                                 -0.04   data required time
                                 -0.48   data arrival time
-----------------------------------------------------------------------------
                                  0.52   slack (MET)


Startpoint: _334_ (rising edge-triggered flip-flop clocked by core_clock)
Endpoint: _334_ (rising edge-triggered flip-flop clocked by core_clock)
Path Group: core_clock
Path Type: min

Fanout     Cap    Slew   Delay    Time   Description
-----------------------------------------------------------------------------
                  0.00    0.00    0.00   clock core_clock (rise edge)
                          0.00    0.00   clock network delay (ideal)
                  0.00    0.00    0.00 ^ _334_/CLK (sky130_fd_sc_hd__dfrtp_2)
     4    0.01    0.07    0.35    0.35 ^ _334_/Q (sky130_fd_sc_hd__dfrtp_2)
                                         div.count[14] (net)
                  0.07    0.00    0.35 ^ _214_/A1 (sky130_fd_sc_hd__o211a_2)
     1    0.00    0.04    0.17    0.52 ^ _214_/X (sky130_fd_sc_hd__o211a_2)
                                         _009_ (net)
                  0.04    0.00    0.52 ^ _334_/D (sky130_fd_sc_hd__dfrtp_2)
                                  0.52   data arrival time

                  0.00    0.00    0.00   clock core_clock (rise edge)
                          0.00    0.00   clock network delay (ideal)
                          0.00    0.00   clock reconvergence pessimism
                                  0.00 ^ _334_/CLK (sky130_fd_sc_hd__dfrtp_2)
                         -0.04   -0.04   library hold time
                                 -0.04   data required time
-----------------------------------------------------------------------------
                                 -0.04   data required time
                                 -0.52   data arrival time
-----------------------------------------------------------------------------
                                  0.56   slack (MET)


Startpoint: _329_ (rising edge-triggered flip-flop clocked by core_clock)
Endpoint: _329_ (rising edge-triggered flip-flop clocked by core_clock)
Path Group: core_clock
Path Type: min

Fanout     Cap    Slew   Delay    Time   Description
-----------------------------------------------------------------------------
                  0.00    0.00    0.00   clock core_clock (rise edge)
                          0.00    0.00   clock network delay (ideal)
                  0.00    0.00    0.00 ^ _329_/CLK (sky130_fd_sc_hd__dfrtp_2)
     4    0.01    0.07    0.35    0.35 ^ _329_/Q (sky130_fd_sc_hd__dfrtp_2)
                                         div.count[9] (net)
                  0.07    0.00    0.35 ^ _200_/B1 (sky130_fd_sc_hd__a31o_2)
     1    0.00    0.04    0.11    0.46 ^ _200_/X (sky130_fd_sc_hd__a31o_2)
                                         _107_ (net)
                  0.04    0.00    0.46 ^ _201_/B (sky130_fd_sc_hd__nand2_2)
     1    0.00    0.03    0.05    0.50 v _201_/Y (sky130_fd_sc_hd__nand2_2)
                                         _108_ (net)
                  0.03    0.00    0.50 v _202_/B (sky130_fd_sc_hd__nor2_2)
     1    0.00    0.05    0.06    0.56 ^ _202_/Y (sky130_fd_sc_hd__nor2_2)
                                         _035_ (net)
                  0.05    0.00    0.56 ^ _329_/D (sky130_fd_sc_hd__dfrtp_2)
                                  0.56   data arrival time

                  0.00    0.00    0.00   clock core_clock (rise edge)
                          0.00    0.00   clock network delay (ideal)
                          0.00    0.00   clock reconvergence pessimism
                                  0.00 ^ _329_/CLK (sky130_fd_sc_hd__dfrtp_2)
                         -0.04   -0.04   library hold time
                                 -0.04   data required time
-----------------------------------------------------------------------------
                                 -0.04   data required time
                                 -0.56   data arrival time
-----------------------------------------------------------------------------
                                  0.60   slack (MET)


Startpoint: _323_ (rising edge-triggered flip-flop clocked by core_clock)
Endpoint: _323_ (rising edge-triggered flip-flop clocked by core_clock)
Path Group: core_clock
Path Type: min

Fanout     Cap    Slew   Delay    Time   Description
-----------------------------------------------------------------------------
                  0.00    0.00    0.00   clock core_clock (rise edge)
                          0.00    0.00   clock network delay (ideal)
                  0.00    0.00    0.00 ^ _323_/CLK (sky130_fd_sc_hd__dfrtp_2)
     3    0.01    0.05    0.33    0.33 ^ _323_/Q (sky130_fd_sc_hd__dfrtp_2)
                                         div.count[3] (net)
                  0.05    0.00    0.33 ^ _178_/B1 (sky130_fd_sc_hd__a31o_2)
     1    0.00    0.03    0.09    0.41 ^ _178_/X (sky130_fd_sc_hd__a31o_2)
                                         _091_ (net)
                  0.03    0.00    0.41 ^ _179_/B (sky130_fd_sc_hd__and2b_2)
     1    0.00    0.03    0.12    0.53 ^ _179_/X (sky130_fd_sc_hd__and2b_2)
                                         _092_ (net)
                  0.03    0.00    0.53 ^ _180_/A (sky130_fd_sc_hd__buf_1)
     1    0.00    0.04    0.07    0.60 ^ _180_/X (sky130_fd_sc_hd__buf_1)
                                         _029_ (net)
                  0.04    0.00    0.60 ^ _323_/D (sky130_fd_sc_hd__dfrtp_2)
                                  0.60   data arrival time

                  0.00    0.00    0.00   clock core_clock (rise edge)
                          0.00    0.00   clock network delay (ideal)
                          0.00    0.00   clock reconvergence pessimism
                                  0.00 ^ _323_/CLK (sky130_fd_sc_hd__dfrtp_2)
                         -0.04   -0.04   library hold time
                                 -0.04   data required time
-----------------------------------------------------------------------------
                                 -0.04   data required time
                                 -0.60   data arrival time
-----------------------------------------------------------------------------
                                  0.64   slack (MET)


Startpoint: _321_ (rising edge-triggered flip-flop clocked by core_clock)
Endpoint: _321_ (rising edge-triggered flip-flop clocked by core_clock)
Path Group: core_clock
Path Type: min

Fanout     Cap    Slew   Delay    Time   Description
-----------------------------------------------------------------------------
                  0.00    0.00    0.00   clock core_clock (rise edge)
                          0.00    0.00   clock network delay (ideal)
                  0.00    0.00    0.00 ^ _321_/CLK (sky130_fd_sc_hd__dfrtp_2)
     5    0.01    0.08    0.36    0.36 ^ _321_/Q (sky130_fd_sc_hd__dfrtp_2)
                                         div.count[1] (net)
                  0.08    0.00    0.36 ^ _171_/B (sky130_fd_sc_hd__or2_2)
     1    0.00    0.02    0.10    0.45 ^ _171_/X (sky130_fd_sc_hd__or2_2)
                                         _086_ (net)
                  0.02    0.00    0.45 ^ _173_/A (sky130_fd_sc_hd__and2_2)
     1    0.00    0.03    0.11    0.57 ^ _173_/X (sky130_fd_sc_hd__and2_2)
                                         _088_ (net)
                  0.03    0.00    0.57 ^ _174_/A (sky130_fd_sc_hd__buf_1)
     1    0.00    0.04    0.07    0.64 ^ _174_/X (sky130_fd_sc_hd__buf_1)
                                         _015_ (net)
                  0.04    0.00    0.64 ^ _321_/D (sky130_fd_sc_hd__dfrtp_2)
                                  0.64   data arrival time

                  0.00    0.00    0.00   clock core_clock (rise edge)
                          0.00    0.00   clock network delay (ideal)
                          0.00    0.00   clock reconvergence pessimism
                                  0.00 ^ _321_/CLK (sky130_fd_sc_hd__dfrtp_2)
                         -0.04   -0.04   library hold time
                                 -0.04   data required time
-----------------------------------------------------------------------------
                                 -0.04   data required time
                                 -0.64   data arrival time
-----------------------------------------------------------------------------
                                  0.68   slack (MET)


Startpoint: _342_ (rising edge-triggered flip-flop clocked by core_clock)
Endpoint: _342_ (rising edge-triggered flip-flop clocked by core_clock)
Path Group: core_clock
Path Type: min

Fanout     Cap    Slew   Delay    Time   Description
-----------------------------------------------------------------------------
                  0.00    0.00    0.00   clock core_clock (rise edge)
                          0.00    0.00   clock network delay (ideal)
                  0.00    0.00    0.00 ^ _342_/CLK (sky130_fd_sc_hd__dfrtp_2)
     4    0.01    0.07    0.35    0.35 ^ _342_/Q (sky130_fd_sc_hd__dfrtp_2)
                                         div.count[22] (net)
                  0.07    0.00    0.35 ^ _236_/B1 (sky130_fd_sc_hd__a21o_2)
     1    0.00    0.02    0.08    0.43 ^ _236_/X (sky130_fd_sc_hd__a21o_2)
                                         _130_ (net)
                  0.02    0.00    0.43 ^ _238_/B (sky130_fd_sc_hd__and3_2)
     1    0.00    0.04    0.15    0.58 ^ _238_/X (sky130_fd_sc_hd__and3_2)
                                         _132_ (net)
                  0.04    0.00    0.58 ^ _239_/A (sky130_fd_sc_hd__buf_1)
     1    0.00    0.04    0.07    0.65 ^ _239_/X (sky130_fd_sc_hd__buf_1)
                                         _018_ (net)
                  0.04    0.00    0.65 ^ _342_/D (sky130_fd_sc_hd__dfrtp_2)
                                  0.65   data arrival time

                  0.00    0.00    0.00   clock core_clock (rise edge)
                          0.00    0.00   clock network delay (ideal)
                          0.00    0.00   clock reconvergence pessimism
                                  0.00 ^ _342_/CLK (sky130_fd_sc_hd__dfrtp_2)
                         -0.04   -0.04   library hold time
                                 -0.04   data required time
-----------------------------------------------------------------------------
                                 -0.04   data required time
                                 -0.65   data arrival time
-----------------------------------------------------------------------------
                                  0.69   slack (MET)


Startpoint: _339_ (rising edge-triggered flip-flop clocked by core_clock)
Endpoint: _339_ (rising edge-triggered flip-flop clocked by core_clock)
Path Group: core_clock
Path Type: min

Fanout     Cap    Slew   Delay    Time   Description
-----------------------------------------------------------------------------
                  0.00    0.00    0.00   clock core_clock (rise edge)
                          0.00    0.00   clock network delay (ideal)
                  0.00    0.00    0.00 ^ _339_/CLK (sky130_fd_sc_hd__dfrtp_2)
     3    0.01    0.06    0.34    0.34 ^ _339_/Q (sky130_fd_sc_hd__dfrtp_2)
                                         div.count[19] (net)
                  0.06    0.00    0.34 ^ _227_/A (sky130_fd_sc_hd__or2b_2)
     1    0.00    0.02    0.09    0.43 ^ _227_/X (sky130_fd_sc_hd__or2b_2)
                                         _124_ (net)
                  0.02    0.00    0.43 ^ _230_/B (sky130_fd_sc_hd__and3_2)
     1    0.00    0.04    0.15    0.58 ^ _230_/X (sky130_fd_sc_hd__and3_2)
                                         _127_ (net)
                  0.04    0.00    0.58 ^ _231_/A (sky130_fd_sc_hd__buf_1)
     1    0.00    0.04    0.07    0.65 ^ _231_/X (sky130_fd_sc_hd__buf_1)
                                         _014_ (net)
                  0.04    0.00    0.65 ^ _339_/D (sky130_fd_sc_hd__dfrtp_2)
                                  0.65   data arrival time

                  0.00    0.00    0.00   clock core_clock (rise edge)
                          0.00    0.00   clock network delay (ideal)
                          0.00    0.00   clock reconvergence pessimism
                                  0.00 ^ _339_/CLK (sky130_fd_sc_hd__dfrtp_2)
                         -0.04   -0.04   library hold time
                                 -0.04   data required time
-----------------------------------------------------------------------------
                                 -0.04   data required time
                                 -0.65   data arrival time
-----------------------------------------------------------------------------
                                  0.69   slack (MET)


Startpoint: _320_ (rising edge-triggered flip-flop clocked by core_clock)
Endpoint: _320_ (rising edge-triggered flip-flop clocked by core_clock)
Path Group: core_clock
Path Type: min

Fanout     Cap    Slew   Delay    Time   Description
-----------------------------------------------------------------------------
                  0.00    0.00    0.00   clock core_clock (rise edge)
                          0.00    0.00   clock network delay (ideal)
                  0.00    0.00    0.00 ^ _320_/CLK (sky130_fd_sc_hd__dfrtp_2)
     6    0.01    0.08    0.36    0.36 ^ _320_/Q (sky130_fd_sc_hd__dfrtp_2)
                                         div.count[0] (net)
                  0.08    0.00    0.36 ^ _169_/A_N (sky130_fd_sc_hd__and2b_2)
     1    0.00    0.03    0.21    0.57 v _169_/X (sky130_fd_sc_hd__and2b_2)
                                         _085_ (net)
                  0.03    0.00    0.57 v _170_/A (sky130_fd_sc_hd__buf_1)
     1    0.00    0.02    0.08    0.65 v _170_/X (sky130_fd_sc_hd__buf_1)
                                         _004_ (net)
                  0.02    0.00    0.65 v _320_/D (sky130_fd_sc_hd__dfrtp_2)
                                  0.65   data arrival time

                  0.00    0.00    0.00   clock core_clock (rise edge)
                          0.00    0.00   clock network delay (ideal)
                          0.00    0.00   clock reconvergence pessimism
                                  0.00 ^ _320_/CLK (sky130_fd_sc_hd__dfrtp_2)
                         -0.04   -0.04   library hold time
                                 -0.04   data required time
-----------------------------------------------------------------------------
                                 -0.04   data required time
                                 -0.65   data arrival time
-----------------------------------------------------------------------------
                                  0.69   slack (MET)


Startpoint: _331_ (rising edge-triggered flip-flop clocked by core_clock)
Endpoint: _331_ (rising edge-triggered flip-flop clocked by core_clock)
Path Group: core_clock
Path Type: min

Fanout     Cap    Slew   Delay    Time   Description
-----------------------------------------------------------------------------
                  0.00    0.00    0.00   clock core_clock (rise edge)
                          0.00    0.00   clock network delay (ideal)
                  0.00    0.00    0.00 ^ _331_/CLK (sky130_fd_sc_hd__dfrtp_2)
     5    0.01    0.08    0.36    0.36 ^ _331_/Q (sky130_fd_sc_hd__dfrtp_2)
                                         div.count[11] (net)
                  0.08    0.00    0.36 ^ _204_/B1 (sky130_fd_sc_hd__a21o_2)
     1    0.00    0.02    0.08    0.44 ^ _204_/X (sky130_fd_sc_hd__a21o_2)
                                         _109_ (net)
                  0.02    0.00    0.44 ^ _206_/B (sky130_fd_sc_hd__and3_2)
     1    0.00    0.04    0.15    0.59 ^ _206_/X (sky130_fd_sc_hd__and3_2)
                                         _111_ (net)
                  0.04    0.00    0.59 ^ _207_/A (sky130_fd_sc_hd__buf_1)
     1    0.00    0.04    0.07    0.66 ^ _207_/X (sky130_fd_sc_hd__buf_1)
                                         _006_ (net)
                  0.04    0.00    0.66 ^ _331_/D (sky130_fd_sc_hd__dfrtp_2)
                                  0.66   data arrival time

                  0.00    0.00    0.00   clock core_clock (rise edge)
                          0.00    0.00   clock network delay (ideal)
                          0.00    0.00   clock reconvergence pessimism
                                  0.00 ^ _331_/CLK (sky130_fd_sc_hd__dfrtp_2)
                         -0.04   -0.04   library hold time
                                 -0.04   data required time
-----------------------------------------------------------------------------
                                 -0.04   data required time
                                 -0.66   data arrival time
-----------------------------------------------------------------------------
                                  0.70   slack (MET)


Startpoint: _326_ (rising edge-triggered flip-flop clocked by core_clock)
Endpoint: _326_ (rising edge-triggered flip-flop clocked by core_clock)
Path Group: core_clock
Path Type: min

Fanout     Cap    Slew   Delay    Time   Description
-----------------------------------------------------------------------------
                  0.00    0.00    0.00   clock core_clock (rise edge)
                          0.00    0.00   clock network delay (ideal)
                  0.00    0.00    0.00 ^ _326_/CLK (sky130_fd_sc_hd__dfrtp_2)
     5    0.01    0.07    0.35    0.35 ^ _326_/Q (sky130_fd_sc_hd__dfrtp_2)
                                         div.count[6] (net)
                  0.07    0.00    0.35 ^ _185_/A (sky130_fd_sc_hd__or2_2)
     1    0.00    0.02    0.10    0.45 ^ _185_/X (sky130_fd_sc_hd__or2_2)
                                         _095_ (net)
                  0.02    0.00    0.45 ^ _187_/B (sky130_fd_sc_hd__and3_2)
     1    0.00    0.04    0.15    0.60 ^ _187_/X (sky130_fd_sc_hd__and3_2)
                                         _097_ (net)
                  0.04    0.00    0.60 ^ _188_/A (sky130_fd_sc_hd__buf_1)
     1    0.00    0.04    0.07    0.67 ^ _188_/X (sky130_fd_sc_hd__buf_1)
                                         _032_ (net)
                  0.04    0.00    0.67 ^ _326_/D (sky130_fd_sc_hd__dfrtp_2)
                                  0.67   data arrival time

                  0.00    0.00    0.00   clock core_clock (rise edge)
                          0.00    0.00   clock network delay (ideal)
                          0.00    0.00   clock reconvergence pessimism
                                  0.00 ^ _326_/CLK (sky130_fd_sc_hd__dfrtp_2)
                         -0.04   -0.04   library hold time
                                 -0.04   data required time
-----------------------------------------------------------------------------
                                 -0.04   data required time
                                 -0.67   data arrival time
-----------------------------------------------------------------------------
                                  0.71   slack (MET)


Startpoint: _338_ (rising edge-triggered flip-flop clocked by core_clock)
Endpoint: _338_ (rising edge-triggered flip-flop clocked by core_clock)
Path Group: core_clock
Path Type: min

Fanout     Cap    Slew   Delay    Time   Description
-----------------------------------------------------------------------------
                  0.00    0.00    0.00   clock core_clock (rise edge)
                          0.00    0.00   clock network delay (ideal)
                  0.00    0.00    0.00 ^ _338_/CLK (sky130_fd_sc_hd__dfrtp_2)
     4    0.01    0.08    0.36    0.36 ^ _338_/Q (sky130_fd_sc_hd__dfrtp_2)
                                         div.count[18] (net)
                  0.08    0.00    0.36 ^ _223_/A (sky130_fd_sc_hd__or2_2)
     1    0.00    0.02    0.10    0.46 ^ _223_/X (sky130_fd_sc_hd__or2_2)
                                         _121_ (net)
                  0.02    0.00    0.46 ^ _225_/B (sky130_fd_sc_hd__and3_2)
     1    0.00    0.04    0.15    0.61 ^ _225_/X (sky130_fd_sc_hd__and3_2)
                                         _123_ (net)
                  0.04    0.00    0.61 ^ _226_/A (sky130_fd_sc_hd__buf_1)
     1    0.00    0.04    0.07    0.68 ^ _226_/X (sky130_fd_sc_hd__buf_1)
                                         _013_ (net)
                  0.04    0.00    0.68 ^ _338_/D (sky130_fd_sc_hd__dfrtp_2)
                                  0.68   data arrival time

                  0.00    0.00    0.00   clock core_clock (rise edge)
                          0.00    0.00   clock network delay (ideal)
                          0.00    0.00   clock reconvergence pessimism
                                  0.00 ^ _338_/CLK (sky130_fd_sc_hd__dfrtp_2)
                         -0.04   -0.04   library hold time
                                 -0.04   data required time
-----------------------------------------------------------------------------
                                 -0.04   data required time
                                 -0.68   data arrival time
-----------------------------------------------------------------------------
                                  0.72   slack (MET)



worst slack corner Typical: 0.4580
min_report_end
max_report

===========================================================================
report_checks -path_delay max (Setup)
============================================================================
======================= Typical Corner ===================================

Startpoint: _335_ (rising edge-triggered flip-flop clocked by core_clock)
Endpoint: _320_ (rising edge-triggered flip-flop clocked by core_clock)
Path Group: core_clock
Path Type: max

Fanout     Cap    Slew   Delay    Time   Description
-----------------------------------------------------------------------------
                  0.00    0.00    0.00   clock core_clock (rise edge)
                          0.00    0.00   clock network delay (ideal)
                  0.00    0.00    0.00 ^ _335_/CLK (sky130_fd_sc_hd__dfrtp_2)
     3    0.01    0.06    0.40    0.40 v _335_/Q (sky130_fd_sc_hd__dfrtp_2)
                                         div.count[15] (net)
                  0.06    0.00    0.40 v _157_/A (sky130_fd_sc_hd__or4b_2)
     1    0.00    0.09    0.65    1.04 v _157_/X (sky130_fd_sc_hd__or4b_2)
                                         _074_ (net)
                  0.09    0.00    1.04 v _161_/A (sky130_fd_sc_hd__or4_2)
     2    0.00    0.10    0.66    1.71 v _161_/X (sky130_fd_sc_hd__or4_2)
                                         _078_ (net)
                  0.10    0.00    1.71 v _167_/A (sky130_fd_sc_hd__or4_2)
     6    0.02    0.16    0.76    2.46 v _167_/X (sky130_fd_sc_hd__or4_2)
                                         _084_ (net)
                  0.16    0.00    2.46 v _169_/B (sky130_fd_sc_hd__and2b_2)
     1    0.00    0.03    0.23    2.70 v _169_/X (sky130_fd_sc_hd__and2b_2)
                                         _085_ (net)
                  0.03    0.00    2.70 v _170_/A (sky130_fd_sc_hd__buf_1)
     1    0.00    0.02    0.08    2.78 v _170_/X (sky130_fd_sc_hd__buf_1)
                                         _004_ (net)
                  0.02    0.00    2.78 v _320_/D (sky130_fd_sc_hd__dfrtp_2)
                                  2.78   data arrival time

                  0.00   10.00   10.00   clock core_clock (rise edge)
                          0.00   10.00   clock network delay (ideal)
                          0.00   10.00   clock reconvergence pessimism
                                 10.00 ^ _320_/CLK (sky130_fd_sc_hd__dfrtp_2)
                         -0.12    9.88   library setup time
                                  9.88   data required time
-----------------------------------------------------------------------------
                                  9.88   data required time
                                 -2.78   data arrival time
-----------------------------------------------------------------------------
                                  7.11   slack (MET)


Startpoint: _335_ (rising edge-triggered flip-flop clocked by core_clock)
Endpoint: _326_ (rising edge-triggered flip-flop clocked by core_clock)
Path Group: core_clock
Path Type: max

Fanout     Cap    Slew   Delay    Time   Description
-----------------------------------------------------------------------------
                  0.00    0.00    0.00   clock core_clock (rise edge)
                          0.00    0.00   clock network delay (ideal)
                  0.00    0.00    0.00 ^ _335_/CLK (sky130_fd_sc_hd__dfrtp_2)
     3    0.01    0.06    0.40    0.40 v _335_/Q (sky130_fd_sc_hd__dfrtp_2)
                                         div.count[15] (net)
                  0.06    0.00    0.40 v _157_/A (sky130_fd_sc_hd__or4b_2)
     1    0.00    0.09    0.65    1.04 v _157_/X (sky130_fd_sc_hd__or4b_2)
                                         _074_ (net)
                  0.09    0.00    1.04 v _161_/A (sky130_fd_sc_hd__or4_2)
     2    0.00    0.10    0.66    1.71 v _161_/X (sky130_fd_sc_hd__or4_2)
                                         _078_ (net)
                  0.10    0.00    1.71 v _167_/A (sky130_fd_sc_hd__or4_2)
     6    0.02    0.16    0.76    2.46 v _167_/X (sky130_fd_sc_hd__or4_2)
                                         _084_ (net)
                  0.16    0.00    2.46 v _187_/A (sky130_fd_sc_hd__and3_2)
     1    0.00    0.04    0.21    2.68 v _187_/X (sky130_fd_sc_hd__and3_2)
                                         _097_ (net)
                  0.04    0.00    2.68 v _188_/A (sky130_fd_sc_hd__buf_1)
     1    0.00    0.02    0.08    2.76 v _188_/X (sky130_fd_sc_hd__buf_1)
                                         _032_ (net)
                  0.02    0.00    2.76 v _326_/D (sky130_fd_sc_hd__dfrtp_2)
                                  2.76   data arrival time

                  0.00   10.00   10.00   clock core_clock (rise edge)
                          0.00   10.00   clock network delay (ideal)
                          0.00   10.00   clock reconvergence pessimism
                                 10.00 ^ _326_/CLK (sky130_fd_sc_hd__dfrtp_2)
                         -0.12    9.88   library setup time
                                  9.88   data required time
-----------------------------------------------------------------------------
                                  9.88   data required time
                                 -2.76   data arrival time
-----------------------------------------------------------------------------
                                  7.13   slack (MET)


Startpoint: _335_ (rising edge-triggered flip-flop clocked by core_clock)
Endpoint: _339_ (rising edge-triggered flip-flop clocked by core_clock)
Path Group: core_clock
Path Type: max

Fanout     Cap    Slew   Delay    Time   Description
-----------------------------------------------------------------------------
                  0.00    0.00    0.00   clock core_clock (rise edge)
                          0.00    0.00   clock network delay (ideal)
                  0.00    0.00    0.00 ^ _335_/CLK (sky130_fd_sc_hd__dfrtp_2)
     3    0.01    0.06    0.40    0.40 v _335_/Q (sky130_fd_sc_hd__dfrtp_2)
                                         div.count[15] (net)
                  0.06    0.00    0.40 v _157_/A (sky130_fd_sc_hd__or4b_2)
     1    0.00    0.09    0.65    1.04 v _157_/X (sky130_fd_sc_hd__or4b_2)
                                         _074_ (net)
                  0.09    0.00    1.04 v _161_/A (sky130_fd_sc_hd__or4_2)
     2    0.00    0.10    0.66    1.71 v _161_/X (sky130_fd_sc_hd__or4_2)
                                         _078_ (net)
                  0.10    0.00    1.71 v _167_/A (sky130_fd_sc_hd__or4_2)
     6    0.02    0.16    0.76    2.46 v _167_/X (sky130_fd_sc_hd__or4_2)
                                         _084_ (net)
                  0.16    0.00    2.46 v _230_/A (sky130_fd_sc_hd__and3_2)
     1    0.00    0.04    0.21    2.68 v _230_/X (sky130_fd_sc_hd__and3_2)
                                         _127_ (net)
                  0.04    0.00    2.68 v _231_/A (sky130_fd_sc_hd__buf_1)
     1    0.00    0.02    0.08    2.76 v _231_/X (sky130_fd_sc_hd__buf_1)
                                         _014_ (net)
                  0.02    0.00    2.76 v _339_/D (sky130_fd_sc_hd__dfrtp_2)
                                  2.76   data arrival time

                  0.00   10.00   10.00   clock core_clock (rise edge)
                          0.00   10.00   clock network delay (ideal)
                          0.00   10.00   clock reconvergence pessimism
                                 10.00 ^ _339_/CLK (sky130_fd_sc_hd__dfrtp_2)
                         -0.12    9.88   library setup time
                                  9.88   data required time
-----------------------------------------------------------------------------
                                  9.88   data required time
                                 -2.76   data arrival time
-----------------------------------------------------------------------------
                                  7.13   slack (MET)


Startpoint: _335_ (rising edge-triggered flip-flop clocked by core_clock)
Endpoint: _342_ (rising edge-triggered flip-flop clocked by core_clock)
Path Group: core_clock
Path Type: max

Fanout     Cap    Slew   Delay    Time   Description
-----------------------------------------------------------------------------
                  0.00    0.00    0.00   clock core_clock (rise edge)
                          0.00    0.00   clock network delay (ideal)
                  0.00    0.00    0.00 ^ _335_/CLK (sky130_fd_sc_hd__dfrtp_2)
     3    0.01    0.06    0.40    0.40 v _335_/Q (sky130_fd_sc_hd__dfrtp_2)
                                         div.count[15] (net)
                  0.06    0.00    0.40 v _157_/A (sky130_fd_sc_hd__or4b_2)
     1    0.00    0.09    0.65    1.04 v _157_/X (sky130_fd_sc_hd__or4b_2)
                                         _074_ (net)
                  0.09    0.00    1.04 v _161_/A (sky130_fd_sc_hd__or4_2)
     2    0.00    0.10    0.66    1.71 v _161_/X (sky130_fd_sc_hd__or4_2)
                                         _078_ (net)
                  0.10    0.00    1.71 v _167_/A (sky130_fd_sc_hd__or4_2)
     6    0.02    0.16    0.76    2.46 v _167_/X (sky130_fd_sc_hd__or4_2)
                                         _084_ (net)
                  0.16    0.00    2.46 v _238_/A (sky130_fd_sc_hd__and3_2)
     1    0.00    0.04    0.21    2.68 v _238_/X (sky130_fd_sc_hd__and3_2)
                                         _132_ (net)
                  0.04    0.00    2.68 v _239_/A (sky130_fd_sc_hd__buf_1)
     1    0.00    0.02    0.08    2.76 v _239_/X (sky130_fd_sc_hd__buf_1)
                                         _018_ (net)
                  0.02    0.00    2.76 v _342_/D (sky130_fd_sc_hd__dfrtp_2)
                                  2.76   data arrival time

                  0.00   10.00   10.00   clock core_clock (rise edge)
                          0.00   10.00   clock network delay (ideal)
                          0.00   10.00   clock reconvergence pessimism
                                 10.00 ^ _342_/CLK (sky130_fd_sc_hd__dfrtp_2)
                         -0.12    9.88   library setup time
                                  9.88   data required time
-----------------------------------------------------------------------------
                                  9.88   data required time
                                 -2.76   data arrival time
-----------------------------------------------------------------------------
                                  7.13   slack (MET)


Startpoint: _335_ (rising edge-triggered flip-flop clocked by core_clock)
Endpoint: _356_ (rising edge-triggered flip-flop clocked by core_clock)
Path Group: core_clock
Path Type: max

Fanout     Cap    Slew   Delay    Time   Description
-----------------------------------------------------------------------------
                  0.00    0.00    0.00   clock core_clock (rise edge)
                          0.00    0.00   clock network delay (ideal)
                  0.00    0.00    0.00 ^ _335_/CLK (sky130_fd_sc_hd__dfrtp_2)
     3    0.01    0.06    0.40    0.40 v _335_/Q (sky130_fd_sc_hd__dfrtp_2)
                                         div.count[15] (net)
                  0.06    0.00    0.40 v _157_/A (sky130_fd_sc_hd__or4b_2)
     1    0.00    0.09    0.65    1.04 v _157_/X (sky130_fd_sc_hd__or4b_2)
                                         _074_ (net)
                  0.09    0.00    1.04 v _161_/A (sky130_fd_sc_hd__or4_2)
     2    0.00    0.10    0.66    1.71 v _161_/X (sky130_fd_sc_hd__or4_2)
                                         _078_ (net)
                  0.10    0.00    1.71 v _167_/A (sky130_fd_sc_hd__or4_2)
     6    0.02    0.16    0.76    2.46 v _167_/X (sky130_fd_sc_hd__or4_2)
                                         _084_ (net)
                  0.16    0.00    2.46 v _168_/B (sky130_fd_sc_hd__xnor2_2)
     1    0.00    0.04    0.16    2.63 v _168_/Y (sky130_fd_sc_hd__xnor2_2)
                                         _073_ (net)
                  0.04    0.00    2.63 v _356_/D (sky130_fd_sc_hd__dfrtp_2)
                                  2.63   data arrival time

                  0.00   10.00   10.00   clock core_clock (rise edge)
                          0.00   10.00   clock network delay (ideal)
                          0.00   10.00   clock reconvergence pessimism
                                 10.00 ^ _356_/CLK (sky130_fd_sc_hd__dfrtp_2)
                         -0.12    9.88   library setup time
                                  9.88   data required time
-----------------------------------------------------------------------------
                                  9.88   data required time
                                 -2.63   data arrival time
-----------------------------------------------------------------------------
                                  7.25   slack (MET)


Startpoint: _335_ (rising edge-triggered flip-flop clocked by core_clock)
Endpoint: _328_ (rising edge-triggered flip-flop clocked by core_clock)
Path Group: core_clock
Path Type: max

Fanout     Cap    Slew   Delay    Time   Description
-----------------------------------------------------------------------------
                  0.00    0.00    0.00   clock core_clock (rise edge)
                          0.00    0.00   clock network delay (ideal)
                  0.00    0.00    0.00 ^ _335_/CLK (sky130_fd_sc_hd__dfrtp_2)
     3    0.01    0.06    0.40    0.40 v _335_/Q (sky130_fd_sc_hd__dfrtp_2)
                                         div.count[15] (net)
                  0.06    0.00    0.40 v _157_/A (sky130_fd_sc_hd__or4b_2)
     1    0.00    0.09    0.65    1.04 v _157_/X (sky130_fd_sc_hd__or4b_2)
                                         _074_ (net)
                  0.09    0.00    1.04 v _161_/A (sky130_fd_sc_hd__or4_2)
     2    0.00    0.10    0.66    1.71 v _161_/X (sky130_fd_sc_hd__or4_2)
                                         _078_ (net)
                  0.10    0.00    1.71 v _167_/A (sky130_fd_sc_hd__or4_2)
     6    0.02    0.16    0.76    2.46 v _167_/X (sky130_fd_sc_hd__or4_2)
                                         _084_ (net)
                  0.16    0.00    2.46 v _193_/B1 (sky130_fd_sc_hd__o21ai_2)
     1    0.00    0.10    0.10    2.56 ^ _193_/Y (sky130_fd_sc_hd__o21ai_2)
                                         _101_ (net)
                  0.10    0.00    2.56 ^ _194_/B1 (sky130_fd_sc_hd__a21oi_2)
     1    0.00    0.04    0.03    2.60 v _194_/Y (sky130_fd_sc_hd__a21oi_2)
                                         _034_ (net)
                  0.04    0.00    2.60 v _328_/D (sky130_fd_sc_hd__dfrtp_2)
                                  2.60   data arrival time

                  0.00   10.00   10.00   clock core_clock (rise edge)
                          0.00   10.00   clock network delay (ideal)
                          0.00   10.00   clock reconvergence pessimism
                                 10.00 ^ _328_/CLK (sky130_fd_sc_hd__dfrtp_2)
                         -0.12    9.88   library setup time
                                  9.88   data required time
-----------------------------------------------------------------------------
                                  9.88   data required time
                                 -2.60   data arrival time
-----------------------------------------------------------------------------
                                  7.28   slack (MET)


Startpoint: _335_ (rising edge-triggered flip-flop clocked by core_clock)
Endpoint: _331_ (rising edge-triggered flip-flop clocked by core_clock)
Path Group: core_clock
Path Type: max

Fanout     Cap    Slew   Delay    Time   Description
-----------------------------------------------------------------------------
                  0.00    0.00    0.00   clock core_clock (rise edge)
                          0.00    0.00   clock network delay (ideal)
                  0.00    0.00    0.00 ^ _335_/CLK (sky130_fd_sc_hd__dfrtp_2)
     3    0.01    0.06    0.40    0.40 v _335_/Q (sky130_fd_sc_hd__dfrtp_2)
                                         div.count[15] (net)
                  0.06    0.00    0.40 v _157_/A (sky130_fd_sc_hd__or4b_2)
     1    0.00    0.09    0.65    1.04 v _157_/X (sky130_fd_sc_hd__or4b_2)
                                         _074_ (net)
                  0.09    0.00    1.04 v _161_/A (sky130_fd_sc_hd__or4_2)
     2    0.00    0.10    0.66    1.71 v _161_/X (sky130_fd_sc_hd__or4_2)
                                         _078_ (net)
                  0.10    0.00    1.71 v _199_/A (sky130_fd_sc_hd__or3_2)
     4    0.01    0.10    0.52    2.23 v _199_/X (sky130_fd_sc_hd__or3_2)
                                         _106_ (net)
                  0.10    0.00    2.23 v _206_/A (sky130_fd_sc_hd__and3_2)
     1    0.00    0.04    0.19    2.42 v _206_/X (sky130_fd_sc_hd__and3_2)
                                         _111_ (net)
                  0.04    0.00    2.42 v _207_/A (sky130_fd_sc_hd__buf_1)
     1    0.00    0.02    0.08    2.49 v _207_/X (sky130_fd_sc_hd__buf_1)
                                         _006_ (net)
                  0.02    0.00    2.49 v _331_/D (sky130_fd_sc_hd__dfrtp_2)
                                  2.49   data arrival time

                  0.00   10.00   10.00   clock core_clock (rise edge)
                          0.00   10.00   clock network delay (ideal)
                          0.00   10.00   clock reconvergence pessimism
                                 10.00 ^ _331_/CLK (sky130_fd_sc_hd__dfrtp_2)
                         -0.12    9.88   library setup time
                                  9.88   data required time
-----------------------------------------------------------------------------
                                  9.88   data required time
                                 -2.49   data arrival time
-----------------------------------------------------------------------------
                                  7.39   slack (MET)


Startpoint: _335_ (rising edge-triggered flip-flop clocked by core_clock)
Endpoint: _338_ (rising edge-triggered flip-flop clocked by core_clock)
Path Group: core_clock
Path Type: max

Fanout     Cap    Slew   Delay    Time   Description
-----------------------------------------------------------------------------
                  0.00    0.00    0.00   clock core_clock (rise edge)
                          0.00    0.00   clock network delay (ideal)
                  0.00    0.00    0.00 ^ _335_/CLK (sky130_fd_sc_hd__dfrtp_2)
     3    0.01    0.06    0.40    0.40 v _335_/Q (sky130_fd_sc_hd__dfrtp_2)
                                         div.count[15] (net)
                  0.06    0.00    0.40 v _157_/A (sky130_fd_sc_hd__or4b_2)
     1    0.00    0.09    0.65    1.04 v _157_/X (sky130_fd_sc_hd__or4b_2)
                                         _074_ (net)
                  0.09    0.00    1.04 v _161_/A (sky130_fd_sc_hd__or4_2)
     2    0.00    0.10    0.66    1.71 v _161_/X (sky130_fd_sc_hd__or4_2)
                                         _078_ (net)
                  0.10    0.00    1.71 v _199_/A (sky130_fd_sc_hd__or3_2)
     4    0.01    0.10    0.52    2.23 v _199_/X (sky130_fd_sc_hd__or3_2)
                                         _106_ (net)
                  0.10    0.00    2.23 v _225_/A (sky130_fd_sc_hd__and3_2)
     1    0.00    0.04    0.19    2.42 v _225_/X (sky130_fd_sc_hd__and3_2)
                                         _123_ (net)
                  0.04    0.00    2.42 v _226_/A (sky130_fd_sc_hd__buf_1)
     1    0.00    0.02    0.08    2.49 v _226_/X (sky130_fd_sc_hd__buf_1)
                                         _013_ (net)
                  0.02    0.00    2.49 v _338_/D (sky130_fd_sc_hd__dfrtp_2)
                                  2.49   data arrival time

                  0.00   10.00   10.00   clock core_clock (rise edge)
                          0.00   10.00   clock network delay (ideal)
                          0.00   10.00   clock reconvergence pessimism
                                 10.00 ^ _338_/CLK (sky130_fd_sc_hd__dfrtp_2)
                         -0.12    9.88   library setup time
                                  9.88   data required time
-----------------------------------------------------------------------------
                                  9.88   data required time
                                 -2.49   data arrival time
-----------------------------------------------------------------------------
                                  7.39   slack (MET)


Startpoint: _335_ (rising edge-triggered flip-flop clocked by core_clock)
Endpoint: _334_ (rising edge-triggered flip-flop clocked by core_clock)
Path Group: core_clock
Path Type: max

Fanout     Cap    Slew   Delay    Time   Description
-----------------------------------------------------------------------------
                  0.00    0.00    0.00   clock core_clock (rise edge)
                          0.00    0.00   clock network delay (ideal)
                  0.00    0.00    0.00 ^ _335_/CLK (sky130_fd_sc_hd__dfrtp_2)
     3    0.01    0.06    0.40    0.40 v _335_/Q (sky130_fd_sc_hd__dfrtp_2)
                                         div.count[15] (net)
                  0.06    0.00    0.40 v _157_/A (sky130_fd_sc_hd__or4b_2)
     1    0.00    0.09    0.65    1.04 v _157_/X (sky130_fd_sc_hd__or4b_2)
                                         _074_ (net)
                  0.09    0.00    1.04 v _161_/A (sky130_fd_sc_hd__or4_2)
     2    0.00    0.10    0.66    1.71 v _161_/X (sky130_fd_sc_hd__or4_2)
                                         _078_ (net)
                  0.10    0.00    1.71 v _199_/A (sky130_fd_sc_hd__or3_2)
     4    0.01    0.10    0.52    2.23 v _199_/X (sky130_fd_sc_hd__or3_2)
                                         _106_ (net)
                  0.10    0.00    2.23 v _214_/C1 (sky130_fd_sc_hd__o211a_2)
     1    0.00    0.04    0.13    2.36 v _214_/X (sky130_fd_sc_hd__o211a_2)
                                         _009_ (net)
                  0.04    0.00    2.36 v _334_/D (sky130_fd_sc_hd__dfrtp_2)
                                  2.36   data arrival time

                  0.00   10.00   10.00   clock core_clock (rise edge)
                          0.00   10.00   clock network delay (ideal)
                          0.00   10.00   clock reconvergence pessimism
                                 10.00 ^ _334_/CLK (sky130_fd_sc_hd__dfrtp_2)
                         -0.12    9.88   library setup time
                                  9.88   data required time
-----------------------------------------------------------------------------
                                  9.88   data required time
                                 -2.36   data arrival time
-----------------------------------------------------------------------------
                                  7.52   slack (MET)


Startpoint: _335_ (rising edge-triggered flip-flop clocked by core_clock)
Endpoint: _329_ (rising edge-triggered flip-flop clocked by core_clock)
Path Group: core_clock
Path Type: max

Fanout     Cap    Slew   Delay    Time   Description
-----------------------------------------------------------------------------
                  0.00    0.00    0.00   clock core_clock (rise edge)
                          0.00    0.00   clock network delay (ideal)
                  0.00    0.00    0.00 ^ _335_/CLK (sky130_fd_sc_hd__dfrtp_2)
     3    0.01    0.06    0.40    0.40 v _335_/Q (sky130_fd_sc_hd__dfrtp_2)
                                         div.count[15] (net)
                  0.06    0.00    0.40 v _157_/A (sky130_fd_sc_hd__or4b_2)
     1    0.00    0.09    0.65    1.04 v _157_/X (sky130_fd_sc_hd__or4b_2)
                                         _074_ (net)
                  0.09    0.00    1.04 v _161_/A (sky130_fd_sc_hd__or4_2)
     2    0.00    0.10    0.66    1.71 v _161_/X (sky130_fd_sc_hd__or4_2)
                                         _078_ (net)
                  0.10    0.00    1.71 v _199_/A (sky130_fd_sc_hd__or3_2)
     4    0.01    0.10    0.52    2.23 v _199_/X (sky130_fd_sc_hd__or3_2)
                                         _106_ (net)
                  0.10    0.00    2.23 v _201_/A (sky130_fd_sc_hd__nand2_2)
     1    0.00    0.05    0.08    2.31 ^ _201_/Y (sky130_fd_sc_hd__nand2_2)
                                         _108_ (net)
                  0.05    0.00    2.31 ^ _202_/B (sky130_fd_sc_hd__nor2_2)
     1    0.00    0.05    0.03    2.33 v _202_/Y (sky130_fd_sc_hd__nor2_2)
                                         _035_ (net)
                  0.05    0.00    2.33 v _329_/D (sky130_fd_sc_hd__dfrtp_2)
                                  2.33   data arrival time

                  0.00   10.00   10.00   clock core_clock (rise edge)
                          0.00   10.00   clock network delay (ideal)
                          0.00   10.00   clock reconvergence pessimism
                                 10.00 ^ _329_/CLK (sky130_fd_sc_hd__dfrtp_2)
                         -0.13    9.87   library setup time
                                  9.87   data required time
-----------------------------------------------------------------------------
                                  9.87   data required time
                                 -2.33   data arrival time
-----------------------------------------------------------------------------
                                  7.54   slack (MET)


Startpoint: _322_ (rising edge-triggered flip-flop clocked by core_clock)
Endpoint: _351_ (rising edge-triggered flip-flop clocked by core_clock)
Path Group: core_clock
Path Type: max

Fanout     Cap    Slew   Delay    Time   Description
-----------------------------------------------------------------------------
                  0.00    0.00    0.00   clock core_clock (rise edge)
                          0.00    0.00   clock network delay (ideal)
                  0.00    0.00    0.00 ^ _322_/CLK (sky130_fd_sc_hd__dfrtp_2)
     4    0.01    0.09    0.37    0.37 ^ _322_/Q (sky130_fd_sc_hd__dfrtp_2)
                                         div.count[2] (net)
                  0.09    0.00    0.37 ^ _176_/C (sky130_fd_sc_hd__and4_2)
     1    0.00    0.05    0.21    0.58 ^ _176_/X (sky130_fd_sc_hd__and4_2)
                                         _089_ (net)
                  0.05    0.00    0.58 ^ _177_/A (sky130_fd_sc_hd__buf_1)
     8    0.02    0.29    0.25    0.82 ^ _177_/X (sky130_fd_sc_hd__buf_1)
                                         _090_ (net)
                  0.29    0.00    0.82 ^ _217_/A (sky130_fd_sc_hd__and4_2)
     1    0.00    0.05    0.26    1.08 ^ _217_/X (sky130_fd_sc_hd__and4_2)
                                         _117_ (net)
                  0.05    0.00    1.08 ^ _218_/A (sky130_fd_sc_hd__buf_1)
     9    0.03    0.40    0.32    1.41 ^ _218_/X (sky130_fd_sc_hd__buf_1)
                                         _118_ (net)
                  0.40    0.00    1.41 ^ _251_/A (sky130_fd_sc_hd__and3_2)
     5    0.01    0.10    0.31    1.71 ^ _251_/X (sky130_fd_sc_hd__and3_2)
                                         _140_ (net)
                  0.10    0.00    1.71 ^ _259_/D (sky130_fd_sc_hd__and4_2)
     1    0.01    0.08    0.25    1.97 ^ _259_/X (sky130_fd_sc_hd__and4_2)
                                         _144_ (net)
                  0.08    0.00    1.97 ^ _260_/B (sky130_fd_sc_hd__xor2_2)
     1    0.00    0.08    0.12    2.08 ^ _260_/X (sky130_fd_sc_hd__xor2_2)
                                         _028_ (net)
                  0.08    0.00    2.08 ^ _351_/D (sky130_fd_sc_hd__dfrtp_2)
                                  2.08   data arrival time

                  0.00   10.00   10.00   clock core_clock (rise edge)
                          0.00   10.00   clock network delay (ideal)
                          0.00   10.00   clock reconvergence pessimism
                                 10.00 ^ _351_/CLK (sky130_fd_sc_hd__dfrtp_2)
                         -0.08    9.92   library setup time
                                  9.92   data required time
-----------------------------------------------------------------------------
                                  9.92   data required time
                                 -2.08   data arrival time
-----------------------------------------------------------------------------
                                  7.84   slack (MET)


Startpoint: _322_ (rising edge-triggered flip-flop clocked by core_clock)
Endpoint: _346_ (rising edge-triggered flip-flop clocked by core_clock)
Path Group: core_clock
Path Type: max

Fanout     Cap    Slew   Delay    Time   Description
-----------------------------------------------------------------------------
                  0.00    0.00    0.00   clock core_clock (rise edge)
                          0.00    0.00   clock network delay (ideal)
                  0.00    0.00    0.00 ^ _322_/CLK (sky130_fd_sc_hd__dfrtp_2)
     4    0.01    0.09    0.37    0.37 ^ _322_/Q (sky130_fd_sc_hd__dfrtp_2)
                                         div.count[2] (net)
                  0.09    0.00    0.37 ^ _176_/C (sky130_fd_sc_hd__and4_2)
     1    0.00    0.05    0.21    0.58 ^ _176_/X (sky130_fd_sc_hd__and4_2)
                                         _089_ (net)
                  0.05    0.00    0.58 ^ _177_/A (sky130_fd_sc_hd__buf_1)
     8    0.02    0.29    0.25    0.82 ^ _177_/X (sky130_fd_sc_hd__buf_1)
                                         _090_ (net)
                  0.29    0.00    0.82 ^ _217_/A (sky130_fd_sc_hd__and4_2)
     1    0.00    0.05    0.26    1.08 ^ _217_/X (sky130_fd_sc_hd__and4_2)
                                         _117_ (net)
                  0.05    0.00    1.08 ^ _218_/A (sky130_fd_sc_hd__buf_1)
     9    0.03    0.40    0.32    1.41 ^ _218_/X (sky130_fd_sc_hd__buf_1)
                                         _118_ (net)
                  0.40    0.00    1.41 ^ _243_/A (sky130_fd_sc_hd__and2_2)
     4    0.02    0.11    0.28    1.68 ^ _243_/X (sky130_fd_sc_hd__and2_2)
                                         _135_ (net)
                  0.11    0.00    1.68 ^ _246_/C (sky130_fd_sc_hd__and3_2)
     2    0.01    0.09    0.23    1.91 ^ _246_/X (sky130_fd_sc_hd__and3_2)
                                         _137_ (net)
                  0.09    0.00    1.91 ^ _248_/B (sky130_fd_sc_hd__xor2_2)
     1    0.00    0.08    0.12    2.03 ^ _248_/X (sky130_fd_sc_hd__xor2_2)
                                         _022_ (net)
                  0.08    0.00    2.03 ^ _346_/D (sky130_fd_sc_hd__dfrtp_2)
                                  2.03   data arrival time

                  0.00   10.00   10.00   clock core_clock (rise edge)
                          0.00   10.00   clock network delay (ideal)
                          0.00   10.00   clock reconvergence pessimism
                                 10.00 ^ _346_/CLK (sky130_fd_sc_hd__dfrtp_2)
                         -0.08    9.92   library setup time
                                  9.92   data required time
-----------------------------------------------------------------------------
                                  9.92   data required time
                                 -2.03   data arrival time
-----------------------------------------------------------------------------
                                  7.89   slack (MET)


Startpoint: _322_ (rising edge-triggered flip-flop clocked by core_clock)
Endpoint: _343_ (rising edge-triggered flip-flop clocked by core_clock)
Path Group: core_clock
Path Type: max

Fanout     Cap    Slew   Delay    Time   Description
-----------------------------------------------------------------------------
                  0.00    0.00    0.00   clock core_clock (rise edge)
                          0.00    0.00   clock network delay (ideal)
                  0.00    0.00    0.00 ^ _322_/CLK (sky130_fd_sc_hd__dfrtp_2)
     4    0.01    0.09    0.37    0.37 ^ _322_/Q (sky130_fd_sc_hd__dfrtp_2)
                                         div.count[2] (net)
                  0.09    0.00    0.37 ^ _176_/C (sky130_fd_sc_hd__and4_2)
     1    0.00    0.05    0.21    0.58 ^ _176_/X (sky130_fd_sc_hd__and4_2)
                                         _089_ (net)
                  0.05    0.00    0.58 ^ _177_/A (sky130_fd_sc_hd__buf_1)
     8    0.02    0.29    0.25    0.82 ^ _177_/X (sky130_fd_sc_hd__buf_1)
                                         _090_ (net)
                  0.29    0.00    0.82 ^ _217_/A (sky130_fd_sc_hd__and4_2)
     1    0.00    0.05    0.26    1.08 ^ _217_/X (sky130_fd_sc_hd__and4_2)
                                         _117_ (net)
                  0.05    0.00    1.08 ^ _218_/A (sky130_fd_sc_hd__buf_1)
     9    0.03    0.40    0.32    1.41 ^ _218_/X (sky130_fd_sc_hd__buf_1)
                                         _118_ (net)
                  0.40    0.00    1.41 ^ _232_/B (sky130_fd_sc_hd__and3_2)
     4    0.02    0.13    0.32    1.73 ^ _232_/X (sky130_fd_sc_hd__and3_2)
                                         _128_ (net)
                  0.13    0.00    1.73 ^ _237_/C (sky130_fd_sc_hd__nand3_2)
     2    0.01    0.08    0.11    1.84 v _237_/Y (sky130_fd_sc_hd__nand3_2)
                                         _131_ (net)
                  0.08    0.00    1.84 v _240_/B (sky130_fd_sc_hd__xnor2_2)
     1    0.00    0.04    0.13    1.97 v _240_/Y (sky130_fd_sc_hd__xnor2_2)
                                         _019_ (net)
                  0.04    0.00    1.97 v _343_/D (sky130_fd_sc_hd__dfrtp_2)
                                  1.97   data arrival time

                  0.00   10.00   10.00   clock core_clock (rise edge)
                          0.00   10.00   clock network delay (ideal)
                          0.00   10.00   clock reconvergence pessimism
                                 10.00 ^ _343_/CLK (sky130_fd_sc_hd__dfrtp_2)
                         -0.12    9.88   library setup time
                                  9.88   data required time
-----------------------------------------------------------------------------
                                  9.88   data required time
                                 -1.97   data arrival time
-----------------------------------------------------------------------------
                                  7.91   slack (MET)


Startpoint: _322_ (rising edge-triggered flip-flop clocked by core_clock)
Endpoint: _347_ (rising edge-triggered flip-flop clocked by core_clock)
Path Group: core_clock
Path Type: max

Fanout     Cap    Slew   Delay    Time   Description
-----------------------------------------------------------------------------
                  0.00    0.00    0.00   clock core_clock (rise edge)
                          0.00    0.00   clock network delay (ideal)
                  0.00    0.00    0.00 ^ _322_/CLK (sky130_fd_sc_hd__dfrtp_2)
     4    0.01    0.09    0.37    0.37 ^ _322_/Q (sky130_fd_sc_hd__dfrtp_2)
                                         div.count[2] (net)
                  0.09    0.00    0.37 ^ _176_/C (sky130_fd_sc_hd__and4_2)
     1    0.00    0.05    0.21    0.58 ^ _176_/X (sky130_fd_sc_hd__and4_2)
                                         _089_ (net)
                  0.05    0.00    0.58 ^ _177_/A (sky130_fd_sc_hd__buf_1)
     8    0.02    0.29    0.25    0.82 ^ _177_/X (sky130_fd_sc_hd__buf_1)
                                         _090_ (net)
                  0.29    0.00    0.82 ^ _217_/A (sky130_fd_sc_hd__and4_2)
     1    0.00    0.05    0.26    1.08 ^ _217_/X (sky130_fd_sc_hd__and4_2)
                                         _117_ (net)
                  0.05    0.00    1.08 ^ _218_/A (sky130_fd_sc_hd__buf_1)
     9    0.03    0.40    0.32    1.41 ^ _218_/X (sky130_fd_sc_hd__buf_1)
                                         _118_ (net)
                  0.40    0.00    1.41 ^ _243_/A (sky130_fd_sc_hd__and2_2)
     4    0.02    0.11    0.28    1.68 ^ _243_/X (sky130_fd_sc_hd__and2_2)
                                         _135_ (net)
                  0.11    0.00    1.68 ^ _249_/D (sky130_fd_sc_hd__and4_2)
     1    0.00    0.05    0.22    1.90 ^ _249_/X (sky130_fd_sc_hd__and4_2)
                                         _138_ (net)
                  0.05    0.00    1.90 ^ _252_/A2 (sky130_fd_sc_hd__o21ba_2)
     1    0.00    0.03    0.11    2.01 ^ _252_/X (sky130_fd_sc_hd__o21ba_2)
                                         _023_ (net)
                  0.03    0.00    2.01 ^ _347_/D (sky130_fd_sc_hd__dfrtp_2)
                                  2.01   data arrival time

                  0.00   10.00   10.00   clock core_clock (rise edge)
                          0.00   10.00   clock network delay (ideal)
                          0.00   10.00   clock reconvergence pessimism
                                 10.00 ^ _347_/CLK (sky130_fd_sc_hd__dfrtp_2)
                         -0.07    9.93   library setup time
                                  9.93   data required time
-----------------------------------------------------------------------------
                                  9.93   data required time
                                 -2.01   data arrival time
-----------------------------------------------------------------------------
                                  7.92   slack (MET)


Startpoint: _322_ (rising edge-triggered flip-flop clocked by core_clock)
Endpoint: _350_ (rising edge-triggered flip-flop clocked by core_clock)
Path Group: core_clock
Path Type: max

Fanout     Cap    Slew   Delay    Time   Description
-----------------------------------------------------------------------------
                  0.00    0.00    0.00   clock core_clock (rise edge)
                          0.00    0.00   clock network delay (ideal)
                  0.00    0.00    0.00 ^ _322_/CLK (sky130_fd_sc_hd__dfrtp_2)
     4    0.01    0.09    0.37    0.37 ^ _322_/Q (sky130_fd_sc_hd__dfrtp_2)
                                         div.count[2] (net)
                  0.09    0.00    0.37 ^ _176_/C (sky130_fd_sc_hd__and4_2)
     1    0.00    0.05    0.21    0.58 ^ _176_/X (sky130_fd_sc_hd__and4_2)
                                         _089_ (net)
                  0.05    0.00    0.58 ^ _177_/A (sky130_fd_sc_hd__buf_1)
     8    0.02    0.29    0.25    0.82 ^ _177_/X (sky130_fd_sc_hd__buf_1)
                                         _090_ (net)
                  0.29    0.00    0.82 ^ _217_/A (sky130_fd_sc_hd__and4_2)
     1    0.00    0.05    0.26    1.08 ^ _217_/X (sky130_fd_sc_hd__and4_2)
                                         _117_ (net)
                  0.05    0.00    1.08 ^ _218_/A (sky130_fd_sc_hd__buf_1)
     9    0.03    0.40    0.32    1.41 ^ _218_/X (sky130_fd_sc_hd__buf_1)
                                         _118_ (net)
                  0.40    0.00    1.41 ^ _251_/A (sky130_fd_sc_hd__and3_2)
     5    0.01    0.10    0.31    1.71 ^ _251_/X (sky130_fd_sc_hd__and3_2)
                                         _140_ (net)
                  0.10    0.00    1.71 ^ _256_/C (sky130_fd_sc_hd__nand3_2)
     2    0.01    0.08    0.11    1.82 v _256_/Y (sky130_fd_sc_hd__nand3_2)
                                         _143_ (net)
                  0.08    0.00    1.82 v _258_/B (sky130_fd_sc_hd__xnor2_2)
     1    0.00    0.04    0.13    1.95 v _258_/Y (sky130_fd_sc_hd__xnor2_2)
                                         _027_ (net)
                  0.04    0.00    1.95 v _350_/D (sky130_fd_sc_hd__dfrtp_2)
                                  1.95   data arrival time

                  0.00   10.00   10.00   clock core_clock (rise edge)
                          0.00   10.00   clock network delay (ideal)
                          0.00   10.00   clock reconvergence pessimism
                                 10.00 ^ _350_/CLK (sky130_fd_sc_hd__dfrtp_2)
                         -0.12    9.88   library setup time
                                  9.88   data required time
-----------------------------------------------------------------------------
                                  9.88   data required time
                                 -1.95   data arrival time
-----------------------------------------------------------------------------
                                  7.93   slack (MET)


Startpoint: _322_ (rising edge-triggered flip-flop clocked by core_clock)
Endpoint: _345_ (rising edge-triggered flip-flop clocked by core_clock)
Path Group: core_clock
Path Type: max

Fanout     Cap    Slew   Delay    Time   Description
-----------------------------------------------------------------------------
                  0.00    0.00    0.00   clock core_clock (rise edge)
                          0.00    0.00   clock network delay (ideal)
                  0.00    0.00    0.00 ^ _322_/CLK (sky130_fd_sc_hd__dfrtp_2)
     4    0.01    0.09    0.37    0.37 ^ _322_/Q (sky130_fd_sc_hd__dfrtp_2)
                                         div.count[2] (net)
                  0.09    0.00    0.37 ^ _176_/C (sky130_fd_sc_hd__and4_2)
     1    0.00    0.05    0.21    0.58 ^ _176_/X (sky130_fd_sc_hd__and4_2)
                                         _089_ (net)
                  0.05    0.00    0.58 ^ _177_/A (sky130_fd_sc_hd__buf_1)
     8    0.02    0.29    0.25    0.82 ^ _177_/X (sky130_fd_sc_hd__buf_1)
                                         _090_ (net)
                  0.29    0.00    0.82 ^ _217_/A (sky130_fd_sc_hd__and4_2)
     1    0.00    0.05    0.26    1.08 ^ _217_/X (sky130_fd_sc_hd__and4_2)
                                         _117_ (net)
                  0.05    0.00    1.08 ^ _218_/A (sky130_fd_sc_hd__buf_1)
     9    0.03    0.40    0.32    1.41 ^ _218_/X (sky130_fd_sc_hd__buf_1)
                                         _118_ (net)
                  0.40    0.00    1.41 ^ _243_/A (sky130_fd_sc_hd__and2_2)
     4    0.02    0.11    0.28    1.68 ^ _243_/X (sky130_fd_sc_hd__and2_2)
                                         _135_ (net)
                  0.11    0.00    1.68 ^ _246_/C (sky130_fd_sc_hd__and3_2)
     2    0.01    0.09    0.23    1.91 ^ _246_/X (sky130_fd_sc_hd__and3_2)
                                         _137_ (net)
                  0.09    0.00    1.91 ^ _247_/B (sky130_fd_sc_hd__nor2_2)
     1    0.00    0.03    0.03    1.95 v _247_/Y (sky130_fd_sc_hd__nor2_2)
                                         _021_ (net)
                  0.03    0.00    1.95 v _345_/D (sky130_fd_sc_hd__dfrtp_2)
                                  1.95   data arrival time

                  0.00   10.00   10.00   clock core_clock (rise edge)
                          0.00   10.00   clock network delay (ideal)
                          0.00   10.00   clock reconvergence pessimism
                                 10.00 ^ _345_/CLK (sky130_fd_sc_hd__dfrtp_2)
                         -0.12    9.88   library setup time
                                  9.88   data required time
-----------------------------------------------------------------------------
                                  9.88   data required time
                                 -1.95   data arrival time
-----------------------------------------------------------------------------
                                  7.94   slack (MET)


Startpoint: _322_ (rising edge-triggered flip-flop clocked by core_clock)
Endpoint: _349_ (rising edge-triggered flip-flop clocked by core_clock)
Path Group: core_clock
Path Type: max

Fanout     Cap    Slew   Delay    Time   Description
-----------------------------------------------------------------------------
                  0.00    0.00    0.00   clock core_clock (rise edge)
                          0.00    0.00   clock network delay (ideal)
                  0.00    0.00    0.00 ^ _322_/CLK (sky130_fd_sc_hd__dfrtp_2)
     4    0.01    0.09    0.37    0.37 ^ _322_/Q (sky130_fd_sc_hd__dfrtp_2)
                                         div.count[2] (net)
                  0.09    0.00    0.37 ^ _176_/C (sky130_fd_sc_hd__and4_2)
     1    0.00    0.05    0.21    0.58 ^ _176_/X (sky130_fd_sc_hd__and4_2)
                                         _089_ (net)
                  0.05    0.00    0.58 ^ _177_/A (sky130_fd_sc_hd__buf_1)
     8    0.02    0.29    0.25    0.82 ^ _177_/X (sky130_fd_sc_hd__buf_1)
                                         _090_ (net)
                  0.29    0.00    0.82 ^ _217_/A (sky130_fd_sc_hd__and4_2)
     1    0.00    0.05    0.26    1.08 ^ _217_/X (sky130_fd_sc_hd__and4_2)
                                         _117_ (net)
                  0.05    0.00    1.08 ^ _218_/A (sky130_fd_sc_hd__buf_1)
     9    0.03    0.40    0.32    1.41 ^ _218_/X (sky130_fd_sc_hd__buf_1)
                                         _118_ (net)
                  0.40    0.00    1.41 ^ _251_/A (sky130_fd_sc_hd__and3_2)
     5    0.01    0.10    0.31    1.71 ^ _251_/X (sky130_fd_sc_hd__and3_2)
                                         _140_ (net)
                  0.10    0.00    1.71 ^ _256_/C (sky130_fd_sc_hd__nand3_2)
     2    0.01    0.08    0.11    1.82 v _256_/Y (sky130_fd_sc_hd__nand3_2)
                                         _143_ (net)
                  0.08    0.00    1.82 v _257_/B1 (sky130_fd_sc_hd__o21a_2)
     1    0.00    0.03    0.12    1.94 v _257_/X (sky130_fd_sc_hd__o21a_2)
                                         _025_ (net)
                  0.03    0.00    1.94 v _349_/D (sky130_fd_sc_hd__dfrtp_2)
                                  1.94   data arrival time

                  0.00   10.00   10.00   clock core_clock (rise edge)
                          0.00   10.00   clock network delay (ideal)
                          0.00   10.00   clock reconvergence pessimism
                                 10.00 ^ _349_/CLK (sky130_fd_sc_hd__dfrtp_2)
                         -0.12    9.88   library setup time
                                  9.88   data required time
-----------------------------------------------------------------------------
                                  9.88   data required time
                                 -1.94   data arrival time
-----------------------------------------------------------------------------
                                  7.94   slack (MET)


Startpoint: _322_ (rising edge-triggered flip-flop clocked by core_clock)
Endpoint: _348_ (rising edge-triggered flip-flop clocked by core_clock)
Path Group: core_clock
Path Type: max

Fanout     Cap    Slew   Delay    Time   Description
-----------------------------------------------------------------------------
                  0.00    0.00    0.00   clock core_clock (rise edge)
                          0.00    0.00   clock network delay (ideal)
                  0.00    0.00    0.00 ^ _322_/CLK (sky130_fd_sc_hd__dfrtp_2)
     4    0.01    0.09    0.37    0.37 ^ _322_/Q (sky130_fd_sc_hd__dfrtp_2)
                                         div.count[2] (net)
                  0.09    0.00    0.37 ^ _176_/C (sky130_fd_sc_hd__and4_2)
     1    0.00    0.05    0.21    0.58 ^ _176_/X (sky130_fd_sc_hd__and4_2)
                                         _089_ (net)
                  0.05    0.00    0.58 ^ _177_/A (sky130_fd_sc_hd__buf_1)
     8    0.02    0.29    0.25    0.82 ^ _177_/X (sky130_fd_sc_hd__buf_1)
                                         _090_ (net)
                  0.29    0.00    0.82 ^ _217_/A (sky130_fd_sc_hd__and4_2)
     1    0.00    0.05    0.26    1.08 ^ _217_/X (sky130_fd_sc_hd__and4_2)
                                         _117_ (net)
                  0.05    0.00    1.08 ^ _218_/A (sky130_fd_sc_hd__buf_1)
     9    0.03    0.40    0.32    1.41 ^ _218_/X (sky130_fd_sc_hd__buf_1)
                                         _118_ (net)
                  0.40    0.00    1.41 ^ _251_/A (sky130_fd_sc_hd__and3_2)
     5    0.01    0.10    0.31    1.71 ^ _251_/X (sky130_fd_sc_hd__and3_2)
                                         _140_ (net)
                  0.10    0.00    1.71 ^ _253_/B (sky130_fd_sc_hd__and2_2)
     2    0.01    0.06    0.16    1.87 ^ _253_/X (sky130_fd_sc_hd__and2_2)
                                         _141_ (net)
                  0.06    0.00    1.87 ^ _255_/A (sky130_fd_sc_hd__nor2_2)
     1    0.00    0.02    0.04    1.91 v _255_/Y (sky130_fd_sc_hd__nor2_2)
                                         _024_ (net)
                  0.02    0.00    1.91 v _348_/D (sky130_fd_sc_hd__dfrtp_2)
                                  1.91   data arrival time

                  0.00   10.00   10.00   clock core_clock (rise edge)
                          0.00   10.00   clock network delay (ideal)
                          0.00   10.00   clock reconvergence pessimism
                                 10.00 ^ _348_/CLK (sky130_fd_sc_hd__dfrtp_2)
                         -0.12    9.88   library setup time
                                  9.88   data required time
-----------------------------------------------------------------------------
                                  9.88   data required time
                                 -1.91   data arrival time
-----------------------------------------------------------------------------
                                  7.97   slack (MET)


Startpoint: _322_ (rising edge-triggered flip-flop clocked by core_clock)
Endpoint: _341_ (rising edge-triggered flip-flop clocked by core_clock)
Path Group: core_clock
Path Type: max

Fanout     Cap    Slew   Delay    Time   Description
-----------------------------------------------------------------------------
                  0.00    0.00    0.00   clock core_clock (rise edge)
                          0.00    0.00   clock network delay (ideal)
                  0.00    0.00    0.00 ^ _322_/CLK (sky130_fd_sc_hd__dfrtp_2)
     4    0.01    0.09    0.37    0.37 ^ _322_/Q (sky130_fd_sc_hd__dfrtp_2)
                                         div.count[2] (net)
                  0.09    0.00    0.37 ^ _176_/C (sky130_fd_sc_hd__and4_2)
     1    0.00    0.05    0.21    0.58 ^ _176_/X (sky130_fd_sc_hd__and4_2)
                                         _089_ (net)
                  0.05    0.00    0.58 ^ _177_/A (sky130_fd_sc_hd__buf_1)
     8    0.02    0.29    0.25    0.82 ^ _177_/X (sky130_fd_sc_hd__buf_1)
                                         _090_ (net)
                  0.29    0.00    0.82 ^ _217_/A (sky130_fd_sc_hd__and4_2)
     1    0.00    0.05    0.26    1.08 ^ _217_/X (sky130_fd_sc_hd__and4_2)
                                         _117_ (net)
                  0.05    0.00    1.08 ^ _218_/A (sky130_fd_sc_hd__buf_1)
     9    0.03    0.40    0.32    1.41 ^ _218_/X (sky130_fd_sc_hd__buf_1)
                                         _118_ (net)
                  0.40    0.00    1.41 ^ _232_/B (sky130_fd_sc_hd__and3_2)
     4    0.02    0.13    0.32    1.73 ^ _232_/X (sky130_fd_sc_hd__and3_2)
                                         _128_ (net)
                  0.13    0.00    1.73 ^ _235_/B (sky130_fd_sc_hd__xor2_2)
     1    0.00    0.08    0.13    1.86 ^ _235_/X (sky130_fd_sc_hd__xor2_2)
                                         _017_ (net)
                  0.08    0.00    1.86 ^ _341_/D (sky130_fd_sc_hd__dfrtp_2)
                                  1.86   data arrival time

                  0.00   10.00   10.00   clock core_clock (rise edge)
                          0.00   10.00   clock network delay (ideal)
                          0.00   10.00   clock reconvergence pessimism
                                 10.00 ^ _341_/CLK (sky130_fd_sc_hd__dfrtp_2)
                         -0.08    9.92   library setup time
                                  9.92   data required time
-----------------------------------------------------------------------------
                                  9.92   data required time
                                 -1.86   data arrival time
-----------------------------------------------------------------------------
                                  8.06   slack (MET)


Startpoint: _322_ (rising edge-triggered flip-flop clocked by core_clock)
Endpoint: _340_ (rising edge-triggered flip-flop clocked by core_clock)
Path Group: core_clock
Path Type: max

Fanout     Cap    Slew   Delay    Time   Description
-----------------------------------------------------------------------------
                  0.00    0.00    0.00   clock core_clock (rise edge)
                          0.00    0.00   clock network delay (ideal)
                  0.00    0.00    0.00 ^ _322_/CLK (sky130_fd_sc_hd__dfrtp_2)
     4    0.01    0.09    0.37    0.37 ^ _322_/Q (sky130_fd_sc_hd__dfrtp_2)
                                         div.count[2] (net)
                  0.09    0.00    0.37 ^ _176_/C (sky130_fd_sc_hd__and4_2)
     1    0.00    0.05    0.21    0.58 ^ _176_/X (sky130_fd_sc_hd__and4_2)
                                         _089_ (net)
                  0.05    0.00    0.58 ^ _177_/A (sky130_fd_sc_hd__buf_1)
     8    0.02    0.29    0.25    0.82 ^ _177_/X (sky130_fd_sc_hd__buf_1)
                                         _090_ (net)
                  0.29    0.00    0.82 ^ _217_/A (sky130_fd_sc_hd__and4_2)
     1    0.00    0.05    0.26    1.08 ^ _217_/X (sky130_fd_sc_hd__and4_2)
                                         _117_ (net)
                  0.05    0.00    1.08 ^ _218_/A (sky130_fd_sc_hd__buf_1)
     9    0.03    0.40    0.32    1.41 ^ _218_/X (sky130_fd_sc_hd__buf_1)
                                         _118_ (net)
                  0.40    0.00    1.41 ^ _232_/B (sky130_fd_sc_hd__and3_2)
     4    0.02    0.13    0.32    1.73 ^ _232_/X (sky130_fd_sc_hd__and3_2)
                                         _128_ (net)
                  0.13    0.00    1.73 ^ _234_/A (sky130_fd_sc_hd__nor2_2)
     1    0.00    0.03    0.05    1.78 v _234_/Y (sky130_fd_sc_hd__nor2_2)
                                         _016_ (net)
                  0.03    0.00    1.78 v _340_/D (sky130_fd_sc_hd__dfrtp_2)
                                  1.78   data arrival time

                  0.00   10.00   10.00   clock core_clock (rise edge)
                          0.00   10.00   clock network delay (ideal)
                          0.00   10.00   clock reconvergence pessimism
                                 10.00 ^ _340_/CLK (sky130_fd_sc_hd__dfrtp_2)
                         -0.12    9.88   library setup time
                                  9.88   data required time
-----------------------------------------------------------------------------
                                  9.88   data required time
                                 -1.78   data arrival time
-----------------------------------------------------------------------------
                                  8.10   slack (MET)


Startpoint: _322_ (rising edge-triggered flip-flop clocked by core_clock)
Endpoint: _344_ (rising edge-triggered flip-flop clocked by core_clock)
Path Group: core_clock
Path Type: max

Fanout     Cap    Slew   Delay    Time   Description
-----------------------------------------------------------------------------
                  0.00    0.00    0.00   clock core_clock (rise edge)
                          0.00    0.00   clock network delay (ideal)
                  0.00    0.00    0.00 ^ _322_/CLK (sky130_fd_sc_hd__dfrtp_2)
     4    0.01    0.09    0.37    0.37 ^ _322_/Q (sky130_fd_sc_hd__dfrtp_2)
                                         div.count[2] (net)
                  0.09    0.00    0.37 ^ _176_/C (sky130_fd_sc_hd__and4_2)
     1    0.00    0.05    0.21    0.58 ^ _176_/X (sky130_fd_sc_hd__and4_2)
                                         _089_ (net)
                  0.05    0.00    0.58 ^ _177_/A (sky130_fd_sc_hd__buf_1)
     8    0.02    0.29    0.25    0.82 ^ _177_/X (sky130_fd_sc_hd__buf_1)
                                         _090_ (net)
                  0.29    0.00    0.82 ^ _217_/A (sky130_fd_sc_hd__and4_2)
     1    0.00    0.05    0.26    1.08 ^ _217_/X (sky130_fd_sc_hd__and4_2)
                                         _117_ (net)
                  0.05    0.00    1.08 ^ _218_/A (sky130_fd_sc_hd__buf_1)
     9    0.03    0.40    0.32    1.41 ^ _218_/X (sky130_fd_sc_hd__buf_1)
                                         _118_ (net)
                  0.40    0.00    1.41 ^ _243_/A (sky130_fd_sc_hd__and2_2)
     4    0.02    0.11    0.28    1.68 ^ _243_/X (sky130_fd_sc_hd__and2_2)
                                         _135_ (net)
                  0.11    0.00    1.68 ^ _244_/B (sky130_fd_sc_hd__xor2_2)
     1    0.00    0.08    0.12    1.81 ^ _244_/X (sky130_fd_sc_hd__xor2_2)
                                         _020_ (net)
                  0.08    0.00    1.81 ^ _344_/D (sky130_fd_sc_hd__dfrtp_2)
                                  1.81   data arrival time

                  0.00   10.00   10.00   clock core_clock (rise edge)
                          0.00   10.00   clock network delay (ideal)
                          0.00   10.00   clock reconvergence pessimism
                                 10.00 ^ _344_/CLK (sky130_fd_sc_hd__dfrtp_2)
                         -0.08    9.92   library setup time
                                  9.92   data required time
-----------------------------------------------------------------------------
                                  9.92   data required time
                                 -1.81   data arrival time
-----------------------------------------------------------------------------
                                  8.12   slack (MET)


Startpoint: _322_ (rising edge-triggered flip-flop clocked by core_clock)
Endpoint: _335_ (rising edge-triggered flip-flop clocked by core_clock)
Path Group: core_clock
Path Type: max

Fanout     Cap    Slew   Delay    Time   Description
-----------------------------------------------------------------------------
                  0.00    0.00    0.00   clock core_clock (rise edge)
                          0.00    0.00   clock network delay (ideal)
                  0.00    0.00    0.00 ^ _322_/CLK (sky130_fd_sc_hd__dfrtp_2)
     4    0.01    0.09    0.37    0.37 ^ _322_/Q (sky130_fd_sc_hd__dfrtp_2)
                                         div.count[2] (net)
                  0.09    0.00    0.37 ^ _176_/C (sky130_fd_sc_hd__and4_2)
     1    0.00    0.05    0.21    0.58 ^ _176_/X (sky130_fd_sc_hd__and4_2)
                                         _089_ (net)
                  0.05    0.00    0.58 ^ _177_/A (sky130_fd_sc_hd__buf_1)
     8    0.02    0.29    0.25    0.82 ^ _177_/X (sky130_fd_sc_hd__buf_1)
                                         _090_ (net)
                  0.29    0.00    0.82 ^ _195_/C (sky130_fd_sc_hd__and4_2)
     1    0.00    0.05    0.25    1.08 ^ _195_/X (sky130_fd_sc_hd__and4_2)
                                         _102_ (net)
                  0.05    0.00    1.08 ^ _196_/A (sky130_fd_sc_hd__buf_1)
     6    0.02    0.28    0.25    1.32 ^ _196_/X (sky130_fd_sc_hd__buf_1)
                                         _103_ (net)
                  0.28    0.00    1.32 ^ _211_/A (sky130_fd_sc_hd__and2_2)
     3    0.01    0.07    0.22    1.55 ^ _211_/X (sky130_fd_sc_hd__and2_2)
                                         _114_ (net)
                  0.07    0.00    1.55 ^ _213_/B (sky130_fd_sc_hd__nand2_2)
     2    0.01    0.05    0.07    1.62 v _213_/Y (sky130_fd_sc_hd__nand2_2)
                                         _115_ (net)
                  0.05    0.00    1.62 v _215_/B (sky130_fd_sc_hd__xnor2_2)
     1    0.00    0.04    0.12    1.74 v _215_/Y (sky130_fd_sc_hd__xnor2_2)
                                         _010_ (net)
                  0.04    0.00    1.74 v _335_/D (sky130_fd_sc_hd__dfrtp_2)
                                  1.74   data arrival time

                  0.00   10.00   10.00   clock core_clock (rise edge)
                          0.00   10.00   clock network delay (ideal)
                          0.00   10.00   clock reconvergence pessimism
                                 10.00 ^ _335_/CLK (sky130_fd_sc_hd__dfrtp_2)
                         -0.12    9.88   library setup time
                                  9.88   data required time
-----------------------------------------------------------------------------
                                  9.88   data required time
                                 -1.74   data arrival time
-----------------------------------------------------------------------------
                                  8.14   slack (MET)


Startpoint: _322_ (rising edge-triggered flip-flop clocked by core_clock)
Endpoint: _333_ (rising edge-triggered flip-flop clocked by core_clock)
Path Group: core_clock
Path Type: max

Fanout     Cap    Slew   Delay    Time   Description
-----------------------------------------------------------------------------
                  0.00    0.00    0.00   clock core_clock (rise edge)
                          0.00    0.00   clock network delay (ideal)
                  0.00    0.00    0.00 ^ _322_/CLK (sky130_fd_sc_hd__dfrtp_2)
     4    0.01    0.09    0.37    0.37 ^ _322_/Q (sky130_fd_sc_hd__dfrtp_2)
                                         div.count[2] (net)
                  0.09    0.00    0.37 ^ _176_/C (sky130_fd_sc_hd__and4_2)
     1    0.00    0.05    0.21    0.58 ^ _176_/X (sky130_fd_sc_hd__and4_2)
                                         _089_ (net)
                  0.05    0.00    0.58 ^ _177_/A (sky130_fd_sc_hd__buf_1)
     8    0.02    0.29    0.25    0.82 ^ _177_/X (sky130_fd_sc_hd__buf_1)
                                         _090_ (net)
                  0.29    0.00    0.82 ^ _195_/C (sky130_fd_sc_hd__and4_2)
     1    0.00    0.05    0.25    1.08 ^ _195_/X (sky130_fd_sc_hd__and4_2)
                                         _102_ (net)
                  0.05    0.00    1.08 ^ _196_/A (sky130_fd_sc_hd__buf_1)
     6    0.02    0.28    0.25    1.32 ^ _196_/X (sky130_fd_sc_hd__buf_1)
                                         _103_ (net)
                  0.28    0.00    1.32 ^ _211_/A (sky130_fd_sc_hd__and2_2)
     3    0.01    0.07    0.22    1.55 ^ _211_/X (sky130_fd_sc_hd__and2_2)
                                         _114_ (net)
                  0.07    0.00    1.55 ^ _212_/B1_N (sky130_fd_sc_hd__o21ba_2)
     1    0.00    0.03    0.15    1.70 v _212_/X (sky130_fd_sc_hd__o21ba_2)
                                         _008_ (net)
                  0.03    0.00    1.70 v _333_/D (sky130_fd_sc_hd__dfrtp_2)
                                  1.70   data arrival time

                  0.00   10.00   10.00   clock core_clock (rise edge)
                          0.00   10.00   clock network delay (ideal)
                          0.00   10.00   clock reconvergence pessimism
                                 10.00 ^ _333_/CLK (sky130_fd_sc_hd__dfrtp_2)
                         -0.12    9.88   library setup time
                                  9.88   data required time
-----------------------------------------------------------------------------
                                  9.88   data required time
                                 -1.70   data arrival time
-----------------------------------------------------------------------------
                                  8.18   slack (MET)


Startpoint: _322_ (rising edge-triggered flip-flop clocked by core_clock)
Endpoint: _337_ (rising edge-triggered flip-flop clocked by core_clock)
Path Group: core_clock
Path Type: max

Fanout     Cap    Slew   Delay    Time   Description
-----------------------------------------------------------------------------
                  0.00    0.00    0.00   clock core_clock (rise edge)
                          0.00    0.00   clock network delay (ideal)
                  0.00    0.00    0.00 ^ _322_/CLK (sky130_fd_sc_hd__dfrtp_2)
     4    0.01    0.09    0.37    0.37 ^ _322_/Q (sky130_fd_sc_hd__dfrtp_2)
                                         div.count[2] (net)
                  0.09    0.00    0.37 ^ _176_/C (sky130_fd_sc_hd__and4_2)
     1    0.00    0.05    0.21    0.58 ^ _176_/X (sky130_fd_sc_hd__and4_2)
                                         _089_ (net)
                  0.05    0.00    0.58 ^ _177_/A (sky130_fd_sc_hd__buf_1)
     8    0.02    0.29    0.25    0.82 ^ _177_/X (sky130_fd_sc_hd__buf_1)
                                         _090_ (net)
                  0.29    0.00    0.82 ^ _217_/A (sky130_fd_sc_hd__and4_2)
     1    0.00    0.05    0.26    1.08 ^ _217_/X (sky130_fd_sc_hd__and4_2)
                                         _117_ (net)
                  0.05    0.00    1.08 ^ _218_/A (sky130_fd_sc_hd__buf_1)
     9    0.03    0.40    0.32    1.41 ^ _218_/X (sky130_fd_sc_hd__buf_1)
                                         _118_ (net)
                  0.40    0.00    1.41 ^ _221_/C (sky130_fd_sc_hd__and3_2)
     2    0.01    0.06    0.25    1.66 ^ _221_/X (sky130_fd_sc_hd__and3_2)
                                         _120_ (net)
                  0.06    0.00    1.66 ^ _222_/B (sky130_fd_sc_hd__nor2_2)
     1    0.00    0.03    0.03    1.69 v _222_/Y (sky130_fd_sc_hd__nor2_2)
                                         _012_ (net)
                  0.03    0.00    1.69 v _337_/D (sky130_fd_sc_hd__dfrtp_2)
                                  1.69   data arrival time

                  0.00   10.00   10.00   clock core_clock (rise edge)
                          0.00   10.00   clock network delay (ideal)
                          0.00   10.00   clock reconvergence pessimism
                                 10.00 ^ _337_/CLK (sky130_fd_sc_hd__dfrtp_2)
                         -0.12    9.88   library setup time
                                  9.88   data required time
-----------------------------------------------------------------------------
                                  9.88   data required time
                                 -1.69   data arrival time
-----------------------------------------------------------------------------
                                  8.19   slack (MET)


Startpoint: _322_ (rising edge-triggered flip-flop clocked by core_clock)
Endpoint: _332_ (rising edge-triggered flip-flop clocked by core_clock)
Path Group: core_clock
Path Type: max

Fanout     Cap    Slew   Delay    Time   Description
-----------------------------------------------------------------------------
                  0.00    0.00    0.00   clock core_clock (rise edge)
                          0.00    0.00   clock network delay (ideal)
                  0.00    0.00    0.00 ^ _322_/CLK (sky130_fd_sc_hd__dfrtp_2)
     4    0.01    0.09    0.37    0.37 ^ _322_/Q (sky130_fd_sc_hd__dfrtp_2)
                                         div.count[2] (net)
                  0.09    0.00    0.37 ^ _176_/C (sky130_fd_sc_hd__and4_2)
     1    0.00    0.05    0.21    0.58 ^ _176_/X (sky130_fd_sc_hd__and4_2)
                                         _089_ (net)
                  0.05    0.00    0.58 ^ _177_/A (sky130_fd_sc_hd__buf_1)
     8    0.02    0.29    0.25    0.82 ^ _177_/X (sky130_fd_sc_hd__buf_1)
                                         _090_ (net)
                  0.29    0.00    0.82 ^ _195_/C (sky130_fd_sc_hd__and4_2)
     1    0.00    0.05    0.25    1.08 ^ _195_/X (sky130_fd_sc_hd__and4_2)
                                         _102_ (net)
                  0.05    0.00    1.08 ^ _196_/A (sky130_fd_sc_hd__buf_1)
     6    0.02    0.28    0.25    1.32 ^ _196_/X (sky130_fd_sc_hd__buf_1)
                                         _103_ (net)
                  0.28    0.00    1.32 ^ _205_/C (sky130_fd_sc_hd__nand3_2)
     2    0.01    0.09    0.13    1.46 v _205_/Y (sky130_fd_sc_hd__nand3_2)
                                         _110_ (net)
                  0.09    0.00    1.46 v _208_/B (sky130_fd_sc_hd__xnor2_2)
     1    0.00    0.04    0.14    1.59 v _208_/Y (sky130_fd_sc_hd__xnor2_2)
                                         _007_ (net)
                  0.04    0.00    1.59 v _332_/D (sky130_fd_sc_hd__dfrtp_2)
                                  1.59   data arrival time

                  0.00   10.00   10.00   clock core_clock (rise edge)
                          0.00   10.00   clock network delay (ideal)
                          0.00   10.00   clock reconvergence pessimism
                                 10.00 ^ _332_/CLK (sky130_fd_sc_hd__dfrtp_2)
                         -0.12    9.88   library setup time
                                  9.88   data required time
-----------------------------------------------------------------------------
                                  9.88   data required time
                                 -1.59   data arrival time
-----------------------------------------------------------------------------
                                  8.28   slack (MET)


Startpoint: _322_ (rising edge-triggered flip-flop clocked by core_clock)
Endpoint: _336_ (rising edge-triggered flip-flop clocked by core_clock)
Path Group: core_clock
Path Type: max

Fanout     Cap    Slew   Delay    Time   Description
-----------------------------------------------------------------------------
                  0.00    0.00    0.00   clock core_clock (rise edge)
                          0.00    0.00   clock network delay (ideal)
                  0.00    0.00    0.00 ^ _322_/CLK (sky130_fd_sc_hd__dfrtp_2)
     4    0.01    0.09    0.37    0.37 ^ _322_/Q (sky130_fd_sc_hd__dfrtp_2)
                                         div.count[2] (net)
                  0.09    0.00    0.37 ^ _176_/C (sky130_fd_sc_hd__and4_2)
     1    0.00    0.05    0.21    0.58 ^ _176_/X (sky130_fd_sc_hd__and4_2)
                                         _089_ (net)
                  0.05    0.00    0.58 ^ _177_/A (sky130_fd_sc_hd__buf_1)
     8    0.02    0.29    0.25    0.82 ^ _177_/X (sky130_fd_sc_hd__buf_1)
                                         _090_ (net)
                  0.29    0.00    0.82 ^ _217_/A (sky130_fd_sc_hd__and4_2)
     1    0.00    0.05    0.26    1.08 ^ _217_/X (sky130_fd_sc_hd__and4_2)
                                         _117_ (net)
                  0.05    0.00    1.08 ^ _218_/A (sky130_fd_sc_hd__buf_1)
     9    0.03    0.40    0.32    1.41 ^ _218_/X (sky130_fd_sc_hd__buf_1)
                                         _118_ (net)
                  0.40    0.00    1.41 ^ _219_/B (sky130_fd_sc_hd__xor2_2)
     1    0.00    0.08    0.10    1.50 v _219_/X (sky130_fd_sc_hd__xor2_2)
                                         _011_ (net)
                  0.08    0.00    1.50 v _336_/D (sky130_fd_sc_hd__dfrtp_2)
                                  1.50   data arrival time

                  0.00   10.00   10.00   clock core_clock (rise edge)
                          0.00   10.00   clock network delay (ideal)
                          0.00   10.00   clock reconvergence pessimism
                                 10.00 ^ _336_/CLK (sky130_fd_sc_hd__dfrtp_2)
                         -0.14    9.86   library setup time
                                  9.86   data required time
-----------------------------------------------------------------------------
                                  9.86   data required time
                                 -1.50   data arrival time
-----------------------------------------------------------------------------
                                  8.35   slack (MET)


Startpoint: _322_ (rising edge-triggered flip-flop clocked by core_clock)
Endpoint: _330_ (rising edge-triggered flip-flop clocked by core_clock)
Path Group: core_clock
Path Type: max

Fanout     Cap    Slew   Delay    Time   Description
-----------------------------------------------------------------------------
                  0.00    0.00    0.00   clock core_clock (rise edge)
                          0.00    0.00   clock network delay (ideal)
                  0.00    0.00    0.00 ^ _322_/CLK (sky130_fd_sc_hd__dfrtp_2)
     4    0.01    0.09    0.37    0.37 ^ _322_/Q (sky130_fd_sc_hd__dfrtp_2)
                                         div.count[2] (net)
                  0.09    0.00    0.37 ^ _176_/C (sky130_fd_sc_hd__and4_2)
     1    0.00    0.05    0.21    0.58 ^ _176_/X (sky130_fd_sc_hd__and4_2)
                                         _089_ (net)
                  0.05    0.00    0.58 ^ _177_/A (sky130_fd_sc_hd__buf_1)
     8    0.02    0.29    0.25    0.82 ^ _177_/X (sky130_fd_sc_hd__buf_1)
                                         _090_ (net)
                  0.29    0.00    0.82 ^ _195_/C (sky130_fd_sc_hd__and4_2)
     1    0.00    0.05    0.25    1.08 ^ _195_/X (sky130_fd_sc_hd__and4_2)
                                         _102_ (net)
                  0.05    0.00    1.08 ^ _196_/A (sky130_fd_sc_hd__buf_1)
     6    0.02    0.28    0.25    1.32 ^ _196_/X (sky130_fd_sc_hd__buf_1)
                                         _103_ (net)
                  0.28    0.00    1.32 ^ _203_/B (sky130_fd_sc_hd__xor2_2)
     1    0.00    0.07    0.09    1.41 v _203_/X (sky130_fd_sc_hd__xor2_2)
                                         _005_ (net)
                  0.07    0.00    1.41 v _330_/D (sky130_fd_sc_hd__dfrtp_2)
                                  1.41   data arrival time

                  0.00   10.00   10.00   clock core_clock (rise edge)
                          0.00   10.00   clock network delay (ideal)
                          0.00   10.00   clock reconvergence pessimism
                                 10.00 ^ _330_/CLK (sky130_fd_sc_hd__dfrtp_2)
                         -0.14    9.86   library setup time
                                  9.86   data required time
-----------------------------------------------------------------------------
                                  9.86   data required time
                                 -1.41   data arrival time
-----------------------------------------------------------------------------
                                  8.45   slack (MET)


Startpoint: _322_ (rising edge-triggered flip-flop clocked by core_clock)
Endpoint: _327_ (rising edge-triggered flip-flop clocked by core_clock)
Path Group: core_clock
Path Type: max

Fanout     Cap    Slew   Delay    Time   Description
-----------------------------------------------------------------------------
                  0.00    0.00    0.00   clock core_clock (rise edge)
                          0.00    0.00   clock network delay (ideal)
                  0.00    0.00    0.00 ^ _322_/CLK (sky130_fd_sc_hd__dfrtp_2)
     4    0.01    0.09    0.37    0.37 ^ _322_/Q (sky130_fd_sc_hd__dfrtp_2)
                                         div.count[2] (net)
                  0.09    0.00    0.37 ^ _176_/C (sky130_fd_sc_hd__and4_2)
     1    0.00    0.05    0.21    0.58 ^ _176_/X (sky130_fd_sc_hd__and4_2)
                                         _089_ (net)
                  0.05    0.00    0.58 ^ _177_/A (sky130_fd_sc_hd__buf_1)
     8    0.02    0.29    0.25    0.82 ^ _177_/X (sky130_fd_sc_hd__buf_1)
                                         _090_ (net)
                  0.29    0.00    0.82 ^ _182_/C (sky130_fd_sc_hd__and3_2)
     3    0.01    0.08    0.26    1.08 ^ _182_/X (sky130_fd_sc_hd__and3_2)
                                         _093_ (net)
                  0.08    0.00    1.08 ^ _186_/B (sky130_fd_sc_hd__nand2_2)
     2    0.01    0.04    0.06    1.14 v _186_/Y (sky130_fd_sc_hd__nand2_2)
                                         _096_ (net)
                  0.04    0.00    1.14 v _192_/A2 (sky130_fd_sc_hd__a21oi_2)
     1    0.00    0.07    0.11    1.26 ^ _192_/Y (sky130_fd_sc_hd__a21oi_2)
                                         _033_ (net)
                  0.07    0.00    1.26 ^ _327_/D (sky130_fd_sc_hd__dfrtp_2)
                                  1.26   data arrival time

                  0.00   10.00   10.00   clock core_clock (rise edge)
                          0.00   10.00   clock network delay (ideal)
                          0.00   10.00   clock reconvergence pessimism
                                 10.00 ^ _327_/CLK (sky130_fd_sc_hd__dfrtp_2)
                         -0.08    9.92   library setup time
                                  9.92   data required time
-----------------------------------------------------------------------------
                                  9.92   data required time
                                 -1.26   data arrival time
-----------------------------------------------------------------------------
                                  8.67   slack (MET)


Startpoint: _322_ (rising edge-triggered flip-flop clocked by core_clock)
Endpoint: _323_ (rising edge-triggered flip-flop clocked by core_clock)
Path Group: core_clock
Path Type: max

Fanout     Cap    Slew   Delay    Time   Description
-----------------------------------------------------------------------------
                  0.00    0.00    0.00   clock core_clock (rise edge)
                          0.00    0.00   clock network delay (ideal)
                  0.00    0.00    0.00 ^ _322_/CLK (sky130_fd_sc_hd__dfrtp_2)
     4    0.01    0.09    0.37    0.37 ^ _322_/Q (sky130_fd_sc_hd__dfrtp_2)
                                         div.count[2] (net)
                  0.09    0.00    0.37 ^ _176_/C (sky130_fd_sc_hd__and4_2)
     1    0.00    0.05    0.21    0.58 ^ _176_/X (sky130_fd_sc_hd__and4_2)
                                         _089_ (net)
                  0.05    0.00    0.58 ^ _177_/A (sky130_fd_sc_hd__buf_1)
     8    0.02    0.29    0.25    0.82 ^ _177_/X (sky130_fd_sc_hd__buf_1)
                                         _090_ (net)
                  0.29    0.00    0.82 ^ _179_/A_N (sky130_fd_sc_hd__and2b_2)
     1    0.00    0.03    0.25    1.07 v _179_/X (sky130_fd_sc_hd__and2b_2)
                                         _092_ (net)
                  0.03    0.00    1.07 v _180_/A (sky130_fd_sc_hd__buf_1)
     1    0.00    0.02    0.08    1.15 v _180_/X (sky130_fd_sc_hd__buf_1)
                                         _029_ (net)
                  0.02    0.00    1.15 v _323_/D (sky130_fd_sc_hd__dfrtp_2)
                                  1.15   data arrival time

                  0.00   10.00   10.00   clock core_clock (rise edge)
                          0.00   10.00   clock network delay (ideal)
                          0.00   10.00   clock reconvergence pessimism
                                 10.00 ^ _323_/CLK (sky130_fd_sc_hd__dfrtp_2)
                         -0.12    9.88   library setup time
                                  9.88   data required time
-----------------------------------------------------------------------------
                                  9.88   data required time
                                 -1.15   data arrival time
-----------------------------------------------------------------------------
                                  8.73   slack (MET)


Startpoint: _322_ (rising edge-triggered flip-flop clocked by core_clock)
Endpoint: _325_ (rising edge-triggered flip-flop clocked by core_clock)
Path Group: core_clock
Path Type: max

Fanout     Cap    Slew   Delay    Time   Description
-----------------------------------------------------------------------------
                  0.00    0.00    0.00   clock core_clock (rise edge)
                          0.00    0.00   clock network delay (ideal)
                  0.00    0.00    0.00 ^ _322_/CLK (sky130_fd_sc_hd__dfrtp_2)
     4    0.01    0.09    0.37    0.37 ^ _322_/Q (sky130_fd_sc_hd__dfrtp_2)
                                         div.count[2] (net)
                  0.09    0.00    0.37 ^ _176_/C (sky130_fd_sc_hd__and4_2)
     1    0.00    0.05    0.21    0.58 ^ _176_/X (sky130_fd_sc_hd__and4_2)
                                         _089_ (net)
                  0.05    0.00    0.58 ^ _177_/A (sky130_fd_sc_hd__buf_1)
     8    0.02    0.29    0.25    0.82 ^ _177_/X (sky130_fd_sc_hd__buf_1)
                                         _090_ (net)
                  0.29    0.00    0.82 ^ _182_/C (sky130_fd_sc_hd__and3_2)
     3    0.01    0.08    0.26    1.08 ^ _182_/X (sky130_fd_sc_hd__and3_2)
                                         _093_ (net)
                  0.08    0.00    1.08 ^ _184_/A (sky130_fd_sc_hd__nor2_2)
     1    0.00    0.02    0.04    1.12 v _184_/Y (sky130_fd_sc_hd__nor2_2)
                                         _031_ (net)
                  0.02    0.00    1.12 v _325_/D (sky130_fd_sc_hd__dfrtp_2)
                                  1.12   data arrival time

                  0.00   10.00   10.00   clock core_clock (rise edge)
                          0.00   10.00   clock network delay (ideal)
                          0.00   10.00   clock reconvergence pessimism
                                 10.00 ^ _325_/CLK (sky130_fd_sc_hd__dfrtp_2)
                         -0.12    9.88   library setup time
                                  9.88   data required time
-----------------------------------------------------------------------------
                                  9.88   data required time
                                 -1.12   data arrival time
-----------------------------------------------------------------------------
                                  8.76   slack (MET)


Startpoint: _322_ (rising edge-triggered flip-flop clocked by core_clock)
Endpoint: _324_ (rising edge-triggered flip-flop clocked by core_clock)
Path Group: core_clock
Path Type: max

Fanout     Cap    Slew   Delay    Time   Description
-----------------------------------------------------------------------------
                  0.00    0.00    0.00   clock core_clock (rise edge)
                          0.00    0.00   clock network delay (ideal)
                  0.00    0.00    0.00 ^ _322_/CLK (sky130_fd_sc_hd__dfrtp_2)
     4    0.01    0.07    0.40    0.40 v _322_/Q (sky130_fd_sc_hd__dfrtp_2)
                                         div.count[2] (net)
                  0.07    0.00    0.40 v _176_/C (sky130_fd_sc_hd__and4_2)
     1    0.00    0.04    0.22    0.62 v _176_/X (sky130_fd_sc_hd__and4_2)
                                         _089_ (net)
                  0.04    0.00    0.62 v _177_/A (sky130_fd_sc_hd__buf_1)
     8    0.02    0.13    0.17    0.79 v _177_/X (sky130_fd_sc_hd__buf_1)
                                         _090_ (net)
                  0.13    0.00    0.79 v _181_/B (sky130_fd_sc_hd__xor2_2)
     1    0.00    0.07    0.16    0.95 v _181_/X (sky130_fd_sc_hd__xor2_2)
                                         _030_ (net)
                  0.07    0.00    0.95 v _324_/D (sky130_fd_sc_hd__dfrtp_2)
                                  0.95   data arrival time

                  0.00   10.00   10.00   clock core_clock (rise edge)
                          0.00   10.00   clock network delay (ideal)
                          0.00   10.00   clock reconvergence pessimism
                                 10.00 ^ _324_/CLK (sky130_fd_sc_hd__dfrtp_2)
                         -0.14    9.86   library setup time
                                  9.86   data required time
-----------------------------------------------------------------------------
                                  9.86   data required time
                                 -0.95   data arrival time
-----------------------------------------------------------------------------
                                  8.91   slack (MET)


Startpoint: _320_ (rising edge-triggered flip-flop clocked by core_clock)
Endpoint: _321_ (rising edge-triggered flip-flop clocked by core_clock)
Path Group: core_clock
Path Type: max

Fanout     Cap    Slew   Delay    Time   Description
-----------------------------------------------------------------------------
                  0.00    0.00    0.00   clock core_clock (rise edge)
                          0.00    0.00   clock network delay (ideal)
                  0.00    0.00    0.00 ^ _320_/CLK (sky130_fd_sc_hd__dfrtp_2)
     6    0.01    0.07    0.40    0.40 v _320_/Q (sky130_fd_sc_hd__dfrtp_2)
                                         div.count[0] (net)
                  0.07    0.00    0.40 v _171_/A (sky130_fd_sc_hd__or2_2)
     1    0.00    0.05    0.29    0.69 v _171_/X (sky130_fd_sc_hd__or2_2)
                                         _086_ (net)
                  0.05    0.00    0.69 v _173_/A (sky130_fd_sc_hd__and2_2)
     1    0.00    0.03    0.16    0.85 v _173_/X (sky130_fd_sc_hd__and2_2)
                                         _088_ (net)
                  0.03    0.00    0.85 v _174_/A (sky130_fd_sc_hd__buf_1)
     1    0.00    0.02    0.08    0.92 v _174_/X (sky130_fd_sc_hd__buf_1)
                                         _015_ (net)
                  0.02    0.00    0.92 v _321_/D (sky130_fd_sc_hd__dfrtp_2)
                                  0.92   data arrival time

                  0.00   10.00   10.00   clock core_clock (rise edge)
                          0.00   10.00   clock network delay (ideal)
                          0.00   10.00   clock reconvergence pessimism
                                 10.00 ^ _321_/CLK (sky130_fd_sc_hd__dfrtp_2)
                         -0.12    9.88   library setup time
                                  9.88   data required time
-----------------------------------------------------------------------------
                                  9.88   data required time
                                 -0.92   data arrival time
-----------------------------------------------------------------------------
                                  8.96   slack (MET)


Startpoint: _320_ (rising edge-triggered flip-flop clocked by core_clock)
Endpoint: _322_ (rising edge-triggered flip-flop clocked by core_clock)
Path Group: core_clock
Path Type: max

Fanout     Cap    Slew   Delay    Time   Description
-----------------------------------------------------------------------------
                  0.00    0.00    0.00   clock core_clock (rise edge)
                          0.00    0.00   clock network delay (ideal)
                  0.00    0.00    0.00 ^ _320_/CLK (sky130_fd_sc_hd__dfrtp_2)
     6    0.01    0.08    0.36    0.36 ^ _320_/Q (sky130_fd_sc_hd__dfrtp_2)
                                         div.count[0] (net)
                  0.08    0.00    0.36 ^ _172_/A (sky130_fd_sc_hd__nand2_2)
     2    0.01    0.05    0.07    0.43 v _172_/Y (sky130_fd_sc_hd__nand2_2)
                                         _087_ (net)
                  0.05    0.00    0.43 v _175_/B (sky130_fd_sc_hd__xnor2_2)
     1    0.00    0.04    0.12    0.55 v _175_/Y (sky130_fd_sc_hd__xnor2_2)
                                         _026_ (net)
                  0.04    0.00    0.55 v _322_/D (sky130_fd_sc_hd__dfrtp_2)
                                  0.55   data arrival time

                  0.00   10.00   10.00   clock core_clock (rise edge)
                          0.00   10.00   clock network delay (ideal)
                          0.00   10.00   clock reconvergence pessimism
                                 10.00 ^ _322_/CLK (sky130_fd_sc_hd__dfrtp_2)
                         -0.12    9.88   library setup time
                                  9.88   data required time
-----------------------------------------------------------------------------
                                  9.88   data required time
                                 -0.55   data arrival time
-----------------------------------------------------------------------------
                                  9.33   slack (MET)



worst slack corner Typical: 7.1083
max_report_end
checks_report

===========================================================================
report_checks -unconstrained
===========================================================================
======================= Typical Corner ===================================

Startpoint: _335_ (rising edge-triggered flip-flop clocked by core_clock)
Endpoint: _320_ (rising edge-triggered flip-flop clocked by core_clock)
Path Group: core_clock
Path Type: max

Fanout     Cap    Slew   Delay    Time   Description
-----------------------------------------------------------------------------
                  0.00    0.00    0.00   clock core_clock (rise edge)
                          0.00    0.00   clock network delay (ideal)
                  0.00    0.00    0.00 ^ _335_/CLK (sky130_fd_sc_hd__dfrtp_2)
     3    0.01    0.06    0.40    0.40 v _335_/Q (sky130_fd_sc_hd__dfrtp_2)
                                         div.count[15] (net)
                  0.06    0.00    0.40 v _157_/A (sky130_fd_sc_hd__or4b_2)
     1    0.00    0.09    0.65    1.04 v _157_/X (sky130_fd_sc_hd__or4b_2)
                                         _074_ (net)
                  0.09    0.00    1.04 v _161_/A (sky130_fd_sc_hd__or4_2)
     2    0.00    0.10    0.66    1.71 v _161_/X (sky130_fd_sc_hd__or4_2)
                                         _078_ (net)
                  0.10    0.00    1.71 v _167_/A (sky130_fd_sc_hd__or4_2)
     6    0.02    0.16    0.76    2.46 v _167_/X (sky130_fd_sc_hd__or4_2)
                                         _084_ (net)
                  0.16    0.00    2.46 v _169_/B (sky130_fd_sc_hd__and2b_2)
     1    0.00    0.03    0.23    2.70 v _169_/X (sky130_fd_sc_hd__and2b_2)
                                         _085_ (net)
                  0.03    0.00    2.70 v _170_/A (sky130_fd_sc_hd__buf_1)
     1    0.00    0.02    0.08    2.78 v _170_/X (sky130_fd_sc_hd__buf_1)
                                         _004_ (net)
                  0.02    0.00    2.78 v _320_/D (sky130_fd_sc_hd__dfrtp_2)
                                  2.78   data arrival time

                  0.00   10.00   10.00   clock core_clock (rise edge)
                          0.00   10.00   clock network delay (ideal)
                          0.00   10.00   clock reconvergence pessimism
                                 10.00 ^ _320_/CLK (sky130_fd_sc_hd__dfrtp_2)
                         -0.12    9.88   library setup time
                                  9.88   data required time
-----------------------------------------------------------------------------
                                  9.88   data required time
                                 -2.78   data arrival time
-----------------------------------------------------------------------------
                                  7.11   slack (MET)




===========================================================================
report_checks --slack_max -0.01
============================================================================
======================= Typical Corner ===================================

No paths found.


===========================================================================
 report_check_types -max_slew -max_cap -max_fanout -violators
============================================================================
======================= Typical Corner ===================================


max slew violations count Typical: 0
max fanout violations count Typical: 0
max cap violations count Typical: 0

===========================================================================
report_parasitic_annotation -report_unannotated
============================================================================
Found 211 unannotated drivers.
 clk
 rst_button
 _157_/X
 _158_/Y
 _159_/X
 _160_/X
 _161_/X
 _162_/X
 _163_/X
 _164_/X
 _165_/X
 _166_/X
 _167_/X
 _168_/Y
 _169_/X
 _170_/X
 _171_/X
 _172_/Y
 _173_/X
 _174_/X
 _175_/Y
 _176_/X
 _177_/X
 _178_/X
 _179_/X
 _180_/X
 _181_/X
 _182_/X
 _183_/Y
 _184_/Y
 _185_/X
 _186_/Y
 _187_/X
 _188_/X
 _189_/Y
 _190_/X
 _191_/X
 _192_/Y
 _193_/Y
 _194_/Y
 _195_/X
 _196_/X
 _197_/X
 _198_/X
 _199_/X
 _200_/X
 _201_/Y
 _202_/Y
 _203_/X
 _204_/X
 _205_/Y
 _206_/X
 _207_/X
 _208_/Y
 _209_/X
 _210_/X
 _211_/X
 _212_/X
 _213_/Y
 _214_/X
 _215_/Y
 _216_/X
 _217_/X
 _218_/X
 _219_/X
 _220_/Y
 _221_/X
 _222_/Y
 _223_/X
 _224_/Y
 _225_/X
 _226_/X
 _227_/X
 _228_/X
 _229_/Y
 _230_/X
 _231_/X
 _232_/X
 _233_/Y
 _234_/Y
 _235_/X
 _236_/X
 _237_/Y
 _238_/X
 _239_/X
 _240_/Y
 _241_/X
 _242_/X
 _243_/X
 _244_/X
 _245_/Y
 _246_/X
 _247_/Y
 _248_/X
 _249_/X
 _250_/X
 _251_/X
 _252_/X
 _253_/X
 _254_/Y
 _255_/Y
 _256_/Y
 _257_/X
 _258_/Y
 _259_/X
 _260_/X
 _261_/X
 _262_/X
 _263_/Y
 _264_/Y
 _265_/X
 _266_/Y
 _267_/X
 _268_/X
 _269_/X
 _270_/Y
 _271_/Y
 _272_/Y
 _273_/Y
 _274_/X
 _275_/Y
 _276_/X
 _277_/X
 _278_/Y
 _279_/X
 _280_/X
 _281_/Y
 _282_/Y
 _283_/Y
 _284_/Y
 _285_/Y
 _286_/Y
 _287_/Y
 _288_/Y
 _289_/Y
 _290_/Y
 _291_/X
 _292_/Y
 _293_/Y
 _294_/Y
 _295_/Y
 _296_/Y
 _297_/Y
 _298_/Y
 _299_/Y
 _300_/Y
 _301_/Y
 _302_/X
 _303_/Y
 _304_/Y
 _305_/Y
 _306_/Y
 _307_/Y
 _308_/Y
 _309_/Y
 _310_/Y
 _311_/Y
 _312_/Y
 _313_/Y
 _314_/Y
 _315_/Y
 _316_/Y
 _317_/Y
 _318_/Y
 _319_/Y
 _320_/Q
 _321_/Q
 _322_/Q
 _323_/Q
 _324_/Q
 _325_/Q
 _326_/Q
 _327_/Q
 _328_/Q
 _329_/Q
 _330_/Q
 _331_/Q
 _332_/Q
 _333_/Q
 _334_/Q
 _335_/Q
 _336_/Q
 _337_/Q
 _338_/Q
 _339_/Q
 _340_/Q
 _341_/Q
 _342_/Q
 _343_/Q
 _344_/Q
 _345_/Q
 _346_/Q
 _347_/Q
 _348_/Q
 _349_/Q
 _350_/Q
 _351_/Q
 _352_/Q
 _353_/Q
 _354_/Q
 _355_/Q
 _356_/Q
 _357_/HI
 _357_/LO
 _358_/HI
 _358_/LO
 _359_/HI
 _359_/LO
 _360_/HI
 _360_/LO
 _361_/X
Found 0 partially unannotated drivers.

===========================================================================
max slew violation count 0
max fanout violation count 0
max cap violation count 0
============================================================================

===========================================================================
check_setup -verbose -unconstrained_endpoints -multiple_clock -no_clock -no_input_delay -loops -generated_clocks
===========================================================================
Warning: There is 1 input port missing set_input_delay.
  rst_button
Warning: There are 4 unclocked register/latch pins.
  _352_/CLK
  _353_/CLK
  _354_/CLK
  _355_/CLK
Warning: There are 15 unconstrained endpoints.
  an[0]
  an[1]
  an[2]
  an[3]
  seg[0]
  seg[1]
  seg[2]
  seg[3]
  seg[4]
  seg[5]
  seg[6]
  _352_/D
  _353_/D
  _354_/D
  _355_/D
checks_report_end
power_report

===========================================================================
 report_power
============================================================================
======================= Typical Corner ===================================

Group                  Internal  Switching    Leakage      Total
                          Power      Power      Power      Power (Watts)
----------------------------------------------------------------
Sequential             1.36e-04   0.00e+00   4.38e-10   1.36e-04 100.0%
Combinational          2.01e-14   5.05e-14   6.73e-10   6.73e-10   0.0%
Clock                  0.00e+00   0.00e+00   0.00e+00   0.00e+00   0.0%
Macro                  0.00e+00   0.00e+00   0.00e+00   0.00e+00   0.0%
Pad                    0.00e+00   0.00e+00   0.00e+00   0.00e+00   0.0%
----------------------------------------------------------------
Total                  1.36e-04   5.05e-14   1.11e-09   1.36e-04 100.0%
                         100.0%       0.0%       0.0%

power_report_end
skew_report

===========================================================================
report_clock_skew
============================================================================
Clock core_clock
Latency      CRPR       Skew
_320_/CLK ^
   0.00
_320_/CLK ^
   0.00      0.00       0.00

skew_report_end
summary_report

===========================================================================
report_tns
============================================================================
tns 0.00

===========================================================================
report_wns
============================================================================
wns 0.00

===========================================================================
report_worst_slack -max (Setup)
============================================================================
worst slack 7.11

===========================================================================
report_worst_slack -min (Hold)
============================================================================
worst slack 0.46
summary_report_end
check_nonpropagated_clocks
core_clock
check_nonpropagated_clocks_end
[WARNING] Did not save OpenROAD database!
Writing SDF to '/openlane/designs/lab3/runs/RUN_2025.05.25_20.36.00/results/synthesis/lab3.sdf'…
