
===========================================================================
report_checks -path_delay max (Setup)
============================================================================
======================= Typical Corner ===================================

Startpoint: _335_ (rising edge-triggered flip-flop clocked by core_clock)
Endpoint: _342_ (rising edge-triggered flip-flop clocked by core_clock)
Path Group: core_clock
Path Type: max

Fanout     Cap    Slew   Delay    Time   Description
-----------------------------------------------------------------------------
                          0.00    0.00   clock core_clock (rise edge)
                          0.00    0.00   clock source latency
     1    0.01    0.00    0.00    0.00 ^ clk (in)
                                         clk (net)
                  0.00    0.00    0.00 ^ clkbuf_0_clk/A (sky130_fd_sc_hd__clkbuf_16)
     4    0.03    0.05    0.12    0.12 ^ clkbuf_0_clk/X (sky130_fd_sc_hd__clkbuf_16)
                                         clknet_0_clk (net)
                  0.05    0.00    0.12 ^ clkbuf_2_3__f_clk/A (sky130_fd_sc_hd__clkbuf_16)
     9    0.03    0.05    0.14    0.26 ^ clkbuf_2_3__f_clk/X (sky130_fd_sc_hd__clkbuf_16)
                                         clknet_2_3__leaf_clk (net)
                  0.05    0.00    0.26 ^ _335_/CLK (sky130_fd_sc_hd__dfrtp_4)
     3    0.03    0.09    0.51    0.77 v _335_/Q (sky130_fd_sc_hd__dfrtp_4)
                                         div.count[15] (net)
                  0.09    0.00    0.78 v _157_/A (sky130_fd_sc_hd__or4b_2)
     1    0.02    0.15    0.75    1.52 v _157_/X (sky130_fd_sc_hd__or4b_2)
                                         _074_ (net)
                  0.15    0.00    1.53 v _161_/A (sky130_fd_sc_hd__or4_2)
     2    0.02    0.15    0.77    2.30 v _161_/X (sky130_fd_sc_hd__or4_2)
                                         _078_ (net)
                  0.15    0.00    2.30 v _167_/A (sky130_fd_sc_hd__or4_4)
     6    0.01    0.10    0.59    2.89 v _167_/X (sky130_fd_sc_hd__or4_4)
                                         _084_ (net)
                  0.10    0.00    2.89 v _238_/A (sky130_fd_sc_hd__and3_1)
     1    0.01    0.07    0.20    3.09 v _238_/X (sky130_fd_sc_hd__and3_1)
                                         _132_ (net)
                  0.07    0.00    3.09 v _239_/A (sky130_fd_sc_hd__buf_1)
     1    0.01    0.08    0.14    3.24 v _239_/X (sky130_fd_sc_hd__buf_1)
                                         _018_ (net)
                  0.08    0.00    3.24 v _342_/D (sky130_fd_sc_hd__dfrtp_4)
                                  3.24   data arrival time

                         10.00   10.00   clock core_clock (rise edge)
                          0.00   10.00   clock source latency
     1    0.01    0.00    0.00   10.00 ^ clk (in)
                                         clk (net)
                  0.00    0.00   10.00 ^ clkbuf_0_clk/A (sky130_fd_sc_hd__clkbuf_16)
     4    0.03    0.05    0.12   10.12 ^ clkbuf_0_clk/X (sky130_fd_sc_hd__clkbuf_16)
                                         clknet_0_clk (net)
                  0.05    0.00   10.12 ^ clkbuf_2_0__f_clk/A (sky130_fd_sc_hd__clkbuf_16)
     9    0.02    0.05    0.13   10.25 ^ clkbuf_2_0__f_clk/X (sky130_fd_sc_hd__clkbuf_16)
                                         clknet_2_0__leaf_clk (net)
                  0.05    0.00   10.25 ^ _342_/CLK (sky130_fd_sc_hd__dfrtp_4)
                          0.00   10.25   clock reconvergence pessimism
                         -0.13   10.12   library setup time
                                 10.12   data required time
-----------------------------------------------------------------------------
                                 10.12   data required time
                                 -3.24   data arrival time
-----------------------------------------------------------------------------
                                  6.89   slack (MET)


Startpoint: _335_ (rising edge-triggered flip-flop clocked by core_clock)
Endpoint: _339_ (rising edge-triggered flip-flop clocked by core_clock)
Path Group: core_clock
Path Type: max

Fanout     Cap    Slew   Delay    Time   Description
-----------------------------------------------------------------------------
                          0.00    0.00   clock core_clock (rise edge)
                          0.00    0.00   clock source latency
     1    0.01    0.00    0.00    0.00 ^ clk (in)
                                         clk (net)
                  0.00    0.00    0.00 ^ clkbuf_0_clk/A (sky130_fd_sc_hd__clkbuf_16)
     4    0.03    0.05    0.12    0.12 ^ clkbuf_0_clk/X (sky130_fd_sc_hd__clkbuf_16)
                                         clknet_0_clk (net)
                  0.05    0.00    0.12 ^ clkbuf_2_3__f_clk/A (sky130_fd_sc_hd__clkbuf_16)
     9    0.03    0.05    0.14    0.26 ^ clkbuf_2_3__f_clk/X (sky130_fd_sc_hd__clkbuf_16)
                                         clknet_2_3__leaf_clk (net)
                  0.05    0.00    0.26 ^ _335_/CLK (sky130_fd_sc_hd__dfrtp_4)
     3    0.03    0.09    0.51    0.77 v _335_/Q (sky130_fd_sc_hd__dfrtp_4)
                                         div.count[15] (net)
                  0.09    0.00    0.78 v _157_/A (sky130_fd_sc_hd__or4b_2)
     1    0.02    0.15    0.75    1.52 v _157_/X (sky130_fd_sc_hd__or4b_2)
                                         _074_ (net)
                  0.15    0.00    1.53 v _161_/A (sky130_fd_sc_hd__or4_2)
     2    0.02    0.15    0.77    2.30 v _161_/X (sky130_fd_sc_hd__or4_2)
                                         _078_ (net)
                  0.15    0.00    2.30 v _167_/A (sky130_fd_sc_hd__or4_4)
     6    0.01    0.10    0.59    2.89 v _167_/X (sky130_fd_sc_hd__or4_4)
                                         _084_ (net)
                  0.10    0.00    2.89 v _230_/A (sky130_fd_sc_hd__and3_1)
     1    0.01    0.07    0.20    3.09 v _230_/X (sky130_fd_sc_hd__and3_1)
                                         _127_ (net)
                  0.07    0.00    3.09 v _231_/A (sky130_fd_sc_hd__buf_1)
     1    0.01    0.07    0.13    3.23 v _231_/X (sky130_fd_sc_hd__buf_1)
                                         _014_ (net)
                  0.07    0.00    3.23 v _339_/D (sky130_fd_sc_hd__dfrtp_4)
                                  3.23   data arrival time

                         10.00   10.00   clock core_clock (rise edge)
                          0.00   10.00   clock source latency
     1    0.01    0.00    0.00   10.00 ^ clk (in)
                                         clk (net)
                  0.00    0.00   10.00 ^ clkbuf_0_clk/A (sky130_fd_sc_hd__clkbuf_16)
     4    0.03    0.05    0.12   10.12 ^ clkbuf_0_clk/X (sky130_fd_sc_hd__clkbuf_16)
                                         clknet_0_clk (net)
                  0.05    0.00   10.12 ^ clkbuf_2_0__f_clk/A (sky130_fd_sc_hd__clkbuf_16)
     9    0.02    0.05    0.13   10.25 ^ clkbuf_2_0__f_clk/X (sky130_fd_sc_hd__clkbuf_16)
                                         clknet_2_0__leaf_clk (net)
                  0.05    0.00   10.25 ^ _339_/CLK (sky130_fd_sc_hd__dfrtp_4)
                          0.00   10.25   clock reconvergence pessimism
                         -0.12   10.13   library setup time
                                 10.13   data required time
-----------------------------------------------------------------------------
                                 10.13   data required time
                                 -3.23   data arrival time
-----------------------------------------------------------------------------
                                  6.90   slack (MET)


Startpoint: _335_ (rising edge-triggered flip-flop clocked by core_clock)
Endpoint: _320_ (rising edge-triggered flip-flop clocked by core_clock)
Path Group: core_clock
Path Type: max

Fanout     Cap    Slew   Delay    Time   Description
-----------------------------------------------------------------------------
                          0.00    0.00   clock core_clock (rise edge)
                          0.00    0.00   clock source latency
     1    0.01    0.00    0.00    0.00 ^ clk (in)
                                         clk (net)
                  0.00    0.00    0.00 ^ clkbuf_0_clk/A (sky130_fd_sc_hd__clkbuf_16)
     4    0.03    0.05    0.12    0.12 ^ clkbuf_0_clk/X (sky130_fd_sc_hd__clkbuf_16)
                                         clknet_0_clk (net)
                  0.05    0.00    0.12 ^ clkbuf_2_3__f_clk/A (sky130_fd_sc_hd__clkbuf_16)
     9    0.03    0.05    0.14    0.26 ^ clkbuf_2_3__f_clk/X (sky130_fd_sc_hd__clkbuf_16)
                                         clknet_2_3__leaf_clk (net)
                  0.05    0.00    0.26 ^ _335_/CLK (sky130_fd_sc_hd__dfrtp_4)
     3    0.03    0.09    0.51    0.77 v _335_/Q (sky130_fd_sc_hd__dfrtp_4)
                                         div.count[15] (net)
                  0.09    0.00    0.78 v _157_/A (sky130_fd_sc_hd__or4b_2)
     1    0.02    0.15    0.75    1.52 v _157_/X (sky130_fd_sc_hd__or4b_2)
                                         _074_ (net)
                  0.15    0.00    1.53 v _161_/A (sky130_fd_sc_hd__or4_2)
     2    0.02    0.15    0.77    2.30 v _161_/X (sky130_fd_sc_hd__or4_2)
                                         _078_ (net)
                  0.15    0.00    2.30 v _167_/A (sky130_fd_sc_hd__or4_4)
     6    0.01    0.10    0.59    2.89 v _167_/X (sky130_fd_sc_hd__or4_4)
                                         _084_ (net)
                  0.10    0.00    2.89 v _169_/B (sky130_fd_sc_hd__and2b_1)
     1    0.01    0.07    0.21    3.11 v _169_/X (sky130_fd_sc_hd__and2b_1)
                                         _085_ (net)
                  0.07    0.00    3.11 v _170_/A (sky130_fd_sc_hd__clkbuf_1)
     1    0.01    0.04    0.11    3.22 v _170_/X (sky130_fd_sc_hd__clkbuf_1)
                                         _004_ (net)
                  0.04    0.00    3.22 v _320_/D (sky130_fd_sc_hd__dfrtp_4)
                                  3.22   data arrival time

                         10.00   10.00   clock core_clock (rise edge)
                          0.00   10.00   clock source latency
     1    0.01    0.00    0.00   10.00 ^ clk (in)
                                         clk (net)
                  0.00    0.00   10.00 ^ clkbuf_0_clk/A (sky130_fd_sc_hd__clkbuf_16)
     4    0.03    0.05    0.12   10.12 ^ clkbuf_0_clk/X (sky130_fd_sc_hd__clkbuf_16)
                                         clknet_0_clk (net)
                  0.05    0.00   10.12 ^ clkbuf_2_0__f_clk/A (sky130_fd_sc_hd__clkbuf_16)
     9    0.02    0.05    0.13   10.25 ^ clkbuf_2_0__f_clk/X (sky130_fd_sc_hd__clkbuf_16)
                                         clknet_2_0__leaf_clk (net)
                  0.05    0.00   10.25 ^ _320_/CLK (sky130_fd_sc_hd__dfrtp_4)
                          0.00   10.25   clock reconvergence pessimism
                         -0.11   10.14   library setup time
                                 10.14   data required time
-----------------------------------------------------------------------------
                                 10.14   data required time
                                 -3.22   data arrival time
-----------------------------------------------------------------------------
                                  6.93   slack (MET)


Startpoint: _335_ (rising edge-triggered flip-flop clocked by core_clock)
Endpoint: _326_ (rising edge-triggered flip-flop clocked by core_clock)
Path Group: core_clock
Path Type: max

Fanout     Cap    Slew   Delay    Time   Description
-----------------------------------------------------------------------------
                          0.00    0.00   clock core_clock (rise edge)
                          0.00    0.00   clock source latency
     1    0.01    0.00    0.00    0.00 ^ clk (in)
                                         clk (net)
                  0.00    0.00    0.00 ^ clkbuf_0_clk/A (sky130_fd_sc_hd__clkbuf_16)
     4    0.03    0.05    0.12    0.12 ^ clkbuf_0_clk/X (sky130_fd_sc_hd__clkbuf_16)
                                         clknet_0_clk (net)
                  0.05    0.00    0.12 ^ clkbuf_2_3__f_clk/A (sky130_fd_sc_hd__clkbuf_16)
     9    0.03    0.05    0.14    0.26 ^ clkbuf_2_3__f_clk/X (sky130_fd_sc_hd__clkbuf_16)
                                         clknet_2_3__leaf_clk (net)
                  0.05    0.00    0.26 ^ _335_/CLK (sky130_fd_sc_hd__dfrtp_4)
     3    0.03    0.09    0.51    0.77 v _335_/Q (sky130_fd_sc_hd__dfrtp_4)
                                         div.count[15] (net)
                  0.09    0.00    0.78 v _157_/A (sky130_fd_sc_hd__or4b_2)
     1    0.02    0.15    0.75    1.52 v _157_/X (sky130_fd_sc_hd__or4b_2)
                                         _074_ (net)
                  0.15    0.00    1.53 v _161_/A (sky130_fd_sc_hd__or4_2)
     2    0.02    0.15    0.77    2.30 v _161_/X (sky130_fd_sc_hd__or4_2)
                                         _078_ (net)
                  0.15    0.00    2.30 v _167_/A (sky130_fd_sc_hd__or4_4)
     6    0.01    0.10    0.59    2.89 v _167_/X (sky130_fd_sc_hd__or4_4)
                                         _084_ (net)
                  0.10    0.00    2.89 v _187_/A (sky130_fd_sc_hd__and3_1)
     1    0.00    0.03    0.16    3.05 v _187_/X (sky130_fd_sc_hd__and3_1)
                                         _097_ (net)
                  0.03    0.00    3.05 v _188_/A (sky130_fd_sc_hd__buf_1)
     1    0.01    0.06    0.11    3.16 v _188_/X (sky130_fd_sc_hd__buf_1)
                                         _032_ (net)
                  0.06    0.00    3.17 v _326_/D (sky130_fd_sc_hd__dfrtp_4)
                                  3.17   data arrival time

                         10.00   10.00   clock core_clock (rise edge)
                          0.00   10.00   clock source latency
     1    0.01    0.00    0.00   10.00 ^ clk (in)
                                         clk (net)
                  0.00    0.00   10.00 ^ clkbuf_0_clk/A (sky130_fd_sc_hd__clkbuf_16)
     4    0.03    0.05    0.12   10.12 ^ clkbuf_0_clk/X (sky130_fd_sc_hd__clkbuf_16)
                                         clknet_0_clk (net)
                  0.05    0.00   10.12 ^ clkbuf_2_1__f_clk/A (sky130_fd_sc_hd__clkbuf_16)
    11    0.02    0.04    0.13   10.25 ^ clkbuf_2_1__f_clk/X (sky130_fd_sc_hd__clkbuf_16)
                                         clknet_2_1__leaf_clk (net)
                  0.04    0.00   10.25 ^ _326_/CLK (sky130_fd_sc_hd__dfrtp_4)
                          0.00   10.25   clock reconvergence pessimism
                         -0.12   10.13   library setup time
                                 10.13   data required time
-----------------------------------------------------------------------------
                                 10.13   data required time
                                 -3.17   data arrival time
-----------------------------------------------------------------------------
                                  6.96   slack (MET)


Startpoint: _335_ (rising edge-triggered flip-flop clocked by core_clock)
Endpoint: _331_ (rising edge-triggered flip-flop clocked by core_clock)
Path Group: core_clock
Path Type: max

Fanout     Cap    Slew   Delay    Time   Description
-----------------------------------------------------------------------------
                          0.00    0.00   clock core_clock (rise edge)
                          0.00    0.00   clock source latency
     1    0.01    0.00    0.00    0.00 ^ clk (in)
                                         clk (net)
                  0.00    0.00    0.00 ^ clkbuf_0_clk/A (sky130_fd_sc_hd__clkbuf_16)
     4    0.03    0.05    0.12    0.12 ^ clkbuf_0_clk/X (sky130_fd_sc_hd__clkbuf_16)
                                         clknet_0_clk (net)
                  0.05    0.00    0.12 ^ clkbuf_2_3__f_clk/A (sky130_fd_sc_hd__clkbuf_16)
     9    0.03    0.05    0.14    0.26 ^ clkbuf_2_3__f_clk/X (sky130_fd_sc_hd__clkbuf_16)
                                         clknet_2_3__leaf_clk (net)
                  0.05    0.00    0.26 ^ _335_/CLK (sky130_fd_sc_hd__dfrtp_4)
     3    0.03    0.09    0.51    0.77 v _335_/Q (sky130_fd_sc_hd__dfrtp_4)
                                         div.count[15] (net)
                  0.09    0.00    0.78 v _157_/A (sky130_fd_sc_hd__or4b_2)
     1    0.02    0.15    0.75    1.52 v _157_/X (sky130_fd_sc_hd__or4b_2)
                                         _074_ (net)
                  0.15    0.00    1.53 v _161_/A (sky130_fd_sc_hd__or4_2)
     2    0.02    0.15    0.77    2.30 v _161_/X (sky130_fd_sc_hd__or4_2)
                                         _078_ (net)
                  0.15    0.00    2.30 v _199_/A (sky130_fd_sc_hd__or3_4)
     4    0.02    0.08    0.45    2.75 v _199_/X (sky130_fd_sc_hd__or3_4)
                                         _106_ (net)
                  0.08    0.00    2.75 v _206_/A (sky130_fd_sc_hd__and3_1)
     1    0.02    0.09    0.21    2.96 v _206_/X (sky130_fd_sc_hd__and3_1)
                                         _111_ (net)
                  0.09    0.00    2.96 v _207_/A (sky130_fd_sc_hd__clkbuf_1)
     1    0.01    0.04    0.12    3.08 v _207_/X (sky130_fd_sc_hd__clkbuf_1)
                                         _006_ (net)
                  0.04    0.00    3.08 v _331_/D (sky130_fd_sc_hd__dfrtp_4)
                                  3.08   data arrival time

                         10.00   10.00   clock core_clock (rise edge)
                          0.00   10.00   clock source latency
     1    0.01    0.00    0.00   10.00 ^ clk (in)
                                         clk (net)
                  0.00    0.00   10.00 ^ clkbuf_0_clk/A (sky130_fd_sc_hd__clkbuf_16)
     4    0.03    0.05    0.12   10.12 ^ clkbuf_0_clk/X (sky130_fd_sc_hd__clkbuf_16)
                                         clknet_0_clk (net)
                  0.05    0.00   10.12 ^ clkbuf_2_3__f_clk/A (sky130_fd_sc_hd__clkbuf_16)
     9    0.03    0.05    0.14   10.26 ^ clkbuf_2_3__f_clk/X (sky130_fd_sc_hd__clkbuf_16)
                                         clknet_2_3__leaf_clk (net)
                  0.05    0.00   10.26 ^ _331_/CLK (sky130_fd_sc_hd__dfrtp_4)
                          0.00   10.26   clock reconvergence pessimism
                         -0.11   10.15   library setup time
                                 10.15   data required time
-----------------------------------------------------------------------------
                                 10.15   data required time
                                 -3.08   data arrival time
-----------------------------------------------------------------------------
                                  7.07   slack (MET)


Startpoint: _335_ (rising edge-triggered flip-flop clocked by core_clock)
Endpoint: _356_ (rising edge-triggered flip-flop clocked by core_clock)
Path Group: core_clock
Path Type: max

Fanout     Cap    Slew   Delay    Time   Description
-----------------------------------------------------------------------------
                          0.00    0.00   clock core_clock (rise edge)
                          0.00    0.00   clock source latency
     1    0.01    0.00    0.00    0.00 ^ clk (in)
                                         clk (net)
                  0.00    0.00    0.00 ^ clkbuf_0_clk/A (sky130_fd_sc_hd__clkbuf_16)
     4    0.03    0.05    0.12    0.12 ^ clkbuf_0_clk/X (sky130_fd_sc_hd__clkbuf_16)
                                         clknet_0_clk (net)
                  0.05    0.00    0.12 ^ clkbuf_2_3__f_clk/A (sky130_fd_sc_hd__clkbuf_16)
     9    0.03    0.05    0.14    0.26 ^ clkbuf_2_3__f_clk/X (sky130_fd_sc_hd__clkbuf_16)
                                         clknet_2_3__leaf_clk (net)
                  0.05    0.00    0.26 ^ _335_/CLK (sky130_fd_sc_hd__dfrtp_4)
     3    0.03    0.09    0.51    0.77 v _335_/Q (sky130_fd_sc_hd__dfrtp_4)
                                         div.count[15] (net)
                  0.09    0.00    0.78 v _157_/A (sky130_fd_sc_hd__or4b_2)
     1    0.02    0.15    0.75    1.52 v _157_/X (sky130_fd_sc_hd__or4b_2)
                                         _074_ (net)
                  0.15    0.00    1.53 v _161_/A (sky130_fd_sc_hd__or4_2)
     2    0.02    0.15    0.77    2.30 v _161_/X (sky130_fd_sc_hd__or4_2)
                                         _078_ (net)
                  0.15    0.00    2.30 v _167_/A (sky130_fd_sc_hd__or4_4)
     6    0.01    0.10    0.59    2.89 v _167_/X (sky130_fd_sc_hd__or4_4)
                                         _084_ (net)
                  0.10    0.00    2.89 v _168_/B (sky130_fd_sc_hd__xnor2_1)
     1    0.00    0.04    0.14    3.03 v _168_/Y (sky130_fd_sc_hd__xnor2_1)
                                         _073_ (net)
                  0.04    0.00    3.03 v _356_/D (sky130_fd_sc_hd__dfrtp_4)
                                  3.03   data arrival time

                         10.00   10.00   clock core_clock (rise edge)
                          0.00   10.00   clock source latency
     1    0.01    0.00    0.00   10.00 ^ clk (in)
                                         clk (net)
                  0.00    0.00   10.00 ^ clkbuf_0_clk/A (sky130_fd_sc_hd__clkbuf_16)
     4    0.03    0.05    0.12   10.12 ^ clkbuf_0_clk/X (sky130_fd_sc_hd__clkbuf_16)
                                         clknet_0_clk (net)
                  0.05    0.00   10.12 ^ clkbuf_2_1__f_clk/A (sky130_fd_sc_hd__clkbuf_16)
    11    0.02    0.04    0.13   10.25 ^ clkbuf_2_1__f_clk/X (sky130_fd_sc_hd__clkbuf_16)
                                         clknet_2_1__leaf_clk (net)
                  0.04    0.00   10.25 ^ _356_/CLK (sky130_fd_sc_hd__dfrtp_4)
                          0.00   10.25   clock reconvergence pessimism
                         -0.11   10.14   library setup time
                                 10.14   data required time
-----------------------------------------------------------------------------
                                 10.14   data required time
                                 -3.03   data arrival time
-----------------------------------------------------------------------------
                                  7.11   slack (MET)


Startpoint: _335_ (rising edge-triggered flip-flop clocked by core_clock)
Endpoint: _328_ (rising edge-triggered flip-flop clocked by core_clock)
Path Group: core_clock
Path Type: max

Fanout     Cap    Slew   Delay    Time   Description
-----------------------------------------------------------------------------
                          0.00    0.00   clock core_clock (rise edge)
                          0.00    0.00   clock source latency
     1    0.01    0.00    0.00    0.00 ^ clk (in)
                                         clk (net)
                  0.00    0.00    0.00 ^ clkbuf_0_clk/A (sky130_fd_sc_hd__clkbuf_16)
     4    0.03    0.05    0.12    0.12 ^ clkbuf_0_clk/X (sky130_fd_sc_hd__clkbuf_16)
                                         clknet_0_clk (net)
                  0.05    0.00    0.12 ^ clkbuf_2_3__f_clk/A (sky130_fd_sc_hd__clkbuf_16)
     9    0.03    0.05    0.14    0.26 ^ clkbuf_2_3__f_clk/X (sky130_fd_sc_hd__clkbuf_16)
                                         clknet_2_3__leaf_clk (net)
                  0.05    0.00    0.26 ^ _335_/CLK (sky130_fd_sc_hd__dfrtp_4)
     3    0.03    0.09    0.51    0.77 v _335_/Q (sky130_fd_sc_hd__dfrtp_4)
                                         div.count[15] (net)
                  0.09    0.00    0.78 v _157_/A (sky130_fd_sc_hd__or4b_2)
     1    0.02    0.15    0.75    1.52 v _157_/X (sky130_fd_sc_hd__or4b_2)
                                         _074_ (net)
                  0.15    0.00    1.53 v _161_/A (sky130_fd_sc_hd__or4_2)
     2    0.02    0.15    0.77    2.30 v _161_/X (sky130_fd_sc_hd__or4_2)
                                         _078_ (net)
                  0.15    0.00    2.30 v _167_/A (sky130_fd_sc_hd__or4_4)
     6    0.01    0.10    0.59    2.89 v _167_/X (sky130_fd_sc_hd__or4_4)
                                         _084_ (net)
                  0.10    0.00    2.89 v _193_/B1 (sky130_fd_sc_hd__o21ai_1)
     1    0.00    0.10    0.09    2.99 ^ _193_/Y (sky130_fd_sc_hd__o21ai_1)
                                         _101_ (net)
                  0.10    0.00    2.99 ^ _194_/B1 (sky130_fd_sc_hd__a21oi_1)
     1    0.00    0.04    0.04    3.03 v _194_/Y (sky130_fd_sc_hd__a21oi_1)
                                         _034_ (net)
                  0.04    0.00    3.03 v _328_/D (sky130_fd_sc_hd__dfrtp_4)
                                  3.03   data arrival time

                         10.00   10.00   clock core_clock (rise edge)
                          0.00   10.00   clock source latency
     1    0.01    0.00    0.00   10.00 ^ clk (in)
                                         clk (net)
                  0.00    0.00   10.00 ^ clkbuf_0_clk/A (sky130_fd_sc_hd__clkbuf_16)
     4    0.03    0.05    0.12   10.12 ^ clkbuf_0_clk/X (sky130_fd_sc_hd__clkbuf_16)
                                         clknet_0_clk (net)
                  0.05    0.00   10.12 ^ clkbuf_2_1__f_clk/A (sky130_fd_sc_hd__clkbuf_16)
    11    0.02    0.04    0.13   10.25 ^ clkbuf_2_1__f_clk/X (sky130_fd_sc_hd__clkbuf_16)
                                         clknet_2_1__leaf_clk (net)
                  0.04    0.00   10.25 ^ _328_/CLK (sky130_fd_sc_hd__dfrtp_4)
                          0.00   10.25   clock reconvergence pessimism
                         -0.11   10.14   library setup time
                                 10.14   data required time
-----------------------------------------------------------------------------
                                 10.14   data required time
                                 -3.03   data arrival time
-----------------------------------------------------------------------------
                                  7.11   slack (MET)


Startpoint: _335_ (rising edge-triggered flip-flop clocked by core_clock)
Endpoint: _338_ (rising edge-triggered flip-flop clocked by core_clock)
Path Group: core_clock
Path Type: max

Fanout     Cap    Slew   Delay    Time   Description
-----------------------------------------------------------------------------
                          0.00    0.00   clock core_clock (rise edge)
                          0.00    0.00   clock source latency
     1    0.01    0.00    0.00    0.00 ^ clk (in)
                                         clk (net)
                  0.00    0.00    0.00 ^ clkbuf_0_clk/A (sky130_fd_sc_hd__clkbuf_16)
     4    0.03    0.05    0.12    0.12 ^ clkbuf_0_clk/X (sky130_fd_sc_hd__clkbuf_16)
                                         clknet_0_clk (net)
                  0.05    0.00    0.12 ^ clkbuf_2_3__f_clk/A (sky130_fd_sc_hd__clkbuf_16)
     9    0.03    0.05    0.14    0.26 ^ clkbuf_2_3__f_clk/X (sky130_fd_sc_hd__clkbuf_16)
                                         clknet_2_3__leaf_clk (net)
                  0.05    0.00    0.26 ^ _335_/CLK (sky130_fd_sc_hd__dfrtp_4)
     3    0.03    0.09    0.51    0.77 v _335_/Q (sky130_fd_sc_hd__dfrtp_4)
                                         div.count[15] (net)
                  0.09    0.00    0.78 v _157_/A (sky130_fd_sc_hd__or4b_2)
     1    0.02    0.15    0.75    1.52 v _157_/X (sky130_fd_sc_hd__or4b_2)
                                         _074_ (net)
                  0.15    0.00    1.53 v _161_/A (sky130_fd_sc_hd__or4_2)
     2    0.02    0.15    0.77    2.30 v _161_/X (sky130_fd_sc_hd__or4_2)
                                         _078_ (net)
                  0.15    0.00    2.30 v _199_/A (sky130_fd_sc_hd__or3_4)
     4    0.02    0.08    0.45    2.75 v _199_/X (sky130_fd_sc_hd__or3_4)
                                         _106_ (net)
                  0.08    0.00    2.75 v _225_/A (sky130_fd_sc_hd__and3_1)
     1    0.00    0.03    0.15    2.90 v _225_/X (sky130_fd_sc_hd__and3_1)
                                         _123_ (net)
                  0.03    0.00    2.90 v _226_/A (sky130_fd_sc_hd__buf_1)
     1    0.01    0.05    0.11    3.01 v _226_/X (sky130_fd_sc_hd__buf_1)
                                         _013_ (net)
                  0.05    0.00    3.01 v _338_/D (sky130_fd_sc_hd__dfrtp_4)
                                  3.01   data arrival time

                         10.00   10.00   clock core_clock (rise edge)
                          0.00   10.00   clock source latency
     1    0.01    0.00    0.00   10.00 ^ clk (in)
                                         clk (net)
                  0.00    0.00   10.00 ^ clkbuf_0_clk/A (sky130_fd_sc_hd__clkbuf_16)
     4    0.03    0.05    0.12   10.12 ^ clkbuf_0_clk/X (sky130_fd_sc_hd__clkbuf_16)
                                         clknet_0_clk (net)
                  0.05    0.00   10.12 ^ clkbuf_2_0__f_clk/A (sky130_fd_sc_hd__clkbuf_16)
     9    0.02    0.05    0.13   10.25 ^ clkbuf_2_0__f_clk/X (sky130_fd_sc_hd__clkbuf_16)
                                         clknet_2_0__leaf_clk (net)
                  0.05    0.00   10.25 ^ _338_/CLK (sky130_fd_sc_hd__dfrtp_4)
                          0.00   10.25   clock reconvergence pessimism
                         -0.12   10.14   library setup time
                                 10.14   data required time
-----------------------------------------------------------------------------
                                 10.14   data required time
                                 -3.01   data arrival time
-----------------------------------------------------------------------------
                                  7.13   slack (MET)


Startpoint: _335_ (rising edge-triggered flip-flop clocked by core_clock)
Endpoint: _334_ (rising edge-triggered flip-flop clocked by core_clock)
Path Group: core_clock
Path Type: max

Fanout     Cap    Slew   Delay    Time   Description
-----------------------------------------------------------------------------
                          0.00    0.00   clock core_clock (rise edge)
                          0.00    0.00   clock source latency
     1    0.01    0.00    0.00    0.00 ^ clk (in)
                                         clk (net)
                  0.00    0.00    0.00 ^ clkbuf_0_clk/A (sky130_fd_sc_hd__clkbuf_16)
     4    0.03    0.05    0.12    0.12 ^ clkbuf_0_clk/X (sky130_fd_sc_hd__clkbuf_16)
                                         clknet_0_clk (net)
                  0.05    0.00    0.12 ^ clkbuf_2_3__f_clk/A (sky130_fd_sc_hd__clkbuf_16)
     9    0.03    0.05    0.14    0.26 ^ clkbuf_2_3__f_clk/X (sky130_fd_sc_hd__clkbuf_16)
                                         clknet_2_3__leaf_clk (net)
                  0.05    0.00    0.26 ^ _335_/CLK (sky130_fd_sc_hd__dfrtp_4)
     3    0.03    0.09    0.51    0.77 v _335_/Q (sky130_fd_sc_hd__dfrtp_4)
                                         div.count[15] (net)
                  0.09    0.00    0.78 v _157_/A (sky130_fd_sc_hd__or4b_2)
     1    0.02    0.15    0.75    1.52 v _157_/X (sky130_fd_sc_hd__or4b_2)
                                         _074_ (net)
                  0.15    0.00    1.53 v _161_/A (sky130_fd_sc_hd__or4_2)
     2    0.02    0.15    0.77    2.30 v _161_/X (sky130_fd_sc_hd__or4_2)
                                         _078_ (net)
                  0.15    0.00    2.30 v _199_/A (sky130_fd_sc_hd__or3_4)
     4    0.02    0.08    0.45    2.75 v _199_/X (sky130_fd_sc_hd__or3_4)
                                         _106_ (net)
                  0.08    0.00    2.75 v _214_/C1 (sky130_fd_sc_hd__o211a_1)
     1    0.00    0.04    0.12    2.87 v _214_/X (sky130_fd_sc_hd__o211a_1)
                                         _009_ (net)
                  0.04    0.00    2.87 v _334_/D (sky130_fd_sc_hd__dfrtp_2)
                                  2.87   data arrival time

                         10.00   10.00   clock core_clock (rise edge)
                          0.00   10.00   clock source latency
     1    0.01    0.00    0.00   10.00 ^ clk (in)
                                         clk (net)
                  0.00    0.00   10.00 ^ clkbuf_0_clk/A (sky130_fd_sc_hd__clkbuf_16)
     4    0.03    0.05    0.12   10.12 ^ clkbuf_0_clk/X (sky130_fd_sc_hd__clkbuf_16)
                                         clknet_0_clk (net)
                  0.05    0.00   10.12 ^ clkbuf_2_2__f_clk/A (sky130_fd_sc_hd__clkbuf_16)
     7    0.02    0.04    0.13   10.25 ^ clkbuf_2_2__f_clk/X (sky130_fd_sc_hd__clkbuf_16)
                                         clknet_2_2__leaf_clk (net)
                  0.04    0.00   10.25 ^ _334_/CLK (sky130_fd_sc_hd__dfrtp_2)
                          0.00   10.25   clock reconvergence pessimism
                         -0.11   10.14   library setup time
                                 10.14   data required time
-----------------------------------------------------------------------------
                                 10.14   data required time
                                 -2.87   data arrival time
-----------------------------------------------------------------------------
                                  7.26   slack (MET)


Startpoint: _335_ (rising edge-triggered flip-flop clocked by core_clock)
Endpoint: _329_ (rising edge-triggered flip-flop clocked by core_clock)
Path Group: core_clock
Path Type: max

Fanout     Cap    Slew   Delay    Time   Description
-----------------------------------------------------------------------------
                          0.00    0.00   clock core_clock (rise edge)
                          0.00    0.00   clock source latency
     1    0.01    0.00    0.00    0.00 ^ clk (in)
                                         clk (net)
                  0.00    0.00    0.00 ^ clkbuf_0_clk/A (sky130_fd_sc_hd__clkbuf_16)
     4    0.03    0.05    0.12    0.12 ^ clkbuf_0_clk/X (sky130_fd_sc_hd__clkbuf_16)
                                         clknet_0_clk (net)
                  0.05    0.00    0.12 ^ clkbuf_2_3__f_clk/A (sky130_fd_sc_hd__clkbuf_16)
     9    0.03    0.05    0.14    0.26 ^ clkbuf_2_3__f_clk/X (sky130_fd_sc_hd__clkbuf_16)
                                         clknet_2_3__leaf_clk (net)
                  0.05    0.00    0.26 ^ _335_/CLK (sky130_fd_sc_hd__dfrtp_4)
     3    0.03    0.09    0.51    0.77 v _335_/Q (sky130_fd_sc_hd__dfrtp_4)
                                         div.count[15] (net)
                  0.09    0.00    0.78 v _157_/A (sky130_fd_sc_hd__or4b_2)
     1    0.02    0.15    0.75    1.52 v _157_/X (sky130_fd_sc_hd__or4b_2)
                                         _074_ (net)
                  0.15    0.00    1.53 v _161_/A (sky130_fd_sc_hd__or4_2)
     2    0.02    0.15    0.77    2.30 v _161_/X (sky130_fd_sc_hd__or4_2)
                                         _078_ (net)
                  0.15    0.00    2.30 v _199_/A (sky130_fd_sc_hd__or3_4)
     4    0.02    0.08    0.45    2.75 v _199_/X (sky130_fd_sc_hd__or3_4)
                                         _106_ (net)
                  0.08    0.00    2.75 v _201_/A (sky130_fd_sc_hd__nand2_1)
     1    0.00    0.04    0.07    2.82 ^ _201_/Y (sky130_fd_sc_hd__nand2_1)
                                         _108_ (net)
                  0.04    0.00    2.82 ^ _202_/B (sky130_fd_sc_hd__nor2_1)
     1    0.00    0.03    0.03    2.85 v _202_/Y (sky130_fd_sc_hd__nor2_1)
                                         _035_ (net)
                  0.03    0.00    2.85 v _329_/D (sky130_fd_sc_hd__dfrtp_4)
                                  2.85   data arrival time

                         10.00   10.00   clock core_clock (rise edge)
                          0.00   10.00   clock source latency
     1    0.01    0.00    0.00   10.00 ^ clk (in)
                                         clk (net)
                  0.00    0.00   10.00 ^ clkbuf_0_clk/A (sky130_fd_sc_hd__clkbuf_16)
     4    0.03    0.05    0.12   10.12 ^ clkbuf_0_clk/X (sky130_fd_sc_hd__clkbuf_16)
                                         clknet_0_clk (net)
                  0.05    0.00   10.12 ^ clkbuf_2_1__f_clk/A (sky130_fd_sc_hd__clkbuf_16)
    11    0.02    0.04    0.13   10.25 ^ clkbuf_2_1__f_clk/X (sky130_fd_sc_hd__clkbuf_16)
                                         clknet_2_1__leaf_clk (net)
                  0.04    0.00   10.25 ^ _329_/CLK (sky130_fd_sc_hd__dfrtp_4)
                          0.00   10.25   clock reconvergence pessimism
                         -0.11   10.14   library setup time
                                 10.14   data required time
-----------------------------------------------------------------------------
                                 10.14   data required time
                                 -2.85   data arrival time
-----------------------------------------------------------------------------
                                  7.29   slack (MET)


Startpoint: _322_ (rising edge-triggered flip-flop clocked by core_clock)
Endpoint: _349_ (rising edge-triggered flip-flop clocked by core_clock)
Path Group: core_clock
Path Type: max

Fanout     Cap    Slew   Delay    Time   Description
-----------------------------------------------------------------------------
                          0.00    0.00   clock core_clock (rise edge)
                          0.00    0.00   clock source latency
     1    0.01    0.00    0.00    0.00 ^ clk (in)
                                         clk (net)
                  0.00    0.00    0.00 ^ clkbuf_0_clk/A (sky130_fd_sc_hd__clkbuf_16)
     4    0.03    0.05    0.12    0.12 ^ clkbuf_0_clk/X (sky130_fd_sc_hd__clkbuf_16)
                                         clknet_0_clk (net)
                  0.05    0.00    0.12 ^ clkbuf_2_1__f_clk/A (sky130_fd_sc_hd__clkbuf_16)
    11    0.02    0.04    0.13    0.25 ^ clkbuf_2_1__f_clk/X (sky130_fd_sc_hd__clkbuf_16)
                                         clknet_2_1__leaf_clk (net)
                  0.04    0.00    0.25 ^ _322_/CLK (sky130_fd_sc_hd__dfrtp_4)
     4    0.02    0.08    0.50    0.75 v _322_/Q (sky130_fd_sc_hd__dfrtp_4)
                                         div.count[2] (net)
                  0.08    0.00    0.75 v _176_/C (sky130_fd_sc_hd__and4_1)
     1    0.00    0.04    0.19    0.95 v _176_/X (sky130_fd_sc_hd__and4_1)
                                         _089_ (net)
                  0.04    0.00    0.95 v _177_/A (sky130_fd_sc_hd__clkbuf_4)
     8    0.02    0.05    0.15    1.10 v _177_/X (sky130_fd_sc_hd__clkbuf_4)
                                         _090_ (net)
                  0.05    0.00    1.10 v _217_/A (sky130_fd_sc_hd__and4_1)
     1    0.01    0.07    0.18    1.28 v _217_/X (sky130_fd_sc_hd__and4_1)
                                         _117_ (net)
                  0.07    0.00    1.28 v _218_/A (sky130_fd_sc_hd__clkbuf_4)
     9    0.03    0.07    0.18    1.46 v _218_/X (sky130_fd_sc_hd__clkbuf_4)
                                         _118_ (net)
                  0.07    0.00    1.46 v _251_/A (sky130_fd_sc_hd__and3_2)
     5    0.03    0.09    0.24    1.70 v _251_/X (sky130_fd_sc_hd__and3_2)
                                         _140_ (net)
                  0.09    0.00    1.70 v _253_/B (sky130_fd_sc_hd__and2_1)
     2    0.01    0.06    0.20    1.90 v _253_/X (sky130_fd_sc_hd__and2_1)
                                         _141_ (net)
                  0.06    0.00    1.90 v _257_/A2 (sky130_fd_sc_hd__o21a_1)
     1    0.01    0.08    0.21    2.12 v _257_/X (sky130_fd_sc_hd__o21a_1)
                                         _025_ (net)
                  0.08    0.00    2.12 v _349_/D (sky130_fd_sc_hd__dfrtp_4)
                                  2.12   data arrival time

                         10.00   10.00   clock core_clock (rise edge)
                          0.00   10.00   clock source latency
     1    0.01    0.00    0.00   10.00 ^ clk (in)
                                         clk (net)
                  0.00    0.00   10.00 ^ clkbuf_0_clk/A (sky130_fd_sc_hd__clkbuf_16)
     4    0.03    0.05    0.12   10.12 ^ clkbuf_0_clk/X (sky130_fd_sc_hd__clkbuf_16)
                                         clknet_0_clk (net)
                  0.05    0.00   10.12 ^ clkbuf_2_3__f_clk/A (sky130_fd_sc_hd__clkbuf_16)
     9    0.03    0.05    0.14   10.26 ^ clkbuf_2_3__f_clk/X (sky130_fd_sc_hd__clkbuf_16)
                                         clknet_2_3__leaf_clk (net)
                  0.05    0.00   10.26 ^ _349_/CLK (sky130_fd_sc_hd__dfrtp_4)
                          0.00   10.26   clock reconvergence pessimism
                         -0.13   10.14   library setup time
                                 10.14   data required time
-----------------------------------------------------------------------------
                                 10.14   data required time
                                 -2.12   data arrival time
-----------------------------------------------------------------------------
                                  8.02   slack (MET)


Startpoint: _321_ (rising edge-triggered flip-flop clocked by core_clock)
Endpoint: _351_ (rising edge-triggered flip-flop clocked by core_clock)
Path Group: core_clock
Path Type: max

Fanout     Cap    Slew   Delay    Time   Description
-----------------------------------------------------------------------------
                          0.00    0.00   clock core_clock (rise edge)
                          0.00    0.00   clock source latency
     1    0.01    0.00    0.00    0.00 ^ clk (in)
                                         clk (net)
                  0.00    0.00    0.00 ^ clkbuf_0_clk/A (sky130_fd_sc_hd__clkbuf_16)
     4    0.03    0.05    0.12    0.12 ^ clkbuf_0_clk/X (sky130_fd_sc_hd__clkbuf_16)
                                         clknet_0_clk (net)
                  0.05    0.00    0.12 ^ clkbuf_2_1__f_clk/A (sky130_fd_sc_hd__clkbuf_16)
    11    0.02    0.04    0.13    0.25 ^ clkbuf_2_1__f_clk/X (sky130_fd_sc_hd__clkbuf_16)
                                         clknet_2_1__leaf_clk (net)
                  0.04    0.00    0.25 ^ _321_/CLK (sky130_fd_sc_hd__dfrtp_4)
     5    0.03    0.11    0.45    0.70 ^ _321_/Q (sky130_fd_sc_hd__dfrtp_4)
                                         div.count[1] (net)
                  0.11    0.00    0.70 ^ _176_/B (sky130_fd_sc_hd__and4_1)
     1    0.00    0.05    0.18    0.88 ^ _176_/X (sky130_fd_sc_hd__and4_1)
                                         _089_ (net)
                  0.05    0.00    0.88 ^ _177_/A (sky130_fd_sc_hd__clkbuf_4)
     8    0.02    0.07    0.15    1.03 ^ _177_/X (sky130_fd_sc_hd__clkbuf_4)
                                         _090_ (net)
                  0.07    0.00    1.03 ^ _217_/A (sky130_fd_sc_hd__and4_1)
     1    0.01    0.11    0.22    1.25 ^ _217_/X (sky130_fd_sc_hd__and4_1)
                                         _117_ (net)
                  0.11    0.00    1.26 ^ _218_/A (sky130_fd_sc_hd__clkbuf_4)
     9    0.03    0.10    0.20    1.45 ^ _218_/X (sky130_fd_sc_hd__clkbuf_4)
                                         _118_ (net)
                  0.10    0.00    1.46 ^ _251_/A (sky130_fd_sc_hd__and3_2)
     5    0.03    0.15    0.27    1.72 ^ _251_/X (sky130_fd_sc_hd__and3_2)
                                         _140_ (net)
                  0.15    0.00    1.72 ^ _259_/D (sky130_fd_sc_hd__and4_1)
     1    0.01    0.09    0.24    1.97 ^ _259_/X (sky130_fd_sc_hd__and4_1)
                                         _144_ (net)
                  0.09    0.00    1.97 ^ _260_/B (sky130_fd_sc_hd__xor2_1)
     1    0.01    0.16    0.19    2.15 ^ _260_/X (sky130_fd_sc_hd__xor2_1)
                                         _028_ (net)
                  0.16    0.00    2.15 ^ _351_/D (sky130_fd_sc_hd__dfrtp_1)
                                  2.15   data arrival time

                         10.00   10.00   clock core_clock (rise edge)
                          0.00   10.00   clock source latency
     1    0.01    0.00    0.00   10.00 ^ clk (in)
                                         clk (net)
                  0.00    0.00   10.00 ^ clkbuf_0_clk/A (sky130_fd_sc_hd__clkbuf_16)
     4    0.03    0.05    0.12   10.12 ^ clkbuf_0_clk/X (sky130_fd_sc_hd__clkbuf_16)
                                         clknet_0_clk (net)
                  0.05    0.00   10.12 ^ clkbuf_2_3__f_clk/A (sky130_fd_sc_hd__clkbuf_16)
     9    0.03    0.05    0.14   10.26 ^ clkbuf_2_3__f_clk/X (sky130_fd_sc_hd__clkbuf_16)
                                         clknet_2_3__leaf_clk (net)
                  0.05    0.00   10.26 ^ _351_/CLK (sky130_fd_sc_hd__dfrtp_1)
                          0.00   10.26   clock reconvergence pessimism
                         -0.09   10.18   library setup time
                                 10.18   data required time
-----------------------------------------------------------------------------
                                 10.18   data required time
                                 -2.15   data arrival time
-----------------------------------------------------------------------------
                                  8.02   slack (MET)


Startpoint: _321_ (rising edge-triggered flip-flop clocked by core_clock)
Endpoint: _343_ (rising edge-triggered flip-flop clocked by core_clock)
Path Group: core_clock
Path Type: max

Fanout     Cap    Slew   Delay    Time   Description
-----------------------------------------------------------------------------
                          0.00    0.00   clock core_clock (rise edge)
                          0.00    0.00   clock source latency
     1    0.01    0.00    0.00    0.00 ^ clk (in)
                                         clk (net)
                  0.00    0.00    0.00 ^ clkbuf_0_clk/A (sky130_fd_sc_hd__clkbuf_16)
     4    0.03    0.05    0.12    0.12 ^ clkbuf_0_clk/X (sky130_fd_sc_hd__clkbuf_16)
                                         clknet_0_clk (net)
                  0.05    0.00    0.12 ^ clkbuf_2_1__f_clk/A (sky130_fd_sc_hd__clkbuf_16)
    11    0.02    0.04    0.13    0.25 ^ clkbuf_2_1__f_clk/X (sky130_fd_sc_hd__clkbuf_16)
                                         clknet_2_1__leaf_clk (net)
                  0.04    0.00    0.25 ^ _321_/CLK (sky130_fd_sc_hd__dfrtp_4)
     5    0.03    0.11    0.45    0.70 ^ _321_/Q (sky130_fd_sc_hd__dfrtp_4)
                                         div.count[1] (net)
                  0.11    0.00    0.70 ^ _176_/B (sky130_fd_sc_hd__and4_1)
     1    0.00    0.05    0.18    0.88 ^ _176_/X (sky130_fd_sc_hd__and4_1)
                                         _089_ (net)
                  0.05    0.00    0.88 ^ _177_/A (sky130_fd_sc_hd__clkbuf_4)
     8    0.02    0.07    0.15    1.03 ^ _177_/X (sky130_fd_sc_hd__clkbuf_4)
                                         _090_ (net)
                  0.07    0.00    1.03 ^ _217_/A (sky130_fd_sc_hd__and4_1)
     1    0.01    0.11    0.22    1.25 ^ _217_/X (sky130_fd_sc_hd__and4_1)
                                         _117_ (net)
                  0.11    0.00    1.26 ^ _218_/A (sky130_fd_sc_hd__clkbuf_4)
     9    0.03    0.10    0.20    1.45 ^ _218_/X (sky130_fd_sc_hd__clkbuf_4)
                                         _118_ (net)
                  0.10    0.00    1.45 ^ _232_/B (sky130_fd_sc_hd__and3_2)
     4    0.01    0.10    0.23    1.68 ^ _232_/X (sky130_fd_sc_hd__and3_2)
                                         _128_ (net)
                  0.10    0.00    1.68 ^ _237_/C (sky130_fd_sc_hd__nand3_2)
     2    0.02    0.11    0.13    1.81 v _237_/Y (sky130_fd_sc_hd__nand3_2)
                                         _131_ (net)
                  0.11    0.00    1.81 v _240_/B (sky130_fd_sc_hd__xnor2_1)
     1    0.01    0.28    0.27    2.09 ^ _240_/Y (sky130_fd_sc_hd__xnor2_1)
                                         _019_ (net)
                  0.28    0.00    2.09 ^ _343_/D (sky130_fd_sc_hd__dfrtp_2)
                                  2.09   data arrival time

                         10.00   10.00   clock core_clock (rise edge)
                          0.00   10.00   clock source latency
     1    0.01    0.00    0.00   10.00 ^ clk (in)
                                         clk (net)
                  0.00    0.00   10.00 ^ clkbuf_0_clk/A (sky130_fd_sc_hd__clkbuf_16)
     4    0.03    0.05    0.12   10.12 ^ clkbuf_0_clk/X (sky130_fd_sc_hd__clkbuf_16)
                                         clknet_0_clk (net)
                  0.05    0.00   10.12 ^ clkbuf_2_1__f_clk/A (sky130_fd_sc_hd__clkbuf_16)
    11    0.02    0.04    0.13   10.25 ^ clkbuf_2_1__f_clk/X (sky130_fd_sc_hd__clkbuf_16)
                                         clknet_2_1__leaf_clk (net)
                  0.04    0.00   10.25 ^ _343_/CLK (sky130_fd_sc_hd__dfrtp_2)
                          0.00   10.25   clock reconvergence pessimism
                         -0.12   10.13   library setup time
                                 10.13   data required time
-----------------------------------------------------------------------------
                                 10.13   data required time
                                 -2.09   data arrival time
-----------------------------------------------------------------------------
                                  8.05   slack (MET)


Startpoint: _322_ (rising edge-triggered flip-flop clocked by core_clock)
Endpoint: _348_ (rising edge-triggered flip-flop clocked by core_clock)
Path Group: core_clock
Path Type: max

Fanout     Cap    Slew   Delay    Time   Description
-----------------------------------------------------------------------------
                          0.00    0.00   clock core_clock (rise edge)
                          0.00    0.00   clock source latency
     1    0.01    0.00    0.00    0.00 ^ clk (in)
                                         clk (net)
                  0.00    0.00    0.00 ^ clkbuf_0_clk/A (sky130_fd_sc_hd__clkbuf_16)
     4    0.03    0.05    0.12    0.12 ^ clkbuf_0_clk/X (sky130_fd_sc_hd__clkbuf_16)
                                         clknet_0_clk (net)
                  0.05    0.00    0.12 ^ clkbuf_2_1__f_clk/A (sky130_fd_sc_hd__clkbuf_16)
    11    0.02    0.04    0.13    0.25 ^ clkbuf_2_1__f_clk/X (sky130_fd_sc_hd__clkbuf_16)
                                         clknet_2_1__leaf_clk (net)
                  0.04    0.00    0.25 ^ _322_/CLK (sky130_fd_sc_hd__dfrtp_4)
     4    0.02    0.08    0.50    0.75 v _322_/Q (sky130_fd_sc_hd__dfrtp_4)
                                         div.count[2] (net)
                  0.08    0.00    0.75 v _176_/C (sky130_fd_sc_hd__and4_1)
     1    0.00    0.04    0.19    0.95 v _176_/X (sky130_fd_sc_hd__and4_1)
                                         _089_ (net)
                  0.04    0.00    0.95 v _177_/A (sky130_fd_sc_hd__clkbuf_4)
     8    0.02    0.05    0.15    1.10 v _177_/X (sky130_fd_sc_hd__clkbuf_4)
                                         _090_ (net)
                  0.05    0.00    1.10 v _217_/A (sky130_fd_sc_hd__and4_1)
     1    0.01    0.07    0.18    1.28 v _217_/X (sky130_fd_sc_hd__and4_1)
                                         _117_ (net)
                  0.07    0.00    1.28 v _218_/A (sky130_fd_sc_hd__clkbuf_4)
     9    0.03    0.07    0.18    1.46 v _218_/X (sky130_fd_sc_hd__clkbuf_4)
                                         _118_ (net)
                  0.07    0.00    1.46 v _251_/A (sky130_fd_sc_hd__and3_2)
     5    0.03    0.09    0.24    1.70 v _251_/X (sky130_fd_sc_hd__and3_2)
                                         _140_ (net)
                  0.09    0.00    1.70 v _254_/B (sky130_fd_sc_hd__nor2_1)
     1    0.01    0.28    0.24    1.95 ^ _254_/Y (sky130_fd_sc_hd__nor2_1)
                                         _142_ (net)
                  0.28    0.00    1.95 ^ _255_/B (sky130_fd_sc_hd__nor2_1)
     1    0.01    0.09    0.12    2.07 v _255_/Y (sky130_fd_sc_hd__nor2_1)
                                         _024_ (net)
                  0.09    0.00    2.07 v _348_/D (sky130_fd_sc_hd__dfrtp_4)
                                  2.07   data arrival time

                         10.00   10.00   clock core_clock (rise edge)
                          0.00   10.00   clock source latency
     1    0.01    0.00    0.00   10.00 ^ clk (in)
                                         clk (net)
                  0.00    0.00   10.00 ^ clkbuf_0_clk/A (sky130_fd_sc_hd__clkbuf_16)
     4    0.03    0.05    0.12   10.12 ^ clkbuf_0_clk/X (sky130_fd_sc_hd__clkbuf_16)
                                         clknet_0_clk (net)
                  0.05    0.00   10.12 ^ clkbuf_2_1__f_clk/A (sky130_fd_sc_hd__clkbuf_16)
    11    0.02    0.04    0.13   10.25 ^ clkbuf_2_1__f_clk/X (sky130_fd_sc_hd__clkbuf_16)
                                         clknet_2_1__leaf_clk (net)
                  0.04    0.00   10.25 ^ _348_/CLK (sky130_fd_sc_hd__dfrtp_4)
                          0.00   10.25   clock reconvergence pessimism
                         -0.13   10.12   library setup time
                                 10.12   data required time
-----------------------------------------------------------------------------
                                 10.12   data required time
                                 -2.07   data arrival time
-----------------------------------------------------------------------------
                                  8.05   slack (MET)


Startpoint: _322_ (rising edge-triggered flip-flop clocked by core_clock)
Endpoint: _347_ (rising edge-triggered flip-flop clocked by core_clock)
Path Group: core_clock
Path Type: max

Fanout     Cap    Slew   Delay    Time   Description
-----------------------------------------------------------------------------
                          0.00    0.00   clock core_clock (rise edge)
                          0.00    0.00   clock source latency
     1    0.01    0.00    0.00    0.00 ^ clk (in)
                                         clk (net)
                  0.00    0.00    0.00 ^ clkbuf_0_clk/A (sky130_fd_sc_hd__clkbuf_16)
     4    0.03    0.05    0.12    0.12 ^ clkbuf_0_clk/X (sky130_fd_sc_hd__clkbuf_16)
                                         clknet_0_clk (net)
                  0.05    0.00    0.12 ^ clkbuf_2_1__f_clk/A (sky130_fd_sc_hd__clkbuf_16)
    11    0.02    0.04    0.13    0.25 ^ clkbuf_2_1__f_clk/X (sky130_fd_sc_hd__clkbuf_16)
                                         clknet_2_1__leaf_clk (net)
                  0.04    0.00    0.25 ^ _322_/CLK (sky130_fd_sc_hd__dfrtp_4)
     4    0.02    0.08    0.50    0.75 v _322_/Q (sky130_fd_sc_hd__dfrtp_4)
                                         div.count[2] (net)
                  0.08    0.00    0.75 v _176_/C (sky130_fd_sc_hd__and4_1)
     1    0.00    0.04    0.19    0.95 v _176_/X (sky130_fd_sc_hd__and4_1)
                                         _089_ (net)
                  0.04    0.00    0.95 v _177_/A (sky130_fd_sc_hd__clkbuf_4)
     8    0.02    0.05    0.15    1.10 v _177_/X (sky130_fd_sc_hd__clkbuf_4)
                                         _090_ (net)
                  0.05    0.00    1.10 v _217_/A (sky130_fd_sc_hd__and4_1)
     1    0.01    0.07    0.18    1.28 v _217_/X (sky130_fd_sc_hd__and4_1)
                                         _117_ (net)
                  0.07    0.00    1.28 v _218_/A (sky130_fd_sc_hd__clkbuf_4)
     9    0.03    0.07    0.18    1.46 v _218_/X (sky130_fd_sc_hd__clkbuf_4)
                                         _118_ (net)
                  0.07    0.00    1.46 v _243_/A (sky130_fd_sc_hd__and2_2)
     4    0.02    0.08    0.23    1.69 v _243_/X (sky130_fd_sc_hd__and2_2)
                                         _135_ (net)
                  0.08    0.00    1.69 v _249_/D (sky130_fd_sc_hd__and4_1)
     1    0.01    0.06    0.24    1.93 v _249_/X (sky130_fd_sc_hd__and4_1)
                                         _138_ (net)
                  0.06    0.00    1.93 v _252_/A2 (sky130_fd_sc_hd__o21ba_1)
     1    0.00    0.03    0.16    2.09 v _252_/X (sky130_fd_sc_hd__o21ba_1)
                                         _023_ (net)
                  0.03    0.00    2.09 v _347_/D (sky130_fd_sc_hd__dfrtp_1)
                                  2.09   data arrival time

                         10.00   10.00   clock core_clock (rise edge)
                          0.00   10.00   clock source latency
     1    0.01    0.00    0.00   10.00 ^ clk (in)
                                         clk (net)
                  0.00    0.00   10.00 ^ clkbuf_0_clk/A (sky130_fd_sc_hd__clkbuf_16)
     4    0.03    0.05    0.12   10.12 ^ clkbuf_0_clk/X (sky130_fd_sc_hd__clkbuf_16)
                                         clknet_0_clk (net)
                  0.05    0.00   10.12 ^ clkbuf_2_3__f_clk/A (sky130_fd_sc_hd__clkbuf_16)
     9    0.03    0.05    0.14   10.26 ^ clkbuf_2_3__f_clk/X (sky130_fd_sc_hd__clkbuf_16)
                                         clknet_2_3__leaf_clk (net)
                  0.05    0.00   10.26 ^ _347_/CLK (sky130_fd_sc_hd__dfrtp_1)
                          0.00   10.26   clock reconvergence pessimism
                         -0.11   10.15   library setup time
                                 10.15   data required time
-----------------------------------------------------------------------------
                                 10.15   data required time
                                 -2.09   data arrival time
-----------------------------------------------------------------------------
                                  8.06   slack (MET)


Startpoint: _322_ (rising edge-triggered flip-flop clocked by core_clock)
Endpoint: _345_ (rising edge-triggered flip-flop clocked by core_clock)
Path Group: core_clock
Path Type: max

Fanout     Cap    Slew   Delay    Time   Description
-----------------------------------------------------------------------------
                          0.00    0.00   clock core_clock (rise edge)
                          0.00    0.00   clock source latency
     1    0.01    0.00    0.00    0.00 ^ clk (in)
                                         clk (net)
                  0.00    0.00    0.00 ^ clkbuf_0_clk/A (sky130_fd_sc_hd__clkbuf_16)
     4    0.03    0.05    0.12    0.12 ^ clkbuf_0_clk/X (sky130_fd_sc_hd__clkbuf_16)
                                         clknet_0_clk (net)
                  0.05    0.00    0.12 ^ clkbuf_2_1__f_clk/A (sky130_fd_sc_hd__clkbuf_16)
    11    0.02    0.04    0.13    0.25 ^ clkbuf_2_1__f_clk/X (sky130_fd_sc_hd__clkbuf_16)
                                         clknet_2_1__leaf_clk (net)
                  0.04    0.00    0.25 ^ _322_/CLK (sky130_fd_sc_hd__dfrtp_4)
     4    0.02    0.08    0.50    0.75 v _322_/Q (sky130_fd_sc_hd__dfrtp_4)
                                         div.count[2] (net)
                  0.08    0.00    0.75 v _176_/C (sky130_fd_sc_hd__and4_1)
     1    0.00    0.04    0.19    0.95 v _176_/X (sky130_fd_sc_hd__and4_1)
                                         _089_ (net)
                  0.04    0.00    0.95 v _177_/A (sky130_fd_sc_hd__clkbuf_4)
     8    0.02    0.05    0.15    1.10 v _177_/X (sky130_fd_sc_hd__clkbuf_4)
                                         _090_ (net)
                  0.05    0.00    1.10 v _217_/A (sky130_fd_sc_hd__and4_1)
     1    0.01    0.07    0.18    1.28 v _217_/X (sky130_fd_sc_hd__and4_1)
                                         _117_ (net)
                  0.07    0.00    1.28 v _218_/A (sky130_fd_sc_hd__clkbuf_4)
     9    0.03    0.07    0.18    1.46 v _218_/X (sky130_fd_sc_hd__clkbuf_4)
                                         _118_ (net)
                  0.07    0.00    1.46 v _243_/A (sky130_fd_sc_hd__and2_2)
     4    0.02    0.08    0.23    1.69 v _243_/X (sky130_fd_sc_hd__and2_2)
                                         _135_ (net)
                  0.08    0.00    1.69 v _246_/C (sky130_fd_sc_hd__and3_1)
     2    0.01    0.05    0.21    1.90 v _246_/X (sky130_fd_sc_hd__and3_1)
                                         _137_ (net)
                  0.05    0.00    1.90 v _247_/B (sky130_fd_sc_hd__nor2_1)
     1    0.01    0.21    0.18    2.08 ^ _247_/Y (sky130_fd_sc_hd__nor2_1)
                                         _021_ (net)
                  0.21    0.00    2.09 ^ _345_/D (sky130_fd_sc_hd__dfrtp_2)
                                  2.09   data arrival time

                         10.00   10.00   clock core_clock (rise edge)
                          0.00   10.00   clock source latency
     1    0.01    0.00    0.00   10.00 ^ clk (in)
                                         clk (net)
                  0.00    0.00   10.00 ^ clkbuf_0_clk/A (sky130_fd_sc_hd__clkbuf_16)
     4    0.03    0.05    0.12   10.12 ^ clkbuf_0_clk/X (sky130_fd_sc_hd__clkbuf_16)
                                         clknet_0_clk (net)
                  0.05    0.00   10.12 ^ clkbuf_2_3__f_clk/A (sky130_fd_sc_hd__clkbuf_16)
     9    0.03    0.05    0.14   10.26 ^ clkbuf_2_3__f_clk/X (sky130_fd_sc_hd__clkbuf_16)
                                         clknet_2_3__leaf_clk (net)
                  0.05    0.00   10.26 ^ _345_/CLK (sky130_fd_sc_hd__dfrtp_2)
                          0.00   10.26   clock reconvergence pessimism
                         -0.10   10.16   library setup time
                                 10.16   data required time
-----------------------------------------------------------------------------
                                 10.16   data required time
                                 -2.09   data arrival time
-----------------------------------------------------------------------------
                                  8.08   slack (MET)


Startpoint: _322_ (rising edge-triggered flip-flop clocked by core_clock)
Endpoint: _346_ (rising edge-triggered flip-flop clocked by core_clock)
Path Group: core_clock
Path Type: max

Fanout     Cap    Slew   Delay    Time   Description
-----------------------------------------------------------------------------
                          0.00    0.00   clock core_clock (rise edge)
                          0.00    0.00   clock source latency
     1    0.01    0.00    0.00    0.00 ^ clk (in)
                                         clk (net)
                  0.00    0.00    0.00 ^ clkbuf_0_clk/A (sky130_fd_sc_hd__clkbuf_16)
     4    0.03    0.05    0.12    0.12 ^ clkbuf_0_clk/X (sky130_fd_sc_hd__clkbuf_16)
                                         clknet_0_clk (net)
                  0.05    0.00    0.12 ^ clkbuf_2_1__f_clk/A (sky130_fd_sc_hd__clkbuf_16)
    11    0.02    0.04    0.13    0.25 ^ clkbuf_2_1__f_clk/X (sky130_fd_sc_hd__clkbuf_16)
                                         clknet_2_1__leaf_clk (net)
                  0.04    0.00    0.25 ^ _322_/CLK (sky130_fd_sc_hd__dfrtp_4)
     4    0.02    0.08    0.50    0.75 v _322_/Q (sky130_fd_sc_hd__dfrtp_4)
                                         div.count[2] (net)
                  0.08    0.00    0.75 v _176_/C (sky130_fd_sc_hd__and4_1)
     1    0.00    0.04    0.19    0.95 v _176_/X (sky130_fd_sc_hd__and4_1)
                                         _089_ (net)
                  0.04    0.00    0.95 v _177_/A (sky130_fd_sc_hd__clkbuf_4)
     8    0.02    0.05    0.15    1.10 v _177_/X (sky130_fd_sc_hd__clkbuf_4)
                                         _090_ (net)
                  0.05    0.00    1.10 v _217_/A (sky130_fd_sc_hd__and4_1)
     1    0.01    0.07    0.18    1.28 v _217_/X (sky130_fd_sc_hd__and4_1)
                                         _117_ (net)
                  0.07    0.00    1.28 v _218_/A (sky130_fd_sc_hd__clkbuf_4)
     9    0.03    0.07    0.18    1.46 v _218_/X (sky130_fd_sc_hd__clkbuf_4)
                                         _118_ (net)
                  0.07    0.00    1.46 v _243_/A (sky130_fd_sc_hd__and2_2)
     4    0.02    0.08    0.23    1.69 v _243_/X (sky130_fd_sc_hd__and2_2)
                                         _135_ (net)
                  0.08    0.00    1.69 v _246_/C (sky130_fd_sc_hd__and3_1)
     2    0.01    0.05    0.21    1.90 v _246_/X (sky130_fd_sc_hd__and3_1)
                                         _137_ (net)
                  0.05    0.00    1.90 v _248_/B (sky130_fd_sc_hd__xor2_1)
     1    0.01    0.06    0.15    2.05 v _248_/X (sky130_fd_sc_hd__xor2_1)
                                         _022_ (net)
                  0.06    0.00    2.05 v _346_/D (sky130_fd_sc_hd__dfrtp_2)
                                  2.05   data arrival time

                         10.00   10.00   clock core_clock (rise edge)
                          0.00   10.00   clock source latency
     1    0.01    0.00    0.00   10.00 ^ clk (in)
                                         clk (net)
                  0.00    0.00   10.00 ^ clkbuf_0_clk/A (sky130_fd_sc_hd__clkbuf_16)
     4    0.03    0.05    0.12   10.12 ^ clkbuf_0_clk/X (sky130_fd_sc_hd__clkbuf_16)
                                         clknet_0_clk (net)
                  0.05    0.00   10.12 ^ clkbuf_2_0__f_clk/A (sky130_fd_sc_hd__clkbuf_16)
     9    0.02    0.05    0.13   10.25 ^ clkbuf_2_0__f_clk/X (sky130_fd_sc_hd__clkbuf_16)
                                         clknet_2_0__leaf_clk (net)
                  0.05    0.00   10.25 ^ _346_/CLK (sky130_fd_sc_hd__dfrtp_2)
                          0.00   10.25   clock reconvergence pessimism
                         -0.12   10.13   library setup time
                                 10.13   data required time
-----------------------------------------------------------------------------
                                 10.13   data required time
                                 -2.05   data arrival time
-----------------------------------------------------------------------------
                                  8.08   slack (MET)


Startpoint: _321_ (rising edge-triggered flip-flop clocked by core_clock)
Endpoint: _350_ (rising edge-triggered flip-flop clocked by core_clock)
Path Group: core_clock
Path Type: max

Fanout     Cap    Slew   Delay    Time   Description
-----------------------------------------------------------------------------
                          0.00    0.00   clock core_clock (rise edge)
                          0.00    0.00   clock source latency
     1    0.01    0.00    0.00    0.00 ^ clk (in)
                                         clk (net)
                  0.00    0.00    0.00 ^ clkbuf_0_clk/A (sky130_fd_sc_hd__clkbuf_16)
     4    0.03    0.05    0.12    0.12 ^ clkbuf_0_clk/X (sky130_fd_sc_hd__clkbuf_16)
                                         clknet_0_clk (net)
                  0.05    0.00    0.12 ^ clkbuf_2_1__f_clk/A (sky130_fd_sc_hd__clkbuf_16)
    11    0.02    0.04    0.13    0.25 ^ clkbuf_2_1__f_clk/X (sky130_fd_sc_hd__clkbuf_16)
                                         clknet_2_1__leaf_clk (net)
                  0.04    0.00    0.25 ^ _321_/CLK (sky130_fd_sc_hd__dfrtp_4)
     5    0.03    0.11    0.45    0.70 ^ _321_/Q (sky130_fd_sc_hd__dfrtp_4)
                                         div.count[1] (net)
                  0.11    0.00    0.70 ^ _176_/B (sky130_fd_sc_hd__and4_1)
     1    0.00    0.05    0.18    0.88 ^ _176_/X (sky130_fd_sc_hd__and4_1)
                                         _089_ (net)
                  0.05    0.00    0.88 ^ _177_/A (sky130_fd_sc_hd__clkbuf_4)
     8    0.02    0.07    0.15    1.03 ^ _177_/X (sky130_fd_sc_hd__clkbuf_4)
                                         _090_ (net)
                  0.07    0.00    1.03 ^ _217_/A (sky130_fd_sc_hd__and4_1)
     1    0.01    0.11    0.22    1.25 ^ _217_/X (sky130_fd_sc_hd__and4_1)
                                         _117_ (net)
                  0.11    0.00    1.26 ^ _218_/A (sky130_fd_sc_hd__clkbuf_4)
     9    0.03    0.10    0.20    1.45 ^ _218_/X (sky130_fd_sc_hd__clkbuf_4)
                                         _118_ (net)
                  0.10    0.00    1.46 ^ _251_/A (sky130_fd_sc_hd__and3_2)
     5    0.03    0.15    0.27    1.72 ^ _251_/X (sky130_fd_sc_hd__and3_2)
                                         _140_ (net)
                  0.15    0.00    1.73 ^ _256_/C (sky130_fd_sc_hd__nand3_2)
     2    0.01    0.07    0.10    1.82 v _256_/Y (sky130_fd_sc_hd__nand3_2)
                                         _143_ (net)
                  0.07    0.00    1.82 v _258_/B (sky130_fd_sc_hd__xnor2_1)
     1    0.00    0.05    0.13    1.96 v _258_/Y (sky130_fd_sc_hd__xnor2_1)
                                         _027_ (net)
                  0.05    0.00    1.96 v _350_/D (sky130_fd_sc_hd__dfrtp_2)
                                  1.96   data arrival time

                         10.00   10.00   clock core_clock (rise edge)
                          0.00   10.00   clock source latency
     1    0.01    0.00    0.00   10.00 ^ clk (in)
                                         clk (net)
                  0.00    0.00   10.00 ^ clkbuf_0_clk/A (sky130_fd_sc_hd__clkbuf_16)
     4    0.03    0.05    0.12   10.12 ^ clkbuf_0_clk/X (sky130_fd_sc_hd__clkbuf_16)
                                         clknet_0_clk (net)
                  0.05    0.00   10.12 ^ clkbuf_2_0__f_clk/A (sky130_fd_sc_hd__clkbuf_16)
     9    0.02    0.05    0.13   10.25 ^ clkbuf_2_0__f_clk/X (sky130_fd_sc_hd__clkbuf_16)
                                         clknet_2_0__leaf_clk (net)
                  0.05    0.00   10.25 ^ _350_/CLK (sky130_fd_sc_hd__dfrtp_2)
                          0.00   10.25   clock reconvergence pessimism
                         -0.12   10.14   library setup time
                                 10.14   data required time
-----------------------------------------------------------------------------
                                 10.14   data required time
                                 -1.96   data arrival time
-----------------------------------------------------------------------------
                                  8.18   slack (MET)


Startpoint: _321_ (rising edge-triggered flip-flop clocked by core_clock)
Endpoint: _341_ (rising edge-triggered flip-flop clocked by core_clock)
Path Group: core_clock
Path Type: max

Fanout     Cap    Slew   Delay    Time   Description
-----------------------------------------------------------------------------
                          0.00    0.00   clock core_clock (rise edge)
                          0.00    0.00   clock source latency
     1    0.01    0.00    0.00    0.00 ^ clk (in)
                                         clk (net)
                  0.00    0.00    0.00 ^ clkbuf_0_clk/A (sky130_fd_sc_hd__clkbuf_16)
     4    0.03    0.05    0.12    0.12 ^ clkbuf_0_clk/X (sky130_fd_sc_hd__clkbuf_16)
                                         clknet_0_clk (net)
                  0.05    0.00    0.12 ^ clkbuf_2_1__f_clk/A (sky130_fd_sc_hd__clkbuf_16)
    11    0.02    0.04    0.13    0.25 ^ clkbuf_2_1__f_clk/X (sky130_fd_sc_hd__clkbuf_16)
                                         clknet_2_1__leaf_clk (net)
                  0.04    0.00    0.25 ^ _321_/CLK (sky130_fd_sc_hd__dfrtp_4)
     5    0.03    0.11    0.45    0.70 ^ _321_/Q (sky130_fd_sc_hd__dfrtp_4)
                                         div.count[1] (net)
                  0.11    0.00    0.70 ^ _176_/B (sky130_fd_sc_hd__and4_1)
     1    0.00    0.05    0.18    0.88 ^ _176_/X (sky130_fd_sc_hd__and4_1)
                                         _089_ (net)
                  0.05    0.00    0.88 ^ _177_/A (sky130_fd_sc_hd__clkbuf_4)
     8    0.02    0.07    0.15    1.03 ^ _177_/X (sky130_fd_sc_hd__clkbuf_4)
                                         _090_ (net)
                  0.07    0.00    1.03 ^ _217_/A (sky130_fd_sc_hd__and4_1)
     1    0.01    0.11    0.22    1.25 ^ _217_/X (sky130_fd_sc_hd__and4_1)
                                         _117_ (net)
                  0.11    0.00    1.26 ^ _218_/A (sky130_fd_sc_hd__clkbuf_4)
     9    0.03    0.10    0.20    1.45 ^ _218_/X (sky130_fd_sc_hd__clkbuf_4)
                                         _118_ (net)
                  0.10    0.00    1.45 ^ _232_/B (sky130_fd_sc_hd__and3_2)
     4    0.01    0.10    0.23    1.68 ^ _232_/X (sky130_fd_sc_hd__and3_2)
                                         _128_ (net)
                  0.10    0.00    1.68 ^ _235_/B (sky130_fd_sc_hd__xor2_1)
     1    0.01    0.24    0.24    1.93 ^ _235_/X (sky130_fd_sc_hd__xor2_1)
                                         _017_ (net)
                  0.24    0.00    1.93 ^ _341_/D (sky130_fd_sc_hd__dfrtp_4)
                                  1.93   data arrival time

                         10.00   10.00   clock core_clock (rise edge)
                          0.00   10.00   clock source latency
     1    0.01    0.00    0.00   10.00 ^ clk (in)
                                         clk (net)
                  0.00    0.00   10.00 ^ clkbuf_0_clk/A (sky130_fd_sc_hd__clkbuf_16)
     4    0.03    0.05    0.12   10.12 ^ clkbuf_0_clk/X (sky130_fd_sc_hd__clkbuf_16)
                                         clknet_0_clk (net)
                  0.05    0.00   10.12 ^ clkbuf_2_1__f_clk/A (sky130_fd_sc_hd__clkbuf_16)
    11    0.02    0.04    0.13   10.25 ^ clkbuf_2_1__f_clk/X (sky130_fd_sc_hd__clkbuf_16)
                                         clknet_2_1__leaf_clk (net)
                  0.04    0.00   10.25 ^ _341_/CLK (sky130_fd_sc_hd__dfrtp_4)
                          0.00   10.25   clock reconvergence pessimism
                         -0.11   10.14   library setup time
                                 10.14   data required time
-----------------------------------------------------------------------------
                                 10.14   data required time
                                 -1.93   data arrival time
-----------------------------------------------------------------------------
                                  8.22   slack (MET)


Startpoint: _322_ (rising edge-triggered flip-flop clocked by core_clock)
Endpoint: _335_ (rising edge-triggered flip-flop clocked by core_clock)
Path Group: core_clock
Path Type: max

Fanout     Cap    Slew   Delay    Time   Description
-----------------------------------------------------------------------------
                          0.00    0.00   clock core_clock (rise edge)
                          0.00    0.00   clock source latency
     1    0.01    0.00    0.00    0.00 ^ clk (in)
                                         clk (net)
                  0.00    0.00    0.00 ^ clkbuf_0_clk/A (sky130_fd_sc_hd__clkbuf_16)
     4    0.03    0.05    0.12    0.12 ^ clkbuf_0_clk/X (sky130_fd_sc_hd__clkbuf_16)
                                         clknet_0_clk (net)
                  0.05    0.00    0.12 ^ clkbuf_2_1__f_clk/A (sky130_fd_sc_hd__clkbuf_16)
    11    0.02    0.04    0.13    0.25 ^ clkbuf_2_1__f_clk/X (sky130_fd_sc_hd__clkbuf_16)
                                         clknet_2_1__leaf_clk (net)
                  0.04    0.00    0.25 ^ _322_/CLK (sky130_fd_sc_hd__dfrtp_4)
     4    0.02    0.08    0.50    0.75 v _322_/Q (sky130_fd_sc_hd__dfrtp_4)
                                         div.count[2] (net)
                  0.08    0.00    0.75 v _176_/C (sky130_fd_sc_hd__and4_1)
     1    0.00    0.04    0.19    0.95 v _176_/X (sky130_fd_sc_hd__and4_1)
                                         _089_ (net)
                  0.04    0.00    0.95 v _177_/A (sky130_fd_sc_hd__clkbuf_4)
     8    0.02    0.05    0.15    1.10 v _177_/X (sky130_fd_sc_hd__clkbuf_4)
                                         _090_ (net)
                  0.05    0.00    1.10 v _195_/C (sky130_fd_sc_hd__and4_1)
     1    0.00    0.04    0.18    1.28 v _195_/X (sky130_fd_sc_hd__and4_1)
                                         _102_ (net)
                  0.04    0.00    1.28 v _196_/A (sky130_fd_sc_hd__clkbuf_4)
     6    0.03    0.08    0.18    1.45 v _196_/X (sky130_fd_sc_hd__clkbuf_4)
                                         _103_ (net)
                  0.08    0.00    1.45 v _211_/A (sky130_fd_sc_hd__and2_2)
     3    0.01    0.05    0.19    1.65 v _211_/X (sky130_fd_sc_hd__and2_2)
                                         _114_ (net)
                  0.05    0.00    1.65 v _213_/B (sky130_fd_sc_hd__nand2_2)
     2    0.02    0.12    0.12    1.77 ^ _213_/Y (sky130_fd_sc_hd__nand2_2)
                                         _115_ (net)
                  0.12    0.00    1.77 ^ _215_/B (sky130_fd_sc_hd__xnor2_2)
     1    0.01    0.23    0.16    1.93 ^ _215_/Y (sky130_fd_sc_hd__xnor2_2)
                                         _010_ (net)
                  0.23    0.00    1.93 ^ _335_/D (sky130_fd_sc_hd__dfrtp_4)
                                  1.93   data arrival time

                         10.00   10.00   clock core_clock (rise edge)
                          0.00   10.00   clock source latency
     1    0.01    0.00    0.00   10.00 ^ clk (in)
                                         clk (net)
                  0.00    0.00   10.00 ^ clkbuf_0_clk/A (sky130_fd_sc_hd__clkbuf_16)
     4    0.03    0.05    0.12   10.12 ^ clkbuf_0_clk/X (sky130_fd_sc_hd__clkbuf_16)
                                         clknet_0_clk (net)
                  0.05    0.00   10.12 ^ clkbuf_2_3__f_clk/A (sky130_fd_sc_hd__clkbuf_16)
     9    0.03    0.05    0.14   10.26 ^ clkbuf_2_3__f_clk/X (sky130_fd_sc_hd__clkbuf_16)
                                         clknet_2_3__leaf_clk (net)
                  0.05    0.00   10.26 ^ _335_/CLK (sky130_fd_sc_hd__dfrtp_4)
                          0.00   10.26   clock reconvergence pessimism
                         -0.11   10.16   library setup time
                                 10.16   data required time
-----------------------------------------------------------------------------
                                 10.16   data required time
                                 -1.93   data arrival time
-----------------------------------------------------------------------------
                                  8.23   slack (MET)


Startpoint: _321_ (rising edge-triggered flip-flop clocked by core_clock)
Endpoint: _344_ (rising edge-triggered flip-flop clocked by core_clock)
Path Group: core_clock
Path Type: max

Fanout     Cap    Slew   Delay    Time   Description
-----------------------------------------------------------------------------
                          0.00    0.00   clock core_clock (rise edge)
                          0.00    0.00   clock source latency
     1    0.01    0.00    0.00    0.00 ^ clk (in)
                                         clk (net)
                  0.00    0.00    0.00 ^ clkbuf_0_clk/A (sky130_fd_sc_hd__clkbuf_16)
     4    0.03    0.05    0.12    0.12 ^ clkbuf_0_clk/X (sky130_fd_sc_hd__clkbuf_16)
                                         clknet_0_clk (net)
                  0.05    0.00    0.12 ^ clkbuf_2_1__f_clk/A (sky130_fd_sc_hd__clkbuf_16)
    11    0.02    0.04    0.13    0.25 ^ clkbuf_2_1__f_clk/X (sky130_fd_sc_hd__clkbuf_16)
                                         clknet_2_1__leaf_clk (net)
                  0.04    0.00    0.25 ^ _321_/CLK (sky130_fd_sc_hd__dfrtp_4)
     5    0.03    0.11    0.45    0.70 ^ _321_/Q (sky130_fd_sc_hd__dfrtp_4)
                                         div.count[1] (net)
                  0.11    0.00    0.70 ^ _176_/B (sky130_fd_sc_hd__and4_1)
     1    0.00    0.05    0.18    0.88 ^ _176_/X (sky130_fd_sc_hd__and4_1)
                                         _089_ (net)
                  0.05    0.00    0.88 ^ _177_/A (sky130_fd_sc_hd__clkbuf_4)
     8    0.02    0.07    0.15    1.03 ^ _177_/X (sky130_fd_sc_hd__clkbuf_4)
                                         _090_ (net)
                  0.07    0.00    1.03 ^ _217_/A (sky130_fd_sc_hd__and4_1)
     1    0.01    0.11    0.22    1.25 ^ _217_/X (sky130_fd_sc_hd__and4_1)
                                         _117_ (net)
                  0.11    0.00    1.26 ^ _218_/A (sky130_fd_sc_hd__clkbuf_4)
     9    0.03    0.10    0.20    1.45 ^ _218_/X (sky130_fd_sc_hd__clkbuf_4)
                                         _118_ (net)
                  0.10    0.00    1.45 ^ _243_/A (sky130_fd_sc_hd__and2_2)
     4    0.03    0.14    0.23    1.68 ^ _243_/X (sky130_fd_sc_hd__and2_2)
                                         _135_ (net)
                  0.14    0.00    1.69 ^ _244_/B (sky130_fd_sc_hd__xor2_1)
     1    0.01    0.23    0.24    1.93 ^ _244_/X (sky130_fd_sc_hd__xor2_1)
                                         _020_ (net)
                  0.23    0.00    1.93 ^ _344_/D (sky130_fd_sc_hd__dfrtp_4)
                                  1.93   data arrival time

                         10.00   10.00   clock core_clock (rise edge)
                          0.00   10.00   clock source latency
     1    0.01    0.00    0.00   10.00 ^ clk (in)
                                         clk (net)
                  0.00    0.00   10.00 ^ clkbuf_0_clk/A (sky130_fd_sc_hd__clkbuf_16)
     4    0.03    0.05    0.12   10.12 ^ clkbuf_0_clk/X (sky130_fd_sc_hd__clkbuf_16)
                                         clknet_0_clk (net)
                  0.05    0.00   10.12 ^ clkbuf_2_3__f_clk/A (sky130_fd_sc_hd__clkbuf_16)
     9    0.03    0.05    0.14   10.26 ^ clkbuf_2_3__f_clk/X (sky130_fd_sc_hd__clkbuf_16)
                                         clknet_2_3__leaf_clk (net)
                  0.05    0.00   10.26 ^ _344_/CLK (sky130_fd_sc_hd__dfrtp_4)
                          0.00   10.26   clock reconvergence pessimism
                         -0.10   10.16   library setup time
                                 10.16   data required time
-----------------------------------------------------------------------------
                                 10.16   data required time
                                 -1.93   data arrival time
-----------------------------------------------------------------------------
                                  8.23   slack (MET)


Startpoint: _322_ (rising edge-triggered flip-flop clocked by core_clock)
Endpoint: _333_ (rising edge-triggered flip-flop clocked by core_clock)
Path Group: core_clock
Path Type: max

Fanout     Cap    Slew   Delay    Time   Description
-----------------------------------------------------------------------------
                          0.00    0.00   clock core_clock (rise edge)
                          0.00    0.00   clock source latency
     1    0.01    0.00    0.00    0.00 ^ clk (in)
                                         clk (net)
                  0.00    0.00    0.00 ^ clkbuf_0_clk/A (sky130_fd_sc_hd__clkbuf_16)
     4    0.03    0.05    0.12    0.12 ^ clkbuf_0_clk/X (sky130_fd_sc_hd__clkbuf_16)
                                         clknet_0_clk (net)
                  0.05    0.00    0.12 ^ clkbuf_2_1__f_clk/A (sky130_fd_sc_hd__clkbuf_16)
    11    0.02    0.04    0.13    0.25 ^ clkbuf_2_1__f_clk/X (sky130_fd_sc_hd__clkbuf_16)
                                         clknet_2_1__leaf_clk (net)
                  0.04    0.00    0.25 ^ _322_/CLK (sky130_fd_sc_hd__dfrtp_4)
     4    0.02    0.08    0.50    0.75 v _322_/Q (sky130_fd_sc_hd__dfrtp_4)
                                         div.count[2] (net)
                  0.08    0.00    0.75 v _176_/C (sky130_fd_sc_hd__and4_1)
     1    0.00    0.04    0.19    0.95 v _176_/X (sky130_fd_sc_hd__and4_1)
                                         _089_ (net)
                  0.04    0.00    0.95 v _177_/A (sky130_fd_sc_hd__clkbuf_4)
     8    0.02    0.05    0.15    1.10 v _177_/X (sky130_fd_sc_hd__clkbuf_4)
                                         _090_ (net)
                  0.05    0.00    1.10 v _195_/C (sky130_fd_sc_hd__and4_1)
     1    0.00    0.04    0.18    1.28 v _195_/X (sky130_fd_sc_hd__and4_1)
                                         _102_ (net)
                  0.04    0.00    1.28 v _196_/A (sky130_fd_sc_hd__clkbuf_4)
     6    0.03    0.08    0.18    1.45 v _196_/X (sky130_fd_sc_hd__clkbuf_4)
                                         _103_ (net)
                  0.08    0.00    1.46 v _209_/D (sky130_fd_sc_hd__and4_1)
     1    0.01    0.06    0.24    1.69 v _209_/X (sky130_fd_sc_hd__and4_1)
                                         _112_ (net)
                  0.06    0.00    1.69 v _212_/A2 (sky130_fd_sc_hd__o21ba_1)
     1    0.00    0.04    0.18    1.87 v _212_/X (sky130_fd_sc_hd__o21ba_1)
                                         _008_ (net)
                  0.04    0.00    1.87 v _333_/D (sky130_fd_sc_hd__dfrtp_2)
                                  1.87   data arrival time

                         10.00   10.00   clock core_clock (rise edge)
                          0.00   10.00   clock source latency
     1    0.01    0.00    0.00   10.00 ^ clk (in)
                                         clk (net)
                  0.00    0.00   10.00 ^ clkbuf_0_clk/A (sky130_fd_sc_hd__clkbuf_16)
     4    0.03    0.05    0.12   10.12 ^ clkbuf_0_clk/X (sky130_fd_sc_hd__clkbuf_16)
                                         clknet_0_clk (net)
                  0.05    0.00   10.12 ^ clkbuf_2_1__f_clk/A (sky130_fd_sc_hd__clkbuf_16)
    11    0.02    0.04    0.13   10.25 ^ clkbuf_2_1__f_clk/X (sky130_fd_sc_hd__clkbuf_16)
                                         clknet_2_1__leaf_clk (net)
                  0.04    0.00   10.25 ^ _333_/CLK (sky130_fd_sc_hd__dfrtp_2)
                          0.00   10.25   clock reconvergence pessimism
                         -0.12   10.13   library setup time
                                 10.13   data required time
-----------------------------------------------------------------------------
                                 10.13   data required time
                                 -1.87   data arrival time
-----------------------------------------------------------------------------
                                  8.26   slack (MET)


Startpoint: _322_ (rising edge-triggered flip-flop clocked by core_clock)
Endpoint: _340_ (rising edge-triggered flip-flop clocked by core_clock)
Path Group: core_clock
Path Type: max

Fanout     Cap    Slew   Delay    Time   Description
-----------------------------------------------------------------------------
                          0.00    0.00   clock core_clock (rise edge)
                          0.00    0.00   clock source latency
     1    0.01    0.00    0.00    0.00 ^ clk (in)
                                         clk (net)
                  0.00    0.00    0.00 ^ clkbuf_0_clk/A (sky130_fd_sc_hd__clkbuf_16)
     4    0.03    0.05    0.12    0.12 ^ clkbuf_0_clk/X (sky130_fd_sc_hd__clkbuf_16)
                                         clknet_0_clk (net)
                  0.05    0.00    0.12 ^ clkbuf_2_1__f_clk/A (sky130_fd_sc_hd__clkbuf_16)
    11    0.02    0.04    0.13    0.25 ^ clkbuf_2_1__f_clk/X (sky130_fd_sc_hd__clkbuf_16)
                                         clknet_2_1__leaf_clk (net)
                  0.04    0.00    0.25 ^ _322_/CLK (sky130_fd_sc_hd__dfrtp_4)
     4    0.02    0.08    0.50    0.75 v _322_/Q (sky130_fd_sc_hd__dfrtp_4)
                                         div.count[2] (net)
                  0.08    0.00    0.75 v _176_/C (sky130_fd_sc_hd__and4_1)
     1    0.00    0.04    0.19    0.95 v _176_/X (sky130_fd_sc_hd__and4_1)
                                         _089_ (net)
                  0.04    0.00    0.95 v _177_/A (sky130_fd_sc_hd__clkbuf_4)
     8    0.02    0.05    0.15    1.10 v _177_/X (sky130_fd_sc_hd__clkbuf_4)
                                         _090_ (net)
                  0.05    0.00    1.10 v _217_/A (sky130_fd_sc_hd__and4_1)
     1    0.01    0.07    0.18    1.28 v _217_/X (sky130_fd_sc_hd__and4_1)
                                         _117_ (net)
                  0.07    0.00    1.28 v _218_/A (sky130_fd_sc_hd__clkbuf_4)
     9    0.03    0.07    0.18    1.46 v _218_/X (sky130_fd_sc_hd__clkbuf_4)
                                         _118_ (net)
                  0.07    0.00    1.46 v _233_/A1 (sky130_fd_sc_hd__a21oi_1)
     1    0.01    0.26    0.25    1.71 ^ _233_/Y (sky130_fd_sc_hd__a21oi_1)
                                         _129_ (net)
                  0.26    0.00    1.71 ^ _234_/B (sky130_fd_sc_hd__nor2_1)
     1    0.00    0.06    0.08    1.79 v _234_/Y (sky130_fd_sc_hd__nor2_1)
                                         _016_ (net)
                  0.06    0.00    1.79 v _340_/D (sky130_fd_sc_hd__dfrtp_4)
                                  1.79   data arrival time

                         10.00   10.00   clock core_clock (rise edge)
                          0.00   10.00   clock source latency
     1    0.01    0.00    0.00   10.00 ^ clk (in)
                                         clk (net)
                  0.00    0.00   10.00 ^ clkbuf_0_clk/A (sky130_fd_sc_hd__clkbuf_16)
     4    0.03    0.05    0.12   10.12 ^ clkbuf_0_clk/X (sky130_fd_sc_hd__clkbuf_16)
                                         clknet_0_clk (net)
                  0.05    0.00   10.12 ^ clkbuf_2_2__f_clk/A (sky130_fd_sc_hd__clkbuf_16)
     7    0.02    0.04    0.13   10.25 ^ clkbuf_2_2__f_clk/X (sky130_fd_sc_hd__clkbuf_16)
                                         clknet_2_2__leaf_clk (net)
                  0.04    0.00   10.25 ^ _340_/CLK (sky130_fd_sc_hd__dfrtp_4)
                          0.00   10.25   clock reconvergence pessimism
                         -0.12   10.13   library setup time
                                 10.13   data required time
-----------------------------------------------------------------------------
                                 10.13   data required time
                                 -1.79   data arrival time
-----------------------------------------------------------------------------
                                  8.34   slack (MET)


Startpoint: _321_ (rising edge-triggered flip-flop clocked by core_clock)
Endpoint: _332_ (rising edge-triggered flip-flop clocked by core_clock)
Path Group: core_clock
Path Type: max

Fanout     Cap    Slew   Delay    Time   Description
-----------------------------------------------------------------------------
                          0.00    0.00   clock core_clock (rise edge)
                          0.00    0.00   clock source latency
     1    0.01    0.00    0.00    0.00 ^ clk (in)
                                         clk (net)
                  0.00    0.00    0.00 ^ clkbuf_0_clk/A (sky130_fd_sc_hd__clkbuf_16)
     4    0.03    0.05    0.12    0.12 ^ clkbuf_0_clk/X (sky130_fd_sc_hd__clkbuf_16)
                                         clknet_0_clk (net)
                  0.05    0.00    0.12 ^ clkbuf_2_1__f_clk/A (sky130_fd_sc_hd__clkbuf_16)
    11    0.02    0.04    0.13    0.25 ^ clkbuf_2_1__f_clk/X (sky130_fd_sc_hd__clkbuf_16)
                                         clknet_2_1__leaf_clk (net)
                  0.04    0.00    0.25 ^ _321_/CLK (sky130_fd_sc_hd__dfrtp_4)
     5    0.03    0.11    0.45    0.70 ^ _321_/Q (sky130_fd_sc_hd__dfrtp_4)
                                         div.count[1] (net)
                  0.11    0.00    0.70 ^ _176_/B (sky130_fd_sc_hd__and4_1)
     1    0.00    0.05    0.18    0.88 ^ _176_/X (sky130_fd_sc_hd__and4_1)
                                         _089_ (net)
                  0.05    0.00    0.88 ^ _177_/A (sky130_fd_sc_hd__clkbuf_4)
     8    0.02    0.07    0.15    1.03 ^ _177_/X (sky130_fd_sc_hd__clkbuf_4)
                                         _090_ (net)
                  0.07    0.00    1.03 ^ _195_/C (sky130_fd_sc_hd__and4_1)
     1    0.00    0.05    0.18    1.21 ^ _195_/X (sky130_fd_sc_hd__and4_1)
                                         _102_ (net)
                  0.05    0.00    1.21 ^ _196_/A (sky130_fd_sc_hd__clkbuf_4)
     6    0.03    0.11    0.19    1.40 ^ _196_/X (sky130_fd_sc_hd__clkbuf_4)
                                         _103_ (net)
                  0.11    0.00    1.40 ^ _205_/C (sky130_fd_sc_hd__nand3_2)
     2    0.02    0.13    0.15    1.55 v _205_/Y (sky130_fd_sc_hd__nand3_2)
                                         _110_ (net)
                  0.13    0.00    1.55 v _208_/B (sky130_fd_sc_hd__xnor2_1)
     1    0.01    0.18    0.21    1.76 ^ _208_/Y (sky130_fd_sc_hd__xnor2_1)
                                         _007_ (net)
                  0.18    0.00    1.76 ^ _332_/D (sky130_fd_sc_hd__dfrtp_4)
                                  1.76   data arrival time

                         10.00   10.00   clock core_clock (rise edge)
                          0.00   10.00   clock source latency
     1    0.01    0.00    0.00   10.00 ^ clk (in)
                                         clk (net)
                  0.00    0.00   10.00 ^ clkbuf_0_clk/A (sky130_fd_sc_hd__clkbuf_16)
     4    0.03    0.05    0.12   10.12 ^ clkbuf_0_clk/X (sky130_fd_sc_hd__clkbuf_16)
                                         clknet_0_clk (net)
                  0.05    0.00   10.12 ^ clkbuf_2_1__f_clk/A (sky130_fd_sc_hd__clkbuf_16)
    11    0.02    0.04    0.13   10.25 ^ clkbuf_2_1__f_clk/X (sky130_fd_sc_hd__clkbuf_16)
                                         clknet_2_1__leaf_clk (net)
                  0.04    0.00   10.25 ^ _332_/CLK (sky130_fd_sc_hd__dfrtp_4)
                          0.00   10.25   clock reconvergence pessimism
                         -0.09   10.15   library setup time
                                 10.15   data required time
-----------------------------------------------------------------------------
                                 10.15   data required time
                                 -1.76   data arrival time
-----------------------------------------------------------------------------
                                  8.40   slack (MET)


Startpoint: _322_ (rising edge-triggered flip-flop clocked by core_clock)
Endpoint: _337_ (rising edge-triggered flip-flop clocked by core_clock)
Path Group: core_clock
Path Type: max

Fanout     Cap    Slew   Delay    Time   Description
-----------------------------------------------------------------------------
                          0.00    0.00   clock core_clock (rise edge)
                          0.00    0.00   clock source latency
     1    0.01    0.00    0.00    0.00 ^ clk (in)
                                         clk (net)
                  0.00    0.00    0.00 ^ clkbuf_0_clk/A (sky130_fd_sc_hd__clkbuf_16)
     4    0.03    0.05    0.12    0.12 ^ clkbuf_0_clk/X (sky130_fd_sc_hd__clkbuf_16)
                                         clknet_0_clk (net)
                  0.05    0.00    0.12 ^ clkbuf_2_1__f_clk/A (sky130_fd_sc_hd__clkbuf_16)
    11    0.02    0.04    0.13    0.25 ^ clkbuf_2_1__f_clk/X (sky130_fd_sc_hd__clkbuf_16)
                                         clknet_2_1__leaf_clk (net)
                  0.04    0.00    0.25 ^ _322_/CLK (sky130_fd_sc_hd__dfrtp_4)
     4    0.02    0.08    0.50    0.75 v _322_/Q (sky130_fd_sc_hd__dfrtp_4)
                                         div.count[2] (net)
                  0.08    0.00    0.75 v _176_/C (sky130_fd_sc_hd__and4_1)
     1    0.00    0.04    0.19    0.95 v _176_/X (sky130_fd_sc_hd__and4_1)
                                         _089_ (net)
                  0.04    0.00    0.95 v _177_/A (sky130_fd_sc_hd__clkbuf_4)
     8    0.02    0.05    0.15    1.10 v _177_/X (sky130_fd_sc_hd__clkbuf_4)
                                         _090_ (net)
                  0.05    0.00    1.10 v _217_/A (sky130_fd_sc_hd__and4_1)
     1    0.01    0.07    0.18    1.28 v _217_/X (sky130_fd_sc_hd__and4_1)
                                         _117_ (net)
                  0.07    0.00    1.28 v _218_/A (sky130_fd_sc_hd__clkbuf_4)
     9    0.03    0.07    0.18    1.46 v _218_/X (sky130_fd_sc_hd__clkbuf_4)
                                         _118_ (net)
                  0.07    0.00    1.46 v _220_/A2 (sky130_fd_sc_hd__a21oi_1)
     1    0.01    0.20    0.22    1.68 ^ _220_/Y (sky130_fd_sc_hd__a21oi_1)
                                         _119_ (net)
                  0.20    0.00    1.68 ^ _222_/A (sky130_fd_sc_hd__nor2_2)
     1    0.00    0.04    0.06    1.74 v _222_/Y (sky130_fd_sc_hd__nor2_2)
                                         _012_ (net)
                  0.04    0.00    1.74 v _337_/D (sky130_fd_sc_hd__dfrtp_4)
                                  1.74   data arrival time

                         10.00   10.00   clock core_clock (rise edge)
                          0.00   10.00   clock source latency
     1    0.01    0.00    0.00   10.00 ^ clk (in)
                                         clk (net)
                  0.00    0.00   10.00 ^ clkbuf_0_clk/A (sky130_fd_sc_hd__clkbuf_16)
     4    0.03    0.05    0.12   10.12 ^ clkbuf_0_clk/X (sky130_fd_sc_hd__clkbuf_16)
                                         clknet_0_clk (net)
                  0.05    0.00   10.12 ^ clkbuf_2_2__f_clk/A (sky130_fd_sc_hd__clkbuf_16)
     7    0.02    0.04    0.13   10.25 ^ clkbuf_2_2__f_clk/X (sky130_fd_sc_hd__clkbuf_16)
                                         clknet_2_2__leaf_clk (net)
                  0.04    0.00   10.25 ^ _337_/CLK (sky130_fd_sc_hd__dfrtp_4)
                          0.00   10.25   clock reconvergence pessimism
                         -0.11   10.14   library setup time
                                 10.14   data required time
-----------------------------------------------------------------------------
                                 10.14   data required time
                                 -1.74   data arrival time
-----------------------------------------------------------------------------
                                  8.40   slack (MET)


Startpoint: _321_ (rising edge-triggered flip-flop clocked by core_clock)
Endpoint: _336_ (rising edge-triggered flip-flop clocked by core_clock)
Path Group: core_clock
Path Type: max

Fanout     Cap    Slew   Delay    Time   Description
-----------------------------------------------------------------------------
                          0.00    0.00   clock core_clock (rise edge)
                          0.00    0.00   clock source latency
     1    0.01    0.00    0.00    0.00 ^ clk (in)
                                         clk (net)
                  0.00    0.00    0.00 ^ clkbuf_0_clk/A (sky130_fd_sc_hd__clkbuf_16)
     4    0.03    0.05    0.12    0.12 ^ clkbuf_0_clk/X (sky130_fd_sc_hd__clkbuf_16)
                                         clknet_0_clk (net)
                  0.05    0.00    0.12 ^ clkbuf_2_1__f_clk/A (sky130_fd_sc_hd__clkbuf_16)
    11    0.02    0.04    0.13    0.25 ^ clkbuf_2_1__f_clk/X (sky130_fd_sc_hd__clkbuf_16)
                                         clknet_2_1__leaf_clk (net)
                  0.04    0.00    0.25 ^ _321_/CLK (sky130_fd_sc_hd__dfrtp_4)
     5    0.03    0.11    0.45    0.70 ^ _321_/Q (sky130_fd_sc_hd__dfrtp_4)
                                         div.count[1] (net)
                  0.11    0.00    0.70 ^ _176_/B (sky130_fd_sc_hd__and4_1)
     1    0.00    0.05    0.18    0.88 ^ _176_/X (sky130_fd_sc_hd__and4_1)
                                         _089_ (net)
                  0.05    0.00    0.88 ^ _177_/A (sky130_fd_sc_hd__clkbuf_4)
     8    0.02    0.07    0.15    1.03 ^ _177_/X (sky130_fd_sc_hd__clkbuf_4)
                                         _090_ (net)
                  0.07    0.00    1.03 ^ _217_/A (sky130_fd_sc_hd__and4_1)
     1    0.01    0.11    0.22    1.25 ^ _217_/X (sky130_fd_sc_hd__and4_1)
                                         _117_ (net)
                  0.11    0.00    1.26 ^ _218_/A (sky130_fd_sc_hd__clkbuf_4)
     9    0.03    0.10    0.20    1.45 ^ _218_/X (sky130_fd_sc_hd__clkbuf_4)
                                         _118_ (net)
                  0.10    0.00    1.45 ^ _219_/B (sky130_fd_sc_hd__xor2_1)
     1    0.01    0.20    0.22    1.67 ^ _219_/X (sky130_fd_sc_hd__xor2_1)
                                         _011_ (net)
                  0.20    0.00    1.67 ^ _336_/D (sky130_fd_sc_hd__dfrtp_4)
                                  1.67   data arrival time

                         10.00   10.00   clock core_clock (rise edge)
                          0.00   10.00   clock source latency
     1    0.01    0.00    0.00   10.00 ^ clk (in)
                                         clk (net)
                  0.00    0.00   10.00 ^ clkbuf_0_clk/A (sky130_fd_sc_hd__clkbuf_16)
     4    0.03    0.05    0.12   10.12 ^ clkbuf_0_clk/X (sky130_fd_sc_hd__clkbuf_16)
                                         clknet_0_clk (net)
                  0.05    0.00   10.12 ^ clkbuf_2_0__f_clk/A (sky130_fd_sc_hd__clkbuf_16)
     9    0.02    0.05    0.13   10.25 ^ clkbuf_2_0__f_clk/X (sky130_fd_sc_hd__clkbuf_16)
                                         clknet_2_0__leaf_clk (net)
                  0.05    0.00   10.25 ^ _336_/CLK (sky130_fd_sc_hd__dfrtp_4)
                          0.00   10.25   clock reconvergence pessimism
                         -0.10   10.15   library setup time
                                 10.15   data required time
-----------------------------------------------------------------------------
                                 10.15   data required time
                                 -1.67   data arrival time
-----------------------------------------------------------------------------
                                  8.48   slack (MET)


Startpoint: _322_ (rising edge-triggered flip-flop clocked by core_clock)
Endpoint: _330_ (rising edge-triggered flip-flop clocked by core_clock)
Path Group: core_clock
Path Type: max

Fanout     Cap    Slew   Delay    Time   Description
-----------------------------------------------------------------------------
                          0.00    0.00   clock core_clock (rise edge)
                          0.00    0.00   clock source latency
     1    0.01    0.00    0.00    0.00 ^ clk (in)
                                         clk (net)
                  0.00    0.00    0.00 ^ clkbuf_0_clk/A (sky130_fd_sc_hd__clkbuf_16)
     4    0.03    0.05    0.12    0.12 ^ clkbuf_0_clk/X (sky130_fd_sc_hd__clkbuf_16)
                                         clknet_0_clk (net)
                  0.05    0.00    0.12 ^ clkbuf_2_1__f_clk/A (sky130_fd_sc_hd__clkbuf_16)
    11    0.02    0.04    0.13    0.25 ^ clkbuf_2_1__f_clk/X (sky130_fd_sc_hd__clkbuf_16)
                                         clknet_2_1__leaf_clk (net)
                  0.04    0.00    0.25 ^ _322_/CLK (sky130_fd_sc_hd__dfrtp_4)
     4    0.02    0.08    0.50    0.75 v _322_/Q (sky130_fd_sc_hd__dfrtp_4)
                                         div.count[2] (net)
                  0.08    0.00    0.75 v _176_/C (sky130_fd_sc_hd__and4_1)
     1    0.00    0.04    0.19    0.95 v _176_/X (sky130_fd_sc_hd__and4_1)
                                         _089_ (net)
                  0.04    0.00    0.95 v _177_/A (sky130_fd_sc_hd__clkbuf_4)
     8    0.02    0.05    0.15    1.10 v _177_/X (sky130_fd_sc_hd__clkbuf_4)
                                         _090_ (net)
                  0.05    0.00    1.10 v _195_/C (sky130_fd_sc_hd__and4_1)
     1    0.00    0.04    0.18    1.28 v _195_/X (sky130_fd_sc_hd__and4_1)
                                         _102_ (net)
                  0.04    0.00    1.28 v _196_/A (sky130_fd_sc_hd__clkbuf_4)
     6    0.03    0.08    0.18    1.45 v _196_/X (sky130_fd_sc_hd__clkbuf_4)
                                         _103_ (net)
                  0.08    0.00    1.46 v _203_/B (sky130_fd_sc_hd__xor2_2)
     1    0.01    0.07    0.17    1.63 v _203_/X (sky130_fd_sc_hd__xor2_2)
                                         _005_ (net)
                  0.07    0.00    1.63 v _330_/D (sky130_fd_sc_hd__dfrtp_4)
                                  1.63   data arrival time

                         10.00   10.00   clock core_clock (rise edge)
                          0.00   10.00   clock source latency
     1    0.01    0.00    0.00   10.00 ^ clk (in)
                                         clk (net)
                  0.00    0.00   10.00 ^ clkbuf_0_clk/A (sky130_fd_sc_hd__clkbuf_16)
     4    0.03    0.05    0.12   10.12 ^ clkbuf_0_clk/X (sky130_fd_sc_hd__clkbuf_16)
                                         clknet_0_clk (net)
                  0.05    0.00   10.12 ^ clkbuf_2_2__f_clk/A (sky130_fd_sc_hd__clkbuf_16)
     7    0.02    0.04    0.13   10.25 ^ clkbuf_2_2__f_clk/X (sky130_fd_sc_hd__clkbuf_16)
                                         clknet_2_2__leaf_clk (net)
                  0.04    0.00   10.25 ^ _330_/CLK (sky130_fd_sc_hd__dfrtp_4)
                          0.00   10.25   clock reconvergence pessimism
                         -0.13   10.12   library setup time
                                 10.12   data required time
-----------------------------------------------------------------------------
                                 10.12   data required time
                                 -1.63   data arrival time
-----------------------------------------------------------------------------
                                  8.49   slack (MET)


Startpoint: _322_ (rising edge-triggered flip-flop clocked by core_clock)
Endpoint: _327_ (rising edge-triggered flip-flop clocked by core_clock)
Path Group: core_clock
Path Type: max

Fanout     Cap    Slew   Delay    Time   Description
-----------------------------------------------------------------------------
                          0.00    0.00   clock core_clock (rise edge)
                          0.00    0.00   clock source latency
     1    0.01    0.00    0.00    0.00 ^ clk (in)
                                         clk (net)
                  0.00    0.00    0.00 ^ clkbuf_0_clk/A (sky130_fd_sc_hd__clkbuf_16)
     4    0.03    0.05    0.12    0.12 ^ clkbuf_0_clk/X (sky130_fd_sc_hd__clkbuf_16)
                                         clknet_0_clk (net)
                  0.05    0.00    0.12 ^ clkbuf_2_1__f_clk/A (sky130_fd_sc_hd__clkbuf_16)
    11    0.02    0.04    0.13    0.25 ^ clkbuf_2_1__f_clk/X (sky130_fd_sc_hd__clkbuf_16)
                                         clknet_2_1__leaf_clk (net)
                  0.04    0.00    0.25 ^ _322_/CLK (sky130_fd_sc_hd__dfrtp_4)
     4    0.02    0.08    0.50    0.75 v _322_/Q (sky130_fd_sc_hd__dfrtp_4)
                                         div.count[2] (net)
                  0.08    0.00    0.75 v _176_/C (sky130_fd_sc_hd__and4_1)
     1    0.00    0.04    0.19    0.95 v _176_/X (sky130_fd_sc_hd__and4_1)
                                         _089_ (net)
                  0.04    0.00    0.95 v _177_/A (sky130_fd_sc_hd__clkbuf_4)
     8    0.02    0.05    0.15    1.10 v _177_/X (sky130_fd_sc_hd__clkbuf_4)
                                         _090_ (net)
                  0.05    0.00    1.10 v _182_/C (sky130_fd_sc_hd__and3_2)
     3    0.01    0.06    0.24    1.34 v _182_/X (sky130_fd_sc_hd__and3_2)
                                         _093_ (net)
                  0.06    0.00    1.34 v _186_/B (sky130_fd_sc_hd__nand2_1)
     2    0.01    0.14    0.14    1.48 ^ _186_/Y (sky130_fd_sc_hd__nand2_1)
                                         _096_ (net)
                  0.14    0.00    1.48 ^ _192_/A2 (sky130_fd_sc_hd__a21oi_1)
     1    0.01    0.08    0.11    1.60 v _192_/Y (sky130_fd_sc_hd__a21oi_1)
                                         _033_ (net)
                  0.08    0.00    1.60 v _327_/D (sky130_fd_sc_hd__dfrtp_2)
                                  1.60   data arrival time

                         10.00   10.00   clock core_clock (rise edge)
                          0.00   10.00   clock source latency
     1    0.01    0.00    0.00   10.00 ^ clk (in)
                                         clk (net)
                  0.00    0.00   10.00 ^ clkbuf_0_clk/A (sky130_fd_sc_hd__clkbuf_16)
     4    0.03    0.05    0.12   10.12 ^ clkbuf_0_clk/X (sky130_fd_sc_hd__clkbuf_16)
                                         clknet_0_clk (net)
                  0.05    0.00   10.12 ^ clkbuf_2_2__f_clk/A (sky130_fd_sc_hd__clkbuf_16)
     7    0.02    0.04    0.13   10.25 ^ clkbuf_2_2__f_clk/X (sky130_fd_sc_hd__clkbuf_16)
                                         clknet_2_2__leaf_clk (net)
                  0.04    0.00   10.25 ^ _327_/CLK (sky130_fd_sc_hd__dfrtp_2)
                          0.00   10.25   clock reconvergence pessimism
                         -0.13   10.12   library setup time
                                 10.12   data required time
-----------------------------------------------------------------------------
                                 10.12   data required time
                                 -1.60   data arrival time
-----------------------------------------------------------------------------
                                  8.52   slack (MET)


Startpoint: _322_ (rising edge-triggered flip-flop clocked by core_clock)
Endpoint: _325_ (rising edge-triggered flip-flop clocked by core_clock)
Path Group: core_clock
Path Type: max

Fanout     Cap    Slew   Delay    Time   Description
-----------------------------------------------------------------------------
                          0.00    0.00   clock core_clock (rise edge)
                          0.00    0.00   clock source latency
     1    0.01    0.00    0.00    0.00 ^ clk (in)
                                         clk (net)
                  0.00    0.00    0.00 ^ clkbuf_0_clk/A (sky130_fd_sc_hd__clkbuf_16)
     4    0.03    0.05    0.12    0.12 ^ clkbuf_0_clk/X (sky130_fd_sc_hd__clkbuf_16)
                                         clknet_0_clk (net)
                  0.05    0.00    0.12 ^ clkbuf_2_1__f_clk/A (sky130_fd_sc_hd__clkbuf_16)
    11    0.02    0.04    0.13    0.25 ^ clkbuf_2_1__f_clk/X (sky130_fd_sc_hd__clkbuf_16)
                                         clknet_2_1__leaf_clk (net)
                  0.04    0.00    0.25 ^ _322_/CLK (sky130_fd_sc_hd__dfrtp_4)
     4    0.02    0.08    0.50    0.75 v _322_/Q (sky130_fd_sc_hd__dfrtp_4)
                                         div.count[2] (net)
                  0.08    0.00    0.75 v _176_/C (sky130_fd_sc_hd__and4_1)
     1    0.00    0.04    0.19    0.95 v _176_/X (sky130_fd_sc_hd__and4_1)
                                         _089_ (net)
                  0.04    0.00    0.95 v _177_/A (sky130_fd_sc_hd__clkbuf_4)
     8    0.02    0.05    0.15    1.10 v _177_/X (sky130_fd_sc_hd__clkbuf_4)
                                         _090_ (net)
                  0.05    0.00    1.10 v _182_/C (sky130_fd_sc_hd__and3_2)
     3    0.01    0.06    0.24    1.34 v _182_/X (sky130_fd_sc_hd__and3_2)
                                         _093_ (net)
                  0.06    0.00    1.34 v _184_/A (sky130_fd_sc_hd__nor2_1)
     1    0.00    0.07    0.09    1.44 ^ _184_/Y (sky130_fd_sc_hd__nor2_1)
                                         _031_ (net)
                  0.07    0.00    1.44 ^ _325_/D (sky130_fd_sc_hd__dfrtp_4)
                                  1.44   data arrival time

                         10.00   10.00   clock core_clock (rise edge)
                          0.00   10.00   clock source latency
     1    0.01    0.00    0.00   10.00 ^ clk (in)
                                         clk (net)
                  0.00    0.00   10.00 ^ clkbuf_0_clk/A (sky130_fd_sc_hd__clkbuf_16)
     4    0.03    0.05    0.12   10.12 ^ clkbuf_0_clk/X (sky130_fd_sc_hd__clkbuf_16)
                                         clknet_0_clk (net)
                  0.05    0.00   10.12 ^ clkbuf_2_2__f_clk/A (sky130_fd_sc_hd__clkbuf_16)
     7    0.02    0.04    0.13   10.25 ^ clkbuf_2_2__f_clk/X (sky130_fd_sc_hd__clkbuf_16)
                                         clknet_2_2__leaf_clk (net)
                  0.04    0.00   10.25 ^ _325_/CLK (sky130_fd_sc_hd__dfrtp_4)
                          0.00   10.25   clock reconvergence pessimism
                         -0.07   10.18   library setup time
                                 10.18   data required time
-----------------------------------------------------------------------------
                                 10.18   data required time
                                 -1.44   data arrival time
-----------------------------------------------------------------------------
                                  8.74   slack (MET)


Startpoint: _322_ (rising edge-triggered flip-flop clocked by core_clock)
Endpoint: _323_ (rising edge-triggered flip-flop clocked by core_clock)
Path Group: core_clock
Path Type: max

Fanout     Cap    Slew   Delay    Time   Description
-----------------------------------------------------------------------------
                          0.00    0.00   clock core_clock (rise edge)
                          0.00    0.00   clock source latency
     1    0.01    0.00    0.00    0.00 ^ clk (in)
                                         clk (net)
                  0.00    0.00    0.00 ^ clkbuf_0_clk/A (sky130_fd_sc_hd__clkbuf_16)
     4    0.03    0.05    0.12    0.12 ^ clkbuf_0_clk/X (sky130_fd_sc_hd__clkbuf_16)
                                         clknet_0_clk (net)
                  0.05    0.00    0.12 ^ clkbuf_2_1__f_clk/A (sky130_fd_sc_hd__clkbuf_16)
    11    0.02    0.04    0.13    0.25 ^ clkbuf_2_1__f_clk/X (sky130_fd_sc_hd__clkbuf_16)
                                         clknet_2_1__leaf_clk (net)
                  0.04    0.00    0.25 ^ _322_/CLK (sky130_fd_sc_hd__dfrtp_4)
     4    0.02    0.08    0.50    0.75 v _322_/Q (sky130_fd_sc_hd__dfrtp_4)
                                         div.count[2] (net)
                  0.08    0.00    0.75 v _176_/C (sky130_fd_sc_hd__and4_1)
     1    0.00    0.04    0.19    0.95 v _176_/X (sky130_fd_sc_hd__and4_1)
                                         _089_ (net)
                  0.04    0.00    0.95 v _177_/A (sky130_fd_sc_hd__clkbuf_4)
     8    0.02    0.05    0.15    1.10 v _177_/X (sky130_fd_sc_hd__clkbuf_4)
                                         _090_ (net)
                  0.05    0.00    1.10 v _179_/A_N (sky130_fd_sc_hd__and2b_1)
     1    0.00    0.04    0.18    1.28 ^ _179_/X (sky130_fd_sc_hd__and2b_1)
                                         _092_ (net)
                  0.04    0.00    1.28 ^ _180_/A (sky130_fd_sc_hd__buf_1)
     1    0.00    0.04    0.07    1.35 ^ _180_/X (sky130_fd_sc_hd__buf_1)
                                         _029_ (net)
                  0.04    0.00    1.35 ^ _323_/D (sky130_fd_sc_hd__dfrtp_2)
                                  1.35   data arrival time

                         10.00   10.00   clock core_clock (rise edge)
                          0.00   10.00   clock source latency
     1    0.01    0.00    0.00   10.00 ^ clk (in)
                                         clk (net)
                  0.00    0.00   10.00 ^ clkbuf_0_clk/A (sky130_fd_sc_hd__clkbuf_16)
     4    0.03    0.05    0.12   10.12 ^ clkbuf_0_clk/X (sky130_fd_sc_hd__clkbuf_16)
                                         clknet_0_clk (net)
                  0.05    0.00   10.12 ^ clkbuf_2_3__f_clk/A (sky130_fd_sc_hd__clkbuf_16)
     9    0.03    0.05    0.14   10.26 ^ clkbuf_2_3__f_clk/X (sky130_fd_sc_hd__clkbuf_16)
                                         clknet_2_3__leaf_clk (net)
                  0.05    0.00   10.26 ^ _323_/CLK (sky130_fd_sc_hd__dfrtp_2)
                          0.00   10.26   clock reconvergence pessimism
                         -0.06   10.20   library setup time
                                 10.20   data required time
-----------------------------------------------------------------------------
                                 10.20   data required time
                                 -1.35   data arrival time
-----------------------------------------------------------------------------
                                  8.85   slack (MET)


Startpoint: _322_ (rising edge-triggered flip-flop clocked by core_clock)
Endpoint: _324_ (rising edge-triggered flip-flop clocked by core_clock)
Path Group: core_clock
Path Type: max

Fanout     Cap    Slew   Delay    Time   Description
-----------------------------------------------------------------------------
                          0.00    0.00   clock core_clock (rise edge)
                          0.00    0.00   clock source latency
     1    0.01    0.00    0.00    0.00 ^ clk (in)
                                         clk (net)
                  0.00    0.00    0.00 ^ clkbuf_0_clk/A (sky130_fd_sc_hd__clkbuf_16)
     4    0.03    0.05    0.12    0.12 ^ clkbuf_0_clk/X (sky130_fd_sc_hd__clkbuf_16)
                                         clknet_0_clk (net)
                  0.05    0.00    0.12 ^ clkbuf_2_1__f_clk/A (sky130_fd_sc_hd__clkbuf_16)
    11    0.02    0.04    0.13    0.25 ^ clkbuf_2_1__f_clk/X (sky130_fd_sc_hd__clkbuf_16)
                                         clknet_2_1__leaf_clk (net)
                  0.04    0.00    0.25 ^ _322_/CLK (sky130_fd_sc_hd__dfrtp_4)
     4    0.02    0.08    0.50    0.75 v _322_/Q (sky130_fd_sc_hd__dfrtp_4)
                                         div.count[2] (net)
                  0.08    0.00    0.75 v _176_/C (sky130_fd_sc_hd__and4_1)
     1    0.00    0.04    0.19    0.95 v _176_/X (sky130_fd_sc_hd__and4_1)
                                         _089_ (net)
                  0.04    0.00    0.95 v _177_/A (sky130_fd_sc_hd__clkbuf_4)
     8    0.02    0.05    0.15    1.10 v _177_/X (sky130_fd_sc_hd__clkbuf_4)
                                         _090_ (net)
                  0.05    0.00    1.10 v _181_/B (sky130_fd_sc_hd__xor2_1)
     1    0.01    0.06    0.15    1.25 v _181_/X (sky130_fd_sc_hd__xor2_1)
                                         _030_ (net)
                  0.06    0.00    1.25 v _324_/D (sky130_fd_sc_hd__dfrtp_4)
                                  1.25   data arrival time

                         10.00   10.00   clock core_clock (rise edge)
                          0.00   10.00   clock source latency
     1    0.01    0.00    0.00   10.00 ^ clk (in)
                                         clk (net)
                  0.00    0.00   10.00 ^ clkbuf_0_clk/A (sky130_fd_sc_hd__clkbuf_16)
     4    0.03    0.05    0.12   10.12 ^ clkbuf_0_clk/X (sky130_fd_sc_hd__clkbuf_16)
                                         clknet_0_clk (net)
                  0.05    0.00   10.12 ^ clkbuf_2_0__f_clk/A (sky130_fd_sc_hd__clkbuf_16)
     9    0.02    0.05    0.13   10.25 ^ clkbuf_2_0__f_clk/X (sky130_fd_sc_hd__clkbuf_16)
                                         clknet_2_0__leaf_clk (net)
                  0.05    0.00   10.25 ^ _324_/CLK (sky130_fd_sc_hd__dfrtp_4)
                          0.00   10.25   clock reconvergence pessimism
                         -0.12   10.13   library setup time
                                 10.13   data required time
-----------------------------------------------------------------------------
                                 10.13   data required time
                                 -1.25   data arrival time
-----------------------------------------------------------------------------
                                  8.88   slack (MET)


Startpoint: _321_ (rising edge-triggered flip-flop clocked by core_clock)
Endpoint: _321_ (rising edge-triggered flip-flop clocked by core_clock)
Path Group: core_clock
Path Type: max

Fanout     Cap    Slew   Delay    Time   Description
-----------------------------------------------------------------------------
                          0.00    0.00   clock core_clock (rise edge)
                          0.00    0.00   clock source latency
     1    0.01    0.00    0.00    0.00 ^ clk (in)
                                         clk (net)
                  0.00    0.00    0.00 ^ clkbuf_0_clk/A (sky130_fd_sc_hd__clkbuf_16)
     4    0.03    0.05    0.12    0.12 ^ clkbuf_0_clk/X (sky130_fd_sc_hd__clkbuf_16)
                                         clknet_0_clk (net)
                  0.05    0.00    0.12 ^ clkbuf_2_1__f_clk/A (sky130_fd_sc_hd__clkbuf_16)
    11    0.02    0.04    0.13    0.25 ^ clkbuf_2_1__f_clk/X (sky130_fd_sc_hd__clkbuf_16)
                                         clknet_2_1__leaf_clk (net)
                  0.04    0.00    0.25 ^ _321_/CLK (sky130_fd_sc_hd__dfrtp_4)
     5    0.03    0.09    0.51    0.76 v _321_/Q (sky130_fd_sc_hd__dfrtp_4)
                                         div.count[1] (net)
                  0.09    0.00    0.76 v _171_/B (sky130_fd_sc_hd__or2_1)
     1    0.01    0.09    0.27    1.02 v _171_/X (sky130_fd_sc_hd__or2_1)
                                         _086_ (net)
                  0.09    0.00    1.03 v _173_/A (sky130_fd_sc_hd__and2_1)
     1    0.00    0.03    0.15    1.17 v _173_/X (sky130_fd_sc_hd__and2_1)
                                         _088_ (net)
                  0.03    0.00    1.17 v _174_/A (sky130_fd_sc_hd__buf_1)
     1    0.00    0.02    0.08    1.25 v _174_/X (sky130_fd_sc_hd__buf_1)
                                         _015_ (net)
                  0.02    0.00    1.25 v _321_/D (sky130_fd_sc_hd__dfrtp_4)
                                  1.25   data arrival time

                         10.00   10.00   clock core_clock (rise edge)
                          0.00   10.00   clock source latency
     1    0.01    0.00    0.00   10.00 ^ clk (in)
                                         clk (net)
                  0.00    0.00   10.00 ^ clkbuf_0_clk/A (sky130_fd_sc_hd__clkbuf_16)
     4    0.03    0.05    0.12   10.12 ^ clkbuf_0_clk/X (sky130_fd_sc_hd__clkbuf_16)
                                         clknet_0_clk (net)
                  0.05    0.00   10.12 ^ clkbuf_2_1__f_clk/A (sky130_fd_sc_hd__clkbuf_16)
    11    0.02    0.04    0.13   10.25 ^ clkbuf_2_1__f_clk/X (sky130_fd_sc_hd__clkbuf_16)
                                         clknet_2_1__leaf_clk (net)
                  0.04    0.00   10.25 ^ _321_/CLK (sky130_fd_sc_hd__dfrtp_4)
                          0.00   10.25   clock reconvergence pessimism
                         -0.10   10.14   library setup time
                                 10.14   data required time
-----------------------------------------------------------------------------
                                 10.14   data required time
                                 -1.25   data arrival time
-----------------------------------------------------------------------------
                                  8.90   slack (MET)


Startpoint: _321_ (rising edge-triggered flip-flop clocked by core_clock)
Endpoint: _322_ (rising edge-triggered flip-flop clocked by core_clock)
Path Group: core_clock
Path Type: max

Fanout     Cap    Slew   Delay    Time   Description
-----------------------------------------------------------------------------
                          0.00    0.00   clock core_clock (rise edge)
                          0.00    0.00   clock source latency
     1    0.01    0.00    0.00    0.00 ^ clk (in)
                                         clk (net)
                  0.00    0.00    0.00 ^ clkbuf_0_clk/A (sky130_fd_sc_hd__clkbuf_16)
     4    0.03    0.05    0.12    0.12 ^ clkbuf_0_clk/X (sky130_fd_sc_hd__clkbuf_16)
                                         clknet_0_clk (net)
                  0.05    0.00    0.12 ^ clkbuf_2_1__f_clk/A (sky130_fd_sc_hd__clkbuf_16)
    11    0.02    0.04    0.13    0.25 ^ clkbuf_2_1__f_clk/X (sky130_fd_sc_hd__clkbuf_16)
                                         clknet_2_1__leaf_clk (net)
                  0.04    0.00    0.25 ^ _321_/CLK (sky130_fd_sc_hd__dfrtp_4)
     5    0.03    0.09    0.51    0.76 v _321_/Q (sky130_fd_sc_hd__dfrtp_4)
                                         div.count[1] (net)
                  0.09    0.00    0.76 v _172_/B (sky130_fd_sc_hd__nand2_2)
     2    0.02    0.11    0.13    0.89 ^ _172_/Y (sky130_fd_sc_hd__nand2_2)
                                         _087_ (net)
                  0.11    0.00    0.89 ^ _175_/B (sky130_fd_sc_hd__xnor2_1)
     1    0.00    0.10    0.12    1.00 ^ _175_/Y (sky130_fd_sc_hd__xnor2_1)
                                         _026_ (net)
                  0.10    0.00    1.00 ^ _322_/D (sky130_fd_sc_hd__dfrtp_4)
                                  1.00   data arrival time

                         10.00   10.00   clock core_clock (rise edge)
                          0.00   10.00   clock source latency
     1    0.01    0.00    0.00   10.00 ^ clk (in)
                                         clk (net)
                  0.00    0.00   10.00 ^ clkbuf_0_clk/A (sky130_fd_sc_hd__clkbuf_16)
     4    0.03    0.05    0.12   10.12 ^ clkbuf_0_clk/X (sky130_fd_sc_hd__clkbuf_16)
                                         clknet_0_clk (net)
                  0.05    0.00   10.12 ^ clkbuf_2_1__f_clk/A (sky130_fd_sc_hd__clkbuf_16)
    11    0.02    0.04    0.13   10.25 ^ clkbuf_2_1__f_clk/X (sky130_fd_sc_hd__clkbuf_16)
                                         clknet_2_1__leaf_clk (net)
                  0.04    0.00   10.25 ^ _322_/CLK (sky130_fd_sc_hd__dfrtp_4)
                          0.00   10.25   clock reconvergence pessimism
                         -0.08   10.17   library setup time
                                 10.17   data required time
-----------------------------------------------------------------------------
                                 10.17   data required time
                                 -1.00   data arrival time
-----------------------------------------------------------------------------
                                  9.17   slack (MET)



worst slack corner Typical: 6.8865
