
===========================================================================
report_checks -path_delay max (Setup)
============================================================================
======================= Typical Corner ===================================

Startpoint: _335_ (rising edge-triggered flip-flop clocked by core_clock)
Endpoint: _320_ (rising edge-triggered flip-flop clocked by core_clock)
Path Group: core_clock
Path Type: max

Fanout     Cap    Slew   Delay    Time   Description
-----------------------------------------------------------------------------
                          0.00    0.00   clock core_clock (rise edge)
                          0.00    0.00   clock source latency
     1    0.01    0.00    0.00    0.00 ^ clk (in)
                                         clk (net)
                  0.00    0.00    0.00 ^ clkbuf_0_clk/A (sky130_fd_sc_hd__clkbuf_16)
     4    0.03    0.05    0.12    0.12 ^ clkbuf_0_clk/X (sky130_fd_sc_hd__clkbuf_16)
                                         clknet_0_clk (net)
                  0.05    0.00    0.12 ^ clkbuf_2_3__f_clk/A (sky130_fd_sc_hd__clkbuf_16)
    18    0.03    0.05    0.14    0.26 ^ clkbuf_2_3__f_clk/X (sky130_fd_sc_hd__clkbuf_16)
                                         clknet_2_3__leaf_clk (net)
                  0.05    0.00    0.26 ^ _335_/CLK (sky130_fd_sc_hd__dfrtp_4)
     6    0.01    0.07    0.49    0.74 v _335_/Q (sky130_fd_sc_hd__dfrtp_4)
                                         div.count[15] (net)
                  0.07    0.00    0.74 v _157_/A (sky130_fd_sc_hd__or4b_2)
     2    0.00    0.10    0.66    1.40 v _157_/X (sky130_fd_sc_hd__or4b_2)
                                         _074_ (net)
                  0.10    0.00    1.40 v _161_/A (sky130_fd_sc_hd__or4_2)
     4    0.01    0.12    0.69    2.09 v _161_/X (sky130_fd_sc_hd__or4_2)
                                         _078_ (net)
                  0.12    0.00    2.09 v _167_/A (sky130_fd_sc_hd__or4_4)
    12    0.02    0.11    0.60    2.69 v _167_/X (sky130_fd_sc_hd__or4_4)
                                         _084_ (net)
                  0.11    0.00    2.69 v _169_/B (sky130_fd_sc_hd__and2b_1)
     2    0.00    0.04    0.18    2.87 v _169_/X (sky130_fd_sc_hd__and2b_1)
                                         _085_ (net)
                  0.04    0.00    2.87 v _170_/A (sky130_fd_sc_hd__clkbuf_1)
     1    0.00    0.02    0.08    2.95 v _170_/X (sky130_fd_sc_hd__clkbuf_1)
                                         _004_ (net)
                  0.02    0.00    2.95 v _320_/D (sky130_fd_sc_hd__dfrtp_4)
                                  2.95   data arrival time

                         10.00   10.00   clock core_clock (rise edge)
                          0.00   10.00   clock source latency
     1    0.01    0.00    0.00   10.00 ^ clk (in)
                                         clk (net)
                  0.00    0.00   10.00 ^ clkbuf_0_clk/A (sky130_fd_sc_hd__clkbuf_16)
     4    0.03    0.05    0.12   10.12 ^ clkbuf_0_clk/X (sky130_fd_sc_hd__clkbuf_16)
                                         clknet_0_clk (net)
                  0.05    0.00   10.12 ^ clkbuf_2_0__f_clk/A (sky130_fd_sc_hd__clkbuf_16)
    18    0.03    0.05    0.14   10.26 ^ clkbuf_2_0__f_clk/X (sky130_fd_sc_hd__clkbuf_16)
                                         clknet_2_0__leaf_clk (net)
                  0.05    0.00   10.26 ^ _320_/CLK (sky130_fd_sc_hd__dfrtp_4)
                          0.00   10.26   clock reconvergence pessimism
                         -0.10   10.15   library setup time
                                 10.15   data required time
-----------------------------------------------------------------------------
                                 10.15   data required time
                                 -2.95   data arrival time
-----------------------------------------------------------------------------
                                  7.20   slack (MET)


Startpoint: _335_ (rising edge-triggered flip-flop clocked by core_clock)
Endpoint: _342_ (rising edge-triggered flip-flop clocked by core_clock)
Path Group: core_clock
Path Type: max

Fanout     Cap    Slew   Delay    Time   Description
-----------------------------------------------------------------------------
                          0.00    0.00   clock core_clock (rise edge)
                          0.00    0.00   clock source latency
     1    0.01    0.00    0.00    0.00 ^ clk (in)
                                         clk (net)
                  0.00    0.00    0.00 ^ clkbuf_0_clk/A (sky130_fd_sc_hd__clkbuf_16)
     4    0.03    0.05    0.12    0.12 ^ clkbuf_0_clk/X (sky130_fd_sc_hd__clkbuf_16)
                                         clknet_0_clk (net)
                  0.05    0.00    0.12 ^ clkbuf_2_3__f_clk/A (sky130_fd_sc_hd__clkbuf_16)
    18    0.03    0.05    0.14    0.26 ^ clkbuf_2_3__f_clk/X (sky130_fd_sc_hd__clkbuf_16)
                                         clknet_2_3__leaf_clk (net)
                  0.05    0.00    0.26 ^ _335_/CLK (sky130_fd_sc_hd__dfrtp_4)
     6    0.01    0.07    0.49    0.74 v _335_/Q (sky130_fd_sc_hd__dfrtp_4)
                                         div.count[15] (net)
                  0.07    0.00    0.74 v _157_/A (sky130_fd_sc_hd__or4b_2)
     2    0.00    0.10    0.66    1.40 v _157_/X (sky130_fd_sc_hd__or4b_2)
                                         _074_ (net)
                  0.10    0.00    1.40 v _161_/A (sky130_fd_sc_hd__or4_2)
     4    0.01    0.12    0.69    2.09 v _161_/X (sky130_fd_sc_hd__or4_2)
                                         _078_ (net)
                  0.12    0.00    2.09 v _167_/A (sky130_fd_sc_hd__or4_4)
    12    0.02    0.11    0.60    2.69 v _167_/X (sky130_fd_sc_hd__or4_4)
                                         _084_ (net)
                  0.11    0.00    2.69 v _238_/A (sky130_fd_sc_hd__and3_1)
     2    0.00    0.04    0.17    2.86 v _238_/X (sky130_fd_sc_hd__and3_1)
                                         _132_ (net)
                  0.04    0.00    2.86 v _239_/A (sky130_fd_sc_hd__buf_1)
     2    0.00    0.03    0.08    2.94 v _239_/X (sky130_fd_sc_hd__buf_1)
                                         _018_ (net)
                  0.03    0.00    2.94 v _342_/D (sky130_fd_sc_hd__dfrtp_4)
                                  2.94   data arrival time

                         10.00   10.00   clock core_clock (rise edge)
                          0.00   10.00   clock source latency
     1    0.01    0.00    0.00   10.00 ^ clk (in)
                                         clk (net)
                  0.00    0.00   10.00 ^ clkbuf_0_clk/A (sky130_fd_sc_hd__clkbuf_16)
     4    0.03    0.05    0.12   10.12 ^ clkbuf_0_clk/X (sky130_fd_sc_hd__clkbuf_16)
                                         clknet_0_clk (net)
                  0.05    0.00   10.12 ^ clkbuf_2_0__f_clk/A (sky130_fd_sc_hd__clkbuf_16)
    18    0.03    0.05    0.14   10.26 ^ clkbuf_2_0__f_clk/X (sky130_fd_sc_hd__clkbuf_16)
                                         clknet_2_0__leaf_clk (net)
                  0.05    0.00   10.26 ^ _342_/CLK (sky130_fd_sc_hd__dfrtp_4)
                          0.00   10.26   clock reconvergence pessimism
                         -0.11   10.15   library setup time
                                 10.15   data required time
-----------------------------------------------------------------------------
                                 10.15   data required time
                                 -2.94   data arrival time
-----------------------------------------------------------------------------
                                  7.21   slack (MET)


Startpoint: _335_ (rising edge-triggered flip-flop clocked by core_clock)
Endpoint: _339_ (rising edge-triggered flip-flop clocked by core_clock)
Path Group: core_clock
Path Type: max

Fanout     Cap    Slew   Delay    Time   Description
-----------------------------------------------------------------------------
                          0.00    0.00   clock core_clock (rise edge)
                          0.00    0.00   clock source latency
     1    0.01    0.00    0.00    0.00 ^ clk (in)
                                         clk (net)
                  0.00    0.00    0.00 ^ clkbuf_0_clk/A (sky130_fd_sc_hd__clkbuf_16)
     4    0.03    0.05    0.12    0.12 ^ clkbuf_0_clk/X (sky130_fd_sc_hd__clkbuf_16)
                                         clknet_0_clk (net)
                  0.05    0.00    0.12 ^ clkbuf_2_3__f_clk/A (sky130_fd_sc_hd__clkbuf_16)
    18    0.03    0.05    0.14    0.26 ^ clkbuf_2_3__f_clk/X (sky130_fd_sc_hd__clkbuf_16)
                                         clknet_2_3__leaf_clk (net)
                  0.05    0.00    0.26 ^ _335_/CLK (sky130_fd_sc_hd__dfrtp_4)
     6    0.01    0.07    0.49    0.74 v _335_/Q (sky130_fd_sc_hd__dfrtp_4)
                                         div.count[15] (net)
                  0.07    0.00    0.74 v _157_/A (sky130_fd_sc_hd__or4b_2)
     2    0.00    0.10    0.66    1.40 v _157_/X (sky130_fd_sc_hd__or4b_2)
                                         _074_ (net)
                  0.10    0.00    1.40 v _161_/A (sky130_fd_sc_hd__or4_2)
     4    0.01    0.12    0.69    2.09 v _161_/X (sky130_fd_sc_hd__or4_2)
                                         _078_ (net)
                  0.12    0.00    2.09 v _167_/A (sky130_fd_sc_hd__or4_4)
    12    0.02    0.11    0.60    2.69 v _167_/X (sky130_fd_sc_hd__or4_4)
                                         _084_ (net)
                  0.11    0.00    2.69 v _230_/A (sky130_fd_sc_hd__and3_1)
     2    0.00    0.04    0.17    2.86 v _230_/X (sky130_fd_sc_hd__and3_1)
                                         _127_ (net)
                  0.04    0.00    2.86 v _231_/A (sky130_fd_sc_hd__buf_1)
     2    0.00    0.03    0.08    2.94 v _231_/X (sky130_fd_sc_hd__buf_1)
                                         _014_ (net)
                  0.03    0.00    2.94 v _339_/D (sky130_fd_sc_hd__dfrtp_4)
                                  2.94   data arrival time

                         10.00   10.00   clock core_clock (rise edge)
                          0.00   10.00   clock source latency
     1    0.01    0.00    0.00   10.00 ^ clk (in)
                                         clk (net)
                  0.00    0.00   10.00 ^ clkbuf_0_clk/A (sky130_fd_sc_hd__clkbuf_16)
     4    0.03    0.05    0.12   10.12 ^ clkbuf_0_clk/X (sky130_fd_sc_hd__clkbuf_16)
                                         clknet_0_clk (net)
                  0.05    0.00   10.12 ^ clkbuf_2_0__f_clk/A (sky130_fd_sc_hd__clkbuf_16)
    18    0.03    0.05    0.14   10.26 ^ clkbuf_2_0__f_clk/X (sky130_fd_sc_hd__clkbuf_16)
                                         clknet_2_0__leaf_clk (net)
                  0.05    0.00   10.26 ^ _339_/CLK (sky130_fd_sc_hd__dfrtp_4)
                          0.00   10.26   clock reconvergence pessimism
                         -0.11   10.15   library setup time
                                 10.15   data required time
-----------------------------------------------------------------------------
                                 10.15   data required time
                                 -2.94   data arrival time
-----------------------------------------------------------------------------
                                  7.21   slack (MET)


Startpoint: _335_ (rising edge-triggered flip-flop clocked by core_clock)
Endpoint: _326_ (rising edge-triggered flip-flop clocked by core_clock)
Path Group: core_clock
Path Type: max

Fanout     Cap    Slew   Delay    Time   Description
-----------------------------------------------------------------------------
                          0.00    0.00   clock core_clock (rise edge)
                          0.00    0.00   clock source latency
     1    0.01    0.00    0.00    0.00 ^ clk (in)
                                         clk (net)
                  0.00    0.00    0.00 ^ clkbuf_0_clk/A (sky130_fd_sc_hd__clkbuf_16)
     4    0.03    0.05    0.12    0.12 ^ clkbuf_0_clk/X (sky130_fd_sc_hd__clkbuf_16)
                                         clknet_0_clk (net)
                  0.05    0.00    0.12 ^ clkbuf_2_3__f_clk/A (sky130_fd_sc_hd__clkbuf_16)
    18    0.03    0.05    0.14    0.26 ^ clkbuf_2_3__f_clk/X (sky130_fd_sc_hd__clkbuf_16)
                                         clknet_2_3__leaf_clk (net)
                  0.05    0.00    0.26 ^ _335_/CLK (sky130_fd_sc_hd__dfrtp_4)
     6    0.01    0.07    0.49    0.74 v _335_/Q (sky130_fd_sc_hd__dfrtp_4)
                                         div.count[15] (net)
                  0.07    0.00    0.74 v _157_/A (sky130_fd_sc_hd__or4b_2)
     2    0.00    0.10    0.66    1.40 v _157_/X (sky130_fd_sc_hd__or4b_2)
                                         _074_ (net)
                  0.10    0.00    1.40 v _161_/A (sky130_fd_sc_hd__or4_2)
     4    0.01    0.12    0.69    2.09 v _161_/X (sky130_fd_sc_hd__or4_2)
                                         _078_ (net)
                  0.12    0.00    2.09 v _167_/A (sky130_fd_sc_hd__or4_4)
    12    0.02    0.11    0.60    2.69 v _167_/X (sky130_fd_sc_hd__or4_4)
                                         _084_ (net)
                  0.11    0.00    2.69 v _187_/A (sky130_fd_sc_hd__and3_1)
     2    0.00    0.04    0.17    2.86 v _187_/X (sky130_fd_sc_hd__and3_1)
                                         _097_ (net)
                  0.04    0.00    2.86 v _188_/A (sky130_fd_sc_hd__buf_1)
     1    0.00    0.02    0.08    2.94 v _188_/X (sky130_fd_sc_hd__buf_1)
                                         _032_ (net)
                  0.02    0.00    2.94 v _326_/D (sky130_fd_sc_hd__dfrtp_4)
                                  2.94   data arrival time

                         10.00   10.00   clock core_clock (rise edge)
                          0.00   10.00   clock source latency
     1    0.01    0.00    0.00   10.00 ^ clk (in)
                                         clk (net)
                  0.00    0.00   10.00 ^ clkbuf_0_clk/A (sky130_fd_sc_hd__clkbuf_16)
     4    0.03    0.05    0.12   10.12 ^ clkbuf_0_clk/X (sky130_fd_sc_hd__clkbuf_16)
                                         clknet_0_clk (net)
                  0.05    0.00   10.12 ^ clkbuf_2_1__f_clk/A (sky130_fd_sc_hd__clkbuf_16)
    22    0.03    0.05    0.14   10.26 ^ clkbuf_2_1__f_clk/X (sky130_fd_sc_hd__clkbuf_16)
                                         clknet_2_1__leaf_clk (net)
                  0.05    0.00   10.26 ^ _326_/CLK (sky130_fd_sc_hd__dfrtp_4)
                          0.00   10.26   clock reconvergence pessimism
                         -0.10   10.16   library setup time
                                 10.16   data required time
-----------------------------------------------------------------------------
                                 10.16   data required time
                                 -2.94   data arrival time
-----------------------------------------------------------------------------
                                  7.22   slack (MET)


Startpoint: _335_ (rising edge-triggered flip-flop clocked by core_clock)
Endpoint: _356_ (rising edge-triggered flip-flop clocked by core_clock)
Path Group: core_clock
Path Type: max

Fanout     Cap    Slew   Delay    Time   Description
-----------------------------------------------------------------------------
                          0.00    0.00   clock core_clock (rise edge)
                          0.00    0.00   clock source latency
     1    0.01    0.00    0.00    0.00 ^ clk (in)
                                         clk (net)
                  0.00    0.00    0.00 ^ clkbuf_0_clk/A (sky130_fd_sc_hd__clkbuf_16)
     4    0.03    0.05    0.12    0.12 ^ clkbuf_0_clk/X (sky130_fd_sc_hd__clkbuf_16)
                                         clknet_0_clk (net)
                  0.05    0.00    0.12 ^ clkbuf_2_3__f_clk/A (sky130_fd_sc_hd__clkbuf_16)
    18    0.03    0.05    0.14    0.26 ^ clkbuf_2_3__f_clk/X (sky130_fd_sc_hd__clkbuf_16)
                                         clknet_2_3__leaf_clk (net)
                  0.05    0.00    0.26 ^ _335_/CLK (sky130_fd_sc_hd__dfrtp_4)
     6    0.01    0.07    0.49    0.74 v _335_/Q (sky130_fd_sc_hd__dfrtp_4)
                                         div.count[15] (net)
                  0.07    0.00    0.74 v _157_/A (sky130_fd_sc_hd__or4b_2)
     2    0.00    0.10    0.66    1.40 v _157_/X (sky130_fd_sc_hd__or4b_2)
                                         _074_ (net)
                  0.10    0.00    1.40 v _161_/A (sky130_fd_sc_hd__or4_2)
     4    0.01    0.12    0.69    2.09 v _161_/X (sky130_fd_sc_hd__or4_2)
                                         _078_ (net)
                  0.12    0.00    2.09 v _167_/A (sky130_fd_sc_hd__or4_4)
    12    0.02    0.11    0.60    2.69 v _167_/X (sky130_fd_sc_hd__or4_4)
                                         _084_ (net)
                  0.11    0.00    2.69 v _168_/B (sky130_fd_sc_hd__xnor2_1)
     1    0.00    0.04    0.14    2.83 v _168_/Y (sky130_fd_sc_hd__xnor2_1)
                                         _073_ (net)
                  0.04    0.00    2.83 v _356_/D (sky130_fd_sc_hd__dfrtp_4)
                                  2.83   data arrival time

                         10.00   10.00   clock core_clock (rise edge)
                          0.00   10.00   clock source latency
     1    0.01    0.00    0.00   10.00 ^ clk (in)
                                         clk (net)
                  0.00    0.00   10.00 ^ clkbuf_0_clk/A (sky130_fd_sc_hd__clkbuf_16)
     4    0.03    0.05    0.12   10.12 ^ clkbuf_0_clk/X (sky130_fd_sc_hd__clkbuf_16)
                                         clknet_0_clk (net)
                  0.05    0.00   10.12 ^ clkbuf_2_1__f_clk/A (sky130_fd_sc_hd__clkbuf_16)
    22    0.03    0.05    0.14   10.26 ^ clkbuf_2_1__f_clk/X (sky130_fd_sc_hd__clkbuf_16)
                                         clknet_2_1__leaf_clk (net)
                  0.05    0.00   10.26 ^ _356_/CLK (sky130_fd_sc_hd__dfrtp_4)
                          0.00   10.26   clock reconvergence pessimism
                         -0.11   10.15   library setup time
                                 10.15   data required time
-----------------------------------------------------------------------------
                                 10.15   data required time
                                 -2.83   data arrival time
-----------------------------------------------------------------------------
                                  7.32   slack (MET)


Startpoint: _335_ (rising edge-triggered flip-flop clocked by core_clock)
Endpoint: _328_ (rising edge-triggered flip-flop clocked by core_clock)
Path Group: core_clock
Path Type: max

Fanout     Cap    Slew   Delay    Time   Description
-----------------------------------------------------------------------------
                          0.00    0.00   clock core_clock (rise edge)
                          0.00    0.00   clock source latency
     1    0.01    0.00    0.00    0.00 ^ clk (in)
                                         clk (net)
                  0.00    0.00    0.00 ^ clkbuf_0_clk/A (sky130_fd_sc_hd__clkbuf_16)
     4    0.03    0.05    0.12    0.12 ^ clkbuf_0_clk/X (sky130_fd_sc_hd__clkbuf_16)
                                         clknet_0_clk (net)
                  0.05    0.00    0.12 ^ clkbuf_2_3__f_clk/A (sky130_fd_sc_hd__clkbuf_16)
    18    0.03    0.05    0.14    0.26 ^ clkbuf_2_3__f_clk/X (sky130_fd_sc_hd__clkbuf_16)
                                         clknet_2_3__leaf_clk (net)
                  0.05    0.00    0.26 ^ _335_/CLK (sky130_fd_sc_hd__dfrtp_4)
     6    0.01    0.07    0.49    0.74 v _335_/Q (sky130_fd_sc_hd__dfrtp_4)
                                         div.count[15] (net)
                  0.07    0.00    0.74 v _157_/A (sky130_fd_sc_hd__or4b_2)
     2    0.00    0.10    0.66    1.40 v _157_/X (sky130_fd_sc_hd__or4b_2)
                                         _074_ (net)
                  0.10    0.00    1.40 v _161_/A (sky130_fd_sc_hd__or4_2)
     4    0.01    0.12    0.69    2.09 v _161_/X (sky130_fd_sc_hd__or4_2)
                                         _078_ (net)
                  0.12    0.00    2.09 v _167_/A (sky130_fd_sc_hd__or4_4)
    12    0.02    0.11    0.60    2.69 v _167_/X (sky130_fd_sc_hd__or4_4)
                                         _084_ (net)
                  0.11    0.00    2.69 v _193_/B1 (sky130_fd_sc_hd__o21ai_1)
     1    0.00    0.10    0.10    2.79 ^ _193_/Y (sky130_fd_sc_hd__o21ai_1)
                                         _101_ (net)
                  0.10    0.00    2.79 ^ _194_/B1 (sky130_fd_sc_hd__a21oi_1)
     1    0.00    0.04    0.04    2.83 v _194_/Y (sky130_fd_sc_hd__a21oi_1)
                                         _034_ (net)
                  0.04    0.00    2.83 v _328_/D (sky130_fd_sc_hd__dfrtp_4)
                                  2.83   data arrival time

                         10.00   10.00   clock core_clock (rise edge)
                          0.00   10.00   clock source latency
     1    0.01    0.00    0.00   10.00 ^ clk (in)
                                         clk (net)
                  0.00    0.00   10.00 ^ clkbuf_0_clk/A (sky130_fd_sc_hd__clkbuf_16)
     4    0.03    0.05    0.12   10.12 ^ clkbuf_0_clk/X (sky130_fd_sc_hd__clkbuf_16)
                                         clknet_0_clk (net)
                  0.05    0.00   10.12 ^ clkbuf_2_1__f_clk/A (sky130_fd_sc_hd__clkbuf_16)
    22    0.03    0.05    0.14   10.26 ^ clkbuf_2_1__f_clk/X (sky130_fd_sc_hd__clkbuf_16)
                                         clknet_2_1__leaf_clk (net)
                  0.05    0.00   10.26 ^ _328_/CLK (sky130_fd_sc_hd__dfrtp_4)
                          0.00   10.26   clock reconvergence pessimism
                         -0.11   10.15   library setup time
                                 10.15   data required time
-----------------------------------------------------------------------------
                                 10.15   data required time
                                 -2.83   data arrival time
-----------------------------------------------------------------------------
                                  7.32   slack (MET)


Startpoint: _335_ (rising edge-triggered flip-flop clocked by core_clock)
Endpoint: _331_ (rising edge-triggered flip-flop clocked by core_clock)
Path Group: core_clock
Path Type: max

Fanout     Cap    Slew   Delay    Time   Description
-----------------------------------------------------------------------------
                          0.00    0.00   clock core_clock (rise edge)
                          0.00    0.00   clock source latency
     1    0.01    0.00    0.00    0.00 ^ clk (in)
                                         clk (net)
                  0.00    0.00    0.00 ^ clkbuf_0_clk/A (sky130_fd_sc_hd__clkbuf_16)
     4    0.03    0.05    0.12    0.12 ^ clkbuf_0_clk/X (sky130_fd_sc_hd__clkbuf_16)
                                         clknet_0_clk (net)
                  0.05    0.00    0.12 ^ clkbuf_2_3__f_clk/A (sky130_fd_sc_hd__clkbuf_16)
    18    0.03    0.05    0.14    0.26 ^ clkbuf_2_3__f_clk/X (sky130_fd_sc_hd__clkbuf_16)
                                         clknet_2_3__leaf_clk (net)
                  0.05    0.00    0.26 ^ _335_/CLK (sky130_fd_sc_hd__dfrtp_4)
     6    0.01    0.07    0.49    0.74 v _335_/Q (sky130_fd_sc_hd__dfrtp_4)
                                         div.count[15] (net)
                  0.07    0.00    0.74 v _157_/A (sky130_fd_sc_hd__or4b_2)
     2    0.00    0.10    0.66    1.40 v _157_/X (sky130_fd_sc_hd__or4b_2)
                                         _074_ (net)
                  0.10    0.00    1.40 v _161_/A (sky130_fd_sc_hd__or4_2)
     4    0.01    0.12    0.69    2.09 v _161_/X (sky130_fd_sc_hd__or4_2)
                                         _078_ (net)
                  0.12    0.00    2.09 v _199_/A (sky130_fd_sc_hd__or3_4)
     8    0.01    0.08    0.42    2.52 v _199_/X (sky130_fd_sc_hd__or3_4)
                                         _106_ (net)
                  0.08    0.00    2.52 v _206_/A (sky130_fd_sc_hd__and3_1)
     2    0.00    0.04    0.15    2.67 v _206_/X (sky130_fd_sc_hd__and3_1)
                                         _111_ (net)
                  0.04    0.00    2.67 v _207_/A (sky130_fd_sc_hd__clkbuf_1)
     1    0.00    0.02    0.08    2.75 v _207_/X (sky130_fd_sc_hd__clkbuf_1)
                                         _006_ (net)
                  0.02    0.00    2.75 v _331_/D (sky130_fd_sc_hd__dfrtp_4)
                                  2.75   data arrival time

                         10.00   10.00   clock core_clock (rise edge)
                          0.00   10.00   clock source latency
     1    0.01    0.00    0.00   10.00 ^ clk (in)
                                         clk (net)
                  0.00    0.00   10.00 ^ clkbuf_0_clk/A (sky130_fd_sc_hd__clkbuf_16)
     4    0.03    0.05    0.12   10.12 ^ clkbuf_0_clk/X (sky130_fd_sc_hd__clkbuf_16)
                                         clknet_0_clk (net)
                  0.05    0.00   10.12 ^ clkbuf_2_3__f_clk/A (sky130_fd_sc_hd__clkbuf_16)
    18    0.03    0.05    0.14   10.26 ^ clkbuf_2_3__f_clk/X (sky130_fd_sc_hd__clkbuf_16)
                                         clknet_2_3__leaf_clk (net)
                  0.05    0.00   10.26 ^ _331_/CLK (sky130_fd_sc_hd__dfrtp_4)
                          0.00   10.26   clock reconvergence pessimism
                         -0.10   10.15   library setup time
                                 10.15   data required time
-----------------------------------------------------------------------------
                                 10.15   data required time
                                 -2.75   data arrival time
-----------------------------------------------------------------------------
                                  7.40   slack (MET)


Startpoint: _335_ (rising edge-triggered flip-flop clocked by core_clock)
Endpoint: _338_ (rising edge-triggered flip-flop clocked by core_clock)
Path Group: core_clock
Path Type: max

Fanout     Cap    Slew   Delay    Time   Description
-----------------------------------------------------------------------------
                          0.00    0.00   clock core_clock (rise edge)
                          0.00    0.00   clock source latency
     1    0.01    0.00    0.00    0.00 ^ clk (in)
                                         clk (net)
                  0.00    0.00    0.00 ^ clkbuf_0_clk/A (sky130_fd_sc_hd__clkbuf_16)
     4    0.03    0.05    0.12    0.12 ^ clkbuf_0_clk/X (sky130_fd_sc_hd__clkbuf_16)
                                         clknet_0_clk (net)
                  0.05    0.00    0.12 ^ clkbuf_2_3__f_clk/A (sky130_fd_sc_hd__clkbuf_16)
    18    0.03    0.05    0.14    0.26 ^ clkbuf_2_3__f_clk/X (sky130_fd_sc_hd__clkbuf_16)
                                         clknet_2_3__leaf_clk (net)
                  0.05    0.00    0.26 ^ _335_/CLK (sky130_fd_sc_hd__dfrtp_4)
     6    0.01    0.07    0.49    0.74 v _335_/Q (sky130_fd_sc_hd__dfrtp_4)
                                         div.count[15] (net)
                  0.07    0.00    0.74 v _157_/A (sky130_fd_sc_hd__or4b_2)
     2    0.00    0.10    0.66    1.40 v _157_/X (sky130_fd_sc_hd__or4b_2)
                                         _074_ (net)
                  0.10    0.00    1.40 v _161_/A (sky130_fd_sc_hd__or4_2)
     4    0.01    0.12    0.69    2.09 v _161_/X (sky130_fd_sc_hd__or4_2)
                                         _078_ (net)
                  0.12    0.00    2.09 v _199_/A (sky130_fd_sc_hd__or3_4)
     8    0.01    0.08    0.42    2.52 v _199_/X (sky130_fd_sc_hd__or3_4)
                                         _106_ (net)
                  0.08    0.00    2.52 v _225_/A (sky130_fd_sc_hd__and3_1)
     1    0.00    0.03    0.15    2.67 v _225_/X (sky130_fd_sc_hd__and3_1)
                                         _123_ (net)
                  0.03    0.00    2.67 v _226_/A (sky130_fd_sc_hd__buf_1)
     1    0.00    0.02    0.08    2.74 v _226_/X (sky130_fd_sc_hd__buf_1)
                                         _013_ (net)
                  0.02    0.00    2.74 v _338_/D (sky130_fd_sc_hd__dfrtp_4)
                                  2.74   data arrival time

                         10.00   10.00   clock core_clock (rise edge)
                          0.00   10.00   clock source latency
     1    0.01    0.00    0.00   10.00 ^ clk (in)
                                         clk (net)
                  0.00    0.00   10.00 ^ clkbuf_0_clk/A (sky130_fd_sc_hd__clkbuf_16)
     4    0.03    0.05    0.12   10.12 ^ clkbuf_0_clk/X (sky130_fd_sc_hd__clkbuf_16)
                                         clknet_0_clk (net)
                  0.05    0.00   10.12 ^ clkbuf_2_0__f_clk/A (sky130_fd_sc_hd__clkbuf_16)
    18    0.03    0.05    0.14   10.26 ^ clkbuf_2_0__f_clk/X (sky130_fd_sc_hd__clkbuf_16)
                                         clknet_2_0__leaf_clk (net)
                  0.05    0.00   10.26 ^ _338_/CLK (sky130_fd_sc_hd__dfrtp_4)
                          0.00   10.26   clock reconvergence pessimism
                         -0.10   10.15   library setup time
                                 10.15   data required time
-----------------------------------------------------------------------------
                                 10.15   data required time
                                 -2.74   data arrival time
-----------------------------------------------------------------------------
                                  7.41   slack (MET)


Startpoint: _335_ (rising edge-triggered flip-flop clocked by core_clock)
Endpoint: _334_ (rising edge-triggered flip-flop clocked by core_clock)
Path Group: core_clock
Path Type: max

Fanout     Cap    Slew   Delay    Time   Description
-----------------------------------------------------------------------------
                          0.00    0.00   clock core_clock (rise edge)
                          0.00    0.00   clock source latency
     1    0.01    0.00    0.00    0.00 ^ clk (in)
                                         clk (net)
                  0.00    0.00    0.00 ^ clkbuf_0_clk/A (sky130_fd_sc_hd__clkbuf_16)
     4    0.03    0.05    0.12    0.12 ^ clkbuf_0_clk/X (sky130_fd_sc_hd__clkbuf_16)
                                         clknet_0_clk (net)
                  0.05    0.00    0.12 ^ clkbuf_2_3__f_clk/A (sky130_fd_sc_hd__clkbuf_16)
    18    0.03    0.05    0.14    0.26 ^ clkbuf_2_3__f_clk/X (sky130_fd_sc_hd__clkbuf_16)
                                         clknet_2_3__leaf_clk (net)
                  0.05    0.00    0.26 ^ _335_/CLK (sky130_fd_sc_hd__dfrtp_4)
     6    0.01    0.07    0.49    0.74 v _335_/Q (sky130_fd_sc_hd__dfrtp_4)
                                         div.count[15] (net)
                  0.07    0.00    0.74 v _157_/A (sky130_fd_sc_hd__or4b_2)
     2    0.00    0.10    0.66    1.40 v _157_/X (sky130_fd_sc_hd__or4b_2)
                                         _074_ (net)
                  0.10    0.00    1.40 v _161_/A (sky130_fd_sc_hd__or4_2)
     4    0.01    0.12    0.69    2.09 v _161_/X (sky130_fd_sc_hd__or4_2)
                                         _078_ (net)
                  0.12    0.00    2.09 v _199_/A (sky130_fd_sc_hd__or3_4)
     8    0.01    0.08    0.42    2.52 v _199_/X (sky130_fd_sc_hd__or3_4)
                                         _106_ (net)
                  0.08    0.00    2.52 v _214_/C1 (sky130_fd_sc_hd__o211a_1)
     1    0.00    0.04    0.11    2.63 v _214_/X (sky130_fd_sc_hd__o211a_1)
                                         _009_ (net)
                  0.04    0.00    2.63 v _334_/D (sky130_fd_sc_hd__dfrtp_2)
                                  2.63   data arrival time

                         10.00   10.00   clock core_clock (rise edge)
                          0.00   10.00   clock source latency
     1    0.01    0.00    0.00   10.00 ^ clk (in)
                                         clk (net)
                  0.00    0.00   10.00 ^ clkbuf_0_clk/A (sky130_fd_sc_hd__clkbuf_16)
     4    0.03    0.05    0.12   10.12 ^ clkbuf_0_clk/X (sky130_fd_sc_hd__clkbuf_16)
                                         clknet_0_clk (net)
                  0.05    0.00   10.12 ^ clkbuf_2_2__f_clk/A (sky130_fd_sc_hd__clkbuf_16)
    14    0.03    0.05    0.14   10.26 ^ clkbuf_2_2__f_clk/X (sky130_fd_sc_hd__clkbuf_16)
                                         clknet_2_2__leaf_clk (net)
                  0.05    0.00   10.26 ^ _334_/CLK (sky130_fd_sc_hd__dfrtp_2)
                          0.00   10.26   clock reconvergence pessimism
                         -0.11   10.15   library setup time
                                 10.15   data required time
-----------------------------------------------------------------------------
                                 10.15   data required time
                                 -2.63   data arrival time
-----------------------------------------------------------------------------
                                  7.51   slack (MET)


Startpoint: _335_ (rising edge-triggered flip-flop clocked by core_clock)
Endpoint: _329_ (rising edge-triggered flip-flop clocked by core_clock)
Path Group: core_clock
Path Type: max

Fanout     Cap    Slew   Delay    Time   Description
-----------------------------------------------------------------------------
                          0.00    0.00   clock core_clock (rise edge)
                          0.00    0.00   clock source latency
     1    0.01    0.00    0.00    0.00 ^ clk (in)
                                         clk (net)
                  0.00    0.00    0.00 ^ clkbuf_0_clk/A (sky130_fd_sc_hd__clkbuf_16)
     4    0.03    0.05    0.12    0.12 ^ clkbuf_0_clk/X (sky130_fd_sc_hd__clkbuf_16)
                                         clknet_0_clk (net)
                  0.05    0.00    0.12 ^ clkbuf_2_3__f_clk/A (sky130_fd_sc_hd__clkbuf_16)
    18    0.03    0.05    0.14    0.26 ^ clkbuf_2_3__f_clk/X (sky130_fd_sc_hd__clkbuf_16)
                                         clknet_2_3__leaf_clk (net)
                  0.05    0.00    0.26 ^ _335_/CLK (sky130_fd_sc_hd__dfrtp_4)
     6    0.01    0.07    0.49    0.74 v _335_/Q (sky130_fd_sc_hd__dfrtp_4)
                                         div.count[15] (net)
                  0.07    0.00    0.74 v _157_/A (sky130_fd_sc_hd__or4b_2)
     2    0.00    0.10    0.66    1.40 v _157_/X (sky130_fd_sc_hd__or4b_2)
                                         _074_ (net)
                  0.10    0.00    1.40 v _161_/A (sky130_fd_sc_hd__or4_2)
     4    0.01    0.12    0.69    2.09 v _161_/X (sky130_fd_sc_hd__or4_2)
                                         _078_ (net)
                  0.12    0.00    2.09 v _199_/A (sky130_fd_sc_hd__or3_4)
     8    0.01    0.08    0.42    2.52 v _199_/X (sky130_fd_sc_hd__or3_4)
                                         _106_ (net)
                  0.08    0.00    2.52 v _201_/A (sky130_fd_sc_hd__nand2_1)
     1    0.00    0.04    0.07    2.58 ^ _201_/Y (sky130_fd_sc_hd__nand2_1)
                                         _108_ (net)
                  0.04    0.00    2.58 ^ _202_/B (sky130_fd_sc_hd__nor2_1)
     1    0.00    0.03    0.03    2.62 v _202_/Y (sky130_fd_sc_hd__nor2_1)
                                         _035_ (net)
                  0.03    0.00    2.62 v _329_/D (sky130_fd_sc_hd__dfrtp_4)
                                  2.62   data arrival time

                         10.00   10.00   clock core_clock (rise edge)
                          0.00   10.00   clock source latency
     1    0.01    0.00    0.00   10.00 ^ clk (in)
                                         clk (net)
                  0.00    0.00   10.00 ^ clkbuf_0_clk/A (sky130_fd_sc_hd__clkbuf_16)
     4    0.03    0.05    0.12   10.12 ^ clkbuf_0_clk/X (sky130_fd_sc_hd__clkbuf_16)
                                         clknet_0_clk (net)
                  0.05    0.00   10.12 ^ clkbuf_2_1__f_clk/A (sky130_fd_sc_hd__clkbuf_16)
    22    0.03    0.05    0.14   10.26 ^ clkbuf_2_1__f_clk/X (sky130_fd_sc_hd__clkbuf_16)
                                         clknet_2_1__leaf_clk (net)
                  0.05    0.00   10.26 ^ _329_/CLK (sky130_fd_sc_hd__dfrtp_4)
                          0.00   10.26   clock reconvergence pessimism
                         -0.11   10.15   library setup time
                                 10.15   data required time
-----------------------------------------------------------------------------
                                 10.15   data required time
                                 -2.62   data arrival time
-----------------------------------------------------------------------------
                                  7.54   slack (MET)


Startpoint: _322_ (rising edge-triggered flip-flop clocked by core_clock)
Endpoint: _346_ (rising edge-triggered flip-flop clocked by core_clock)
Path Group: core_clock
Path Type: max

Fanout     Cap    Slew   Delay    Time   Description
-----------------------------------------------------------------------------
                          0.00    0.00   clock core_clock (rise edge)
                          0.00    0.00   clock source latency
     1    0.01    0.00    0.00    0.00 ^ clk (in)
                                         clk (net)
                  0.00    0.00    0.00 ^ clkbuf_0_clk/A (sky130_fd_sc_hd__clkbuf_16)
     4    0.03    0.05    0.12    0.12 ^ clkbuf_0_clk/X (sky130_fd_sc_hd__clkbuf_16)
                                         clknet_0_clk (net)
                  0.05    0.00    0.12 ^ clkbuf_2_1__f_clk/A (sky130_fd_sc_hd__clkbuf_16)
    22    0.03    0.05    0.14    0.26 ^ clkbuf_2_1__f_clk/X (sky130_fd_sc_hd__clkbuf_16)
                                         clknet_2_1__leaf_clk (net)
                  0.05    0.00    0.26 ^ _322_/CLK (sky130_fd_sc_hd__dfrtp_4)
     8    0.01    0.07    0.49    0.74 v _322_/Q (sky130_fd_sc_hd__dfrtp_4)
                                         div.count[2] (net)
                  0.07    0.00    0.74 v _176_/C (sky130_fd_sc_hd__and4_1)
     1    0.00    0.04    0.19    0.93 v _176_/X (sky130_fd_sc_hd__and4_1)
                                         _089_ (net)
                  0.04    0.00    0.93 v _177_/A (sky130_fd_sc_hd__clkbuf_4)
    16    0.02    0.06    0.16    1.09 v _177_/X (sky130_fd_sc_hd__clkbuf_4)
                                         _090_ (net)
                  0.06    0.00    1.09 v _217_/A (sky130_fd_sc_hd__and4_1)
     1    0.00    0.04    0.14    1.24 v _217_/X (sky130_fd_sc_hd__and4_1)
                                         _117_ (net)
                  0.04    0.00    1.24 v _218_/A (sky130_fd_sc_hd__clkbuf_4)
    18    0.03    0.07    0.17    1.41 v _218_/X (sky130_fd_sc_hd__clkbuf_4)
                                         _118_ (net)
                  0.07    0.00    1.41 v _243_/A (sky130_fd_sc_hd__and2_2)
     8    0.02    0.07    0.21    1.62 v _243_/X (sky130_fd_sc_hd__and2_2)
                                         _135_ (net)
                  0.07    0.00    1.62 v _246_/C (sky130_fd_sc_hd__and3_1)
     4    0.01    0.06    0.21    1.83 v _246_/X (sky130_fd_sc_hd__and3_1)
                                         _137_ (net)
                  0.06    0.00    1.83 v _248_/B (sky130_fd_sc_hd__xor2_1)
     1    0.00    0.05    0.14    1.97 v _248_/X (sky130_fd_sc_hd__xor2_1)
                                         _022_ (net)
                  0.05    0.00    1.97 v _346_/D (sky130_fd_sc_hd__dfrtp_2)
                                  1.97   data arrival time

                         10.00   10.00   clock core_clock (rise edge)
                          0.00   10.00   clock source latency
     1    0.01    0.00    0.00   10.00 ^ clk (in)
                                         clk (net)
                  0.00    0.00   10.00 ^ clkbuf_0_clk/A (sky130_fd_sc_hd__clkbuf_16)
     4    0.03    0.05    0.12   10.12 ^ clkbuf_0_clk/X (sky130_fd_sc_hd__clkbuf_16)
                                         clknet_0_clk (net)
                  0.05    0.00   10.12 ^ clkbuf_2_0__f_clk/A (sky130_fd_sc_hd__clkbuf_16)
    18    0.03    0.05    0.14   10.26 ^ clkbuf_2_0__f_clk/X (sky130_fd_sc_hd__clkbuf_16)
                                         clknet_2_0__leaf_clk (net)
                  0.05    0.00   10.26 ^ _346_/CLK (sky130_fd_sc_hd__dfrtp_2)
                          0.00   10.26   clock reconvergence pessimism
                         -0.11   10.14   library setup time
                                 10.14   data required time
-----------------------------------------------------------------------------
                                 10.14   data required time
                                 -1.97   data arrival time
-----------------------------------------------------------------------------
                                  8.18   slack (MET)


Startpoint: _322_ (rising edge-triggered flip-flop clocked by core_clock)
Endpoint: _347_ (rising edge-triggered flip-flop clocked by core_clock)
Path Group: core_clock
Path Type: max

Fanout     Cap    Slew   Delay    Time   Description
-----------------------------------------------------------------------------
                          0.00    0.00   clock core_clock (rise edge)
                          0.00    0.00   clock source latency
     1    0.01    0.00    0.00    0.00 ^ clk (in)
                                         clk (net)
                  0.00    0.00    0.00 ^ clkbuf_0_clk/A (sky130_fd_sc_hd__clkbuf_16)
     4    0.03    0.05    0.12    0.12 ^ clkbuf_0_clk/X (sky130_fd_sc_hd__clkbuf_16)
                                         clknet_0_clk (net)
                  0.05    0.00    0.12 ^ clkbuf_2_1__f_clk/A (sky130_fd_sc_hd__clkbuf_16)
    22    0.03    0.05    0.14    0.26 ^ clkbuf_2_1__f_clk/X (sky130_fd_sc_hd__clkbuf_16)
                                         clknet_2_1__leaf_clk (net)
                  0.05    0.00    0.26 ^ _322_/CLK (sky130_fd_sc_hd__dfrtp_4)
     8    0.01    0.07    0.49    0.74 v _322_/Q (sky130_fd_sc_hd__dfrtp_4)
                                         div.count[2] (net)
                  0.07    0.00    0.74 v _176_/C (sky130_fd_sc_hd__and4_1)
     1    0.00    0.04    0.19    0.93 v _176_/X (sky130_fd_sc_hd__and4_1)
                                         _089_ (net)
                  0.04    0.00    0.93 v _177_/A (sky130_fd_sc_hd__clkbuf_4)
    16    0.02    0.06    0.16    1.09 v _177_/X (sky130_fd_sc_hd__clkbuf_4)
                                         _090_ (net)
                  0.06    0.00    1.09 v _217_/A (sky130_fd_sc_hd__and4_1)
     1    0.00    0.04    0.14    1.24 v _217_/X (sky130_fd_sc_hd__and4_1)
                                         _117_ (net)
                  0.04    0.00    1.24 v _218_/A (sky130_fd_sc_hd__clkbuf_4)
    18    0.03    0.07    0.17    1.41 v _218_/X (sky130_fd_sc_hd__clkbuf_4)
                                         _118_ (net)
                  0.07    0.00    1.41 v _243_/A (sky130_fd_sc_hd__and2_2)
     8    0.02    0.07    0.21    1.62 v _243_/X (sky130_fd_sc_hd__and2_2)
                                         _135_ (net)
                  0.07    0.00    1.62 v _249_/D (sky130_fd_sc_hd__and4_1)
     1    0.00    0.04    0.20    1.82 v _249_/X (sky130_fd_sc_hd__and4_1)
                                         _138_ (net)
                  0.04    0.00    1.82 v _252_/A2 (sky130_fd_sc_hd__o21ba_1)
     1    0.00    0.03    0.15    1.97 v _252_/X (sky130_fd_sc_hd__o21ba_1)
                                         _023_ (net)
                  0.03    0.00    1.97 v _347_/D (sky130_fd_sc_hd__dfrtp_1)
                                  1.97   data arrival time

                         10.00   10.00   clock core_clock (rise edge)
                          0.00   10.00   clock source latency
     1    0.01    0.00    0.00   10.00 ^ clk (in)
                                         clk (net)
                  0.00    0.00   10.00 ^ clkbuf_0_clk/A (sky130_fd_sc_hd__clkbuf_16)
     4    0.03    0.05    0.12   10.12 ^ clkbuf_0_clk/X (sky130_fd_sc_hd__clkbuf_16)
                                         clknet_0_clk (net)
                  0.05    0.00   10.12 ^ clkbuf_2_3__f_clk/A (sky130_fd_sc_hd__clkbuf_16)
    18    0.03    0.05    0.14   10.26 ^ clkbuf_2_3__f_clk/X (sky130_fd_sc_hd__clkbuf_16)
                                         clknet_2_3__leaf_clk (net)
                  0.05    0.00   10.26 ^ _347_/CLK (sky130_fd_sc_hd__dfrtp_1)
                          0.00   10.26   clock reconvergence pessimism
                         -0.11   10.15   library setup time
                                 10.15   data required time
-----------------------------------------------------------------------------
                                 10.15   data required time
                                 -1.97   data arrival time
-----------------------------------------------------------------------------
                                  8.18   slack (MET)


Startpoint: _322_ (rising edge-triggered flip-flop clocked by core_clock)
Endpoint: _351_ (rising edge-triggered flip-flop clocked by core_clock)
Path Group: core_clock
Path Type: max

Fanout     Cap    Slew   Delay    Time   Description
-----------------------------------------------------------------------------
                          0.00    0.00   clock core_clock (rise edge)
                          0.00    0.00   clock source latency
     1    0.01    0.00    0.00    0.00 ^ clk (in)
                                         clk (net)
                  0.00    0.00    0.00 ^ clkbuf_0_clk/A (sky130_fd_sc_hd__clkbuf_16)
     4    0.03    0.05    0.12    0.12 ^ clkbuf_0_clk/X (sky130_fd_sc_hd__clkbuf_16)
                                         clknet_0_clk (net)
                  0.05    0.00    0.12 ^ clkbuf_2_1__f_clk/A (sky130_fd_sc_hd__clkbuf_16)
    22    0.03    0.05    0.14    0.26 ^ clkbuf_2_1__f_clk/X (sky130_fd_sc_hd__clkbuf_16)
                                         clknet_2_1__leaf_clk (net)
                  0.05    0.00    0.26 ^ _322_/CLK (sky130_fd_sc_hd__dfrtp_4)
     8    0.01    0.07    0.49    0.74 v _322_/Q (sky130_fd_sc_hd__dfrtp_4)
                                         div.count[2] (net)
                  0.07    0.00    0.74 v _176_/C (sky130_fd_sc_hd__and4_1)
     1    0.00    0.04    0.19    0.93 v _176_/X (sky130_fd_sc_hd__and4_1)
                                         _089_ (net)
                  0.04    0.00    0.93 v _177_/A (sky130_fd_sc_hd__clkbuf_4)
    16    0.02    0.06    0.16    1.09 v _177_/X (sky130_fd_sc_hd__clkbuf_4)
                                         _090_ (net)
                  0.06    0.00    1.09 v _217_/A (sky130_fd_sc_hd__and4_1)
     1    0.00    0.04    0.14    1.24 v _217_/X (sky130_fd_sc_hd__and4_1)
                                         _117_ (net)
                  0.04    0.00    1.24 v _218_/A (sky130_fd_sc_hd__clkbuf_4)
    18    0.03    0.07    0.17    1.41 v _218_/X (sky130_fd_sc_hd__clkbuf_4)
                                         _118_ (net)
                  0.07    0.00    1.41 v _251_/A (sky130_fd_sc_hd__and3_2)
    10    0.02    0.07    0.22    1.63 v _251_/X (sky130_fd_sc_hd__and3_2)
                                         _140_ (net)
                  0.07    0.00    1.63 v _259_/D (sky130_fd_sc_hd__and4_1)
     1    0.00    0.05    0.21    1.84 v _259_/X (sky130_fd_sc_hd__and4_1)
                                         _144_ (net)
                  0.05    0.00    1.84 v _260_/B (sky130_fd_sc_hd__xor2_1)
     1    0.00    0.04    0.13    1.97 v _260_/X (sky130_fd_sc_hd__xor2_1)
                                         _028_ (net)
                  0.04    0.00    1.97 v _351_/D (sky130_fd_sc_hd__dfrtp_1)
                                  1.97   data arrival time

                         10.00   10.00   clock core_clock (rise edge)
                          0.00   10.00   clock source latency
     1    0.01    0.00    0.00   10.00 ^ clk (in)
                                         clk (net)
                  0.00    0.00   10.00 ^ clkbuf_0_clk/A (sky130_fd_sc_hd__clkbuf_16)
     4    0.03    0.05    0.12   10.12 ^ clkbuf_0_clk/X (sky130_fd_sc_hd__clkbuf_16)
                                         clknet_0_clk (net)
                  0.05    0.00   10.12 ^ clkbuf_2_3__f_clk/A (sky130_fd_sc_hd__clkbuf_16)
    18    0.03    0.05    0.14   10.26 ^ clkbuf_2_3__f_clk/X (sky130_fd_sc_hd__clkbuf_16)
                                         clknet_2_3__leaf_clk (net)
                  0.05    0.00   10.26 ^ _351_/CLK (sky130_fd_sc_hd__dfrtp_1)
                          0.00   10.26   clock reconvergence pessimism
                         -0.11   10.15   library setup time
                                 10.15   data required time
-----------------------------------------------------------------------------
                                 10.15   data required time
                                 -1.97   data arrival time
-----------------------------------------------------------------------------
                                  8.18   slack (MET)


Startpoint: _322_ (rising edge-triggered flip-flop clocked by core_clock)
Endpoint: _349_ (rising edge-triggered flip-flop clocked by core_clock)
Path Group: core_clock
Path Type: max

Fanout     Cap    Slew   Delay    Time   Description
-----------------------------------------------------------------------------
                          0.00    0.00   clock core_clock (rise edge)
                          0.00    0.00   clock source latency
     1    0.01    0.00    0.00    0.00 ^ clk (in)
                                         clk (net)
                  0.00    0.00    0.00 ^ clkbuf_0_clk/A (sky130_fd_sc_hd__clkbuf_16)
     4    0.03    0.05    0.12    0.12 ^ clkbuf_0_clk/X (sky130_fd_sc_hd__clkbuf_16)
                                         clknet_0_clk (net)
                  0.05    0.00    0.12 ^ clkbuf_2_1__f_clk/A (sky130_fd_sc_hd__clkbuf_16)
    22    0.03    0.05    0.14    0.26 ^ clkbuf_2_1__f_clk/X (sky130_fd_sc_hd__clkbuf_16)
                                         clknet_2_1__leaf_clk (net)
                  0.05    0.00    0.26 ^ _322_/CLK (sky130_fd_sc_hd__dfrtp_4)
     8    0.01    0.07    0.49    0.74 v _322_/Q (sky130_fd_sc_hd__dfrtp_4)
                                         div.count[2] (net)
                  0.07    0.00    0.74 v _176_/C (sky130_fd_sc_hd__and4_1)
     1    0.00    0.04    0.19    0.93 v _176_/X (sky130_fd_sc_hd__and4_1)
                                         _089_ (net)
                  0.04    0.00    0.93 v _177_/A (sky130_fd_sc_hd__clkbuf_4)
    16    0.02    0.06    0.16    1.09 v _177_/X (sky130_fd_sc_hd__clkbuf_4)
                                         _090_ (net)
                  0.06    0.00    1.09 v _217_/A (sky130_fd_sc_hd__and4_1)
     1    0.00    0.04    0.14    1.24 v _217_/X (sky130_fd_sc_hd__and4_1)
                                         _117_ (net)
                  0.04    0.00    1.24 v _218_/A (sky130_fd_sc_hd__clkbuf_4)
    18    0.03    0.07    0.17    1.41 v _218_/X (sky130_fd_sc_hd__clkbuf_4)
                                         _118_ (net)
                  0.07    0.00    1.41 v _251_/A (sky130_fd_sc_hd__and3_2)
    10    0.02    0.07    0.22    1.63 v _251_/X (sky130_fd_sc_hd__and3_2)
                                         _140_ (net)
                  0.07    0.00    1.63 v _253_/B (sky130_fd_sc_hd__and2_1)
     2    0.00    0.04    0.17    1.79 v _253_/X (sky130_fd_sc_hd__and2_1)
                                         _141_ (net)
                  0.04    0.00    1.79 v _257_/A2 (sky130_fd_sc_hd__o21a_1)
     2    0.00    0.04    0.16    1.96 v _257_/X (sky130_fd_sc_hd__o21a_1)
                                         _025_ (net)
                  0.04    0.00    1.96 v _349_/D (sky130_fd_sc_hd__dfrtp_4)
                                  1.96   data arrival time

                         10.00   10.00   clock core_clock (rise edge)
                          0.00   10.00   clock source latency
     1    0.01    0.00    0.00   10.00 ^ clk (in)
                                         clk (net)
                  0.00    0.00   10.00 ^ clkbuf_0_clk/A (sky130_fd_sc_hd__clkbuf_16)
     4    0.03    0.05    0.12   10.12 ^ clkbuf_0_clk/X (sky130_fd_sc_hd__clkbuf_16)
                                         clknet_0_clk (net)
                  0.05    0.00   10.12 ^ clkbuf_2_3__f_clk/A (sky130_fd_sc_hd__clkbuf_16)
    18    0.03    0.05    0.14   10.26 ^ clkbuf_2_3__f_clk/X (sky130_fd_sc_hd__clkbuf_16)
                                         clknet_2_3__leaf_clk (net)
                  0.05    0.00   10.26 ^ _349_/CLK (sky130_fd_sc_hd__dfrtp_4)
                          0.00   10.26   clock reconvergence pessimism
                         -0.11   10.15   library setup time
                                 10.15   data required time
-----------------------------------------------------------------------------
                                 10.15   data required time
                                 -1.96   data arrival time
-----------------------------------------------------------------------------
                                  8.19   slack (MET)


Startpoint: _322_ (rising edge-triggered flip-flop clocked by core_clock)
Endpoint: _345_ (rising edge-triggered flip-flop clocked by core_clock)
Path Group: core_clock
Path Type: max

Fanout     Cap    Slew   Delay    Time   Description
-----------------------------------------------------------------------------
                          0.00    0.00   clock core_clock (rise edge)
                          0.00    0.00   clock source latency
     1    0.01    0.00    0.00    0.00 ^ clk (in)
                                         clk (net)
                  0.00    0.00    0.00 ^ clkbuf_0_clk/A (sky130_fd_sc_hd__clkbuf_16)
     4    0.03    0.05    0.12    0.12 ^ clkbuf_0_clk/X (sky130_fd_sc_hd__clkbuf_16)
                                         clknet_0_clk (net)
                  0.05    0.00    0.12 ^ clkbuf_2_1__f_clk/A (sky130_fd_sc_hd__clkbuf_16)
    22    0.03    0.05    0.14    0.26 ^ clkbuf_2_1__f_clk/X (sky130_fd_sc_hd__clkbuf_16)
                                         clknet_2_1__leaf_clk (net)
                  0.05    0.00    0.26 ^ _322_/CLK (sky130_fd_sc_hd__dfrtp_4)
     8    0.01    0.07    0.49    0.74 v _322_/Q (sky130_fd_sc_hd__dfrtp_4)
                                         div.count[2] (net)
                  0.07    0.00    0.74 v _176_/C (sky130_fd_sc_hd__and4_1)
     1    0.00    0.04    0.19    0.93 v _176_/X (sky130_fd_sc_hd__and4_1)
                                         _089_ (net)
                  0.04    0.00    0.93 v _177_/A (sky130_fd_sc_hd__clkbuf_4)
    16    0.02    0.06    0.16    1.09 v _177_/X (sky130_fd_sc_hd__clkbuf_4)
                                         _090_ (net)
                  0.06    0.00    1.09 v _217_/A (sky130_fd_sc_hd__and4_1)
     1    0.00    0.04    0.14    1.24 v _217_/X (sky130_fd_sc_hd__and4_1)
                                         _117_ (net)
                  0.04    0.00    1.24 v _218_/A (sky130_fd_sc_hd__clkbuf_4)
    18    0.03    0.07    0.17    1.41 v _218_/X (sky130_fd_sc_hd__clkbuf_4)
                                         _118_ (net)
                  0.07    0.00    1.41 v _243_/A (sky130_fd_sc_hd__and2_2)
     8    0.02    0.07    0.21    1.62 v _243_/X (sky130_fd_sc_hd__and2_2)
                                         _135_ (net)
                  0.07    0.00    1.62 v _246_/C (sky130_fd_sc_hd__and3_1)
     4    0.01    0.06    0.21    1.83 v _246_/X (sky130_fd_sc_hd__and3_1)
                                         _137_ (net)
                  0.06    0.00    1.83 v _247_/B (sky130_fd_sc_hd__nor2_1)
     2    0.00    0.08    0.09    1.92 ^ _247_/Y (sky130_fd_sc_hd__nor2_1)
                                         _021_ (net)
                  0.08    0.00    1.92 ^ _345_/D (sky130_fd_sc_hd__dfrtp_2)
                                  1.92   data arrival time

                         10.00   10.00   clock core_clock (rise edge)
                          0.00   10.00   clock source latency
     1    0.01    0.00    0.00   10.00 ^ clk (in)
                                         clk (net)
                  0.00    0.00   10.00 ^ clkbuf_0_clk/A (sky130_fd_sc_hd__clkbuf_16)
     4    0.03    0.05    0.12   10.12 ^ clkbuf_0_clk/X (sky130_fd_sc_hd__clkbuf_16)
                                         clknet_0_clk (net)
                  0.05    0.00   10.12 ^ clkbuf_2_3__f_clk/A (sky130_fd_sc_hd__clkbuf_16)
    18    0.03    0.05    0.14   10.26 ^ clkbuf_2_3__f_clk/X (sky130_fd_sc_hd__clkbuf_16)
                                         clknet_2_3__leaf_clk (net)
                  0.05    0.00   10.26 ^ _345_/CLK (sky130_fd_sc_hd__dfrtp_2)
                          0.00   10.26   clock reconvergence pessimism
                         -0.07   10.19   library setup time
                                 10.19   data required time
-----------------------------------------------------------------------------
                                 10.19   data required time
                                 -1.92   data arrival time
-----------------------------------------------------------------------------
                                  8.27   slack (MET)


Startpoint: _321_ (rising edge-triggered flip-flop clocked by core_clock)
Endpoint: _343_ (rising edge-triggered flip-flop clocked by core_clock)
Path Group: core_clock
Path Type: max

Fanout     Cap    Slew   Delay    Time   Description
-----------------------------------------------------------------------------
                          0.00    0.00   clock core_clock (rise edge)
                          0.00    0.00   clock source latency
     1    0.01    0.00    0.00    0.00 ^ clk (in)
                                         clk (net)
                  0.00    0.00    0.00 ^ clkbuf_0_clk/A (sky130_fd_sc_hd__clkbuf_16)
     4    0.03    0.05    0.12    0.12 ^ clkbuf_0_clk/X (sky130_fd_sc_hd__clkbuf_16)
                                         clknet_0_clk (net)
                  0.05    0.00    0.12 ^ clkbuf_2_1__f_clk/A (sky130_fd_sc_hd__clkbuf_16)
    22    0.03    0.05    0.14    0.26 ^ clkbuf_2_1__f_clk/X (sky130_fd_sc_hd__clkbuf_16)
                                         clknet_2_1__leaf_clk (net)
                  0.05    0.00    0.26 ^ _321_/CLK (sky130_fd_sc_hd__dfrtp_4)
    10    0.02    0.08    0.43    0.69 ^ _321_/Q (sky130_fd_sc_hd__dfrtp_4)
                                         div.count[1] (net)
                  0.08    0.00    0.69 ^ _176_/B (sky130_fd_sc_hd__and4_1)
     1    0.00    0.05    0.17    0.86 ^ _176_/X (sky130_fd_sc_hd__and4_1)
                                         _089_ (net)
                  0.05    0.00    0.86 ^ _177_/A (sky130_fd_sc_hd__clkbuf_4)
    16    0.02    0.09    0.17    1.03 ^ _177_/X (sky130_fd_sc_hd__clkbuf_4)
                                         _090_ (net)
                  0.09    0.00    1.03 ^ _217_/A (sky130_fd_sc_hd__and4_1)
     1    0.00    0.05    0.17    1.19 ^ _217_/X (sky130_fd_sc_hd__and4_1)
                                         _117_ (net)
                  0.05    0.00    1.19 ^ _218_/A (sky130_fd_sc_hd__clkbuf_4)
    18    0.03    0.10    0.18    1.37 ^ _218_/X (sky130_fd_sc_hd__clkbuf_4)
                                         _118_ (net)
                  0.10    0.00    1.37 ^ _232_/B (sky130_fd_sc_hd__and3_2)
     8    0.02    0.11    0.24    1.62 ^ _232_/X (sky130_fd_sc_hd__and3_2)
                                         _128_ (net)
                  0.11    0.00    1.62 ^ _237_/C (sky130_fd_sc_hd__nand3_2)
     4    0.01    0.07    0.10    1.71 v _237_/Y (sky130_fd_sc_hd__nand3_2)
                                         _131_ (net)
                  0.07    0.00    1.71 v _240_/B (sky130_fd_sc_hd__xnor2_1)
     2    0.00    0.05    0.13    1.84 v _240_/Y (sky130_fd_sc_hd__xnor2_1)
                                         _019_ (net)
                  0.05    0.00    1.84 v _343_/D (sky130_fd_sc_hd__dfrtp_2)
                                  1.84   data arrival time

                         10.00   10.00   clock core_clock (rise edge)
                          0.00   10.00   clock source latency
     1    0.01    0.00    0.00   10.00 ^ clk (in)
                                         clk (net)
                  0.00    0.00   10.00 ^ clkbuf_0_clk/A (sky130_fd_sc_hd__clkbuf_16)
     4    0.03    0.05    0.12   10.12 ^ clkbuf_0_clk/X (sky130_fd_sc_hd__clkbuf_16)
                                         clknet_0_clk (net)
                  0.05    0.00   10.12 ^ clkbuf_2_1__f_clk/A (sky130_fd_sc_hd__clkbuf_16)
    22    0.03    0.05    0.14   10.26 ^ clkbuf_2_1__f_clk/X (sky130_fd_sc_hd__clkbuf_16)
                                         clknet_2_1__leaf_clk (net)
                  0.05    0.00   10.26 ^ _343_/CLK (sky130_fd_sc_hd__dfrtp_2)
                          0.00   10.26   clock reconvergence pessimism
                         -0.11   10.14   library setup time
                                 10.14   data required time
-----------------------------------------------------------------------------
                                 10.14   data required time
                                 -1.84   data arrival time
-----------------------------------------------------------------------------
                                  8.30   slack (MET)


Startpoint: _322_ (rising edge-triggered flip-flop clocked by core_clock)
Endpoint: _348_ (rising edge-triggered flip-flop clocked by core_clock)
Path Group: core_clock
Path Type: max

Fanout     Cap    Slew   Delay    Time   Description
-----------------------------------------------------------------------------
                          0.00    0.00   clock core_clock (rise edge)
                          0.00    0.00   clock source latency
     1    0.01    0.00    0.00    0.00 ^ clk (in)
                                         clk (net)
                  0.00    0.00    0.00 ^ clkbuf_0_clk/A (sky130_fd_sc_hd__clkbuf_16)
     4    0.03    0.05    0.12    0.12 ^ clkbuf_0_clk/X (sky130_fd_sc_hd__clkbuf_16)
                                         clknet_0_clk (net)
                  0.05    0.00    0.12 ^ clkbuf_2_1__f_clk/A (sky130_fd_sc_hd__clkbuf_16)
    22    0.03    0.05    0.14    0.26 ^ clkbuf_2_1__f_clk/X (sky130_fd_sc_hd__clkbuf_16)
                                         clknet_2_1__leaf_clk (net)
                  0.05    0.00    0.26 ^ _322_/CLK (sky130_fd_sc_hd__dfrtp_4)
     8    0.01    0.07    0.49    0.74 v _322_/Q (sky130_fd_sc_hd__dfrtp_4)
                                         div.count[2] (net)
                  0.07    0.00    0.74 v _176_/C (sky130_fd_sc_hd__and4_1)
     1    0.00    0.04    0.19    0.93 v _176_/X (sky130_fd_sc_hd__and4_1)
                                         _089_ (net)
                  0.04    0.00    0.93 v _177_/A (sky130_fd_sc_hd__clkbuf_4)
    16    0.02    0.06    0.16    1.09 v _177_/X (sky130_fd_sc_hd__clkbuf_4)
                                         _090_ (net)
                  0.06    0.00    1.09 v _217_/A (sky130_fd_sc_hd__and4_1)
     1    0.00    0.04    0.14    1.24 v _217_/X (sky130_fd_sc_hd__and4_1)
                                         _117_ (net)
                  0.04    0.00    1.24 v _218_/A (sky130_fd_sc_hd__clkbuf_4)
    18    0.03    0.07    0.17    1.41 v _218_/X (sky130_fd_sc_hd__clkbuf_4)
                                         _118_ (net)
                  0.07    0.00    1.41 v _251_/A (sky130_fd_sc_hd__and3_2)
    10    0.02    0.07    0.22    1.63 v _251_/X (sky130_fd_sc_hd__and3_2)
                                         _140_ (net)
                  0.07    0.00    1.63 v _253_/B (sky130_fd_sc_hd__and2_1)
     2    0.00    0.04    0.17    1.79 v _253_/X (sky130_fd_sc_hd__and2_1)
                                         _141_ (net)
                  0.04    0.00    1.79 v _255_/A (sky130_fd_sc_hd__nor2_1)
     1    0.00    0.07    0.09    1.88 ^ _255_/Y (sky130_fd_sc_hd__nor2_1)
                                         _024_ (net)
                  0.07    0.00    1.88 ^ _348_/D (sky130_fd_sc_hd__dfrtp_4)
                                  1.88   data arrival time

                         10.00   10.00   clock core_clock (rise edge)
                          0.00   10.00   clock source latency
     1    0.01    0.00    0.00   10.00 ^ clk (in)
                                         clk (net)
                  0.00    0.00   10.00 ^ clkbuf_0_clk/A (sky130_fd_sc_hd__clkbuf_16)
     4    0.03    0.05    0.12   10.12 ^ clkbuf_0_clk/X (sky130_fd_sc_hd__clkbuf_16)
                                         clknet_0_clk (net)
                  0.05    0.00   10.12 ^ clkbuf_2_1__f_clk/A (sky130_fd_sc_hd__clkbuf_16)
    22    0.03    0.05    0.14   10.26 ^ clkbuf_2_1__f_clk/X (sky130_fd_sc_hd__clkbuf_16)
                                         clknet_2_1__leaf_clk (net)
                  0.05    0.00   10.26 ^ _348_/CLK (sky130_fd_sc_hd__dfrtp_4)
                          0.00   10.26   clock reconvergence pessimism
                         -0.07   10.19   library setup time
                                 10.19   data required time
-----------------------------------------------------------------------------
                                 10.19   data required time
                                 -1.88   data arrival time
-----------------------------------------------------------------------------
                                  8.31   slack (MET)


Startpoint: _321_ (rising edge-triggered flip-flop clocked by core_clock)
Endpoint: _350_ (rising edge-triggered flip-flop clocked by core_clock)
Path Group: core_clock
Path Type: max

Fanout     Cap    Slew   Delay    Time   Description
-----------------------------------------------------------------------------
                          0.00    0.00   clock core_clock (rise edge)
                          0.00    0.00   clock source latency
     1    0.01    0.00    0.00    0.00 ^ clk (in)
                                         clk (net)
                  0.00    0.00    0.00 ^ clkbuf_0_clk/A (sky130_fd_sc_hd__clkbuf_16)
     4    0.03    0.05    0.12    0.12 ^ clkbuf_0_clk/X (sky130_fd_sc_hd__clkbuf_16)
                                         clknet_0_clk (net)
                  0.05    0.00    0.12 ^ clkbuf_2_1__f_clk/A (sky130_fd_sc_hd__clkbuf_16)
    22    0.03    0.05    0.14    0.26 ^ clkbuf_2_1__f_clk/X (sky130_fd_sc_hd__clkbuf_16)
                                         clknet_2_1__leaf_clk (net)
                  0.05    0.00    0.26 ^ _321_/CLK (sky130_fd_sc_hd__dfrtp_4)
    10    0.02    0.08    0.43    0.69 ^ _321_/Q (sky130_fd_sc_hd__dfrtp_4)
                                         div.count[1] (net)
                  0.08    0.00    0.69 ^ _176_/B (sky130_fd_sc_hd__and4_1)
     1    0.00    0.05    0.17    0.86 ^ _176_/X (sky130_fd_sc_hd__and4_1)
                                         _089_ (net)
                  0.05    0.00    0.86 ^ _177_/A (sky130_fd_sc_hd__clkbuf_4)
    16    0.02    0.09    0.17    1.03 ^ _177_/X (sky130_fd_sc_hd__clkbuf_4)
                                         _090_ (net)
                  0.09    0.00    1.03 ^ _217_/A (sky130_fd_sc_hd__and4_1)
     1    0.00    0.05    0.17    1.19 ^ _217_/X (sky130_fd_sc_hd__and4_1)
                                         _117_ (net)
                  0.05    0.00    1.19 ^ _218_/A (sky130_fd_sc_hd__clkbuf_4)
    18    0.03    0.10    0.18    1.37 ^ _218_/X (sky130_fd_sc_hd__clkbuf_4)
                                         _118_ (net)
                  0.10    0.00    1.37 ^ _251_/A (sky130_fd_sc_hd__and3_2)
    10    0.02    0.10    0.23    1.61 ^ _251_/X (sky130_fd_sc_hd__and3_2)
                                         _140_ (net)
                  0.10    0.00    1.61 ^ _256_/C (sky130_fd_sc_hd__nand3_2)
     4    0.01    0.07    0.10    1.71 v _256_/Y (sky130_fd_sc_hd__nand3_2)
                                         _143_ (net)
                  0.07    0.00    1.71 v _258_/B (sky130_fd_sc_hd__xnor2_1)
     1    0.00    0.04    0.12    1.83 v _258_/Y (sky130_fd_sc_hd__xnor2_1)
                                         _027_ (net)
                  0.04    0.00    1.83 v _350_/D (sky130_fd_sc_hd__dfrtp_2)
                                  1.83   data arrival time

                         10.00   10.00   clock core_clock (rise edge)
                          0.00   10.00   clock source latency
     1    0.01    0.00    0.00   10.00 ^ clk (in)
                                         clk (net)
                  0.00    0.00   10.00 ^ clkbuf_0_clk/A (sky130_fd_sc_hd__clkbuf_16)
     4    0.03    0.05    0.12   10.12 ^ clkbuf_0_clk/X (sky130_fd_sc_hd__clkbuf_16)
                                         clknet_0_clk (net)
                  0.05    0.00   10.12 ^ clkbuf_2_0__f_clk/A (sky130_fd_sc_hd__clkbuf_16)
    18    0.03    0.05    0.14   10.26 ^ clkbuf_2_0__f_clk/X (sky130_fd_sc_hd__clkbuf_16)
                                         clknet_2_0__leaf_clk (net)
                  0.05    0.00   10.26 ^ _350_/CLK (sky130_fd_sc_hd__dfrtp_2)
                          0.00   10.26   clock reconvergence pessimism
                         -0.11   10.14   library setup time
                                 10.14   data required time
-----------------------------------------------------------------------------
                                 10.14   data required time
                                 -1.83   data arrival time
-----------------------------------------------------------------------------
                                  8.31   slack (MET)


Startpoint: _322_ (rising edge-triggered flip-flop clocked by core_clock)
Endpoint: _335_ (rising edge-triggered flip-flop clocked by core_clock)
Path Group: core_clock
Path Type: max

Fanout     Cap    Slew   Delay    Time   Description
-----------------------------------------------------------------------------
                          0.00    0.00   clock core_clock (rise edge)
                          0.00    0.00   clock source latency
     1    0.01    0.00    0.00    0.00 ^ clk (in)
                                         clk (net)
                  0.00    0.00    0.00 ^ clkbuf_0_clk/A (sky130_fd_sc_hd__clkbuf_16)
     4    0.03    0.05    0.12    0.12 ^ clkbuf_0_clk/X (sky130_fd_sc_hd__clkbuf_16)
                                         clknet_0_clk (net)
                  0.05    0.00    0.12 ^ clkbuf_2_1__f_clk/A (sky130_fd_sc_hd__clkbuf_16)
    22    0.03    0.05    0.14    0.26 ^ clkbuf_2_1__f_clk/X (sky130_fd_sc_hd__clkbuf_16)
                                         clknet_2_1__leaf_clk (net)
                  0.05    0.00    0.26 ^ _322_/CLK (sky130_fd_sc_hd__dfrtp_4)
     8    0.01    0.07    0.49    0.74 v _322_/Q (sky130_fd_sc_hd__dfrtp_4)
                                         div.count[2] (net)
                  0.07    0.00    0.74 v _176_/C (sky130_fd_sc_hd__and4_1)
     1    0.00    0.04    0.19    0.93 v _176_/X (sky130_fd_sc_hd__and4_1)
                                         _089_ (net)
                  0.04    0.00    0.93 v _177_/A (sky130_fd_sc_hd__clkbuf_4)
    16    0.02    0.06    0.16    1.09 v _177_/X (sky130_fd_sc_hd__clkbuf_4)
                                         _090_ (net)
                  0.06    0.00    1.09 v _195_/C (sky130_fd_sc_hd__and4_1)
     1    0.00    0.04    0.18    1.28 v _195_/X (sky130_fd_sc_hd__and4_1)
                                         _102_ (net)
                  0.04    0.00    1.28 v _196_/A (sky130_fd_sc_hd__clkbuf_4)
    12    0.02    0.06    0.16    1.44 v _196_/X (sky130_fd_sc_hd__clkbuf_4)
                                         _103_ (net)
                  0.06    0.00    1.44 v _211_/A (sky130_fd_sc_hd__and2_2)
     6    0.01    0.06    0.20    1.64 v _211_/X (sky130_fd_sc_hd__and2_2)
                                         _114_ (net)
                  0.06    0.00    1.64 v _213_/B (sky130_fd_sc_hd__nand2_2)
     4    0.01    0.08    0.10    1.73 ^ _213_/Y (sky130_fd_sc_hd__nand2_2)
                                         _115_ (net)
                  0.08    0.00    1.73 ^ _215_/B (sky130_fd_sc_hd__xnor2_2)
     2    0.00    0.10    0.10    1.84 ^ _215_/Y (sky130_fd_sc_hd__xnor2_2)
                                         _010_ (net)
                  0.10    0.00    1.84 ^ _335_/D (sky130_fd_sc_hd__dfrtp_4)
                                  1.84   data arrival time

                         10.00   10.00   clock core_clock (rise edge)
                          0.00   10.00   clock source latency
     1    0.01    0.00    0.00   10.00 ^ clk (in)
                                         clk (net)
                  0.00    0.00   10.00 ^ clkbuf_0_clk/A (sky130_fd_sc_hd__clkbuf_16)
     4    0.03    0.05    0.12   10.12 ^ clkbuf_0_clk/X (sky130_fd_sc_hd__clkbuf_16)
                                         clknet_0_clk (net)
                  0.05    0.00   10.12 ^ clkbuf_2_3__f_clk/A (sky130_fd_sc_hd__clkbuf_16)
    18    0.03    0.05    0.14   10.26 ^ clkbuf_2_3__f_clk/X (sky130_fd_sc_hd__clkbuf_16)
                                         clknet_2_3__leaf_clk (net)
                  0.05    0.00   10.26 ^ _335_/CLK (sky130_fd_sc_hd__dfrtp_4)
                          0.00   10.26   clock reconvergence pessimism
                         -0.08   10.18   library setup time
                                 10.18   data required time
-----------------------------------------------------------------------------
                                 10.18   data required time
                                 -1.84   data arrival time
-----------------------------------------------------------------------------
                                  8.34   slack (MET)


Startpoint: _322_ (rising edge-triggered flip-flop clocked by core_clock)
Endpoint: _341_ (rising edge-triggered flip-flop clocked by core_clock)
Path Group: core_clock
Path Type: max

Fanout     Cap    Slew   Delay    Time   Description
-----------------------------------------------------------------------------
                          0.00    0.00   clock core_clock (rise edge)
                          0.00    0.00   clock source latency
     1    0.01    0.00    0.00    0.00 ^ clk (in)
                                         clk (net)
                  0.00    0.00    0.00 ^ clkbuf_0_clk/A (sky130_fd_sc_hd__clkbuf_16)
     4    0.03    0.05    0.12    0.12 ^ clkbuf_0_clk/X (sky130_fd_sc_hd__clkbuf_16)
                                         clknet_0_clk (net)
                  0.05    0.00    0.12 ^ clkbuf_2_1__f_clk/A (sky130_fd_sc_hd__clkbuf_16)
    22    0.03    0.05    0.14    0.26 ^ clkbuf_2_1__f_clk/X (sky130_fd_sc_hd__clkbuf_16)
                                         clknet_2_1__leaf_clk (net)
                  0.05    0.00    0.26 ^ _322_/CLK (sky130_fd_sc_hd__dfrtp_4)
     8    0.01    0.07    0.49    0.74 v _322_/Q (sky130_fd_sc_hd__dfrtp_4)
                                         div.count[2] (net)
                  0.07    0.00    0.74 v _176_/C (sky130_fd_sc_hd__and4_1)
     1    0.00    0.04    0.19    0.93 v _176_/X (sky130_fd_sc_hd__and4_1)
                                         _089_ (net)
                  0.04    0.00    0.93 v _177_/A (sky130_fd_sc_hd__clkbuf_4)
    16    0.02    0.06    0.16    1.09 v _177_/X (sky130_fd_sc_hd__clkbuf_4)
                                         _090_ (net)
                  0.06    0.00    1.09 v _217_/A (sky130_fd_sc_hd__and4_1)
     1    0.00    0.04    0.14    1.24 v _217_/X (sky130_fd_sc_hd__and4_1)
                                         _117_ (net)
                  0.04    0.00    1.24 v _218_/A (sky130_fd_sc_hd__clkbuf_4)
    18    0.03    0.07    0.17    1.41 v _218_/X (sky130_fd_sc_hd__clkbuf_4)
                                         _118_ (net)
                  0.07    0.00    1.41 v _232_/B (sky130_fd_sc_hd__and3_2)
     8    0.02    0.07    0.24    1.65 v _232_/X (sky130_fd_sc_hd__and3_2)
                                         _128_ (net)
                  0.07    0.00    1.65 v _235_/B (sky130_fd_sc_hd__xor2_1)
     2    0.00    0.05    0.15    1.80 v _235_/X (sky130_fd_sc_hd__xor2_1)
                                         _017_ (net)
                  0.05    0.00    1.80 v _341_/D (sky130_fd_sc_hd__dfrtp_4)
                                  1.80   data arrival time

                         10.00   10.00   clock core_clock (rise edge)
                          0.00   10.00   clock source latency
     1    0.01    0.00    0.00   10.00 ^ clk (in)
                                         clk (net)
                  0.00    0.00   10.00 ^ clkbuf_0_clk/A (sky130_fd_sc_hd__clkbuf_16)
     4    0.03    0.05    0.12   10.12 ^ clkbuf_0_clk/X (sky130_fd_sc_hd__clkbuf_16)
                                         clknet_0_clk (net)
                  0.05    0.00   10.12 ^ clkbuf_2_1__f_clk/A (sky130_fd_sc_hd__clkbuf_16)
    22    0.03    0.05    0.14   10.26 ^ clkbuf_2_1__f_clk/X (sky130_fd_sc_hd__clkbuf_16)
                                         clknet_2_1__leaf_clk (net)
                  0.05    0.00   10.26 ^ _341_/CLK (sky130_fd_sc_hd__dfrtp_4)
                          0.00   10.26   clock reconvergence pessimism
                         -0.12   10.14   library setup time
                                 10.14   data required time
-----------------------------------------------------------------------------
                                 10.14   data required time
                                 -1.80   data arrival time
-----------------------------------------------------------------------------
                                  8.35   slack (MET)


Startpoint: _322_ (rising edge-triggered flip-flop clocked by core_clock)
Endpoint: _333_ (rising edge-triggered flip-flop clocked by core_clock)
Path Group: core_clock
Path Type: max

Fanout     Cap    Slew   Delay    Time   Description
-----------------------------------------------------------------------------
                          0.00    0.00   clock core_clock (rise edge)
                          0.00    0.00   clock source latency
     1    0.01    0.00    0.00    0.00 ^ clk (in)
                                         clk (net)
                  0.00    0.00    0.00 ^ clkbuf_0_clk/A (sky130_fd_sc_hd__clkbuf_16)
     4    0.03    0.05    0.12    0.12 ^ clkbuf_0_clk/X (sky130_fd_sc_hd__clkbuf_16)
                                         clknet_0_clk (net)
                  0.05    0.00    0.12 ^ clkbuf_2_1__f_clk/A (sky130_fd_sc_hd__clkbuf_16)
    22    0.03    0.05    0.14    0.26 ^ clkbuf_2_1__f_clk/X (sky130_fd_sc_hd__clkbuf_16)
                                         clknet_2_1__leaf_clk (net)
                  0.05    0.00    0.26 ^ _322_/CLK (sky130_fd_sc_hd__dfrtp_4)
     8    0.01    0.07    0.49    0.74 v _322_/Q (sky130_fd_sc_hd__dfrtp_4)
                                         div.count[2] (net)
                  0.07    0.00    0.74 v _176_/C (sky130_fd_sc_hd__and4_1)
     1    0.00    0.04    0.19    0.93 v _176_/X (sky130_fd_sc_hd__and4_1)
                                         _089_ (net)
                  0.04    0.00    0.93 v _177_/A (sky130_fd_sc_hd__clkbuf_4)
    16    0.02    0.06    0.16    1.09 v _177_/X (sky130_fd_sc_hd__clkbuf_4)
                                         _090_ (net)
                  0.06    0.00    1.09 v _195_/C (sky130_fd_sc_hd__and4_1)
     1    0.00    0.04    0.18    1.28 v _195_/X (sky130_fd_sc_hd__and4_1)
                                         _102_ (net)
                  0.04    0.00    1.28 v _196_/A (sky130_fd_sc_hd__clkbuf_4)
    12    0.02    0.06    0.16    1.44 v _196_/X (sky130_fd_sc_hd__clkbuf_4)
                                         _103_ (net)
                  0.06    0.00    1.44 v _211_/A (sky130_fd_sc_hd__and2_2)
     6    0.01    0.06    0.20    1.64 v _211_/X (sky130_fd_sc_hd__and2_2)
                                         _114_ (net)
                  0.06    0.00    1.64 v _212_/B1_N (sky130_fd_sc_hd__o21ba_1)
     1    0.00    0.04    0.20    1.84 ^ _212_/X (sky130_fd_sc_hd__o21ba_1)
                                         _008_ (net)
                  0.04    0.00    1.84 ^ _333_/D (sky130_fd_sc_hd__dfrtp_2)
                                  1.84   data arrival time

                         10.00   10.00   clock core_clock (rise edge)
                          0.00   10.00   clock source latency
     1    0.01    0.00    0.00   10.00 ^ clk (in)
                                         clk (net)
                  0.00    0.00   10.00 ^ clkbuf_0_clk/A (sky130_fd_sc_hd__clkbuf_16)
     4    0.03    0.05    0.12   10.12 ^ clkbuf_0_clk/X (sky130_fd_sc_hd__clkbuf_16)
                                         clknet_0_clk (net)
                  0.05    0.00   10.12 ^ clkbuf_2_1__f_clk/A (sky130_fd_sc_hd__clkbuf_16)
    22    0.03    0.05    0.14   10.26 ^ clkbuf_2_1__f_clk/X (sky130_fd_sc_hd__clkbuf_16)
                                         clknet_2_1__leaf_clk (net)
                  0.05    0.00   10.26 ^ _333_/CLK (sky130_fd_sc_hd__dfrtp_2)
                          0.00   10.26   clock reconvergence pessimism
                         -0.06   10.20   library setup time
                                 10.20   data required time
-----------------------------------------------------------------------------
                                 10.20   data required time
                                 -1.84   data arrival time
-----------------------------------------------------------------------------
                                  8.36   slack (MET)


Startpoint: _322_ (rising edge-triggered flip-flop clocked by core_clock)
Endpoint: _344_ (rising edge-triggered flip-flop clocked by core_clock)
Path Group: core_clock
Path Type: max

Fanout     Cap    Slew   Delay    Time   Description
-----------------------------------------------------------------------------
                          0.00    0.00   clock core_clock (rise edge)
                          0.00    0.00   clock source latency
     1    0.01    0.00    0.00    0.00 ^ clk (in)
                                         clk (net)
                  0.00    0.00    0.00 ^ clkbuf_0_clk/A (sky130_fd_sc_hd__clkbuf_16)
     4    0.03    0.05    0.12    0.12 ^ clkbuf_0_clk/X (sky130_fd_sc_hd__clkbuf_16)
                                         clknet_0_clk (net)
                  0.05    0.00    0.12 ^ clkbuf_2_1__f_clk/A (sky130_fd_sc_hd__clkbuf_16)
    22    0.03    0.05    0.14    0.26 ^ clkbuf_2_1__f_clk/X (sky130_fd_sc_hd__clkbuf_16)
                                         clknet_2_1__leaf_clk (net)
                  0.05    0.00    0.26 ^ _322_/CLK (sky130_fd_sc_hd__dfrtp_4)
     8    0.01    0.07    0.49    0.74 v _322_/Q (sky130_fd_sc_hd__dfrtp_4)
                                         div.count[2] (net)
                  0.07    0.00    0.74 v _176_/C (sky130_fd_sc_hd__and4_1)
     1    0.00    0.04    0.19    0.93 v _176_/X (sky130_fd_sc_hd__and4_1)
                                         _089_ (net)
                  0.04    0.00    0.93 v _177_/A (sky130_fd_sc_hd__clkbuf_4)
    16    0.02    0.06    0.16    1.09 v _177_/X (sky130_fd_sc_hd__clkbuf_4)
                                         _090_ (net)
                  0.06    0.00    1.09 v _217_/A (sky130_fd_sc_hd__and4_1)
     1    0.00    0.04    0.14    1.24 v _217_/X (sky130_fd_sc_hd__and4_1)
                                         _117_ (net)
                  0.04    0.00    1.24 v _218_/A (sky130_fd_sc_hd__clkbuf_4)
    18    0.03    0.07    0.17    1.41 v _218_/X (sky130_fd_sc_hd__clkbuf_4)
                                         _118_ (net)
                  0.07    0.00    1.41 v _243_/A (sky130_fd_sc_hd__and2_2)
     8    0.02    0.07    0.21    1.62 v _243_/X (sky130_fd_sc_hd__and2_2)
                                         _135_ (net)
                  0.07    0.00    1.62 v _244_/B (sky130_fd_sc_hd__xor2_1)
     2    0.00    0.05    0.14    1.76 v _244_/X (sky130_fd_sc_hd__xor2_1)
                                         _020_ (net)
                  0.05    0.00    1.76 v _344_/D (sky130_fd_sc_hd__dfrtp_4)
                                  1.76   data arrival time

                         10.00   10.00   clock core_clock (rise edge)
                          0.00   10.00   clock source latency
     1    0.01    0.00    0.00   10.00 ^ clk (in)
                                         clk (net)
                  0.00    0.00   10.00 ^ clkbuf_0_clk/A (sky130_fd_sc_hd__clkbuf_16)
     4    0.03    0.05    0.12   10.12 ^ clkbuf_0_clk/X (sky130_fd_sc_hd__clkbuf_16)
                                         clknet_0_clk (net)
                  0.05    0.00   10.12 ^ clkbuf_2_3__f_clk/A (sky130_fd_sc_hd__clkbuf_16)
    18    0.03    0.05    0.14   10.26 ^ clkbuf_2_3__f_clk/X (sky130_fd_sc_hd__clkbuf_16)
                                         clknet_2_3__leaf_clk (net)
                  0.05    0.00   10.26 ^ _344_/CLK (sky130_fd_sc_hd__dfrtp_4)
                          0.00   10.26   clock reconvergence pessimism
                         -0.12   10.14   library setup time
                                 10.14   data required time
-----------------------------------------------------------------------------
                                 10.14   data required time
                                 -1.76   data arrival time
-----------------------------------------------------------------------------
                                  8.38   slack (MET)


Startpoint: _322_ (rising edge-triggered flip-flop clocked by core_clock)
Endpoint: _340_ (rising edge-triggered flip-flop clocked by core_clock)
Path Group: core_clock
Path Type: max

Fanout     Cap    Slew   Delay    Time   Description
-----------------------------------------------------------------------------
                          0.00    0.00   clock core_clock (rise edge)
                          0.00    0.00   clock source latency
     1    0.01    0.00    0.00    0.00 ^ clk (in)
                                         clk (net)
                  0.00    0.00    0.00 ^ clkbuf_0_clk/A (sky130_fd_sc_hd__clkbuf_16)
     4    0.03    0.05    0.12    0.12 ^ clkbuf_0_clk/X (sky130_fd_sc_hd__clkbuf_16)
                                         clknet_0_clk (net)
                  0.05    0.00    0.12 ^ clkbuf_2_1__f_clk/A (sky130_fd_sc_hd__clkbuf_16)
    22    0.03    0.05    0.14    0.26 ^ clkbuf_2_1__f_clk/X (sky130_fd_sc_hd__clkbuf_16)
                                         clknet_2_1__leaf_clk (net)
                  0.05    0.00    0.26 ^ _322_/CLK (sky130_fd_sc_hd__dfrtp_4)
     8    0.01    0.07    0.49    0.74 v _322_/Q (sky130_fd_sc_hd__dfrtp_4)
                                         div.count[2] (net)
                  0.07    0.00    0.74 v _176_/C (sky130_fd_sc_hd__and4_1)
     1    0.00    0.04    0.19    0.93 v _176_/X (sky130_fd_sc_hd__and4_1)
                                         _089_ (net)
                  0.04    0.00    0.93 v _177_/A (sky130_fd_sc_hd__clkbuf_4)
    16    0.02    0.06    0.16    1.09 v _177_/X (sky130_fd_sc_hd__clkbuf_4)
                                         _090_ (net)
                  0.06    0.00    1.09 v _217_/A (sky130_fd_sc_hd__and4_1)
     1    0.00    0.04    0.14    1.24 v _217_/X (sky130_fd_sc_hd__and4_1)
                                         _117_ (net)
                  0.04    0.00    1.24 v _218_/A (sky130_fd_sc_hd__clkbuf_4)
    18    0.03    0.07    0.17    1.41 v _218_/X (sky130_fd_sc_hd__clkbuf_4)
                                         _118_ (net)
                  0.07    0.00    1.41 v _232_/B (sky130_fd_sc_hd__and3_2)
     8    0.02    0.07    0.24    1.65 v _232_/X (sky130_fd_sc_hd__and3_2)
                                         _128_ (net)
                  0.07    0.00    1.65 v _234_/A (sky130_fd_sc_hd__nor2_1)
     1    0.00    0.07    0.10    1.75 ^ _234_/Y (sky130_fd_sc_hd__nor2_1)
                                         _016_ (net)
                  0.07    0.00    1.75 ^ _340_/D (sky130_fd_sc_hd__dfrtp_4)
                                  1.75   data arrival time

                         10.00   10.00   clock core_clock (rise edge)
                          0.00   10.00   clock source latency
     1    0.01    0.00    0.00   10.00 ^ clk (in)
                                         clk (net)
                  0.00    0.00   10.00 ^ clkbuf_0_clk/A (sky130_fd_sc_hd__clkbuf_16)
     4    0.03    0.05    0.12   10.12 ^ clkbuf_0_clk/X (sky130_fd_sc_hd__clkbuf_16)
                                         clknet_0_clk (net)
                  0.05    0.00   10.12 ^ clkbuf_2_2__f_clk/A (sky130_fd_sc_hd__clkbuf_16)
    14    0.03    0.05    0.14   10.26 ^ clkbuf_2_2__f_clk/X (sky130_fd_sc_hd__clkbuf_16)
                                         clknet_2_2__leaf_clk (net)
                  0.05    0.00   10.26 ^ _340_/CLK (sky130_fd_sc_hd__dfrtp_4)
                          0.00   10.26   clock reconvergence pessimism
                         -0.07   10.19   library setup time
                                 10.19   data required time
-----------------------------------------------------------------------------
                                 10.19   data required time
                                 -1.75   data arrival time
-----------------------------------------------------------------------------
                                  8.44   slack (MET)


Startpoint: _322_ (rising edge-triggered flip-flop clocked by core_clock)
Endpoint: _337_ (rising edge-triggered flip-flop clocked by core_clock)
Path Group: core_clock
Path Type: max

Fanout     Cap    Slew   Delay    Time   Description
-----------------------------------------------------------------------------
                          0.00    0.00   clock core_clock (rise edge)
                          0.00    0.00   clock source latency
     1    0.01    0.00    0.00    0.00 ^ clk (in)
                                         clk (net)
                  0.00    0.00    0.00 ^ clkbuf_0_clk/A (sky130_fd_sc_hd__clkbuf_16)
     4    0.03    0.05    0.12    0.12 ^ clkbuf_0_clk/X (sky130_fd_sc_hd__clkbuf_16)
                                         clknet_0_clk (net)
                  0.05    0.00    0.12 ^ clkbuf_2_1__f_clk/A (sky130_fd_sc_hd__clkbuf_16)
    22    0.03    0.05    0.14    0.26 ^ clkbuf_2_1__f_clk/X (sky130_fd_sc_hd__clkbuf_16)
                                         clknet_2_1__leaf_clk (net)
                  0.05    0.00    0.26 ^ _322_/CLK (sky130_fd_sc_hd__dfrtp_4)
     8    0.01    0.07    0.49    0.74 v _322_/Q (sky130_fd_sc_hd__dfrtp_4)
                                         div.count[2] (net)
                  0.07    0.00    0.74 v _176_/C (sky130_fd_sc_hd__and4_1)
     1    0.00    0.04    0.19    0.93 v _176_/X (sky130_fd_sc_hd__and4_1)
                                         _089_ (net)
                  0.04    0.00    0.93 v _177_/A (sky130_fd_sc_hd__clkbuf_4)
    16    0.02    0.06    0.16    1.09 v _177_/X (sky130_fd_sc_hd__clkbuf_4)
                                         _090_ (net)
                  0.06    0.00    1.09 v _217_/A (sky130_fd_sc_hd__and4_1)
     1    0.00    0.04    0.14    1.24 v _217_/X (sky130_fd_sc_hd__and4_1)
                                         _117_ (net)
                  0.04    0.00    1.24 v _218_/A (sky130_fd_sc_hd__clkbuf_4)
    18    0.03    0.07    0.17    1.41 v _218_/X (sky130_fd_sc_hd__clkbuf_4)
                                         _118_ (net)
                  0.07    0.00    1.41 v _221_/C (sky130_fd_sc_hd__and3_2)
     4    0.01    0.05    0.23    1.64 v _221_/X (sky130_fd_sc_hd__and3_2)
                                         _120_ (net)
                  0.05    0.00    1.64 v _222_/B (sky130_fd_sc_hd__nor2_2)
     2    0.00    0.06    0.07    1.71 ^ _222_/Y (sky130_fd_sc_hd__nor2_2)
                                         _012_ (net)
                  0.06    0.00    1.71 ^ _337_/D (sky130_fd_sc_hd__dfrtp_4)
                                  1.71   data arrival time

                         10.00   10.00   clock core_clock (rise edge)
                          0.00   10.00   clock source latency
     1    0.01    0.00    0.00   10.00 ^ clk (in)
                                         clk (net)
                  0.00    0.00   10.00 ^ clkbuf_0_clk/A (sky130_fd_sc_hd__clkbuf_16)
     4    0.03    0.05    0.12   10.12 ^ clkbuf_0_clk/X (sky130_fd_sc_hd__clkbuf_16)
                                         clknet_0_clk (net)
                  0.05    0.00   10.12 ^ clkbuf_2_2__f_clk/A (sky130_fd_sc_hd__clkbuf_16)
    14    0.03    0.05    0.14   10.26 ^ clkbuf_2_2__f_clk/X (sky130_fd_sc_hd__clkbuf_16)
                                         clknet_2_2__leaf_clk (net)
                  0.05    0.00   10.26 ^ _337_/CLK (sky130_fd_sc_hd__dfrtp_4)
                          0.00   10.26   clock reconvergence pessimism
                         -0.07   10.19   library setup time
                                 10.19   data required time
-----------------------------------------------------------------------------
                                 10.19   data required time
                                 -1.71   data arrival time
-----------------------------------------------------------------------------
                                  8.48   slack (MET)


Startpoint: _322_ (rising edge-triggered flip-flop clocked by core_clock)
Endpoint: _332_ (rising edge-triggered flip-flop clocked by core_clock)
Path Group: core_clock
Path Type: max

Fanout     Cap    Slew   Delay    Time   Description
-----------------------------------------------------------------------------
                          0.00    0.00   clock core_clock (rise edge)
                          0.00    0.00   clock source latency
     1    0.01    0.00    0.00    0.00 ^ clk (in)
                                         clk (net)
                  0.00    0.00    0.00 ^ clkbuf_0_clk/A (sky130_fd_sc_hd__clkbuf_16)
     4    0.03    0.05    0.12    0.12 ^ clkbuf_0_clk/X (sky130_fd_sc_hd__clkbuf_16)
                                         clknet_0_clk (net)
                  0.05    0.00    0.12 ^ clkbuf_2_1__f_clk/A (sky130_fd_sc_hd__clkbuf_16)
    22    0.03    0.05    0.14    0.26 ^ clkbuf_2_1__f_clk/X (sky130_fd_sc_hd__clkbuf_16)
                                         clknet_2_1__leaf_clk (net)
                  0.05    0.00    0.26 ^ _322_/CLK (sky130_fd_sc_hd__dfrtp_4)
     8    0.01    0.07    0.49    0.74 v _322_/Q (sky130_fd_sc_hd__dfrtp_4)
                                         div.count[2] (net)
                  0.07    0.00    0.74 v _176_/C (sky130_fd_sc_hd__and4_1)
     1    0.00    0.04    0.19    0.93 v _176_/X (sky130_fd_sc_hd__and4_1)
                                         _089_ (net)
                  0.04    0.00    0.93 v _177_/A (sky130_fd_sc_hd__clkbuf_4)
    16    0.02    0.06    0.16    1.09 v _177_/X (sky130_fd_sc_hd__clkbuf_4)
                                         _090_ (net)
                  0.06    0.00    1.09 v _195_/C (sky130_fd_sc_hd__and4_1)
     1    0.00    0.04    0.18    1.28 v _195_/X (sky130_fd_sc_hd__and4_1)
                                         _102_ (net)
                  0.04    0.00    1.28 v _196_/A (sky130_fd_sc_hd__clkbuf_4)
    12    0.02    0.06    0.16    1.44 v _196_/X (sky130_fd_sc_hd__clkbuf_4)
                                         _103_ (net)
                  0.06    0.00    1.44 v _205_/C (sky130_fd_sc_hd__nand3_2)
     4    0.01    0.07    0.09    1.53 ^ _205_/Y (sky130_fd_sc_hd__nand3_2)
                                         _110_ (net)
                  0.07    0.00    1.53 ^ _208_/B (sky130_fd_sc_hd__xnor2_1)
     1    0.00    0.10    0.11    1.64 ^ _208_/Y (sky130_fd_sc_hd__xnor2_1)
                                         _007_ (net)
                  0.10    0.00    1.64 ^ _332_/D (sky130_fd_sc_hd__dfrtp_4)
                                  1.64   data arrival time

                         10.00   10.00   clock core_clock (rise edge)
                          0.00   10.00   clock source latency
     1    0.01    0.00    0.00   10.00 ^ clk (in)
                                         clk (net)
                  0.00    0.00   10.00 ^ clkbuf_0_clk/A (sky130_fd_sc_hd__clkbuf_16)
     4    0.03    0.05    0.12   10.12 ^ clkbuf_0_clk/X (sky130_fd_sc_hd__clkbuf_16)
                                         clknet_0_clk (net)
                  0.05    0.00   10.12 ^ clkbuf_2_1__f_clk/A (sky130_fd_sc_hd__clkbuf_16)
    22    0.03    0.05    0.14   10.26 ^ clkbuf_2_1__f_clk/X (sky130_fd_sc_hd__clkbuf_16)
                                         clknet_2_1__leaf_clk (net)
                  0.05    0.00   10.26 ^ _332_/CLK (sky130_fd_sc_hd__dfrtp_4)
                          0.00   10.26   clock reconvergence pessimism
                         -0.08   10.18   library setup time
                                 10.18   data required time
-----------------------------------------------------------------------------
                                 10.18   data required time
                                 -1.64   data arrival time
-----------------------------------------------------------------------------
                                  8.55   slack (MET)


Startpoint: _322_ (rising edge-triggered flip-flop clocked by core_clock)
Endpoint: _330_ (rising edge-triggered flip-flop clocked by core_clock)
Path Group: core_clock
Path Type: max

Fanout     Cap    Slew   Delay    Time   Description
-----------------------------------------------------------------------------
                          0.00    0.00   clock core_clock (rise edge)
                          0.00    0.00   clock source latency
     1    0.01    0.00    0.00    0.00 ^ clk (in)
                                         clk (net)
                  0.00    0.00    0.00 ^ clkbuf_0_clk/A (sky130_fd_sc_hd__clkbuf_16)
     4    0.03    0.05    0.12    0.12 ^ clkbuf_0_clk/X (sky130_fd_sc_hd__clkbuf_16)
                                         clknet_0_clk (net)
                  0.05    0.00    0.12 ^ clkbuf_2_1__f_clk/A (sky130_fd_sc_hd__clkbuf_16)
    22    0.03    0.05    0.14    0.26 ^ clkbuf_2_1__f_clk/X (sky130_fd_sc_hd__clkbuf_16)
                                         clknet_2_1__leaf_clk (net)
                  0.05    0.00    0.26 ^ _322_/CLK (sky130_fd_sc_hd__dfrtp_4)
     8    0.01    0.07    0.49    0.74 v _322_/Q (sky130_fd_sc_hd__dfrtp_4)
                                         div.count[2] (net)
                  0.07    0.00    0.74 v _176_/C (sky130_fd_sc_hd__and4_1)
     1    0.00    0.04    0.19    0.93 v _176_/X (sky130_fd_sc_hd__and4_1)
                                         _089_ (net)
                  0.04    0.00    0.93 v _177_/A (sky130_fd_sc_hd__clkbuf_4)
    16    0.02    0.06    0.16    1.09 v _177_/X (sky130_fd_sc_hd__clkbuf_4)
                                         _090_ (net)
                  0.06    0.00    1.09 v _195_/C (sky130_fd_sc_hd__and4_1)
     1    0.00    0.04    0.18    1.28 v _195_/X (sky130_fd_sc_hd__and4_1)
                                         _102_ (net)
                  0.04    0.00    1.28 v _196_/A (sky130_fd_sc_hd__clkbuf_4)
    12    0.02    0.06    0.16    1.44 v _196_/X (sky130_fd_sc_hd__clkbuf_4)
                                         _103_ (net)
                  0.06    0.00    1.44 v _203_/B (sky130_fd_sc_hd__xor2_2)
     2    0.00    0.04    0.14    1.58 v _203_/X (sky130_fd_sc_hd__xor2_2)
                                         _005_ (net)
                  0.04    0.00    1.58 v _330_/D (sky130_fd_sc_hd__dfrtp_4)
                                  1.58   data arrival time

                         10.00   10.00   clock core_clock (rise edge)
                          0.00   10.00   clock source latency
     1    0.01    0.00    0.00   10.00 ^ clk (in)
                                         clk (net)
                  0.00    0.00   10.00 ^ clkbuf_0_clk/A (sky130_fd_sc_hd__clkbuf_16)
     4    0.03    0.05    0.12   10.12 ^ clkbuf_0_clk/X (sky130_fd_sc_hd__clkbuf_16)
                                         clknet_0_clk (net)
                  0.05    0.00   10.12 ^ clkbuf_2_2__f_clk/A (sky130_fd_sc_hd__clkbuf_16)
    14    0.03    0.05    0.14   10.26 ^ clkbuf_2_2__f_clk/X (sky130_fd_sc_hd__clkbuf_16)
                                         clknet_2_2__leaf_clk (net)
                  0.05    0.00   10.26 ^ _330_/CLK (sky130_fd_sc_hd__dfrtp_4)
                          0.00   10.26   clock reconvergence pessimism
                         -0.11   10.14   library setup time
                                 10.14   data required time
-----------------------------------------------------------------------------
                                 10.14   data required time
                                 -1.58   data arrival time
-----------------------------------------------------------------------------
                                  8.56   slack (MET)


Startpoint: _322_ (rising edge-triggered flip-flop clocked by core_clock)
Endpoint: _336_ (rising edge-triggered flip-flop clocked by core_clock)
Path Group: core_clock
Path Type: max

Fanout     Cap    Slew   Delay    Time   Description
-----------------------------------------------------------------------------
                          0.00    0.00   clock core_clock (rise edge)
                          0.00    0.00   clock source latency
     1    0.01    0.00    0.00    0.00 ^ clk (in)
                                         clk (net)
                  0.00    0.00    0.00 ^ clkbuf_0_clk/A (sky130_fd_sc_hd__clkbuf_16)
     4    0.03    0.05    0.12    0.12 ^ clkbuf_0_clk/X (sky130_fd_sc_hd__clkbuf_16)
                                         clknet_0_clk (net)
                  0.05    0.00    0.12 ^ clkbuf_2_1__f_clk/A (sky130_fd_sc_hd__clkbuf_16)
    22    0.03    0.05    0.14    0.26 ^ clkbuf_2_1__f_clk/X (sky130_fd_sc_hd__clkbuf_16)
                                         clknet_2_1__leaf_clk (net)
                  0.05    0.00    0.26 ^ _322_/CLK (sky130_fd_sc_hd__dfrtp_4)
     8    0.01    0.07    0.49    0.74 v _322_/Q (sky130_fd_sc_hd__dfrtp_4)
                                         div.count[2] (net)
                  0.07    0.00    0.74 v _176_/C (sky130_fd_sc_hd__and4_1)
     1    0.00    0.04    0.19    0.93 v _176_/X (sky130_fd_sc_hd__and4_1)
                                         _089_ (net)
                  0.04    0.00    0.93 v _177_/A (sky130_fd_sc_hd__clkbuf_4)
    16    0.02    0.06    0.16    1.09 v _177_/X (sky130_fd_sc_hd__clkbuf_4)
                                         _090_ (net)
                  0.06    0.00    1.09 v _217_/A (sky130_fd_sc_hd__and4_1)
     1    0.00    0.04    0.14    1.24 v _217_/X (sky130_fd_sc_hd__and4_1)
                                         _117_ (net)
                  0.04    0.00    1.24 v _218_/A (sky130_fd_sc_hd__clkbuf_4)
    18    0.03    0.07    0.17    1.41 v _218_/X (sky130_fd_sc_hd__clkbuf_4)
                                         _118_ (net)
                  0.07    0.00    1.41 v _219_/B (sky130_fd_sc_hd__xor2_1)
     1    0.00    0.05    0.14    1.55 v _219_/X (sky130_fd_sc_hd__xor2_1)
                                         _011_ (net)
                  0.05    0.00    1.55 v _336_/D (sky130_fd_sc_hd__dfrtp_4)
                                  1.55   data arrival time

                         10.00   10.00   clock core_clock (rise edge)
                          0.00   10.00   clock source latency
     1    0.01    0.00    0.00   10.00 ^ clk (in)
                                         clk (net)
                  0.00    0.00   10.00 ^ clkbuf_0_clk/A (sky130_fd_sc_hd__clkbuf_16)
     4    0.03    0.05    0.12   10.12 ^ clkbuf_0_clk/X (sky130_fd_sc_hd__clkbuf_16)
                                         clknet_0_clk (net)
                  0.05    0.00   10.12 ^ clkbuf_2_0__f_clk/A (sky130_fd_sc_hd__clkbuf_16)
    18    0.03    0.05    0.14   10.26 ^ clkbuf_2_0__f_clk/X (sky130_fd_sc_hd__clkbuf_16)
                                         clknet_2_0__leaf_clk (net)
                  0.05    0.00   10.26 ^ _336_/CLK (sky130_fd_sc_hd__dfrtp_4)
                          0.00   10.26   clock reconvergence pessimism
                         -0.11   10.14   library setup time
                                 10.14   data required time
-----------------------------------------------------------------------------
                                 10.14   data required time
                                 -1.55   data arrival time
-----------------------------------------------------------------------------
                                  8.59   slack (MET)


Startpoint: _322_ (rising edge-triggered flip-flop clocked by core_clock)
Endpoint: _327_ (rising edge-triggered flip-flop clocked by core_clock)
Path Group: core_clock
Path Type: max

Fanout     Cap    Slew   Delay    Time   Description
-----------------------------------------------------------------------------
                          0.00    0.00   clock core_clock (rise edge)
                          0.00    0.00   clock source latency
     1    0.01    0.00    0.00    0.00 ^ clk (in)
                                         clk (net)
                  0.00    0.00    0.00 ^ clkbuf_0_clk/A (sky130_fd_sc_hd__clkbuf_16)
     4    0.03    0.05    0.12    0.12 ^ clkbuf_0_clk/X (sky130_fd_sc_hd__clkbuf_16)
                                         clknet_0_clk (net)
                  0.05    0.00    0.12 ^ clkbuf_2_1__f_clk/A (sky130_fd_sc_hd__clkbuf_16)
    22    0.03    0.05    0.14    0.26 ^ clkbuf_2_1__f_clk/X (sky130_fd_sc_hd__clkbuf_16)
                                         clknet_2_1__leaf_clk (net)
                  0.05    0.00    0.26 ^ _322_/CLK (sky130_fd_sc_hd__dfrtp_4)
     8    0.01    0.07    0.49    0.74 v _322_/Q (sky130_fd_sc_hd__dfrtp_4)
                                         div.count[2] (net)
                  0.07    0.00    0.74 v _176_/C (sky130_fd_sc_hd__and4_1)
     1    0.00    0.04    0.19    0.93 v _176_/X (sky130_fd_sc_hd__and4_1)
                                         _089_ (net)
                  0.04    0.00    0.93 v _177_/A (sky130_fd_sc_hd__clkbuf_4)
    16    0.02    0.06    0.16    1.09 v _177_/X (sky130_fd_sc_hd__clkbuf_4)
                                         _090_ (net)
                  0.06    0.00    1.09 v _182_/C (sky130_fd_sc_hd__and3_2)
     6    0.01    0.05    0.23    1.32 v _182_/X (sky130_fd_sc_hd__and3_2)
                                         _093_ (net)
                  0.05    0.00    1.32 v _186_/B (sky130_fd_sc_hd__nand2_1)
     4    0.01    0.07    0.08    1.41 ^ _186_/Y (sky130_fd_sc_hd__nand2_1)
                                         _096_ (net)
                  0.07    0.00    1.41 ^ _192_/A2 (sky130_fd_sc_hd__a21oi_1)
     1    0.00    0.04    0.06    1.47 v _192_/Y (sky130_fd_sc_hd__a21oi_1)
                                         _033_ (net)
                  0.04    0.00    1.47 v _327_/D (sky130_fd_sc_hd__dfrtp_2)
                                  1.47   data arrival time

                         10.00   10.00   clock core_clock (rise edge)
                          0.00   10.00   clock source latency
     1    0.01    0.00    0.00   10.00 ^ clk (in)
                                         clk (net)
                  0.00    0.00   10.00 ^ clkbuf_0_clk/A (sky130_fd_sc_hd__clkbuf_16)
     4    0.03    0.05    0.12   10.12 ^ clkbuf_0_clk/X (sky130_fd_sc_hd__clkbuf_16)
                                         clknet_0_clk (net)
                  0.05    0.00   10.12 ^ clkbuf_2_2__f_clk/A (sky130_fd_sc_hd__clkbuf_16)
    14    0.03    0.05    0.14   10.26 ^ clkbuf_2_2__f_clk/X (sky130_fd_sc_hd__clkbuf_16)
                                         clknet_2_2__leaf_clk (net)
                  0.05    0.00   10.26 ^ _327_/CLK (sky130_fd_sc_hd__dfrtp_2)
                          0.00   10.26   clock reconvergence pessimism
                         -0.11   10.14   library setup time
                                 10.14   data required time
-----------------------------------------------------------------------------
                                 10.14   data required time
                                 -1.47   data arrival time
-----------------------------------------------------------------------------
                                  8.68   slack (MET)


Startpoint: _322_ (rising edge-triggered flip-flop clocked by core_clock)
Endpoint: _325_ (rising edge-triggered flip-flop clocked by core_clock)
Path Group: core_clock
Path Type: max

Fanout     Cap    Slew   Delay    Time   Description
-----------------------------------------------------------------------------
                          0.00    0.00   clock core_clock (rise edge)
                          0.00    0.00   clock source latency
     1    0.01    0.00    0.00    0.00 ^ clk (in)
                                         clk (net)
                  0.00    0.00    0.00 ^ clkbuf_0_clk/A (sky130_fd_sc_hd__clkbuf_16)
     4    0.03    0.05    0.12    0.12 ^ clkbuf_0_clk/X (sky130_fd_sc_hd__clkbuf_16)
                                         clknet_0_clk (net)
                  0.05    0.00    0.12 ^ clkbuf_2_1__f_clk/A (sky130_fd_sc_hd__clkbuf_16)
    22    0.03    0.05    0.14    0.26 ^ clkbuf_2_1__f_clk/X (sky130_fd_sc_hd__clkbuf_16)
                                         clknet_2_1__leaf_clk (net)
                  0.05    0.00    0.26 ^ _322_/CLK (sky130_fd_sc_hd__dfrtp_4)
     8    0.01    0.07    0.49    0.74 v _322_/Q (sky130_fd_sc_hd__dfrtp_4)
                                         div.count[2] (net)
                  0.07    0.00    0.74 v _176_/C (sky130_fd_sc_hd__and4_1)
     1    0.00    0.04    0.19    0.93 v _176_/X (sky130_fd_sc_hd__and4_1)
                                         _089_ (net)
                  0.04    0.00    0.93 v _177_/A (sky130_fd_sc_hd__clkbuf_4)
    16    0.02    0.06    0.16    1.09 v _177_/X (sky130_fd_sc_hd__clkbuf_4)
                                         _090_ (net)
                  0.06    0.00    1.09 v _182_/C (sky130_fd_sc_hd__and3_2)
     6    0.01    0.05    0.23    1.32 v _182_/X (sky130_fd_sc_hd__and3_2)
                                         _093_ (net)
                  0.05    0.00    1.32 v _184_/A (sky130_fd_sc_hd__nor2_1)
     1    0.00    0.07    0.09    1.41 ^ _184_/Y (sky130_fd_sc_hd__nor2_1)
                                         _031_ (net)
                  0.07    0.00    1.41 ^ _325_/D (sky130_fd_sc_hd__dfrtp_4)
                                  1.41   data arrival time

                         10.00   10.00   clock core_clock (rise edge)
                          0.00   10.00   clock source latency
     1    0.01    0.00    0.00   10.00 ^ clk (in)
                                         clk (net)
                  0.00    0.00   10.00 ^ clkbuf_0_clk/A (sky130_fd_sc_hd__clkbuf_16)
     4    0.03    0.05    0.12   10.12 ^ clkbuf_0_clk/X (sky130_fd_sc_hd__clkbuf_16)
                                         clknet_0_clk (net)
                  0.05    0.00   10.12 ^ clkbuf_2_2__f_clk/A (sky130_fd_sc_hd__clkbuf_16)
    14    0.03    0.05    0.14   10.26 ^ clkbuf_2_2__f_clk/X (sky130_fd_sc_hd__clkbuf_16)
                                         clknet_2_2__leaf_clk (net)
                  0.05    0.00   10.26 ^ _325_/CLK (sky130_fd_sc_hd__dfrtp_4)
                          0.00   10.26   clock reconvergence pessimism
                         -0.07   10.19   library setup time
                                 10.19   data required time
-----------------------------------------------------------------------------
                                 10.19   data required time
                                 -1.41   data arrival time
-----------------------------------------------------------------------------
                                  8.78   slack (MET)


Startpoint: _322_ (rising edge-triggered flip-flop clocked by core_clock)
Endpoint: _323_ (rising edge-triggered flip-flop clocked by core_clock)
Path Group: core_clock
Path Type: max

Fanout     Cap    Slew   Delay    Time   Description
-----------------------------------------------------------------------------
                          0.00    0.00   clock core_clock (rise edge)
                          0.00    0.00   clock source latency
     1    0.01    0.00    0.00    0.00 ^ clk (in)
                                         clk (net)
                  0.00    0.00    0.00 ^ clkbuf_0_clk/A (sky130_fd_sc_hd__clkbuf_16)
     4    0.03    0.05    0.12    0.12 ^ clkbuf_0_clk/X (sky130_fd_sc_hd__clkbuf_16)
                                         clknet_0_clk (net)
                  0.05    0.00    0.12 ^ clkbuf_2_1__f_clk/A (sky130_fd_sc_hd__clkbuf_16)
    22    0.03    0.05    0.14    0.26 ^ clkbuf_2_1__f_clk/X (sky130_fd_sc_hd__clkbuf_16)
                                         clknet_2_1__leaf_clk (net)
                  0.05    0.00    0.26 ^ _322_/CLK (sky130_fd_sc_hd__dfrtp_4)
     8    0.01    0.07    0.49    0.74 v _322_/Q (sky130_fd_sc_hd__dfrtp_4)
                                         div.count[2] (net)
                  0.07    0.00    0.74 v _176_/C (sky130_fd_sc_hd__and4_1)
     1    0.00    0.04    0.19    0.93 v _176_/X (sky130_fd_sc_hd__and4_1)
                                         _089_ (net)
                  0.04    0.00    0.93 v _177_/A (sky130_fd_sc_hd__clkbuf_4)
    16    0.02    0.06    0.16    1.09 v _177_/X (sky130_fd_sc_hd__clkbuf_4)
                                         _090_ (net)
                  0.06    0.00    1.09 v _179_/A_N (sky130_fd_sc_hd__and2b_1)
     2    0.00    0.05    0.19    1.28 ^ _179_/X (sky130_fd_sc_hd__and2b_1)
                                         _092_ (net)
                  0.05    0.00    1.28 ^ _180_/A (sky130_fd_sc_hd__buf_1)
     1    0.00    0.04    0.07    1.36 ^ _180_/X (sky130_fd_sc_hd__buf_1)
                                         _029_ (net)
                  0.04    0.00    1.36 ^ _323_/D (sky130_fd_sc_hd__dfrtp_2)
                                  1.36   data arrival time

                         10.00   10.00   clock core_clock (rise edge)
                          0.00   10.00   clock source latency
     1    0.01    0.00    0.00   10.00 ^ clk (in)
                                         clk (net)
                  0.00    0.00   10.00 ^ clkbuf_0_clk/A (sky130_fd_sc_hd__clkbuf_16)
     4    0.03    0.05    0.12   10.12 ^ clkbuf_0_clk/X (sky130_fd_sc_hd__clkbuf_16)
                                         clknet_0_clk (net)
                  0.05    0.00   10.12 ^ clkbuf_2_3__f_clk/A (sky130_fd_sc_hd__clkbuf_16)
    18    0.03    0.05    0.14   10.26 ^ clkbuf_2_3__f_clk/X (sky130_fd_sc_hd__clkbuf_16)
                                         clknet_2_3__leaf_clk (net)
                  0.05    0.00   10.26 ^ _323_/CLK (sky130_fd_sc_hd__dfrtp_2)
                          0.00   10.26   clock reconvergence pessimism
                         -0.06   10.20   library setup time
                                 10.20   data required time
-----------------------------------------------------------------------------
                                 10.20   data required time
                                 -1.36   data arrival time
-----------------------------------------------------------------------------
                                  8.84   slack (MET)


Startpoint: _322_ (rising edge-triggered flip-flop clocked by core_clock)
Endpoint: _324_ (rising edge-triggered flip-flop clocked by core_clock)
Path Group: core_clock
Path Type: max

Fanout     Cap    Slew   Delay    Time   Description
-----------------------------------------------------------------------------
                          0.00    0.00   clock core_clock (rise edge)
                          0.00    0.00   clock source latency
     1    0.01    0.00    0.00    0.00 ^ clk (in)
                                         clk (net)
                  0.00    0.00    0.00 ^ clkbuf_0_clk/A (sky130_fd_sc_hd__clkbuf_16)
     4    0.03    0.05    0.12    0.12 ^ clkbuf_0_clk/X (sky130_fd_sc_hd__clkbuf_16)
                                         clknet_0_clk (net)
                  0.05    0.00    0.12 ^ clkbuf_2_1__f_clk/A (sky130_fd_sc_hd__clkbuf_16)
    22    0.03    0.05    0.14    0.26 ^ clkbuf_2_1__f_clk/X (sky130_fd_sc_hd__clkbuf_16)
                                         clknet_2_1__leaf_clk (net)
                  0.05    0.00    0.26 ^ _322_/CLK (sky130_fd_sc_hd__dfrtp_4)
     8    0.01    0.07    0.49    0.74 v _322_/Q (sky130_fd_sc_hd__dfrtp_4)
                                         div.count[2] (net)
                  0.07    0.00    0.74 v _176_/C (sky130_fd_sc_hd__and4_1)
     1    0.00    0.04    0.19    0.93 v _176_/X (sky130_fd_sc_hd__and4_1)
                                         _089_ (net)
                  0.04    0.00    0.93 v _177_/A (sky130_fd_sc_hd__clkbuf_4)
    16    0.02    0.06    0.16    1.09 v _177_/X (sky130_fd_sc_hd__clkbuf_4)
                                         _090_ (net)
                  0.06    0.00    1.09 v _181_/B (sky130_fd_sc_hd__xor2_1)
     1    0.00    0.04    0.14    1.23 v _181_/X (sky130_fd_sc_hd__xor2_1)
                                         _030_ (net)
                  0.04    0.00    1.23 v _324_/D (sky130_fd_sc_hd__dfrtp_4)
                                  1.23   data arrival time

                         10.00   10.00   clock core_clock (rise edge)
                          0.00   10.00   clock source latency
     1    0.01    0.00    0.00   10.00 ^ clk (in)
                                         clk (net)
                  0.00    0.00   10.00 ^ clkbuf_0_clk/A (sky130_fd_sc_hd__clkbuf_16)
     4    0.03    0.05    0.12   10.12 ^ clkbuf_0_clk/X (sky130_fd_sc_hd__clkbuf_16)
                                         clknet_0_clk (net)
                  0.05    0.00   10.12 ^ clkbuf_2_0__f_clk/A (sky130_fd_sc_hd__clkbuf_16)
    18    0.03    0.05    0.14   10.26 ^ clkbuf_2_0__f_clk/X (sky130_fd_sc_hd__clkbuf_16)
                                         clknet_2_0__leaf_clk (net)
                  0.05    0.00   10.26 ^ _324_/CLK (sky130_fd_sc_hd__dfrtp_4)
                          0.00   10.26   clock reconvergence pessimism
                         -0.11   10.15   library setup time
                                 10.15   data required time
-----------------------------------------------------------------------------
                                 10.15   data required time
                                 -1.23   data arrival time
-----------------------------------------------------------------------------
                                  8.91   slack (MET)


Startpoint: _320_ (rising edge-triggered flip-flop clocked by core_clock)
Endpoint: _321_ (rising edge-triggered flip-flop clocked by core_clock)
Path Group: core_clock
Path Type: max

Fanout     Cap    Slew   Delay    Time   Description
-----------------------------------------------------------------------------
                          0.00    0.00   clock core_clock (rise edge)
                          0.00    0.00   clock source latency
     1    0.01    0.00    0.00    0.00 ^ clk (in)
                                         clk (net)
                  0.00    0.00    0.00 ^ clkbuf_0_clk/A (sky130_fd_sc_hd__clkbuf_16)
     4    0.03    0.05    0.12    0.12 ^ clkbuf_0_clk/X (sky130_fd_sc_hd__clkbuf_16)
                                         clknet_0_clk (net)
                  0.05    0.00    0.12 ^ clkbuf_2_0__f_clk/A (sky130_fd_sc_hd__clkbuf_16)
    18    0.03    0.05    0.14    0.26 ^ clkbuf_2_0__f_clk/X (sky130_fd_sc_hd__clkbuf_16)
                                         clknet_2_0__leaf_clk (net)
                  0.05    0.00    0.26 ^ _320_/CLK (sky130_fd_sc_hd__dfrtp_4)
    12    0.02    0.08    0.50    0.75 v _320_/Q (sky130_fd_sc_hd__dfrtp_4)
                                         div.count[0] (net)
                  0.08    0.00    0.75 v _171_/A (sky130_fd_sc_hd__or2_1)
     2    0.00    0.05    0.23    0.98 v _171_/X (sky130_fd_sc_hd__or2_1)
                                         _086_ (net)
                  0.05    0.00    0.98 v _173_/A (sky130_fd_sc_hd__and2_1)
     2    0.00    0.04    0.13    1.12 v _173_/X (sky130_fd_sc_hd__and2_1)
                                         _088_ (net)
                  0.04    0.00    1.12 v _174_/A (sky130_fd_sc_hd__buf_1)
     2    0.00    0.03    0.08    1.20 v _174_/X (sky130_fd_sc_hd__buf_1)
                                         _015_ (net)
                  0.03    0.00    1.20 v _321_/D (sky130_fd_sc_hd__dfrtp_4)
                                  1.20   data arrival time

                         10.00   10.00   clock core_clock (rise edge)
                          0.00   10.00   clock source latency
     1    0.01    0.00    0.00   10.00 ^ clk (in)
                                         clk (net)
                  0.00    0.00   10.00 ^ clkbuf_0_clk/A (sky130_fd_sc_hd__clkbuf_16)
     4    0.03    0.05    0.12   10.12 ^ clkbuf_0_clk/X (sky130_fd_sc_hd__clkbuf_16)
                                         clknet_0_clk (net)
                  0.05    0.00   10.12 ^ clkbuf_2_1__f_clk/A (sky130_fd_sc_hd__clkbuf_16)
    22    0.03    0.05    0.14   10.26 ^ clkbuf_2_1__f_clk/X (sky130_fd_sc_hd__clkbuf_16)
                                         clknet_2_1__leaf_clk (net)
                  0.05    0.00   10.26 ^ _321_/CLK (sky130_fd_sc_hd__dfrtp_4)
                          0.00   10.26   clock reconvergence pessimism
                         -0.10   10.15   library setup time
                                 10.15   data required time
-----------------------------------------------------------------------------
                                 10.15   data required time
                                 -1.20   data arrival time
-----------------------------------------------------------------------------
                                  8.95   slack (MET)


Startpoint: _321_ (rising edge-triggered flip-flop clocked by core_clock)
Endpoint: _322_ (rising edge-triggered flip-flop clocked by core_clock)
Path Group: core_clock
Path Type: max

Fanout     Cap    Slew   Delay    Time   Description
-----------------------------------------------------------------------------
                          0.00    0.00   clock core_clock (rise edge)
                          0.00    0.00   clock source latency
     1    0.01    0.00    0.00    0.00 ^ clk (in)
                                         clk (net)
                  0.00    0.00    0.00 ^ clkbuf_0_clk/A (sky130_fd_sc_hd__clkbuf_16)
     4    0.03    0.05    0.12    0.12 ^ clkbuf_0_clk/X (sky130_fd_sc_hd__clkbuf_16)
                                         clknet_0_clk (net)
                  0.05    0.00    0.12 ^ clkbuf_2_1__f_clk/A (sky130_fd_sc_hd__clkbuf_16)
    22    0.03    0.05    0.14    0.26 ^ clkbuf_2_1__f_clk/X (sky130_fd_sc_hd__clkbuf_16)
                                         clknet_2_1__leaf_clk (net)
                  0.05    0.00    0.26 ^ _321_/CLK (sky130_fd_sc_hd__dfrtp_4)
    10    0.02    0.08    0.49    0.75 v _321_/Q (sky130_fd_sc_hd__dfrtp_4)
                                         div.count[1] (net)
                  0.08    0.00    0.75 v _172_/B (sky130_fd_sc_hd__nand2_2)
     4    0.01    0.06    0.09    0.84 ^ _172_/Y (sky130_fd_sc_hd__nand2_2)
                                         _087_ (net)
                  0.06    0.00    0.84 ^ _175_/B (sky130_fd_sc_hd__xnor2_1)
     2    0.00    0.12    0.11    0.95 ^ _175_/Y (sky130_fd_sc_hd__xnor2_1)
                                         _026_ (net)
                  0.12    0.00    0.95 ^ _322_/D (sky130_fd_sc_hd__dfrtp_4)
                                  0.95   data arrival time

                         10.00   10.00   clock core_clock (rise edge)
                          0.00   10.00   clock source latency
     1    0.01    0.00    0.00   10.00 ^ clk (in)
                                         clk (net)
                  0.00    0.00   10.00 ^ clkbuf_0_clk/A (sky130_fd_sc_hd__clkbuf_16)
     4    0.03    0.05    0.12   10.12 ^ clkbuf_0_clk/X (sky130_fd_sc_hd__clkbuf_16)
                                         clknet_0_clk (net)
                  0.05    0.00   10.12 ^ clkbuf_2_1__f_clk/A (sky130_fd_sc_hd__clkbuf_16)
    22    0.03    0.05    0.14   10.26 ^ clkbuf_2_1__f_clk/X (sky130_fd_sc_hd__clkbuf_16)
                                         clknet_2_1__leaf_clk (net)
                  0.05    0.00   10.26 ^ _322_/CLK (sky130_fd_sc_hd__dfrtp_4)
                          0.00   10.26   clock reconvergence pessimism
                         -0.08   10.18   library setup time
                                 10.18   data required time
-----------------------------------------------------------------------------
                                 10.18   data required time
                                 -0.95   data arrival time
-----------------------------------------------------------------------------
                                  9.23   slack (MET)



worst slack corner Typical: 7.2031
