
===========================================================================
report_checks -path_delay min (Hold)
============================================================================
======================= Typical Corner ===================================

Startpoint: _351_ (rising edge-triggered flip-flop clocked by core_clock)
Endpoint: _351_ (rising edge-triggered flip-flop clocked by core_clock)
Path Group: core_clock
Path Type: min

Fanout     Cap    Slew   Delay    Time   Description
-----------------------------------------------------------------------------
                          0.00    0.00   clock core_clock (rise edge)
                          0.00    0.00   clock source latency
     1    0.01    0.00    0.00    0.00 ^ clk (in)
                                         clk (net)
                  0.00    0.00    0.00 ^ clkbuf_0_clk/A (sky130_fd_sc_hd__clkbuf_16)
     4    0.03    0.05    0.12    0.12 ^ clkbuf_0_clk/X (sky130_fd_sc_hd__clkbuf_16)
                                         clknet_0_clk (net)
                  0.05    0.00    0.12 ^ clkbuf_2_3__f_clk/A (sky130_fd_sc_hd__clkbuf_16)
    18    0.03    0.05    0.14    0.26 ^ clkbuf_2_3__f_clk/X (sky130_fd_sc_hd__clkbuf_16)
                                         clknet_2_3__leaf_clk (net)
                  0.05    0.00    0.26 ^ _351_/CLK (sky130_fd_sc_hd__dfrtp_1)
     2    0.01    0.07    0.34    0.60 ^ _351_/Q (sky130_fd_sc_hd__dfrtp_1)
                                         div.count[31] (net)
                  0.07    0.00    0.60 ^ _260_/A (sky130_fd_sc_hd__xor2_1)
     1    0.00    0.03    0.06    0.66 v _260_/X (sky130_fd_sc_hd__xor2_1)
                                         _028_ (net)
                  0.03    0.00    0.66 v _351_/D (sky130_fd_sc_hd__dfrtp_1)
                                  0.66   data arrival time

                          0.00    0.00   clock core_clock (rise edge)
                          0.00    0.00   clock source latency
     1    0.01    0.00    0.00    0.00 ^ clk (in)
                                         clk (net)
                  0.00    0.00    0.00 ^ clkbuf_0_clk/A (sky130_fd_sc_hd__clkbuf_16)
     4    0.03    0.05    0.12    0.12 ^ clkbuf_0_clk/X (sky130_fd_sc_hd__clkbuf_16)
                                         clknet_0_clk (net)
                  0.05    0.00    0.12 ^ clkbuf_2_3__f_clk/A (sky130_fd_sc_hd__clkbuf_16)
    18    0.03    0.05    0.14    0.26 ^ clkbuf_2_3__f_clk/X (sky130_fd_sc_hd__clkbuf_16)
                                         clknet_2_3__leaf_clk (net)
                  0.05    0.00    0.26 ^ _351_/CLK (sky130_fd_sc_hd__dfrtp_1)
                          0.00    0.26   clock reconvergence pessimism
                         -0.04    0.22   library hold time
                                  0.22   data required time
-----------------------------------------------------------------------------
                                  0.22   data required time
                                 -0.66   data arrival time
-----------------------------------------------------------------------------
                                  0.44   slack (MET)


Startpoint: _350_ (rising edge-triggered flip-flop clocked by core_clock)
Endpoint: _350_ (rising edge-triggered flip-flop clocked by core_clock)
Path Group: core_clock
Path Type: min

Fanout     Cap    Slew   Delay    Time   Description
-----------------------------------------------------------------------------
                          0.00    0.00   clock core_clock (rise edge)
                          0.00    0.00   clock source latency
     1    0.01    0.00    0.00    0.00 ^ clk (in)
                                         clk (net)
                  0.00    0.00    0.00 ^ clkbuf_0_clk/A (sky130_fd_sc_hd__clkbuf_16)
     4    0.03    0.05    0.12    0.12 ^ clkbuf_0_clk/X (sky130_fd_sc_hd__clkbuf_16)
                                         clknet_0_clk (net)
                  0.05    0.00    0.12 ^ clkbuf_2_0__f_clk/A (sky130_fd_sc_hd__clkbuf_16)
    18    0.03    0.05    0.14    0.26 ^ clkbuf_2_0__f_clk/X (sky130_fd_sc_hd__clkbuf_16)
                                         clknet_2_0__leaf_clk (net)
                  0.05    0.00    0.26 ^ _350_/CLK (sky130_fd_sc_hd__dfrtp_2)
     6    0.01    0.07    0.37    0.63 ^ _350_/Q (sky130_fd_sc_hd__dfrtp_2)
                                         div.count[30] (net)
                  0.07    0.00    0.63 ^ _258_/A (sky130_fd_sc_hd__xnor2_1)
     1    0.00    0.03    0.07    0.69 v _258_/Y (sky130_fd_sc_hd__xnor2_1)
                                         _027_ (net)
                  0.03    0.00    0.69 v _350_/D (sky130_fd_sc_hd__dfrtp_2)
                                  0.69   data arrival time

                          0.00    0.00   clock core_clock (rise edge)
                          0.00    0.00   clock source latency
     1    0.01    0.00    0.00    0.00 ^ clk (in)
                                         clk (net)
                  0.00    0.00    0.00 ^ clkbuf_0_clk/A (sky130_fd_sc_hd__clkbuf_16)
     4    0.03    0.05    0.12    0.12 ^ clkbuf_0_clk/X (sky130_fd_sc_hd__clkbuf_16)
                                         clknet_0_clk (net)
                  0.05    0.00    0.12 ^ clkbuf_2_0__f_clk/A (sky130_fd_sc_hd__clkbuf_16)
    18    0.03    0.05    0.14    0.26 ^ clkbuf_2_0__f_clk/X (sky130_fd_sc_hd__clkbuf_16)
                                         clknet_2_0__leaf_clk (net)
                  0.05    0.00    0.26 ^ _350_/CLK (sky130_fd_sc_hd__dfrtp_2)
                          0.00    0.26   clock reconvergence pessimism
                         -0.03    0.22   library hold time
                                  0.22   data required time
-----------------------------------------------------------------------------
                                  0.22   data required time
                                 -0.69   data arrival time
-----------------------------------------------------------------------------
                                  0.47   slack (MET)


Startpoint: _343_ (rising edge-triggered flip-flop clocked by core_clock)
Endpoint: _343_ (rising edge-triggered flip-flop clocked by core_clock)
Path Group: core_clock
Path Type: min

Fanout     Cap    Slew   Delay    Time   Description
-----------------------------------------------------------------------------
                          0.00    0.00   clock core_clock (rise edge)
                          0.00    0.00   clock source latency
     1    0.01    0.00    0.00    0.00 ^ clk (in)
                                         clk (net)
                  0.00    0.00    0.00 ^ clkbuf_0_clk/A (sky130_fd_sc_hd__clkbuf_16)
     4    0.03    0.05    0.12    0.12 ^ clkbuf_0_clk/X (sky130_fd_sc_hd__clkbuf_16)
                                         clknet_0_clk (net)
                  0.05    0.00    0.12 ^ clkbuf_2_1__f_clk/A (sky130_fd_sc_hd__clkbuf_16)
    22    0.03    0.05    0.14    0.26 ^ clkbuf_2_1__f_clk/X (sky130_fd_sc_hd__clkbuf_16)
                                         clknet_2_1__leaf_clk (net)
                  0.05    0.00    0.26 ^ _343_/CLK (sky130_fd_sc_hd__dfrtp_2)
     6    0.01    0.07    0.37    0.63 ^ _343_/Q (sky130_fd_sc_hd__dfrtp_2)
                                         div.count[23] (net)
                  0.07    0.00    0.63 ^ _240_/A (sky130_fd_sc_hd__xnor2_1)
     2    0.00    0.03    0.07    0.70 v _240_/Y (sky130_fd_sc_hd__xnor2_1)
                                         _019_ (net)
                  0.03    0.00    0.70 v _343_/D (sky130_fd_sc_hd__dfrtp_2)
                                  0.70   data arrival time

                          0.00    0.00   clock core_clock (rise edge)
                          0.00    0.00   clock source latency
     1    0.01    0.00    0.00    0.00 ^ clk (in)
                                         clk (net)
                  0.00    0.00    0.00 ^ clkbuf_0_clk/A (sky130_fd_sc_hd__clkbuf_16)
     4    0.03    0.05    0.12    0.12 ^ clkbuf_0_clk/X (sky130_fd_sc_hd__clkbuf_16)
                                         clknet_0_clk (net)
                  0.05    0.00    0.12 ^ clkbuf_2_1__f_clk/A (sky130_fd_sc_hd__clkbuf_16)
    22    0.03    0.05    0.14    0.26 ^ clkbuf_2_1__f_clk/X (sky130_fd_sc_hd__clkbuf_16)
                                         clknet_2_1__leaf_clk (net)
                  0.05    0.00    0.26 ^ _343_/CLK (sky130_fd_sc_hd__dfrtp_2)
                          0.00    0.26   clock reconvergence pessimism
                         -0.04    0.22   library hold time
                                  0.22   data required time
-----------------------------------------------------------------------------
                                  0.22   data required time
                                 -0.70   data arrival time
-----------------------------------------------------------------------------
                                  0.48   slack (MET)


Startpoint: _346_ (rising edge-triggered flip-flop clocked by core_clock)
Endpoint: _346_ (rising edge-triggered flip-flop clocked by core_clock)
Path Group: core_clock
Path Type: min

Fanout     Cap    Slew   Delay    Time   Description
-----------------------------------------------------------------------------
                          0.00    0.00   clock core_clock (rise edge)
                          0.00    0.00   clock source latency
     1    0.01    0.00    0.00    0.00 ^ clk (in)
                                         clk (net)
                  0.00    0.00    0.00 ^ clkbuf_0_clk/A (sky130_fd_sc_hd__clkbuf_16)
     4    0.03    0.05    0.12    0.12 ^ clkbuf_0_clk/X (sky130_fd_sc_hd__clkbuf_16)
                                         clknet_0_clk (net)
                  0.05    0.00    0.12 ^ clkbuf_2_0__f_clk/A (sky130_fd_sc_hd__clkbuf_16)
    18    0.03    0.05    0.14    0.26 ^ clkbuf_2_0__f_clk/X (sky130_fd_sc_hd__clkbuf_16)
                                         clknet_2_0__leaf_clk (net)
                  0.05    0.00    0.26 ^ _346_/CLK (sky130_fd_sc_hd__dfrtp_2)
     8    0.01    0.08    0.38    0.64 ^ _346_/Q (sky130_fd_sc_hd__dfrtp_2)
                                         div.count[26] (net)
                  0.08    0.00    0.64 ^ _248_/A (sky130_fd_sc_hd__xor2_1)
     1    0.00    0.03    0.06    0.70 v _248_/X (sky130_fd_sc_hd__xor2_1)
                                         _022_ (net)
                  0.03    0.00    0.70 v _346_/D (sky130_fd_sc_hd__dfrtp_2)
                                  0.70   data arrival time

                          0.00    0.00   clock core_clock (rise edge)
                          0.00    0.00   clock source latency
     1    0.01    0.00    0.00    0.00 ^ clk (in)
                                         clk (net)
                  0.00    0.00    0.00 ^ clkbuf_0_clk/A (sky130_fd_sc_hd__clkbuf_16)
     4    0.03    0.05    0.12    0.12 ^ clkbuf_0_clk/X (sky130_fd_sc_hd__clkbuf_16)
                                         clknet_0_clk (net)
                  0.05    0.00    0.12 ^ clkbuf_2_0__f_clk/A (sky130_fd_sc_hd__clkbuf_16)
    18    0.03    0.05    0.14    0.26 ^ clkbuf_2_0__f_clk/X (sky130_fd_sc_hd__clkbuf_16)
                                         clknet_2_0__leaf_clk (net)
                  0.05    0.00    0.26 ^ _346_/CLK (sky130_fd_sc_hd__dfrtp_2)
                          0.00    0.26   clock reconvergence pessimism
                         -0.04    0.22   library hold time
                                  0.22   data required time
-----------------------------------------------------------------------------
                                  0.22   data required time
                                 -0.70   data arrival time
-----------------------------------------------------------------------------
                                  0.48   slack (MET)


Startpoint: _333_ (rising edge-triggered flip-flop clocked by core_clock)
Endpoint: _333_ (rising edge-triggered flip-flop clocked by core_clock)
Path Group: core_clock
Path Type: min

Fanout     Cap    Slew   Delay    Time   Description
-----------------------------------------------------------------------------
                          0.00    0.00   clock core_clock (rise edge)
                          0.00    0.00   clock source latency
     1    0.01    0.00    0.00    0.00 ^ clk (in)
                                         clk (net)
                  0.00    0.00    0.00 ^ clkbuf_0_clk/A (sky130_fd_sc_hd__clkbuf_16)
     4    0.03    0.05    0.12    0.12 ^ clkbuf_0_clk/X (sky130_fd_sc_hd__clkbuf_16)
                                         clknet_0_clk (net)
                  0.05    0.00    0.12 ^ clkbuf_2_1__f_clk/A (sky130_fd_sc_hd__clkbuf_16)
    22    0.03    0.05    0.14    0.26 ^ clkbuf_2_1__f_clk/X (sky130_fd_sc_hd__clkbuf_16)
                                         clknet_2_1__leaf_clk (net)
                  0.05    0.00    0.26 ^ _333_/CLK (sky130_fd_sc_hd__dfrtp_2)
     6    0.01    0.06    0.36    0.62 ^ _333_/Q (sky130_fd_sc_hd__dfrtp_2)
                                         div.count[13] (net)
                  0.06    0.00    0.62 ^ _212_/A1 (sky130_fd_sc_hd__o21ba_1)
     1    0.00    0.04    0.12    0.74 ^ _212_/X (sky130_fd_sc_hd__o21ba_1)
                                         _008_ (net)
                  0.04    0.00    0.74 ^ _333_/D (sky130_fd_sc_hd__dfrtp_2)
                                  0.74   data arrival time

                          0.00    0.00   clock core_clock (rise edge)
                          0.00    0.00   clock source latency
     1    0.01    0.00    0.00    0.00 ^ clk (in)
                                         clk (net)
                  0.00    0.00    0.00 ^ clkbuf_0_clk/A (sky130_fd_sc_hd__clkbuf_16)
     4    0.03    0.05    0.12    0.12 ^ clkbuf_0_clk/X (sky130_fd_sc_hd__clkbuf_16)
                                         clknet_0_clk (net)
                  0.05    0.00    0.12 ^ clkbuf_2_1__f_clk/A (sky130_fd_sc_hd__clkbuf_16)
    22    0.03    0.05    0.14    0.26 ^ clkbuf_2_1__f_clk/X (sky130_fd_sc_hd__clkbuf_16)
                                         clknet_2_1__leaf_clk (net)
                  0.05    0.00    0.26 ^ _333_/CLK (sky130_fd_sc_hd__dfrtp_2)
                          0.00    0.26   clock reconvergence pessimism
                         -0.03    0.23   library hold time
                                  0.23   data required time
-----------------------------------------------------------------------------
                                  0.23   data required time
                                 -0.74   data arrival time
-----------------------------------------------------------------------------
                                  0.51   slack (MET)


Startpoint: _347_ (rising edge-triggered flip-flop clocked by core_clock)
Endpoint: _347_ (rising edge-triggered flip-flop clocked by core_clock)
Path Group: core_clock
Path Type: min

Fanout     Cap    Slew   Delay    Time   Description
-----------------------------------------------------------------------------
                          0.00    0.00   clock core_clock (rise edge)
                          0.00    0.00   clock source latency
     1    0.01    0.00    0.00    0.00 ^ clk (in)
                                         clk (net)
                  0.00    0.00    0.00 ^ clkbuf_0_clk/A (sky130_fd_sc_hd__clkbuf_16)
     4    0.03    0.05    0.12    0.12 ^ clkbuf_0_clk/X (sky130_fd_sc_hd__clkbuf_16)
                                         clknet_0_clk (net)
                  0.05    0.00    0.12 ^ clkbuf_2_3__f_clk/A (sky130_fd_sc_hd__clkbuf_16)
    18    0.03    0.05    0.14    0.26 ^ clkbuf_2_3__f_clk/X (sky130_fd_sc_hd__clkbuf_16)
                                         clknet_2_3__leaf_clk (net)
                  0.05    0.00    0.26 ^ _347_/CLK (sky130_fd_sc_hd__dfrtp_1)
     6    0.01    0.09    0.36    0.61 ^ _347_/Q (sky130_fd_sc_hd__dfrtp_1)
                                         div.count[27] (net)
                  0.09    0.00    0.61 ^ _252_/A1 (sky130_fd_sc_hd__o21ba_1)
     1    0.00    0.04    0.13    0.74 ^ _252_/X (sky130_fd_sc_hd__o21ba_1)
                                         _023_ (net)
                  0.04    0.00    0.74 ^ _347_/D (sky130_fd_sc_hd__dfrtp_1)
                                  0.74   data arrival time

                          0.00    0.00   clock core_clock (rise edge)
                          0.00    0.00   clock source latency
     1    0.01    0.00    0.00    0.00 ^ clk (in)
                                         clk (net)
                  0.00    0.00    0.00 ^ clkbuf_0_clk/A (sky130_fd_sc_hd__clkbuf_16)
     4    0.03    0.05    0.12    0.12 ^ clkbuf_0_clk/X (sky130_fd_sc_hd__clkbuf_16)
                                         clknet_0_clk (net)
                  0.05    0.00    0.12 ^ clkbuf_2_3__f_clk/A (sky130_fd_sc_hd__clkbuf_16)
    18    0.03    0.05    0.14    0.26 ^ clkbuf_2_3__f_clk/X (sky130_fd_sc_hd__clkbuf_16)
                                         clknet_2_3__leaf_clk (net)
                  0.05    0.00    0.26 ^ _347_/CLK (sky130_fd_sc_hd__dfrtp_1)
                          0.00    0.26   clock reconvergence pessimism
                         -0.03    0.22   library hold time
                                  0.22   data required time
-----------------------------------------------------------------------------
                                  0.22   data required time
                                 -0.74   data arrival time
-----------------------------------------------------------------------------
                                  0.51   slack (MET)


Startpoint: _332_ (rising edge-triggered flip-flop clocked by core_clock)
Endpoint: _332_ (rising edge-triggered flip-flop clocked by core_clock)
Path Group: core_clock
Path Type: min

Fanout     Cap    Slew   Delay    Time   Description
-----------------------------------------------------------------------------
                          0.00    0.00   clock core_clock (rise edge)
                          0.00    0.00   clock source latency
     1    0.01    0.00    0.00    0.00 ^ clk (in)
                                         clk (net)
                  0.00    0.00    0.00 ^ clkbuf_0_clk/A (sky130_fd_sc_hd__clkbuf_16)
     4    0.03    0.05    0.12    0.12 ^ clkbuf_0_clk/X (sky130_fd_sc_hd__clkbuf_16)
                                         clknet_0_clk (net)
                  0.05    0.00    0.12 ^ clkbuf_2_1__f_clk/A (sky130_fd_sc_hd__clkbuf_16)
    22    0.03    0.05    0.14    0.26 ^ clkbuf_2_1__f_clk/X (sky130_fd_sc_hd__clkbuf_16)
                                         clknet_2_1__leaf_clk (net)
                  0.05    0.00    0.26 ^ _332_/CLK (sky130_fd_sc_hd__dfrtp_4)
     8    0.01    0.07    0.42    0.68 ^ _332_/Q (sky130_fd_sc_hd__dfrtp_4)
                                         div.count[12] (net)
                  0.07    0.00    0.68 ^ _208_/A (sky130_fd_sc_hd__xnor2_1)
     1    0.00    0.03    0.07    0.74 v _208_/Y (sky130_fd_sc_hd__xnor2_1)
                                         _007_ (net)
                  0.03    0.00    0.74 v _332_/D (sky130_fd_sc_hd__dfrtp_4)
                                  0.74   data arrival time

                          0.00    0.00   clock core_clock (rise edge)
                          0.00    0.00   clock source latency
     1    0.01    0.00    0.00    0.00 ^ clk (in)
                                         clk (net)
                  0.00    0.00    0.00 ^ clkbuf_0_clk/A (sky130_fd_sc_hd__clkbuf_16)
     4    0.03    0.05    0.12    0.12 ^ clkbuf_0_clk/X (sky130_fd_sc_hd__clkbuf_16)
                                         clknet_0_clk (net)
                  0.05    0.00    0.12 ^ clkbuf_2_1__f_clk/A (sky130_fd_sc_hd__clkbuf_16)
    22    0.03    0.05    0.14    0.26 ^ clkbuf_2_1__f_clk/X (sky130_fd_sc_hd__clkbuf_16)
                                         clknet_2_1__leaf_clk (net)
                  0.05    0.00    0.26 ^ _332_/CLK (sky130_fd_sc_hd__dfrtp_4)
                          0.00    0.26   clock reconvergence pessimism
                         -0.03    0.22   library hold time
                                  0.22   data required time
-----------------------------------------------------------------------------
                                  0.22   data required time
                                 -0.74   data arrival time
-----------------------------------------------------------------------------
                                  0.52   slack (MET)


Startpoint: _335_ (rising edge-triggered flip-flop clocked by core_clock)
Endpoint: _335_ (rising edge-triggered flip-flop clocked by core_clock)
Path Group: core_clock
Path Type: min

Fanout     Cap    Slew   Delay    Time   Description
-----------------------------------------------------------------------------
                          0.00    0.00   clock core_clock (rise edge)
                          0.00    0.00   clock source latency
     1    0.01    0.00    0.00    0.00 ^ clk (in)
                                         clk (net)
                  0.00    0.00    0.00 ^ clkbuf_0_clk/A (sky130_fd_sc_hd__clkbuf_16)
     4    0.03    0.05    0.12    0.12 ^ clkbuf_0_clk/X (sky130_fd_sc_hd__clkbuf_16)
                                         clknet_0_clk (net)
                  0.05    0.00    0.12 ^ clkbuf_2_3__f_clk/A (sky130_fd_sc_hd__clkbuf_16)
    18    0.03    0.05    0.14    0.26 ^ clkbuf_2_3__f_clk/X (sky130_fd_sc_hd__clkbuf_16)
                                         clknet_2_3__leaf_clk (net)
                  0.05    0.00    0.26 ^ _335_/CLK (sky130_fd_sc_hd__dfrtp_4)
     6    0.01    0.08    0.42    0.68 ^ _335_/Q (sky130_fd_sc_hd__dfrtp_4)
                                         div.count[15] (net)
                  0.08    0.00    0.68 ^ _215_/A (sky130_fd_sc_hd__xnor2_2)
     2    0.00    0.03    0.07    0.75 v _215_/Y (sky130_fd_sc_hd__xnor2_2)
                                         _010_ (net)
                  0.03    0.00    0.75 v _335_/D (sky130_fd_sc_hd__dfrtp_4)
                                  0.75   data arrival time

                          0.00    0.00   clock core_clock (rise edge)
                          0.00    0.00   clock source latency
     1    0.01    0.00    0.00    0.00 ^ clk (in)
                                         clk (net)
                  0.00    0.00    0.00 ^ clkbuf_0_clk/A (sky130_fd_sc_hd__clkbuf_16)
     4    0.03    0.05    0.12    0.12 ^ clkbuf_0_clk/X (sky130_fd_sc_hd__clkbuf_16)
                                         clknet_0_clk (net)
                  0.05    0.00    0.12 ^ clkbuf_2_3__f_clk/A (sky130_fd_sc_hd__clkbuf_16)
    18    0.03    0.05    0.14    0.26 ^ clkbuf_2_3__f_clk/X (sky130_fd_sc_hd__clkbuf_16)
                                         clknet_2_3__leaf_clk (net)
                  0.05    0.00    0.26 ^ _335_/CLK (sky130_fd_sc_hd__dfrtp_4)
                          0.00    0.26   clock reconvergence pessimism
                         -0.03    0.22   library hold time
                                  0.22   data required time
-----------------------------------------------------------------------------
                                  0.22   data required time
                                 -0.75   data arrival time
-----------------------------------------------------------------------------
                                  0.53   slack (MET)


Startpoint: _322_ (rising edge-triggered flip-flop clocked by core_clock)
Endpoint: _322_ (rising edge-triggered flip-flop clocked by core_clock)
Path Group: core_clock
Path Type: min

Fanout     Cap    Slew   Delay    Time   Description
-----------------------------------------------------------------------------
                          0.00    0.00   clock core_clock (rise edge)
                          0.00    0.00   clock source latency
     1    0.01    0.00    0.00    0.00 ^ clk (in)
                                         clk (net)
                  0.00    0.00    0.00 ^ clkbuf_0_clk/A (sky130_fd_sc_hd__clkbuf_16)
     4    0.03    0.05    0.12    0.12 ^ clkbuf_0_clk/X (sky130_fd_sc_hd__clkbuf_16)
                                         clknet_0_clk (net)
                  0.05    0.00    0.12 ^ clkbuf_2_1__f_clk/A (sky130_fd_sc_hd__clkbuf_16)
    22    0.03    0.05    0.14    0.26 ^ clkbuf_2_1__f_clk/X (sky130_fd_sc_hd__clkbuf_16)
                                         clknet_2_1__leaf_clk (net)
                  0.05    0.00    0.26 ^ _322_/CLK (sky130_fd_sc_hd__dfrtp_4)
     8    0.01    0.08    0.42    0.68 ^ _322_/Q (sky130_fd_sc_hd__dfrtp_4)
                                         div.count[2] (net)
                  0.08    0.00    0.68 ^ _175_/A (sky130_fd_sc_hd__xnor2_1)
     2    0.00    0.03    0.07    0.75 v _175_/Y (sky130_fd_sc_hd__xnor2_1)
                                         _026_ (net)
                  0.03    0.00    0.75 v _322_/D (sky130_fd_sc_hd__dfrtp_4)
                                  0.75   data arrival time

                          0.00    0.00   clock core_clock (rise edge)
                          0.00    0.00   clock source latency
     1    0.01    0.00    0.00    0.00 ^ clk (in)
                                         clk (net)
                  0.00    0.00    0.00 ^ clkbuf_0_clk/A (sky130_fd_sc_hd__clkbuf_16)
     4    0.03    0.05    0.12    0.12 ^ clkbuf_0_clk/X (sky130_fd_sc_hd__clkbuf_16)
                                         clknet_0_clk (net)
                  0.05    0.00    0.12 ^ clkbuf_2_1__f_clk/A (sky130_fd_sc_hd__clkbuf_16)
    22    0.03    0.05    0.14    0.26 ^ clkbuf_2_1__f_clk/X (sky130_fd_sc_hd__clkbuf_16)
                                         clknet_2_1__leaf_clk (net)
                  0.05    0.00    0.26 ^ _322_/CLK (sky130_fd_sc_hd__dfrtp_4)
                          0.00    0.26   clock reconvergence pessimism
                         -0.04    0.22   library hold time
                                  0.22   data required time
-----------------------------------------------------------------------------
                                  0.22   data required time
                                 -0.75   data arrival time
-----------------------------------------------------------------------------
                                  0.53   slack (MET)


Startpoint: _328_ (rising edge-triggered flip-flop clocked by core_clock)
Endpoint: _328_ (rising edge-triggered flip-flop clocked by core_clock)
Path Group: core_clock
Path Type: min

Fanout     Cap    Slew   Delay    Time   Description
-----------------------------------------------------------------------------
                          0.00    0.00   clock core_clock (rise edge)
                          0.00    0.00   clock source latency
     1    0.01    0.00    0.00    0.00 ^ clk (in)
                                         clk (net)
                  0.00    0.00    0.00 ^ clkbuf_0_clk/A (sky130_fd_sc_hd__clkbuf_16)
     4    0.03    0.05    0.12    0.12 ^ clkbuf_0_clk/X (sky130_fd_sc_hd__clkbuf_16)
                                         clknet_0_clk (net)
                  0.05    0.00    0.12 ^ clkbuf_2_1__f_clk/A (sky130_fd_sc_hd__clkbuf_16)
    22    0.03    0.05    0.14    0.26 ^ clkbuf_2_1__f_clk/X (sky130_fd_sc_hd__clkbuf_16)
                                         clknet_2_1__leaf_clk (net)
                  0.05    0.00    0.26 ^ _328_/CLK (sky130_fd_sc_hd__dfrtp_4)
    12    0.02    0.09    0.43    0.69 ^ _328_/Q (sky130_fd_sc_hd__dfrtp_4)
                                         div.count[8] (net)
                  0.09    0.00    0.69 ^ _194_/A1 (sky130_fd_sc_hd__a21oi_1)
     1    0.00    0.03    0.06    0.75 v _194_/Y (sky130_fd_sc_hd__a21oi_1)
                                         _034_ (net)
                  0.03    0.00    0.75 v _328_/D (sky130_fd_sc_hd__dfrtp_4)
                                  0.75   data arrival time

                          0.00    0.00   clock core_clock (rise edge)
                          0.00    0.00   clock source latency
     1    0.01    0.00    0.00    0.00 ^ clk (in)
                                         clk (net)
                  0.00    0.00    0.00 ^ clkbuf_0_clk/A (sky130_fd_sc_hd__clkbuf_16)
     4    0.03    0.05    0.12    0.12 ^ clkbuf_0_clk/X (sky130_fd_sc_hd__clkbuf_16)
                                         clknet_0_clk (net)
                  0.05    0.00    0.12 ^ clkbuf_2_1__f_clk/A (sky130_fd_sc_hd__clkbuf_16)
    22    0.03    0.05    0.14    0.26 ^ clkbuf_2_1__f_clk/X (sky130_fd_sc_hd__clkbuf_16)
                                         clknet_2_1__leaf_clk (net)
                  0.05    0.00    0.26 ^ _328_/CLK (sky130_fd_sc_hd__dfrtp_4)
                          0.00    0.26   clock reconvergence pessimism
                         -0.03    0.22   library hold time
                                  0.22   data required time
-----------------------------------------------------------------------------
                                  0.22   data required time
                                 -0.75   data arrival time
-----------------------------------------------------------------------------
                                  0.53   slack (MET)


Startpoint: _356_ (rising edge-triggered flip-flop clocked by core_clock)
Endpoint: _356_ (rising edge-triggered flip-flop clocked by core_clock)
Path Group: core_clock
Path Type: min

Fanout     Cap    Slew   Delay    Time   Description
-----------------------------------------------------------------------------
                          0.00    0.00   clock core_clock (rise edge)
                          0.00    0.00   clock source latency
     1    0.01    0.00    0.00    0.00 ^ clk (in)
                                         clk (net)
                  0.00    0.00    0.00 ^ clkbuf_0_clk/A (sky130_fd_sc_hd__clkbuf_16)
     4    0.03    0.05    0.12    0.12 ^ clkbuf_0_clk/X (sky130_fd_sc_hd__clkbuf_16)
                                         clknet_0_clk (net)
                  0.05    0.00    0.12 ^ clkbuf_2_1__f_clk/A (sky130_fd_sc_hd__clkbuf_16)
    22    0.03    0.05    0.14    0.26 ^ clkbuf_2_1__f_clk/X (sky130_fd_sc_hd__clkbuf_16)
                                         clknet_2_1__leaf_clk (net)
                  0.05    0.00    0.26 ^ _356_/CLK (sky130_fd_sc_hd__dfrtp_4)
    10    0.02    0.08    0.43    0.69 ^ _356_/Q (sky130_fd_sc_hd__dfrtp_4)
                                         counter.clk (net)
                  0.08    0.00    0.69 ^ _168_/A (sky130_fd_sc_hd__xnor2_1)
     1    0.00    0.03    0.07    0.76 v _168_/Y (sky130_fd_sc_hd__xnor2_1)
                                         _073_ (net)
                  0.03    0.00    0.76 v _356_/D (sky130_fd_sc_hd__dfrtp_4)
                                  0.76   data arrival time

                          0.00    0.00   clock core_clock (rise edge)
                          0.00    0.00   clock source latency
     1    0.01    0.00    0.00    0.00 ^ clk (in)
                                         clk (net)
                  0.00    0.00    0.00 ^ clkbuf_0_clk/A (sky130_fd_sc_hd__clkbuf_16)
     4    0.03    0.05    0.12    0.12 ^ clkbuf_0_clk/X (sky130_fd_sc_hd__clkbuf_16)
                                         clknet_0_clk (net)
                  0.05    0.00    0.12 ^ clkbuf_2_1__f_clk/A (sky130_fd_sc_hd__clkbuf_16)
    22    0.03    0.05    0.14    0.26 ^ clkbuf_2_1__f_clk/X (sky130_fd_sc_hd__clkbuf_16)
                                         clknet_2_1__leaf_clk (net)
                  0.05    0.00    0.26 ^ _356_/CLK (sky130_fd_sc_hd__dfrtp_4)
                          0.00    0.26   clock reconvergence pessimism
                         -0.03    0.22   library hold time
                                  0.22   data required time
-----------------------------------------------------------------------------
                                  0.22   data required time
                                 -0.76   data arrival time
-----------------------------------------------------------------------------
                                  0.53   slack (MET)


Startpoint: _324_ (rising edge-triggered flip-flop clocked by core_clock)
Endpoint: _324_ (rising edge-triggered flip-flop clocked by core_clock)
Path Group: core_clock
Path Type: min

Fanout     Cap    Slew   Delay    Time   Description
-----------------------------------------------------------------------------
                          0.00    0.00   clock core_clock (rise edge)
                          0.00    0.00   clock source latency
     1    0.01    0.00    0.00    0.00 ^ clk (in)
                                         clk (net)
                  0.00    0.00    0.00 ^ clkbuf_0_clk/A (sky130_fd_sc_hd__clkbuf_16)
     4    0.03    0.05    0.12    0.12 ^ clkbuf_0_clk/X (sky130_fd_sc_hd__clkbuf_16)
                                         clknet_0_clk (net)
                  0.05    0.00    0.12 ^ clkbuf_2_0__f_clk/A (sky130_fd_sc_hd__clkbuf_16)
    18    0.03    0.05    0.14    0.26 ^ clkbuf_2_0__f_clk/X (sky130_fd_sc_hd__clkbuf_16)
                                         clknet_2_0__leaf_clk (net)
                  0.05    0.00    0.26 ^ _324_/CLK (sky130_fd_sc_hd__dfrtp_4)
    12    0.02    0.09    0.43    0.69 ^ _324_/Q (sky130_fd_sc_hd__dfrtp_4)
                                         div.count[4] (net)
                  0.09    0.00    0.69 ^ _181_/A (sky130_fd_sc_hd__xor2_1)
     1    0.00    0.03    0.07    0.76 v _181_/X (sky130_fd_sc_hd__xor2_1)
                                         _030_ (net)
                  0.03    0.00    0.76 v _324_/D (sky130_fd_sc_hd__dfrtp_4)
                                  0.76   data arrival time

                          0.00    0.00   clock core_clock (rise edge)
                          0.00    0.00   clock source latency
     1    0.01    0.00    0.00    0.00 ^ clk (in)
                                         clk (net)
                  0.00    0.00    0.00 ^ clkbuf_0_clk/A (sky130_fd_sc_hd__clkbuf_16)
     4    0.03    0.05    0.12    0.12 ^ clkbuf_0_clk/X (sky130_fd_sc_hd__clkbuf_16)
                                         clknet_0_clk (net)
                  0.05    0.00    0.12 ^ clkbuf_2_0__f_clk/A (sky130_fd_sc_hd__clkbuf_16)
    18    0.03    0.05    0.14    0.26 ^ clkbuf_2_0__f_clk/X (sky130_fd_sc_hd__clkbuf_16)
                                         clknet_2_0__leaf_clk (net)
                  0.05    0.00    0.26 ^ _324_/CLK (sky130_fd_sc_hd__dfrtp_4)
                          0.00    0.26   clock reconvergence pessimism
                         -0.04    0.22   library hold time
                                  0.22   data required time
-----------------------------------------------------------------------------
                                  0.22   data required time
                                 -0.76   data arrival time
-----------------------------------------------------------------------------
                                  0.54   slack (MET)


Startpoint: _341_ (rising edge-triggered flip-flop clocked by core_clock)
Endpoint: _341_ (rising edge-triggered flip-flop clocked by core_clock)
Path Group: core_clock
Path Type: min

Fanout     Cap    Slew   Delay    Time   Description
-----------------------------------------------------------------------------
                          0.00    0.00   clock core_clock (rise edge)
                          0.00    0.00   clock source latency
     1    0.01    0.00    0.00    0.00 ^ clk (in)
                                         clk (net)
                  0.00    0.00    0.00 ^ clkbuf_0_clk/A (sky130_fd_sc_hd__clkbuf_16)
     4    0.03    0.05    0.12    0.12 ^ clkbuf_0_clk/X (sky130_fd_sc_hd__clkbuf_16)
                                         clknet_0_clk (net)
                  0.05    0.00    0.12 ^ clkbuf_2_1__f_clk/A (sky130_fd_sc_hd__clkbuf_16)
    22    0.03    0.05    0.14    0.26 ^ clkbuf_2_1__f_clk/X (sky130_fd_sc_hd__clkbuf_16)
                                         clknet_2_1__leaf_clk (net)
                  0.05    0.00    0.26 ^ _341_/CLK (sky130_fd_sc_hd__dfrtp_4)
    10    0.02    0.09    0.44    0.69 ^ _341_/Q (sky130_fd_sc_hd__dfrtp_4)
                                         div.count[21] (net)
                  0.09    0.00    0.69 ^ _235_/A (sky130_fd_sc_hd__xor2_1)
     2    0.00    0.04    0.07    0.77 v _235_/X (sky130_fd_sc_hd__xor2_1)
                                         _017_ (net)
                  0.04    0.00    0.77 v _341_/D (sky130_fd_sc_hd__dfrtp_4)
                                  0.77   data arrival time

                          0.00    0.00   clock core_clock (rise edge)
                          0.00    0.00   clock source latency
     1    0.01    0.00    0.00    0.00 ^ clk (in)
                                         clk (net)
                  0.00    0.00    0.00 ^ clkbuf_0_clk/A (sky130_fd_sc_hd__clkbuf_16)
     4    0.03    0.05    0.12    0.12 ^ clkbuf_0_clk/X (sky130_fd_sc_hd__clkbuf_16)
                                         clknet_0_clk (net)
                  0.05    0.00    0.12 ^ clkbuf_2_1__f_clk/A (sky130_fd_sc_hd__clkbuf_16)
    22    0.03    0.05    0.14    0.26 ^ clkbuf_2_1__f_clk/X (sky130_fd_sc_hd__clkbuf_16)
                                         clknet_2_1__leaf_clk (net)
                  0.05    0.00    0.26 ^ _341_/CLK (sky130_fd_sc_hd__dfrtp_4)
                          0.00    0.26   clock reconvergence pessimism
                         -0.04    0.22   library hold time
                                  0.22   data required time
-----------------------------------------------------------------------------
                                  0.22   data required time
                                 -0.77   data arrival time
-----------------------------------------------------------------------------
                                  0.54   slack (MET)


Startpoint: _336_ (rising edge-triggered flip-flop clocked by core_clock)
Endpoint: _336_ (rising edge-triggered flip-flop clocked by core_clock)
Path Group: core_clock
Path Type: min

Fanout     Cap    Slew   Delay    Time   Description
-----------------------------------------------------------------------------
                          0.00    0.00   clock core_clock (rise edge)
                          0.00    0.00   clock source latency
     1    0.01    0.00    0.00    0.00 ^ clk (in)
                                         clk (net)
                  0.00    0.00    0.00 ^ clkbuf_0_clk/A (sky130_fd_sc_hd__clkbuf_16)
     4    0.03    0.05    0.12    0.12 ^ clkbuf_0_clk/X (sky130_fd_sc_hd__clkbuf_16)
                                         clknet_0_clk (net)
                  0.05    0.00    0.12 ^ clkbuf_2_0__f_clk/A (sky130_fd_sc_hd__clkbuf_16)
    18    0.03    0.05    0.14    0.26 ^ clkbuf_2_0__f_clk/X (sky130_fd_sc_hd__clkbuf_16)
                                         clknet_2_0__leaf_clk (net)
                  0.05    0.00    0.26 ^ _336_/CLK (sky130_fd_sc_hd__dfrtp_4)
    12    0.02    0.10    0.44    0.70 ^ _336_/Q (sky130_fd_sc_hd__dfrtp_4)
                                         div.count[16] (net)
                  0.10    0.00    0.70 ^ _219_/A (sky130_fd_sc_hd__xor2_1)
     1    0.00    0.03    0.07    0.77 v _219_/X (sky130_fd_sc_hd__xor2_1)
                                         _011_ (net)
                  0.03    0.00    0.77 v _336_/D (sky130_fd_sc_hd__dfrtp_4)
                                  0.77   data arrival time

                          0.00    0.00   clock core_clock (rise edge)
                          0.00    0.00   clock source latency
     1    0.01    0.00    0.00    0.00 ^ clk (in)
                                         clk (net)
                  0.00    0.00    0.00 ^ clkbuf_0_clk/A (sky130_fd_sc_hd__clkbuf_16)
     4    0.03    0.05    0.12    0.12 ^ clkbuf_0_clk/X (sky130_fd_sc_hd__clkbuf_16)
                                         clknet_0_clk (net)
                  0.05    0.00    0.12 ^ clkbuf_2_0__f_clk/A (sky130_fd_sc_hd__clkbuf_16)
    18    0.03    0.05    0.14    0.26 ^ clkbuf_2_0__f_clk/X (sky130_fd_sc_hd__clkbuf_16)
                                         clknet_2_0__leaf_clk (net)
                  0.05    0.00    0.26 ^ _336_/CLK (sky130_fd_sc_hd__dfrtp_4)
                          0.00    0.26   clock reconvergence pessimism
                         -0.04    0.22   library hold time
                                  0.22   data required time
-----------------------------------------------------------------------------
                                  0.22   data required time
                                 -0.77   data arrival time
-----------------------------------------------------------------------------
                                  0.55   slack (MET)


Startpoint: _327_ (rising edge-triggered flip-flop clocked by core_clock)
Endpoint: _327_ (rising edge-triggered flip-flop clocked by core_clock)
Path Group: core_clock
Path Type: min

Fanout     Cap    Slew   Delay    Time   Description
-----------------------------------------------------------------------------
                          0.00    0.00   clock core_clock (rise edge)
                          0.00    0.00   clock source latency
     1    0.01    0.00    0.00    0.00 ^ clk (in)
                                         clk (net)
                  0.00    0.00    0.00 ^ clkbuf_0_clk/A (sky130_fd_sc_hd__clkbuf_16)
     4    0.03    0.05    0.12    0.12 ^ clkbuf_0_clk/X (sky130_fd_sc_hd__clkbuf_16)
                                         clknet_0_clk (net)
                  0.05    0.00    0.12 ^ clkbuf_2_2__f_clk/A (sky130_fd_sc_hd__clkbuf_16)
    14    0.03    0.05    0.14    0.26 ^ clkbuf_2_2__f_clk/X (sky130_fd_sc_hd__clkbuf_16)
                                         clknet_2_2__leaf_clk (net)
                  0.05    0.00    0.26 ^ _327_/CLK (sky130_fd_sc_hd__dfrtp_2)
     8    0.01    0.06    0.42    0.67 v _327_/Q (sky130_fd_sc_hd__dfrtp_2)
                                         div.count[7] (net)
                  0.06    0.00    0.67 v _189_/A (sky130_fd_sc_hd__inv_2)
     2    0.00    0.03    0.05    0.72 ^ _189_/Y (sky130_fd_sc_hd__inv_2)
                                         _098_ (net)
                  0.03    0.00    0.72 ^ _192_/A1 (sky130_fd_sc_hd__a21oi_1)
     1    0.00    0.03    0.04    0.77 v _192_/Y (sky130_fd_sc_hd__a21oi_1)
                                         _033_ (net)
                  0.03    0.00    0.77 v _327_/D (sky130_fd_sc_hd__dfrtp_2)
                                  0.77   data arrival time

                          0.00    0.00   clock core_clock (rise edge)
                          0.00    0.00   clock source latency
     1    0.01    0.00    0.00    0.00 ^ clk (in)
                                         clk (net)
                  0.00    0.00    0.00 ^ clkbuf_0_clk/A (sky130_fd_sc_hd__clkbuf_16)
     4    0.03    0.05    0.12    0.12 ^ clkbuf_0_clk/X (sky130_fd_sc_hd__clkbuf_16)
                                         clknet_0_clk (net)
                  0.05    0.00    0.12 ^ clkbuf_2_2__f_clk/A (sky130_fd_sc_hd__clkbuf_16)
    14    0.03    0.05    0.14    0.26 ^ clkbuf_2_2__f_clk/X (sky130_fd_sc_hd__clkbuf_16)
                                         clknet_2_2__leaf_clk (net)
                  0.05    0.00    0.26 ^ _327_/CLK (sky130_fd_sc_hd__dfrtp_2)
                          0.00    0.26   clock reconvergence pessimism
                         -0.03    0.22   library hold time
                                  0.22   data required time
-----------------------------------------------------------------------------
                                  0.22   data required time
                                 -0.77   data arrival time
-----------------------------------------------------------------------------
                                  0.55   slack (MET)


Startpoint: _344_ (rising edge-triggered flip-flop clocked by core_clock)
Endpoint: _344_ (rising edge-triggered flip-flop clocked by core_clock)
Path Group: core_clock
Path Type: min

Fanout     Cap    Slew   Delay    Time   Description
-----------------------------------------------------------------------------
                          0.00    0.00   clock core_clock (rise edge)
                          0.00    0.00   clock source latency
     1    0.01    0.00    0.00    0.00 ^ clk (in)
                                         clk (net)
                  0.00    0.00    0.00 ^ clkbuf_0_clk/A (sky130_fd_sc_hd__clkbuf_16)
     4    0.03    0.05    0.12    0.12 ^ clkbuf_0_clk/X (sky130_fd_sc_hd__clkbuf_16)
                                         clknet_0_clk (net)
                  0.05    0.00    0.12 ^ clkbuf_2_3__f_clk/A (sky130_fd_sc_hd__clkbuf_16)
    18    0.03    0.05    0.14    0.26 ^ clkbuf_2_3__f_clk/X (sky130_fd_sc_hd__clkbuf_16)
                                         clknet_2_3__leaf_clk (net)
                  0.05    0.00    0.26 ^ _344_/CLK (sky130_fd_sc_hd__dfrtp_4)
    12    0.02    0.09    0.44    0.70 ^ _344_/Q (sky130_fd_sc_hd__dfrtp_4)
                                         div.count[24] (net)
                  0.09    0.00    0.70 ^ _244_/A (sky130_fd_sc_hd__xor2_1)
     2    0.00    0.04    0.07    0.77 v _244_/X (sky130_fd_sc_hd__xor2_1)
                                         _020_ (net)
                  0.04    0.00    0.77 v _344_/D (sky130_fd_sc_hd__dfrtp_4)
                                  0.77   data arrival time

                          0.00    0.00   clock core_clock (rise edge)
                          0.00    0.00   clock source latency
     1    0.01    0.00    0.00    0.00 ^ clk (in)
                                         clk (net)
                  0.00    0.00    0.00 ^ clkbuf_0_clk/A (sky130_fd_sc_hd__clkbuf_16)
     4    0.03    0.05    0.12    0.12 ^ clkbuf_0_clk/X (sky130_fd_sc_hd__clkbuf_16)
                                         clknet_0_clk (net)
                  0.05    0.00    0.12 ^ clkbuf_2_3__f_clk/A (sky130_fd_sc_hd__clkbuf_16)
    18    0.03    0.05    0.14    0.26 ^ clkbuf_2_3__f_clk/X (sky130_fd_sc_hd__clkbuf_16)
                                         clknet_2_3__leaf_clk (net)
                  0.05    0.00    0.26 ^ _344_/CLK (sky130_fd_sc_hd__dfrtp_4)
                          0.00    0.26   clock reconvergence pessimism
                         -0.04    0.22   library hold time
                                  0.22   data required time
-----------------------------------------------------------------------------
                                  0.22   data required time
                                 -0.77   data arrival time
-----------------------------------------------------------------------------
                                  0.55   slack (MET)


Startpoint: _340_ (rising edge-triggered flip-flop clocked by core_clock)
Endpoint: _340_ (rising edge-triggered flip-flop clocked by core_clock)
Path Group: core_clock
Path Type: min

Fanout     Cap    Slew   Delay    Time   Description
-----------------------------------------------------------------------------
                          0.00    0.00   clock core_clock (rise edge)
                          0.00    0.00   clock source latency
     1    0.01    0.00    0.00    0.00 ^ clk (in)
                                         clk (net)
                  0.00    0.00    0.00 ^ clkbuf_0_clk/A (sky130_fd_sc_hd__clkbuf_16)
     4    0.03    0.05    0.12    0.12 ^ clkbuf_0_clk/X (sky130_fd_sc_hd__clkbuf_16)
                                         clknet_0_clk (net)
                  0.05    0.00    0.12 ^ clkbuf_2_2__f_clk/A (sky130_fd_sc_hd__clkbuf_16)
    14    0.03    0.05    0.14    0.26 ^ clkbuf_2_2__f_clk/X (sky130_fd_sc_hd__clkbuf_16)
                                         clknet_2_2__leaf_clk (net)
                  0.05    0.00    0.26 ^ _340_/CLK (sky130_fd_sc_hd__dfrtp_4)
     8    0.01    0.07    0.41    0.67 ^ _340_/Q (sky130_fd_sc_hd__dfrtp_4)
                                         div.count[20] (net)
                  0.07    0.00    0.67 ^ _233_/B1 (sky130_fd_sc_hd__a21oi_1)
     2    0.00    0.03    0.04    0.71 v _233_/Y (sky130_fd_sc_hd__a21oi_1)
                                         _129_ (net)
                  0.03    0.00    0.71 v _234_/B (sky130_fd_sc_hd__nor2_1)
     1    0.00    0.06    0.07    0.78 ^ _234_/Y (sky130_fd_sc_hd__nor2_1)
                                         _016_ (net)
                  0.06    0.00    0.78 ^ _340_/D (sky130_fd_sc_hd__dfrtp_4)
                                  0.78   data arrival time

                          0.00    0.00   clock core_clock (rise edge)
                          0.00    0.00   clock source latency
     1    0.01    0.00    0.00    0.00 ^ clk (in)
                                         clk (net)
                  0.00    0.00    0.00 ^ clkbuf_0_clk/A (sky130_fd_sc_hd__clkbuf_16)
     4    0.03    0.05    0.12    0.12 ^ clkbuf_0_clk/X (sky130_fd_sc_hd__clkbuf_16)
                                         clknet_0_clk (net)
                  0.05    0.00    0.12 ^ clkbuf_2_2__f_clk/A (sky130_fd_sc_hd__clkbuf_16)
    14    0.03    0.05    0.14    0.26 ^ clkbuf_2_2__f_clk/X (sky130_fd_sc_hd__clkbuf_16)
                                         clknet_2_2__leaf_clk (net)
                  0.05    0.00    0.26 ^ _340_/CLK (sky130_fd_sc_hd__dfrtp_4)
                          0.00    0.26   clock reconvergence pessimism
                         -0.04    0.22   library hold time
                                  0.22   data required time
-----------------------------------------------------------------------------
                                  0.22   data required time
                                 -0.78   data arrival time
-----------------------------------------------------------------------------
                                  0.56   slack (MET)


Startpoint: _330_ (rising edge-triggered flip-flop clocked by core_clock)
Endpoint: _330_ (rising edge-triggered flip-flop clocked by core_clock)
Path Group: core_clock
Path Type: min

Fanout     Cap    Slew   Delay    Time   Description
-----------------------------------------------------------------------------
                          0.00    0.00   clock core_clock (rise edge)
                          0.00    0.00   clock source latency
     1    0.01    0.00    0.00    0.00 ^ clk (in)
                                         clk (net)
                  0.00    0.00    0.00 ^ clkbuf_0_clk/A (sky130_fd_sc_hd__clkbuf_16)
     4    0.03    0.05    0.12    0.12 ^ clkbuf_0_clk/X (sky130_fd_sc_hd__clkbuf_16)
                                         clknet_0_clk (net)
                  0.05    0.00    0.12 ^ clkbuf_2_2__f_clk/A (sky130_fd_sc_hd__clkbuf_16)
    14    0.03    0.05    0.14    0.26 ^ clkbuf_2_2__f_clk/X (sky130_fd_sc_hd__clkbuf_16)
                                         clknet_2_2__leaf_clk (net)
                  0.05    0.00    0.26 ^ _330_/CLK (sky130_fd_sc_hd__dfrtp_4)
    12    0.03    0.11    0.45    0.71 ^ _330_/Q (sky130_fd_sc_hd__dfrtp_4)
                                         div.count[10] (net)
                  0.11    0.00    0.71 ^ _203_/A (sky130_fd_sc_hd__xor2_2)
     2    0.00    0.03    0.07    0.78 v _203_/X (sky130_fd_sc_hd__xor2_2)
                                         _005_ (net)
                  0.03    0.00    0.78 v _330_/D (sky130_fd_sc_hd__dfrtp_4)
                                  0.78   data arrival time

                          0.00    0.00   clock core_clock (rise edge)
                          0.00    0.00   clock source latency
     1    0.01    0.00    0.00    0.00 ^ clk (in)
                                         clk (net)
                  0.00    0.00    0.00 ^ clkbuf_0_clk/A (sky130_fd_sc_hd__clkbuf_16)
     4    0.03    0.05    0.12    0.12 ^ clkbuf_0_clk/X (sky130_fd_sc_hd__clkbuf_16)
                                         clknet_0_clk (net)
                  0.05    0.00    0.12 ^ clkbuf_2_2__f_clk/A (sky130_fd_sc_hd__clkbuf_16)
    14    0.03    0.05    0.14    0.26 ^ clkbuf_2_2__f_clk/X (sky130_fd_sc_hd__clkbuf_16)
                                         clknet_2_2__leaf_clk (net)
                  0.05    0.00    0.26 ^ _330_/CLK (sky130_fd_sc_hd__dfrtp_4)
                          0.00    0.26   clock reconvergence pessimism
                         -0.04    0.22   library hold time
                                  0.22   data required time
-----------------------------------------------------------------------------
                                  0.22   data required time
                                 -0.78   data arrival time
-----------------------------------------------------------------------------
                                  0.56   slack (MET)


Startpoint: _345_ (rising edge-triggered flip-flop clocked by core_clock)
Endpoint: _345_ (rising edge-triggered flip-flop clocked by core_clock)
Path Group: core_clock
Path Type: min

Fanout     Cap    Slew   Delay    Time   Description
-----------------------------------------------------------------------------
                          0.00    0.00   clock core_clock (rise edge)
                          0.00    0.00   clock source latency
     1    0.01    0.00    0.00    0.00 ^ clk (in)
                                         clk (net)
                  0.00    0.00    0.00 ^ clkbuf_0_clk/A (sky130_fd_sc_hd__clkbuf_16)
     4    0.03    0.05    0.12    0.12 ^ clkbuf_0_clk/X (sky130_fd_sc_hd__clkbuf_16)
                                         clknet_0_clk (net)
                  0.05    0.00    0.12 ^ clkbuf_2_3__f_clk/A (sky130_fd_sc_hd__clkbuf_16)
    18    0.03    0.05    0.14    0.26 ^ clkbuf_2_3__f_clk/X (sky130_fd_sc_hd__clkbuf_16)
                                         clknet_2_3__leaf_clk (net)
                  0.05    0.00    0.26 ^ _345_/CLK (sky130_fd_sc_hd__dfrtp_2)
    10    0.02    0.10    0.39    0.65 ^ _345_/Q (sky130_fd_sc_hd__dfrtp_2)
                                         div.count[25] (net)
                  0.10    0.00    0.65 ^ _245_/B1 (sky130_fd_sc_hd__a21oi_2)
     2    0.00    0.03    0.04    0.68 v _245_/Y (sky130_fd_sc_hd__a21oi_2)
                                         _136_ (net)
                  0.03    0.00    0.68 v _247_/A (sky130_fd_sc_hd__nor2_1)
     2    0.00    0.08    0.09    0.78 ^ _247_/Y (sky130_fd_sc_hd__nor2_1)
                                         _021_ (net)
                  0.08    0.00    0.78 ^ _345_/D (sky130_fd_sc_hd__dfrtp_2)
                                  0.78   data arrival time

                          0.00    0.00   clock core_clock (rise edge)
                          0.00    0.00   clock source latency
     1    0.01    0.00    0.00    0.00 ^ clk (in)
                                         clk (net)
                  0.00    0.00    0.00 ^ clkbuf_0_clk/A (sky130_fd_sc_hd__clkbuf_16)
     4    0.03    0.05    0.12    0.12 ^ clkbuf_0_clk/X (sky130_fd_sc_hd__clkbuf_16)
                                         clknet_0_clk (net)
                  0.05    0.00    0.12 ^ clkbuf_2_3__f_clk/A (sky130_fd_sc_hd__clkbuf_16)
    18    0.03    0.05    0.14    0.26 ^ clkbuf_2_3__f_clk/X (sky130_fd_sc_hd__clkbuf_16)
                                         clknet_2_3__leaf_clk (net)
                  0.05    0.00    0.26 ^ _345_/CLK (sky130_fd_sc_hd__dfrtp_2)
                          0.00    0.26   clock reconvergence pessimism
                         -0.04    0.22   library hold time
                                  0.22   data required time
-----------------------------------------------------------------------------
                                  0.22   data required time
                                 -0.78   data arrival time
-----------------------------------------------------------------------------
                                  0.56   slack (MET)


Startpoint: _334_ (rising edge-triggered flip-flop clocked by core_clock)
Endpoint: _334_ (rising edge-triggered flip-flop clocked by core_clock)
Path Group: core_clock
Path Type: min

Fanout     Cap    Slew   Delay    Time   Description
-----------------------------------------------------------------------------
                          0.00    0.00   clock core_clock (rise edge)
                          0.00    0.00   clock source latency
     1    0.01    0.00    0.00    0.00 ^ clk (in)
                                         clk (net)
                  0.00    0.00    0.00 ^ clkbuf_0_clk/A (sky130_fd_sc_hd__clkbuf_16)
     4    0.03    0.05    0.12    0.12 ^ clkbuf_0_clk/X (sky130_fd_sc_hd__clkbuf_16)
                                         clknet_0_clk (net)
                  0.05    0.00    0.12 ^ clkbuf_2_2__f_clk/A (sky130_fd_sc_hd__clkbuf_16)
    14    0.03    0.05    0.14    0.26 ^ clkbuf_2_2__f_clk/X (sky130_fd_sc_hd__clkbuf_16)
                                         clknet_2_2__leaf_clk (net)
                  0.05    0.00    0.26 ^ _334_/CLK (sky130_fd_sc_hd__dfrtp_2)
     8    0.01    0.09    0.38    0.64 ^ _334_/Q (sky130_fd_sc_hd__dfrtp_2)
                                         div.count[14] (net)
                  0.09    0.00    0.64 ^ _214_/A1 (sky130_fd_sc_hd__o211a_1)
     1    0.00    0.04    0.15    0.79 ^ _214_/X (sky130_fd_sc_hd__o211a_1)
                                         _009_ (net)
                  0.04    0.00    0.79 ^ _334_/D (sky130_fd_sc_hd__dfrtp_2)
                                  0.79   data arrival time

                          0.00    0.00   clock core_clock (rise edge)
                          0.00    0.00   clock source latency
     1    0.01    0.00    0.00    0.00 ^ clk (in)
                                         clk (net)
                  0.00    0.00    0.00 ^ clkbuf_0_clk/A (sky130_fd_sc_hd__clkbuf_16)
     4    0.03    0.05    0.12    0.12 ^ clkbuf_0_clk/X (sky130_fd_sc_hd__clkbuf_16)
                                         clknet_0_clk (net)
                  0.05    0.00    0.12 ^ clkbuf_2_2__f_clk/A (sky130_fd_sc_hd__clkbuf_16)
    14    0.03    0.05    0.14    0.26 ^ clkbuf_2_2__f_clk/X (sky130_fd_sc_hd__clkbuf_16)
                                         clknet_2_2__leaf_clk (net)
                  0.05    0.00    0.26 ^ _334_/CLK (sky130_fd_sc_hd__dfrtp_2)
                          0.00    0.26   clock reconvergence pessimism
                         -0.03    0.22   library hold time
                                  0.22   data required time
-----------------------------------------------------------------------------
                                  0.22   data required time
                                 -0.79   data arrival time
-----------------------------------------------------------------------------
                                  0.56   slack (MET)


Startpoint: _325_ (rising edge-triggered flip-flop clocked by core_clock)
Endpoint: _325_ (rising edge-triggered flip-flop clocked by core_clock)
Path Group: core_clock
Path Type: min

Fanout     Cap    Slew   Delay    Time   Description
-----------------------------------------------------------------------------
                          0.00    0.00   clock core_clock (rise edge)
                          0.00    0.00   clock source latency
     1    0.01    0.00    0.00    0.00 ^ clk (in)
                                         clk (net)
                  0.00    0.00    0.00 ^ clkbuf_0_clk/A (sky130_fd_sc_hd__clkbuf_16)
     4    0.03    0.05    0.12    0.12 ^ clkbuf_0_clk/X (sky130_fd_sc_hd__clkbuf_16)
                                         clknet_0_clk (net)
                  0.05    0.00    0.12 ^ clkbuf_2_2__f_clk/A (sky130_fd_sc_hd__clkbuf_16)
    14    0.03    0.05    0.14    0.26 ^ clkbuf_2_2__f_clk/X (sky130_fd_sc_hd__clkbuf_16)
                                         clknet_2_2__leaf_clk (net)
                  0.05    0.00    0.26 ^ _325_/CLK (sky130_fd_sc_hd__dfrtp_4)
    10    0.01    0.08    0.42    0.67 ^ _325_/Q (sky130_fd_sc_hd__dfrtp_4)
                                         div.count[5] (net)
                  0.08    0.00    0.67 ^ _183_/B1 (sky130_fd_sc_hd__a21oi_1)
     2    0.00    0.03    0.05    0.72 v _183_/Y (sky130_fd_sc_hd__a21oi_1)
                                         _094_ (net)
                  0.03    0.00    0.72 v _184_/B (sky130_fd_sc_hd__nor2_1)
     1    0.00    0.06    0.07    0.79 ^ _184_/Y (sky130_fd_sc_hd__nor2_1)
                                         _031_ (net)
                  0.06    0.00    0.79 ^ _325_/D (sky130_fd_sc_hd__dfrtp_4)
                                  0.79   data arrival time

                          0.00    0.00   clock core_clock (rise edge)
                          0.00    0.00   clock source latency
     1    0.01    0.00    0.00    0.00 ^ clk (in)
                                         clk (net)
                  0.00    0.00    0.00 ^ clkbuf_0_clk/A (sky130_fd_sc_hd__clkbuf_16)
     4    0.03    0.05    0.12    0.12 ^ clkbuf_0_clk/X (sky130_fd_sc_hd__clkbuf_16)
                                         clknet_0_clk (net)
                  0.05    0.00    0.12 ^ clkbuf_2_2__f_clk/A (sky130_fd_sc_hd__clkbuf_16)
    14    0.03    0.05    0.14    0.26 ^ clkbuf_2_2__f_clk/X (sky130_fd_sc_hd__clkbuf_16)
                                         clknet_2_2__leaf_clk (net)
                  0.05    0.00    0.26 ^ _325_/CLK (sky130_fd_sc_hd__dfrtp_4)
                          0.00    0.26   clock reconvergence pessimism
                         -0.04    0.22   library hold time
                                  0.22   data required time
-----------------------------------------------------------------------------
                                  0.22   data required time
                                 -0.79   data arrival time
-----------------------------------------------------------------------------
                                  0.57   slack (MET)


Startpoint: _349_ (rising edge-triggered flip-flop clocked by core_clock)
Endpoint: _349_ (rising edge-triggered flip-flop clocked by core_clock)
Path Group: core_clock
Path Type: min

Fanout     Cap    Slew   Delay    Time   Description
-----------------------------------------------------------------------------
                          0.00    0.00   clock core_clock (rise edge)
                          0.00    0.00   clock source latency
     1    0.01    0.00    0.00    0.00 ^ clk (in)
                                         clk (net)
                  0.00    0.00    0.00 ^ clkbuf_0_clk/A (sky130_fd_sc_hd__clkbuf_16)
     4    0.03    0.05    0.12    0.12 ^ clkbuf_0_clk/X (sky130_fd_sc_hd__clkbuf_16)
                                         clknet_0_clk (net)
                  0.05    0.00    0.12 ^ clkbuf_2_3__f_clk/A (sky130_fd_sc_hd__clkbuf_16)
    18    0.03    0.05    0.14    0.26 ^ clkbuf_2_3__f_clk/X (sky130_fd_sc_hd__clkbuf_16)
                                         clknet_2_3__leaf_clk (net)
                  0.05    0.00    0.26 ^ _349_/CLK (sky130_fd_sc_hd__dfrtp_4)
     8    0.01    0.08    0.42    0.68 ^ _349_/Q (sky130_fd_sc_hd__dfrtp_4)
                                         div.count[29] (net)
                  0.08    0.00    0.68 ^ _257_/A1 (sky130_fd_sc_hd__o21a_1)
     2    0.00    0.04    0.12    0.80 ^ _257_/X (sky130_fd_sc_hd__o21a_1)
                                         _025_ (net)
                  0.04    0.00    0.80 ^ _349_/D (sky130_fd_sc_hd__dfrtp_4)
                                  0.80   data arrival time

                          0.00    0.00   clock core_clock (rise edge)
                          0.00    0.00   clock source latency
     1    0.01    0.00    0.00    0.00 ^ clk (in)
                                         clk (net)
                  0.00    0.00    0.00 ^ clkbuf_0_clk/A (sky130_fd_sc_hd__clkbuf_16)
     4    0.03    0.05    0.12    0.12 ^ clkbuf_0_clk/X (sky130_fd_sc_hd__clkbuf_16)
                                         clknet_0_clk (net)
                  0.05    0.00    0.12 ^ clkbuf_2_3__f_clk/A (sky130_fd_sc_hd__clkbuf_16)
    18    0.03    0.05    0.14    0.26 ^ clkbuf_2_3__f_clk/X (sky130_fd_sc_hd__clkbuf_16)
                                         clknet_2_3__leaf_clk (net)
                  0.05    0.00    0.26 ^ _349_/CLK (sky130_fd_sc_hd__dfrtp_4)
                          0.00    0.26   clock reconvergence pessimism
                         -0.03    0.22   library hold time
                                  0.22   data required time
-----------------------------------------------------------------------------
                                  0.22   data required time
                                 -0.80   data arrival time
-----------------------------------------------------------------------------
                                  0.58   slack (MET)


Startpoint: _348_ (rising edge-triggered flip-flop clocked by core_clock)
Endpoint: _348_ (rising edge-triggered flip-flop clocked by core_clock)
Path Group: core_clock
Path Type: min

Fanout     Cap    Slew   Delay    Time   Description
-----------------------------------------------------------------------------
                          0.00    0.00   clock core_clock (rise edge)
                          0.00    0.00   clock source latency
     1    0.01    0.00    0.00    0.00 ^ clk (in)
                                         clk (net)
                  0.00    0.00    0.00 ^ clkbuf_0_clk/A (sky130_fd_sc_hd__clkbuf_16)
     4    0.03    0.05    0.12    0.12 ^ clkbuf_0_clk/X (sky130_fd_sc_hd__clkbuf_16)
                                         clknet_0_clk (net)
                  0.05    0.00    0.12 ^ clkbuf_2_1__f_clk/A (sky130_fd_sc_hd__clkbuf_16)
    22    0.03    0.05    0.14    0.26 ^ clkbuf_2_1__f_clk/X (sky130_fd_sc_hd__clkbuf_16)
                                         clknet_2_1__leaf_clk (net)
                  0.05    0.00    0.26 ^ _348_/CLK (sky130_fd_sc_hd__dfrtp_4)
    12    0.02    0.09    0.43    0.69 ^ _348_/Q (sky130_fd_sc_hd__dfrtp_4)
                                         div.count[28] (net)
                  0.09    0.00    0.69 ^ _254_/A (sky130_fd_sc_hd__nor2_1)
     2    0.00    0.03    0.05    0.75 v _254_/Y (sky130_fd_sc_hd__nor2_1)
                                         _142_ (net)
                  0.03    0.00    0.75 v _255_/B (sky130_fd_sc_hd__nor2_1)
     1    0.00    0.06    0.07    0.82 ^ _255_/Y (sky130_fd_sc_hd__nor2_1)
                                         _024_ (net)
                  0.06    0.00    0.82 ^ _348_/D (sky130_fd_sc_hd__dfrtp_4)
                                  0.82   data arrival time

                          0.00    0.00   clock core_clock (rise edge)
                          0.00    0.00   clock source latency
     1    0.01    0.00    0.00    0.00 ^ clk (in)
                                         clk (net)
                  0.00    0.00    0.00 ^ clkbuf_0_clk/A (sky130_fd_sc_hd__clkbuf_16)
     4    0.03    0.05    0.12    0.12 ^ clkbuf_0_clk/X (sky130_fd_sc_hd__clkbuf_16)
                                         clknet_0_clk (net)
                  0.05    0.00    0.12 ^ clkbuf_2_1__f_clk/A (sky130_fd_sc_hd__clkbuf_16)
    22    0.03    0.05    0.14    0.26 ^ clkbuf_2_1__f_clk/X (sky130_fd_sc_hd__clkbuf_16)
                                         clknet_2_1__leaf_clk (net)
                  0.05    0.00    0.26 ^ _348_/CLK (sky130_fd_sc_hd__dfrtp_4)
                          0.00    0.26   clock reconvergence pessimism
                         -0.04    0.22   library hold time
                                  0.22   data required time
-----------------------------------------------------------------------------
                                  0.22   data required time
                                 -0.82   data arrival time
-----------------------------------------------------------------------------
                                  0.59   slack (MET)


Startpoint: _337_ (rising edge-triggered flip-flop clocked by core_clock)
Endpoint: _337_ (rising edge-triggered flip-flop clocked by core_clock)
Path Group: core_clock
Path Type: min

Fanout     Cap    Slew   Delay    Time   Description
-----------------------------------------------------------------------------
                          0.00    0.00   clock core_clock (rise edge)
                          0.00    0.00   clock source latency
     1    0.01    0.00    0.00    0.00 ^ clk (in)
                                         clk (net)
                  0.00    0.00    0.00 ^ clkbuf_0_clk/A (sky130_fd_sc_hd__clkbuf_16)
     4    0.03    0.05    0.12    0.12 ^ clkbuf_0_clk/X (sky130_fd_sc_hd__clkbuf_16)
                                         clknet_0_clk (net)
                  0.05    0.00    0.12 ^ clkbuf_2_2__f_clk/A (sky130_fd_sc_hd__clkbuf_16)
    14    0.03    0.05    0.14    0.26 ^ clkbuf_2_2__f_clk/X (sky130_fd_sc_hd__clkbuf_16)
                                         clknet_2_2__leaf_clk (net)
                  0.05    0.00    0.26 ^ _337_/CLK (sky130_fd_sc_hd__dfrtp_4)
    10    0.02    0.08    0.43    0.68 ^ _337_/Q (sky130_fd_sc_hd__dfrtp_4)
                                         div.count[17] (net)
                  0.08    0.00    0.68 ^ _220_/B1 (sky130_fd_sc_hd__a21oi_1)
     1    0.00    0.04    0.05    0.73 v _220_/Y (sky130_fd_sc_hd__a21oi_1)
                                         _119_ (net)
                  0.04    0.00    0.73 v _222_/A (sky130_fd_sc_hd__nor2_2)
     2    0.00    0.06    0.09    0.82 ^ _222_/Y (sky130_fd_sc_hd__nor2_2)
                                         _012_ (net)
                  0.06    0.00    0.82 ^ _337_/D (sky130_fd_sc_hd__dfrtp_4)
                                  0.82   data arrival time

                          0.00    0.00   clock core_clock (rise edge)
                          0.00    0.00   clock source latency
     1    0.01    0.00    0.00    0.00 ^ clk (in)
                                         clk (net)
                  0.00    0.00    0.00 ^ clkbuf_0_clk/A (sky130_fd_sc_hd__clkbuf_16)
     4    0.03    0.05    0.12    0.12 ^ clkbuf_0_clk/X (sky130_fd_sc_hd__clkbuf_16)
                                         clknet_0_clk (net)
                  0.05    0.00    0.12 ^ clkbuf_2_2__f_clk/A (sky130_fd_sc_hd__clkbuf_16)
    14    0.03    0.05    0.14    0.26 ^ clkbuf_2_2__f_clk/X (sky130_fd_sc_hd__clkbuf_16)
                                         clknet_2_2__leaf_clk (net)
                  0.05    0.00    0.26 ^ _337_/CLK (sky130_fd_sc_hd__dfrtp_4)
                          0.00    0.26   clock reconvergence pessimism
                         -0.04    0.22   library hold time
                                  0.22   data required time
-----------------------------------------------------------------------------
                                  0.22   data required time
                                 -0.82   data arrival time
-----------------------------------------------------------------------------
                                  0.61   slack (MET)


Startpoint: _323_ (rising edge-triggered flip-flop clocked by core_clock)
Endpoint: _323_ (rising edge-triggered flip-flop clocked by core_clock)
Path Group: core_clock
Path Type: min

Fanout     Cap    Slew   Delay    Time   Description
-----------------------------------------------------------------------------
                          0.00    0.00   clock core_clock (rise edge)
                          0.00    0.00   clock source latency
     1    0.01    0.00    0.00    0.00 ^ clk (in)
                                         clk (net)
                  0.00    0.00    0.00 ^ clkbuf_0_clk/A (sky130_fd_sc_hd__clkbuf_16)
     4    0.03    0.05    0.12    0.12 ^ clkbuf_0_clk/X (sky130_fd_sc_hd__clkbuf_16)
                                         clknet_0_clk (net)
                  0.05    0.00    0.12 ^ clkbuf_2_3__f_clk/A (sky130_fd_sc_hd__clkbuf_16)
    18    0.03    0.05    0.14    0.26 ^ clkbuf_2_3__f_clk/X (sky130_fd_sc_hd__clkbuf_16)
                                         clknet_2_3__leaf_clk (net)
                  0.05    0.00    0.26 ^ _323_/CLK (sky130_fd_sc_hd__dfrtp_2)
     6    0.01    0.06    0.36    0.62 ^ _323_/Q (sky130_fd_sc_hd__dfrtp_2)
                                         div.count[3] (net)
                  0.06    0.00    0.62 ^ _178_/B1 (sky130_fd_sc_hd__a31o_1)
     1    0.00    0.03    0.08    0.70 ^ _178_/X (sky130_fd_sc_hd__a31o_1)
                                         _091_ (net)
                  0.03    0.00    0.70 ^ _179_/B (sky130_fd_sc_hd__and2b_1)
     2    0.00    0.05    0.11    0.81 ^ _179_/X (sky130_fd_sc_hd__and2b_1)
                                         _092_ (net)
                  0.05    0.00    0.81 ^ _180_/A (sky130_fd_sc_hd__buf_1)
     1    0.00    0.04    0.07    0.89 ^ _180_/X (sky130_fd_sc_hd__buf_1)
                                         _029_ (net)
                  0.04    0.00    0.89 ^ _323_/D (sky130_fd_sc_hd__dfrtp_2)
                                  0.89   data arrival time

                          0.00    0.00   clock core_clock (rise edge)
                          0.00    0.00   clock source latency
     1    0.01    0.00    0.00    0.00 ^ clk (in)
                                         clk (net)
                  0.00    0.00    0.00 ^ clkbuf_0_clk/A (sky130_fd_sc_hd__clkbuf_16)
     4    0.03    0.05    0.12    0.12 ^ clkbuf_0_clk/X (sky130_fd_sc_hd__clkbuf_16)
                                         clknet_0_clk (net)
                  0.05    0.00    0.12 ^ clkbuf_2_3__f_clk/A (sky130_fd_sc_hd__clkbuf_16)
    18    0.03    0.05    0.14    0.26 ^ clkbuf_2_3__f_clk/X (sky130_fd_sc_hd__clkbuf_16)
                                         clknet_2_3__leaf_clk (net)
                  0.05    0.00    0.26 ^ _323_/CLK (sky130_fd_sc_hd__dfrtp_2)
                          0.00    0.26   clock reconvergence pessimism
                         -0.03    0.22   library hold time
                                  0.22   data required time
-----------------------------------------------------------------------------
                                  0.22   data required time
                                 -0.89   data arrival time
-----------------------------------------------------------------------------
                                  0.66   slack (MET)


Startpoint: _329_ (rising edge-triggered flip-flop clocked by core_clock)
Endpoint: _329_ (rising edge-triggered flip-flop clocked by core_clock)
Path Group: core_clock
Path Type: min

Fanout     Cap    Slew   Delay    Time   Description
-----------------------------------------------------------------------------
                          0.00    0.00   clock core_clock (rise edge)
                          0.00    0.00   clock source latency
     1    0.01    0.00    0.00    0.00 ^ clk (in)
                                         clk (net)
                  0.00    0.00    0.00 ^ clkbuf_0_clk/A (sky130_fd_sc_hd__clkbuf_16)
     4    0.03    0.05    0.12    0.12 ^ clkbuf_0_clk/X (sky130_fd_sc_hd__clkbuf_16)
                                         clknet_0_clk (net)
                  0.05    0.00    0.12 ^ clkbuf_2_1__f_clk/A (sky130_fd_sc_hd__clkbuf_16)
    22    0.03    0.05    0.14    0.26 ^ clkbuf_2_1__f_clk/X (sky130_fd_sc_hd__clkbuf_16)
                                         clknet_2_1__leaf_clk (net)
                  0.05    0.00    0.26 ^ _329_/CLK (sky130_fd_sc_hd__dfrtp_4)
     8    0.01    0.07    0.41    0.67 ^ _329_/Q (sky130_fd_sc_hd__dfrtp_4)
                                         div.count[9] (net)
                  0.07    0.00    0.67 ^ _200_/B1 (sky130_fd_sc_hd__a31o_1)
     2    0.00    0.05    0.10    0.77 ^ _200_/X (sky130_fd_sc_hd__a31o_1)
                                         _107_ (net)
                  0.05    0.00    0.77 ^ _201_/B (sky130_fd_sc_hd__nand2_1)
     1    0.00    0.03    0.05    0.82 v _201_/Y (sky130_fd_sc_hd__nand2_1)
                                         _108_ (net)
                  0.03    0.00    0.82 v _202_/B (sky130_fd_sc_hd__nor2_1)
     1    0.00    0.06    0.07    0.88 ^ _202_/Y (sky130_fd_sc_hd__nor2_1)
                                         _035_ (net)
                  0.06    0.00    0.88 ^ _329_/D (sky130_fd_sc_hd__dfrtp_4)
                                  0.88   data arrival time

                          0.00    0.00   clock core_clock (rise edge)
                          0.00    0.00   clock source latency
     1    0.01    0.00    0.00    0.00 ^ clk (in)
                                         clk (net)
                  0.00    0.00    0.00 ^ clkbuf_0_clk/A (sky130_fd_sc_hd__clkbuf_16)
     4    0.03    0.05    0.12    0.12 ^ clkbuf_0_clk/X (sky130_fd_sc_hd__clkbuf_16)
                                         clknet_0_clk (net)
                  0.05    0.00    0.12 ^ clkbuf_2_1__f_clk/A (sky130_fd_sc_hd__clkbuf_16)
    22    0.03    0.05    0.14    0.26 ^ clkbuf_2_1__f_clk/X (sky130_fd_sc_hd__clkbuf_16)
                                         clknet_2_1__leaf_clk (net)
                  0.05    0.00    0.26 ^ _329_/CLK (sky130_fd_sc_hd__dfrtp_4)
                          0.00    0.26   clock reconvergence pessimism
                         -0.04    0.22   library hold time
                                  0.22   data required time
-----------------------------------------------------------------------------
                                  0.22   data required time
                                 -0.88   data arrival time
-----------------------------------------------------------------------------
                                  0.66   slack (MET)


Startpoint: _320_ (rising edge-triggered flip-flop clocked by core_clock)
Endpoint: _320_ (rising edge-triggered flip-flop clocked by core_clock)
Path Group: core_clock
Path Type: min

Fanout     Cap    Slew   Delay    Time   Description
-----------------------------------------------------------------------------
                          0.00    0.00   clock core_clock (rise edge)
                          0.00    0.00   clock source latency
     1    0.01    0.00    0.00    0.00 ^ clk (in)
                                         clk (net)
                  0.00    0.00    0.00 ^ clkbuf_0_clk/A (sky130_fd_sc_hd__clkbuf_16)
     4    0.03    0.05    0.12    0.12 ^ clkbuf_0_clk/X (sky130_fd_sc_hd__clkbuf_16)
                                         clknet_0_clk (net)
                  0.05    0.00    0.12 ^ clkbuf_2_0__f_clk/A (sky130_fd_sc_hd__clkbuf_16)
    18    0.03    0.05    0.14    0.26 ^ clkbuf_2_0__f_clk/X (sky130_fd_sc_hd__clkbuf_16)
                                         clknet_2_0__leaf_clk (net)
                  0.05    0.00    0.26 ^ _320_/CLK (sky130_fd_sc_hd__dfrtp_4)
    12    0.02    0.09    0.43    0.69 ^ _320_/Q (sky130_fd_sc_hd__dfrtp_4)
                                         div.count[0] (net)
                  0.09    0.00    0.69 ^ _169_/A_N (sky130_fd_sc_hd__and2b_1)
     2    0.00    0.03    0.18    0.87 v _169_/X (sky130_fd_sc_hd__and2b_1)
                                         _085_ (net)
                  0.03    0.00    0.87 v _170_/A (sky130_fd_sc_hd__clkbuf_1)
     1    0.00    0.02    0.08    0.95 v _170_/X (sky130_fd_sc_hd__clkbuf_1)
                                         _004_ (net)
                  0.02    0.00    0.95 v _320_/D (sky130_fd_sc_hd__dfrtp_4)
                                  0.95   data arrival time

                          0.00    0.00   clock core_clock (rise edge)
                          0.00    0.00   clock source latency
     1    0.01    0.00    0.00    0.00 ^ clk (in)
                                         clk (net)
                  0.00    0.00    0.00 ^ clkbuf_0_clk/A (sky130_fd_sc_hd__clkbuf_16)
     4    0.03    0.05    0.12    0.12 ^ clkbuf_0_clk/X (sky130_fd_sc_hd__clkbuf_16)
                                         clknet_0_clk (net)
                  0.05    0.00    0.12 ^ clkbuf_2_0__f_clk/A (sky130_fd_sc_hd__clkbuf_16)
    18    0.03    0.05    0.14    0.26 ^ clkbuf_2_0__f_clk/X (sky130_fd_sc_hd__clkbuf_16)
                                         clknet_2_0__leaf_clk (net)
                  0.05    0.00    0.26 ^ _320_/CLK (sky130_fd_sc_hd__dfrtp_4)
                          0.00    0.26   clock reconvergence pessimism
                         -0.03    0.23   library hold time
                                  0.23   data required time
-----------------------------------------------------------------------------
                                  0.23   data required time
                                 -0.95   data arrival time
-----------------------------------------------------------------------------
                                  0.73   slack (MET)


Startpoint: _338_ (rising edge-triggered flip-flop clocked by core_clock)
Endpoint: _338_ (rising edge-triggered flip-flop clocked by core_clock)
Path Group: core_clock
Path Type: min

Fanout     Cap    Slew   Delay    Time   Description
-----------------------------------------------------------------------------
                          0.00    0.00   clock core_clock (rise edge)
                          0.00    0.00   clock source latency
     1    0.01    0.00    0.00    0.00 ^ clk (in)
                                         clk (net)
                  0.00    0.00    0.00 ^ clkbuf_0_clk/A (sky130_fd_sc_hd__clkbuf_16)
     4    0.03    0.05    0.12    0.12 ^ clkbuf_0_clk/X (sky130_fd_sc_hd__clkbuf_16)
                                         clknet_0_clk (net)
                  0.05    0.00    0.12 ^ clkbuf_2_0__f_clk/A (sky130_fd_sc_hd__clkbuf_16)
    18    0.03    0.05    0.14    0.26 ^ clkbuf_2_0__f_clk/X (sky130_fd_sc_hd__clkbuf_16)
                                         clknet_2_0__leaf_clk (net)
                  0.05    0.00    0.26 ^ _338_/CLK (sky130_fd_sc_hd__dfrtp_4)
     8    0.01    0.08    0.42    0.68 ^ _338_/Q (sky130_fd_sc_hd__dfrtp_4)
                                         div.count[18] (net)
                  0.08    0.00    0.68 ^ _223_/A (sky130_fd_sc_hd__or2_1)
     1    0.00    0.03    0.09    0.77 ^ _223_/X (sky130_fd_sc_hd__or2_1)
                                         _121_ (net)
                  0.03    0.00    0.77 ^ _225_/B (sky130_fd_sc_hd__and3_1)
     1    0.00    0.05    0.13    0.90 ^ _225_/X (sky130_fd_sc_hd__and3_1)
                                         _123_ (net)
                  0.05    0.00    0.90 ^ _226_/A (sky130_fd_sc_hd__buf_1)
     1    0.00    0.04    0.07    0.97 ^ _226_/X (sky130_fd_sc_hd__buf_1)
                                         _013_ (net)
                  0.04    0.00    0.97 ^ _338_/D (sky130_fd_sc_hd__dfrtp_4)
                                  0.97   data arrival time

                          0.00    0.00   clock core_clock (rise edge)
                          0.00    0.00   clock source latency
     1    0.01    0.00    0.00    0.00 ^ clk (in)
                                         clk (net)
                  0.00    0.00    0.00 ^ clkbuf_0_clk/A (sky130_fd_sc_hd__clkbuf_16)
     4    0.03    0.05    0.12    0.12 ^ clkbuf_0_clk/X (sky130_fd_sc_hd__clkbuf_16)
                                         clknet_0_clk (net)
                  0.05    0.00    0.12 ^ clkbuf_2_0__f_clk/A (sky130_fd_sc_hd__clkbuf_16)
    18    0.03    0.05    0.14    0.26 ^ clkbuf_2_0__f_clk/X (sky130_fd_sc_hd__clkbuf_16)
                                         clknet_2_0__leaf_clk (net)
                  0.05    0.00    0.26 ^ _338_/CLK (sky130_fd_sc_hd__dfrtp_4)
                          0.00    0.26   clock reconvergence pessimism
                         -0.03    0.22   library hold time
                                  0.22   data required time
-----------------------------------------------------------------------------
                                  0.22   data required time
                                 -0.97   data arrival time
-----------------------------------------------------------------------------
                                  0.75   slack (MET)


Startpoint: _339_ (rising edge-triggered flip-flop clocked by core_clock)
Endpoint: _339_ (rising edge-triggered flip-flop clocked by core_clock)
Path Group: core_clock
Path Type: min

Fanout     Cap    Slew   Delay    Time   Description
-----------------------------------------------------------------------------
                          0.00    0.00   clock core_clock (rise edge)
                          0.00    0.00   clock source latency
     1    0.01    0.00    0.00    0.00 ^ clk (in)
                                         clk (net)
                  0.00    0.00    0.00 ^ clkbuf_0_clk/A (sky130_fd_sc_hd__clkbuf_16)
     4    0.03    0.05    0.12    0.12 ^ clkbuf_0_clk/X (sky130_fd_sc_hd__clkbuf_16)
                                         clknet_0_clk (net)
                  0.05    0.00    0.12 ^ clkbuf_2_0__f_clk/A (sky130_fd_sc_hd__clkbuf_16)
    18    0.03    0.05    0.14    0.26 ^ clkbuf_2_0__f_clk/X (sky130_fd_sc_hd__clkbuf_16)
                                         clknet_2_0__leaf_clk (net)
                  0.05    0.00    0.26 ^ _339_/CLK (sky130_fd_sc_hd__dfrtp_4)
     6    0.01    0.06    0.40    0.66 ^ _339_/Q (sky130_fd_sc_hd__dfrtp_4)
                                         div.count[19] (net)
                  0.06    0.00    0.66 ^ _227_/A (sky130_fd_sc_hd__or2b_1)
     2    0.00    0.04    0.09    0.75 ^ _227_/X (sky130_fd_sc_hd__or2b_1)
                                         _124_ (net)
                  0.04    0.00    0.75 ^ _230_/B (sky130_fd_sc_hd__and3_1)
     2    0.00    0.05    0.14    0.89 ^ _230_/X (sky130_fd_sc_hd__and3_1)
                                         _127_ (net)
                  0.05    0.00    0.89 ^ _231_/A (sky130_fd_sc_hd__buf_1)
     2    0.00    0.05    0.08    0.98 ^ _231_/X (sky130_fd_sc_hd__buf_1)
                                         _014_ (net)
                  0.05    0.00    0.98 ^ _339_/D (sky130_fd_sc_hd__dfrtp_4)
                                  0.98   data arrival time

                          0.00    0.00   clock core_clock (rise edge)
                          0.00    0.00   clock source latency
     1    0.01    0.00    0.00    0.00 ^ clk (in)
                                         clk (net)
                  0.00    0.00    0.00 ^ clkbuf_0_clk/A (sky130_fd_sc_hd__clkbuf_16)
     4    0.03    0.05    0.12    0.12 ^ clkbuf_0_clk/X (sky130_fd_sc_hd__clkbuf_16)
                                         clknet_0_clk (net)
                  0.05    0.00    0.12 ^ clkbuf_2_0__f_clk/A (sky130_fd_sc_hd__clkbuf_16)
    18    0.03    0.05    0.14    0.26 ^ clkbuf_2_0__f_clk/X (sky130_fd_sc_hd__clkbuf_16)
                                         clknet_2_0__leaf_clk (net)
                  0.05    0.00    0.26 ^ _339_/CLK (sky130_fd_sc_hd__dfrtp_4)
                          0.00    0.26   clock reconvergence pessimism
                         -0.03    0.22   library hold time
                                  0.22   data required time
-----------------------------------------------------------------------------
                                  0.22   data required time
                                 -0.98   data arrival time
-----------------------------------------------------------------------------
                                  0.75   slack (MET)


Startpoint: _342_ (rising edge-triggered flip-flop clocked by core_clock)
Endpoint: _342_ (rising edge-triggered flip-flop clocked by core_clock)
Path Group: core_clock
Path Type: min

Fanout     Cap    Slew   Delay    Time   Description
-----------------------------------------------------------------------------
                          0.00    0.00   clock core_clock (rise edge)
                          0.00    0.00   clock source latency
     1    0.01    0.00    0.00    0.00 ^ clk (in)
                                         clk (net)
                  0.00    0.00    0.00 ^ clkbuf_0_clk/A (sky130_fd_sc_hd__clkbuf_16)
     4    0.03    0.05    0.12    0.12 ^ clkbuf_0_clk/X (sky130_fd_sc_hd__clkbuf_16)
                                         clknet_0_clk (net)
                  0.05    0.00    0.12 ^ clkbuf_2_0__f_clk/A (sky130_fd_sc_hd__clkbuf_16)
    18    0.03    0.05    0.14    0.26 ^ clkbuf_2_0__f_clk/X (sky130_fd_sc_hd__clkbuf_16)
                                         clknet_2_0__leaf_clk (net)
                  0.05    0.00    0.26 ^ _342_/CLK (sky130_fd_sc_hd__dfrtp_4)
     8    0.01    0.08    0.42    0.68 ^ _342_/Q (sky130_fd_sc_hd__dfrtp_4)
                                         div.count[22] (net)
                  0.08    0.00    0.68 ^ _236_/B1 (sky130_fd_sc_hd__a21o_1)
     1    0.00    0.03    0.08    0.75 ^ _236_/X (sky130_fd_sc_hd__a21o_1)
                                         _130_ (net)
                  0.03    0.00    0.75 ^ _238_/B (sky130_fd_sc_hd__and3_1)
     2    0.00    0.05    0.14    0.89 ^ _238_/X (sky130_fd_sc_hd__and3_1)
                                         _132_ (net)
                  0.05    0.00    0.89 ^ _239_/A (sky130_fd_sc_hd__buf_1)
     2    0.00    0.05    0.08    0.98 ^ _239_/X (sky130_fd_sc_hd__buf_1)
                                         _018_ (net)
                  0.05    0.00    0.98 ^ _342_/D (sky130_fd_sc_hd__dfrtp_4)
                                  0.98   data arrival time

                          0.00    0.00   clock core_clock (rise edge)
                          0.00    0.00   clock source latency
     1    0.01    0.00    0.00    0.00 ^ clk (in)
                                         clk (net)
                  0.00    0.00    0.00 ^ clkbuf_0_clk/A (sky130_fd_sc_hd__clkbuf_16)
     4    0.03    0.05    0.12    0.12 ^ clkbuf_0_clk/X (sky130_fd_sc_hd__clkbuf_16)
                                         clknet_0_clk (net)
                  0.05    0.00    0.12 ^ clkbuf_2_0__f_clk/A (sky130_fd_sc_hd__clkbuf_16)
    18    0.03    0.05    0.14    0.26 ^ clkbuf_2_0__f_clk/X (sky130_fd_sc_hd__clkbuf_16)
                                         clknet_2_0__leaf_clk (net)
                  0.05    0.00    0.26 ^ _342_/CLK (sky130_fd_sc_hd__dfrtp_4)
                          0.00    0.26   clock reconvergence pessimism
                         -0.03    0.22   library hold time
                                  0.22   data required time
-----------------------------------------------------------------------------
                                  0.22   data required time
                                 -0.98   data arrival time
-----------------------------------------------------------------------------
                                  0.75   slack (MET)


Startpoint: _321_ (rising edge-triggered flip-flop clocked by core_clock)
Endpoint: _321_ (rising edge-triggered flip-flop clocked by core_clock)
Path Group: core_clock
Path Type: min

Fanout     Cap    Slew   Delay    Time   Description
-----------------------------------------------------------------------------
                          0.00    0.00   clock core_clock (rise edge)
                          0.00    0.00   clock source latency
     1    0.01    0.00    0.00    0.00 ^ clk (in)
                                         clk (net)
                  0.00    0.00    0.00 ^ clkbuf_0_clk/A (sky130_fd_sc_hd__clkbuf_16)
     4    0.03    0.05    0.12    0.12 ^ clkbuf_0_clk/X (sky130_fd_sc_hd__clkbuf_16)
                                         clknet_0_clk (net)
                  0.05    0.00    0.12 ^ clkbuf_2_1__f_clk/A (sky130_fd_sc_hd__clkbuf_16)
    22    0.03    0.05    0.14    0.26 ^ clkbuf_2_1__f_clk/X (sky130_fd_sc_hd__clkbuf_16)
                                         clknet_2_1__leaf_clk (net)
                  0.05    0.00    0.26 ^ _321_/CLK (sky130_fd_sc_hd__dfrtp_4)
    10    0.02    0.08    0.43    0.69 ^ _321_/Q (sky130_fd_sc_hd__dfrtp_4)
                                         div.count[1] (net)
                  0.08    0.00    0.69 ^ _171_/B (sky130_fd_sc_hd__or2_1)
     2    0.00    0.04    0.10    0.79 ^ _171_/X (sky130_fd_sc_hd__or2_1)
                                         _086_ (net)
                  0.04    0.00    0.79 ^ _173_/A (sky130_fd_sc_hd__and2_1)
     2    0.00    0.05    0.11    0.90 ^ _173_/X (sky130_fd_sc_hd__and2_1)
                                         _088_ (net)
                  0.05    0.00    0.90 ^ _174_/A (sky130_fd_sc_hd__buf_1)
     2    0.00    0.05    0.08    0.98 ^ _174_/X (sky130_fd_sc_hd__buf_1)
                                         _015_ (net)
                  0.05    0.00    0.98 ^ _321_/D (sky130_fd_sc_hd__dfrtp_4)
                                  0.98   data arrival time

                          0.00    0.00   clock core_clock (rise edge)
                          0.00    0.00   clock source latency
     1    0.01    0.00    0.00    0.00 ^ clk (in)
                                         clk (net)
                  0.00    0.00    0.00 ^ clkbuf_0_clk/A (sky130_fd_sc_hd__clkbuf_16)
     4    0.03    0.05    0.12    0.12 ^ clkbuf_0_clk/X (sky130_fd_sc_hd__clkbuf_16)
                                         clknet_0_clk (net)
                  0.05    0.00    0.12 ^ clkbuf_2_1__f_clk/A (sky130_fd_sc_hd__clkbuf_16)
    22    0.03    0.05    0.14    0.26 ^ clkbuf_2_1__f_clk/X (sky130_fd_sc_hd__clkbuf_16)
                                         clknet_2_1__leaf_clk (net)
                  0.05    0.00    0.26 ^ _321_/CLK (sky130_fd_sc_hd__dfrtp_4)
                          0.00    0.26   clock reconvergence pessimism
                         -0.03    0.22   library hold time
                                  0.22   data required time
-----------------------------------------------------------------------------
                                  0.22   data required time
                                 -0.98   data arrival time
-----------------------------------------------------------------------------
                                  0.75   slack (MET)


Startpoint: _331_ (rising edge-triggered flip-flop clocked by core_clock)
Endpoint: _331_ (rising edge-triggered flip-flop clocked by core_clock)
Path Group: core_clock
Path Type: min

Fanout     Cap    Slew   Delay    Time   Description
-----------------------------------------------------------------------------
                          0.00    0.00   clock core_clock (rise edge)
                          0.00    0.00   clock source latency
     1    0.01    0.00    0.00    0.00 ^ clk (in)
                                         clk (net)
                  0.00    0.00    0.00 ^ clkbuf_0_clk/A (sky130_fd_sc_hd__clkbuf_16)
     4    0.03    0.05    0.12    0.12 ^ clkbuf_0_clk/X (sky130_fd_sc_hd__clkbuf_16)
                                         clknet_0_clk (net)
                  0.05    0.00    0.12 ^ clkbuf_2_3__f_clk/A (sky130_fd_sc_hd__clkbuf_16)
    18    0.03    0.05    0.14    0.26 ^ clkbuf_2_3__f_clk/X (sky130_fd_sc_hd__clkbuf_16)
                                         clknet_2_3__leaf_clk (net)
                  0.05    0.00    0.26 ^ _331_/CLK (sky130_fd_sc_hd__dfrtp_4)
    10    0.02    0.08    0.43    0.69 ^ _331_/Q (sky130_fd_sc_hd__dfrtp_4)
                                         div.count[11] (net)
                  0.08    0.00    0.69 ^ _204_/B1 (sky130_fd_sc_hd__a21o_1)
     2    0.00    0.03    0.08    0.77 ^ _204_/X (sky130_fd_sc_hd__a21o_1)
                                         _109_ (net)
                  0.03    0.00    0.77 ^ _206_/B (sky130_fd_sc_hd__and3_1)
     2    0.00    0.05    0.14    0.91 ^ _206_/X (sky130_fd_sc_hd__and3_1)
                                         _111_ (net)
                  0.05    0.00    0.91 ^ _207_/A (sky130_fd_sc_hd__clkbuf_1)
     1    0.00    0.04    0.08    0.99 ^ _207_/X (sky130_fd_sc_hd__clkbuf_1)
                                         _006_ (net)
                  0.04    0.00    0.99 ^ _331_/D (sky130_fd_sc_hd__dfrtp_4)
                                  0.99   data arrival time

                          0.00    0.00   clock core_clock (rise edge)
                          0.00    0.00   clock source latency
     1    0.01    0.00    0.00    0.00 ^ clk (in)
                                         clk (net)
                  0.00    0.00    0.00 ^ clkbuf_0_clk/A (sky130_fd_sc_hd__clkbuf_16)
     4    0.03    0.05    0.12    0.12 ^ clkbuf_0_clk/X (sky130_fd_sc_hd__clkbuf_16)
                                         clknet_0_clk (net)
                  0.05    0.00    0.12 ^ clkbuf_2_3__f_clk/A (sky130_fd_sc_hd__clkbuf_16)
    18    0.03    0.05    0.14    0.26 ^ clkbuf_2_3__f_clk/X (sky130_fd_sc_hd__clkbuf_16)
                                         clknet_2_3__leaf_clk (net)
                  0.05    0.00    0.26 ^ _331_/CLK (sky130_fd_sc_hd__dfrtp_4)
                          0.00    0.26   clock reconvergence pessimism
                         -0.03    0.22   library hold time
                                  0.22   data required time
-----------------------------------------------------------------------------
                                  0.22   data required time
                                 -0.99   data arrival time
-----------------------------------------------------------------------------
                                  0.76   slack (MET)


Startpoint: _326_ (rising edge-triggered flip-flop clocked by core_clock)
Endpoint: _326_ (rising edge-triggered flip-flop clocked by core_clock)
Path Group: core_clock
Path Type: min

Fanout     Cap    Slew   Delay    Time   Description
-----------------------------------------------------------------------------
                          0.00    0.00   clock core_clock (rise edge)
                          0.00    0.00   clock source latency
     1    0.01    0.00    0.00    0.00 ^ clk (in)
                                         clk (net)
                  0.00    0.00    0.00 ^ clkbuf_0_clk/A (sky130_fd_sc_hd__clkbuf_16)
     4    0.03    0.05    0.12    0.12 ^ clkbuf_0_clk/X (sky130_fd_sc_hd__clkbuf_16)
                                         clknet_0_clk (net)
                  0.05    0.00    0.12 ^ clkbuf_2_1__f_clk/A (sky130_fd_sc_hd__clkbuf_16)
    22    0.03    0.05    0.14    0.26 ^ clkbuf_2_1__f_clk/X (sky130_fd_sc_hd__clkbuf_16)
                                         clknet_2_1__leaf_clk (net)
                  0.05    0.00    0.26 ^ _326_/CLK (sky130_fd_sc_hd__dfrtp_4)
    10    0.01    0.07    0.42    0.68 ^ _326_/Q (sky130_fd_sc_hd__dfrtp_4)
                                         div.count[6] (net)
                  0.07    0.00    0.68 ^ _185_/A (sky130_fd_sc_hd__or2_1)
     2    0.00    0.04    0.10    0.77 ^ _185_/X (sky130_fd_sc_hd__or2_1)
                                         _095_ (net)
                  0.04    0.00    0.77 ^ _187_/B (sky130_fd_sc_hd__and3_1)
     2    0.00    0.05    0.14    0.92 ^ _187_/X (sky130_fd_sc_hd__and3_1)
                                         _097_ (net)
                  0.05    0.00    0.92 ^ _188_/A (sky130_fd_sc_hd__buf_1)
     1    0.00    0.04    0.08    0.99 ^ _188_/X (sky130_fd_sc_hd__buf_1)
                                         _032_ (net)
                  0.04    0.00    0.99 ^ _326_/D (sky130_fd_sc_hd__dfrtp_4)
                                  0.99   data arrival time

                          0.00    0.00   clock core_clock (rise edge)
                          0.00    0.00   clock source latency
     1    0.01    0.00    0.00    0.00 ^ clk (in)
                                         clk (net)
                  0.00    0.00    0.00 ^ clkbuf_0_clk/A (sky130_fd_sc_hd__clkbuf_16)
     4    0.03    0.05    0.12    0.12 ^ clkbuf_0_clk/X (sky130_fd_sc_hd__clkbuf_16)
                                         clknet_0_clk (net)
                  0.05    0.00    0.12 ^ clkbuf_2_1__f_clk/A (sky130_fd_sc_hd__clkbuf_16)
    22    0.03    0.05    0.14    0.26 ^ clkbuf_2_1__f_clk/X (sky130_fd_sc_hd__clkbuf_16)
                                         clknet_2_1__leaf_clk (net)
                  0.05    0.00    0.26 ^ _326_/CLK (sky130_fd_sc_hd__dfrtp_4)
                          0.00    0.26   clock reconvergence pessimism
                         -0.03    0.23   library hold time
                                  0.23   data required time
-----------------------------------------------------------------------------
                                  0.23   data required time
                                 -0.99   data arrival time
-----------------------------------------------------------------------------
                                  0.77   slack (MET)



worst slack corner Typical: 0.4405
