
===========================================================================
report_checks -path_delay max (Setup)
============================================================================
======================= Fastest Corner ===================================

Startpoint: _335_ (rising edge-triggered flip-flop clocked by core_clock)
Endpoint: _342_ (rising edge-triggered flip-flop clocked by core_clock)
Path Group: core_clock
Path Type: max
Corner: Fastest

Fanout     Cap    Slew   Delay    Time   Description
-----------------------------------------------------------------------------
                          0.00    0.00   clock core_clock (rise edge)
                          0.00    0.00   clock source latency
     1    0.02    0.00    0.00    0.00 ^ clk (in)
                                         clk (net)
                  0.00    0.00    0.00 ^ clkbuf_0_clk/A (sky130_fd_sc_hd__clkbuf_16)
     4    0.05    0.05    0.09    0.09 ^ clkbuf_0_clk/X (sky130_fd_sc_hd__clkbuf_16)
                                         clknet_0_clk (net)
                  0.05    0.00    0.09 ^ clkbuf_2_3__f_clk/A (sky130_fd_sc_hd__clkbuf_16)
    18    0.05    0.05    0.11    0.20 ^ clkbuf_2_3__f_clk/X (sky130_fd_sc_hd__clkbuf_16)
                                         clknet_2_3__leaf_clk (net)
                  0.05    0.00    0.20 ^ _335_/CLK (sky130_fd_sc_hd__dfrtp_4)
     6    0.04    0.08    0.34    0.54 v _335_/Q (sky130_fd_sc_hd__dfrtp_4)
                                         div.count[15] (net)
                  0.08    0.00    0.54 v _157_/A (sky130_fd_sc_hd__or4b_2)
     2    0.03    0.13    0.47    1.01 v _157_/X (sky130_fd_sc_hd__or4b_2)
                                         _074_ (net)
                  0.13    0.00    1.01 v _161_/A (sky130_fd_sc_hd__or4_2)
     4    0.03    0.12    0.48    1.49 v _161_/X (sky130_fd_sc_hd__or4_2)
                                         _078_ (net)
                  0.12    0.00    1.49 v _167_/A (sky130_fd_sc_hd__or4_4)
    12    0.05    0.12    0.42    1.91 v _167_/X (sky130_fd_sc_hd__or4_4)
                                         _084_ (net)
                  0.12    0.00    1.92 v _238_/A (sky130_fd_sc_hd__and3_1)
     2    0.02    0.07    0.16    2.08 v _238_/X (sky130_fd_sc_hd__and3_1)
                                         _132_ (net)
                  0.07    0.00    2.08 v _239_/A (sky130_fd_sc_hd__buf_1)
     2    0.02    0.09    0.13    2.21 v _239_/X (sky130_fd_sc_hd__buf_1)
                                         _018_ (net)
                  0.09    0.00    2.21 v _342_/D (sky130_fd_sc_hd__dfrtp_4)
                                  2.21   data arrival time

                         10.00   10.00   clock core_clock (rise edge)
                          0.00   10.00   clock source latency
     1    0.02    0.00    0.00   10.00 ^ clk (in)
                                         clk (net)
                  0.00    0.00   10.00 ^ clkbuf_0_clk/A (sky130_fd_sc_hd__clkbuf_16)
     4    0.05    0.05    0.09   10.09 ^ clkbuf_0_clk/X (sky130_fd_sc_hd__clkbuf_16)
                                         clknet_0_clk (net)
                  0.05    0.00   10.09 ^ clkbuf_2_0__f_clk/A (sky130_fd_sc_hd__clkbuf_16)
    18    0.05    0.05    0.11   10.20 ^ clkbuf_2_0__f_clk/X (sky130_fd_sc_hd__clkbuf_16)
                                         clknet_2_0__leaf_clk (net)
                  0.05    0.00   10.20 ^ _342_/CLK (sky130_fd_sc_hd__dfrtp_4)
                          0.00   10.20   clock reconvergence pessimism
                         -0.09   10.11   library setup time
                                 10.11   data required time
-----------------------------------------------------------------------------
                                 10.11   data required time
                                 -2.21   data arrival time
-----------------------------------------------------------------------------
                                  7.90   slack (MET)


Startpoint: _335_ (rising edge-triggered flip-flop clocked by core_clock)
Endpoint: _326_ (rising edge-triggered flip-flop clocked by core_clock)
Path Group: core_clock
Path Type: max
Corner: Fastest

Fanout     Cap    Slew   Delay    Time   Description
-----------------------------------------------------------------------------
                          0.00    0.00   clock core_clock (rise edge)
                          0.00    0.00   clock source latency
     1    0.02    0.00    0.00    0.00 ^ clk (in)
                                         clk (net)
                  0.00    0.00    0.00 ^ clkbuf_0_clk/A (sky130_fd_sc_hd__clkbuf_16)
     4    0.05    0.05    0.09    0.09 ^ clkbuf_0_clk/X (sky130_fd_sc_hd__clkbuf_16)
                                         clknet_0_clk (net)
                  0.05    0.00    0.09 ^ clkbuf_2_3__f_clk/A (sky130_fd_sc_hd__clkbuf_16)
    18    0.05    0.05    0.11    0.20 ^ clkbuf_2_3__f_clk/X (sky130_fd_sc_hd__clkbuf_16)
                                         clknet_2_3__leaf_clk (net)
                  0.05    0.00    0.20 ^ _335_/CLK (sky130_fd_sc_hd__dfrtp_4)
     6    0.04    0.08    0.34    0.54 v _335_/Q (sky130_fd_sc_hd__dfrtp_4)
                                         div.count[15] (net)
                  0.08    0.00    0.54 v _157_/A (sky130_fd_sc_hd__or4b_2)
     2    0.03    0.13    0.47    1.01 v _157_/X (sky130_fd_sc_hd__or4b_2)
                                         _074_ (net)
                  0.13    0.00    1.01 v _161_/A (sky130_fd_sc_hd__or4_2)
     4    0.03    0.12    0.48    1.49 v _161_/X (sky130_fd_sc_hd__or4_2)
                                         _078_ (net)
                  0.12    0.00    1.49 v _167_/A (sky130_fd_sc_hd__or4_4)
    12    0.05    0.12    0.42    1.91 v _167_/X (sky130_fd_sc_hd__or4_4)
                                         _084_ (net)
                  0.12    0.01    1.92 v _187_/A (sky130_fd_sc_hd__and3_1)
     2    0.02    0.09    0.18    2.10 v _187_/X (sky130_fd_sc_hd__and3_1)
                                         _097_ (net)
                  0.09    0.00    2.10 v _188_/A (sky130_fd_sc_hd__buf_1)
     1    0.02    0.07    0.12    2.22 v _188_/X (sky130_fd_sc_hd__buf_1)
                                         _032_ (net)
                  0.07    0.00    2.22 v _326_/D (sky130_fd_sc_hd__dfrtp_4)
                                  2.22   data arrival time

                         10.00   10.00   clock core_clock (rise edge)
                          0.00   10.00   clock source latency
     1    0.02    0.00    0.00   10.00 ^ clk (in)
                                         clk (net)
                  0.00    0.00   10.00 ^ clkbuf_0_clk/A (sky130_fd_sc_hd__clkbuf_16)
     4    0.05    0.05    0.09   10.09 ^ clkbuf_0_clk/X (sky130_fd_sc_hd__clkbuf_16)
                                         clknet_0_clk (net)
                  0.05    0.00   10.09 ^ clkbuf_2_1__f_clk/A (sky130_fd_sc_hd__clkbuf_16)
    22    0.06    0.06    0.11   10.21 ^ clkbuf_2_1__f_clk/X (sky130_fd_sc_hd__clkbuf_16)
                                         clknet_2_1__leaf_clk (net)
                  0.06    0.00   10.21 ^ _326_/CLK (sky130_fd_sc_hd__dfrtp_4)
                          0.00   10.21   clock reconvergence pessimism
                         -0.08   10.13   library setup time
                                 10.13   data required time
-----------------------------------------------------------------------------
                                 10.13   data required time
                                 -2.22   data arrival time
-----------------------------------------------------------------------------
                                  7.91   slack (MET)


Startpoint: _335_ (rising edge-triggered flip-flop clocked by core_clock)
Endpoint: _339_ (rising edge-triggered flip-flop clocked by core_clock)
Path Group: core_clock
Path Type: max
Corner: Fastest

Fanout     Cap    Slew   Delay    Time   Description
-----------------------------------------------------------------------------
                          0.00    0.00   clock core_clock (rise edge)
                          0.00    0.00   clock source latency
     1    0.02    0.00    0.00    0.00 ^ clk (in)
                                         clk (net)
                  0.00    0.00    0.00 ^ clkbuf_0_clk/A (sky130_fd_sc_hd__clkbuf_16)
     4    0.05    0.05    0.09    0.09 ^ clkbuf_0_clk/X (sky130_fd_sc_hd__clkbuf_16)
                                         clknet_0_clk (net)
                  0.05    0.00    0.09 ^ clkbuf_2_3__f_clk/A (sky130_fd_sc_hd__clkbuf_16)
    18    0.05    0.05    0.11    0.20 ^ clkbuf_2_3__f_clk/X (sky130_fd_sc_hd__clkbuf_16)
                                         clknet_2_3__leaf_clk (net)
                  0.05    0.00    0.20 ^ _335_/CLK (sky130_fd_sc_hd__dfrtp_4)
     6    0.04    0.08    0.34    0.54 v _335_/Q (sky130_fd_sc_hd__dfrtp_4)
                                         div.count[15] (net)
                  0.08    0.00    0.54 v _157_/A (sky130_fd_sc_hd__or4b_2)
     2    0.03    0.13    0.47    1.01 v _157_/X (sky130_fd_sc_hd__or4b_2)
                                         _074_ (net)
                  0.13    0.00    1.01 v _161_/A (sky130_fd_sc_hd__or4_2)
     4    0.03    0.12    0.48    1.49 v _161_/X (sky130_fd_sc_hd__or4_2)
                                         _078_ (net)
                  0.12    0.00    1.49 v _167_/A (sky130_fd_sc_hd__or4_4)
    12    0.05    0.12    0.42    1.91 v _167_/X (sky130_fd_sc_hd__or4_4)
                                         _084_ (net)
                  0.12    0.00    1.92 v _230_/A (sky130_fd_sc_hd__and3_1)
     2    0.02    0.07    0.17    2.08 v _230_/X (sky130_fd_sc_hd__and3_1)
                                         _127_ (net)
                  0.07    0.00    2.08 v _231_/A (sky130_fd_sc_hd__buf_1)
     2    0.02    0.07    0.12    2.20 v _231_/X (sky130_fd_sc_hd__buf_1)
                                         _014_ (net)
                  0.07    0.00    2.20 v _339_/D (sky130_fd_sc_hd__dfrtp_4)
                                  2.20   data arrival time

                         10.00   10.00   clock core_clock (rise edge)
                          0.00   10.00   clock source latency
     1    0.02    0.00    0.00   10.00 ^ clk (in)
                                         clk (net)
                  0.00    0.00   10.00 ^ clkbuf_0_clk/A (sky130_fd_sc_hd__clkbuf_16)
     4    0.05    0.05    0.09   10.09 ^ clkbuf_0_clk/X (sky130_fd_sc_hd__clkbuf_16)
                                         clknet_0_clk (net)
                  0.05    0.00   10.09 ^ clkbuf_2_0__f_clk/A (sky130_fd_sc_hd__clkbuf_16)
    18    0.05    0.05    0.11   10.20 ^ clkbuf_2_0__f_clk/X (sky130_fd_sc_hd__clkbuf_16)
                                         clknet_2_0__leaf_clk (net)
                  0.05    0.00   10.20 ^ _339_/CLK (sky130_fd_sc_hd__dfrtp_4)
                          0.00   10.20   clock reconvergence pessimism
                         -0.09   10.12   library setup time
                                 10.12   data required time
-----------------------------------------------------------------------------
                                 10.12   data required time
                                 -2.20   data arrival time
-----------------------------------------------------------------------------
                                  7.92   slack (MET)


Startpoint: _335_ (rising edge-triggered flip-flop clocked by core_clock)
Endpoint: _320_ (rising edge-triggered flip-flop clocked by core_clock)
Path Group: core_clock
Path Type: max
Corner: Fastest

Fanout     Cap    Slew   Delay    Time   Description
-----------------------------------------------------------------------------
                          0.00    0.00   clock core_clock (rise edge)
                          0.00    0.00   clock source latency
     1    0.02    0.00    0.00    0.00 ^ clk (in)
                                         clk (net)
                  0.00    0.00    0.00 ^ clkbuf_0_clk/A (sky130_fd_sc_hd__clkbuf_16)
     4    0.05    0.05    0.09    0.09 ^ clkbuf_0_clk/X (sky130_fd_sc_hd__clkbuf_16)
                                         clknet_0_clk (net)
                  0.05    0.00    0.09 ^ clkbuf_2_3__f_clk/A (sky130_fd_sc_hd__clkbuf_16)
    18    0.05    0.05    0.11    0.20 ^ clkbuf_2_3__f_clk/X (sky130_fd_sc_hd__clkbuf_16)
                                         clknet_2_3__leaf_clk (net)
                  0.05    0.00    0.20 ^ _335_/CLK (sky130_fd_sc_hd__dfrtp_4)
     6    0.04    0.08    0.34    0.54 v _335_/Q (sky130_fd_sc_hd__dfrtp_4)
                                         div.count[15] (net)
                  0.08    0.00    0.54 v _157_/A (sky130_fd_sc_hd__or4b_2)
     2    0.03    0.13    0.47    1.01 v _157_/X (sky130_fd_sc_hd__or4b_2)
                                         _074_ (net)
                  0.13    0.00    1.01 v _161_/A (sky130_fd_sc_hd__or4_2)
     4    0.03    0.12    0.48    1.49 v _161_/X (sky130_fd_sc_hd__or4_2)
                                         _078_ (net)
                  0.12    0.00    1.49 v _167_/A (sky130_fd_sc_hd__or4_4)
    12    0.05    0.12    0.42    1.91 v _167_/X (sky130_fd_sc_hd__or4_4)
                                         _084_ (net)
                  0.12    0.01    1.92 v _169_/B (sky130_fd_sc_hd__and2b_1)
     2    0.02    0.09    0.19    2.11 v _169_/X (sky130_fd_sc_hd__and2b_1)
                                         _085_ (net)
                  0.09    0.00    2.11 v _170_/A (sky130_fd_sc_hd__clkbuf_1)
     1    0.01    0.04    0.09    2.20 v _170_/X (sky130_fd_sc_hd__clkbuf_1)
                                         _004_ (net)
                  0.04    0.00    2.21 v _320_/D (sky130_fd_sc_hd__dfrtp_4)
                                  2.21   data arrival time

                         10.00   10.00   clock core_clock (rise edge)
                          0.00   10.00   clock source latency
     1    0.02    0.00    0.00   10.00 ^ clk (in)
                                         clk (net)
                  0.00    0.00   10.00 ^ clkbuf_0_clk/A (sky130_fd_sc_hd__clkbuf_16)
     4    0.05    0.05    0.09   10.09 ^ clkbuf_0_clk/X (sky130_fd_sc_hd__clkbuf_16)
                                         clknet_0_clk (net)
                  0.05    0.00   10.09 ^ clkbuf_2_0__f_clk/A (sky130_fd_sc_hd__clkbuf_16)
    18    0.05    0.05    0.11   10.20 ^ clkbuf_2_0__f_clk/X (sky130_fd_sc_hd__clkbuf_16)
                                         clknet_2_0__leaf_clk (net)
                  0.05    0.00   10.20 ^ _320_/CLK (sky130_fd_sc_hd__dfrtp_4)
                          0.00   10.20   clock reconvergence pessimism
                         -0.07   10.13   library setup time
                                 10.13   data required time
-----------------------------------------------------------------------------
                                 10.13   data required time
                                 -2.21   data arrival time
-----------------------------------------------------------------------------
                                  7.93   slack (MET)


Startpoint: _335_ (rising edge-triggered flip-flop clocked by core_clock)
Endpoint: _328_ (rising edge-triggered flip-flop clocked by core_clock)
Path Group: core_clock
Path Type: max
Corner: Fastest

Fanout     Cap    Slew   Delay    Time   Description
-----------------------------------------------------------------------------
                          0.00    0.00   clock core_clock (rise edge)
                          0.00    0.00   clock source latency
     1    0.02    0.00    0.00    0.00 ^ clk (in)
                                         clk (net)
                  0.00    0.00    0.00 ^ clkbuf_0_clk/A (sky130_fd_sc_hd__clkbuf_16)
     4    0.05    0.05    0.09    0.09 ^ clkbuf_0_clk/X (sky130_fd_sc_hd__clkbuf_16)
                                         clknet_0_clk (net)
                  0.05    0.00    0.09 ^ clkbuf_2_3__f_clk/A (sky130_fd_sc_hd__clkbuf_16)
    18    0.05    0.05    0.11    0.20 ^ clkbuf_2_3__f_clk/X (sky130_fd_sc_hd__clkbuf_16)
                                         clknet_2_3__leaf_clk (net)
                  0.05    0.00    0.20 ^ _335_/CLK (sky130_fd_sc_hd__dfrtp_4)
     6    0.04    0.08    0.34    0.54 v _335_/Q (sky130_fd_sc_hd__dfrtp_4)
                                         div.count[15] (net)
                  0.08    0.00    0.54 v _157_/A (sky130_fd_sc_hd__or4b_2)
     2    0.03    0.13    0.47    1.01 v _157_/X (sky130_fd_sc_hd__or4b_2)
                                         _074_ (net)
                  0.13    0.00    1.01 v _161_/A (sky130_fd_sc_hd__or4_2)
     4    0.03    0.12    0.48    1.49 v _161_/X (sky130_fd_sc_hd__or4_2)
                                         _078_ (net)
                  0.12    0.00    1.49 v _167_/A (sky130_fd_sc_hd__or4_4)
    12    0.05    0.12    0.42    1.91 v _167_/X (sky130_fd_sc_hd__or4_4)
                                         _084_ (net)
                  0.12    0.00    1.92 v _193_/B1 (sky130_fd_sc_hd__o21ai_1)
     1    0.01    0.18    0.14    2.06 ^ _193_/Y (sky130_fd_sc_hd__o21ai_1)
                                         _101_ (net)
                  0.18    0.00    2.06 ^ _194_/B1 (sky130_fd_sc_hd__a21oi_1)
     1    0.01    0.06    0.04    2.10 v _194_/Y (sky130_fd_sc_hd__a21oi_1)
                                         _034_ (net)
                  0.06    0.00    2.10 v _328_/D (sky130_fd_sc_hd__dfrtp_4)
                                  2.10   data arrival time

                         10.00   10.00   clock core_clock (rise edge)
                          0.00   10.00   clock source latency
     1    0.02    0.00    0.00   10.00 ^ clk (in)
                                         clk (net)
                  0.00    0.00   10.00 ^ clkbuf_0_clk/A (sky130_fd_sc_hd__clkbuf_16)
     4    0.05    0.05    0.09   10.09 ^ clkbuf_0_clk/X (sky130_fd_sc_hd__clkbuf_16)
                                         clknet_0_clk (net)
                  0.05    0.00   10.09 ^ clkbuf_2_1__f_clk/A (sky130_fd_sc_hd__clkbuf_16)
    22    0.06    0.06    0.11   10.21 ^ clkbuf_2_1__f_clk/X (sky130_fd_sc_hd__clkbuf_16)
                                         clknet_2_1__leaf_clk (net)
                  0.06    0.00   10.21 ^ _328_/CLK (sky130_fd_sc_hd__dfrtp_4)
                          0.00   10.21   clock reconvergence pessimism
                         -0.08   10.13   library setup time
                                 10.13   data required time
-----------------------------------------------------------------------------
                                 10.13   data required time
                                 -2.10   data arrival time
-----------------------------------------------------------------------------
                                  8.02   slack (MET)


Startpoint: _335_ (rising edge-triggered flip-flop clocked by core_clock)
Endpoint: _331_ (rising edge-triggered flip-flop clocked by core_clock)
Path Group: core_clock
Path Type: max
Corner: Fastest

Fanout     Cap    Slew   Delay    Time   Description
-----------------------------------------------------------------------------
                          0.00    0.00   clock core_clock (rise edge)
                          0.00    0.00   clock source latency
     1    0.02    0.00    0.00    0.00 ^ clk (in)
                                         clk (net)
                  0.00    0.00    0.00 ^ clkbuf_0_clk/A (sky130_fd_sc_hd__clkbuf_16)
     4    0.05    0.05    0.09    0.09 ^ clkbuf_0_clk/X (sky130_fd_sc_hd__clkbuf_16)
                                         clknet_0_clk (net)
                  0.05    0.00    0.09 ^ clkbuf_2_3__f_clk/A (sky130_fd_sc_hd__clkbuf_16)
    18    0.05    0.05    0.11    0.20 ^ clkbuf_2_3__f_clk/X (sky130_fd_sc_hd__clkbuf_16)
                                         clknet_2_3__leaf_clk (net)
                  0.05    0.00    0.20 ^ _335_/CLK (sky130_fd_sc_hd__dfrtp_4)
     6    0.04    0.08    0.34    0.54 v _335_/Q (sky130_fd_sc_hd__dfrtp_4)
                                         div.count[15] (net)
                  0.08    0.00    0.54 v _157_/A (sky130_fd_sc_hd__or4b_2)
     2    0.03    0.13    0.47    1.01 v _157_/X (sky130_fd_sc_hd__or4b_2)
                                         _074_ (net)
                  0.13    0.00    1.01 v _161_/A (sky130_fd_sc_hd__or4_2)
     4    0.03    0.12    0.48    1.49 v _161_/X (sky130_fd_sc_hd__or4_2)
                                         _078_ (net)
                  0.12    0.00    1.49 v _199_/A (sky130_fd_sc_hd__or3_4)
     8    0.04    0.08    0.31    1.81 v _199_/X (sky130_fd_sc_hd__or3_4)
                                         _106_ (net)
                  0.08    0.00    1.81 v _206_/A (sky130_fd_sc_hd__and3_1)
     2    0.03    0.12    0.19    2.00 v _206_/X (sky130_fd_sc_hd__and3_1)
                                         _111_ (net)
                  0.12    0.00    2.00 v _207_/A (sky130_fd_sc_hd__clkbuf_1)
     1    0.00    0.03    0.09    2.09 v _207_/X (sky130_fd_sc_hd__clkbuf_1)
                                         _006_ (net)
                  0.03    0.00    2.09 v _331_/D (sky130_fd_sc_hd__dfrtp_4)
                                  2.09   data arrival time

                         10.00   10.00   clock core_clock (rise edge)
                          0.00   10.00   clock source latency
     1    0.02    0.00    0.00   10.00 ^ clk (in)
                                         clk (net)
                  0.00    0.00   10.00 ^ clkbuf_0_clk/A (sky130_fd_sc_hd__clkbuf_16)
     4    0.05    0.05    0.09   10.09 ^ clkbuf_0_clk/X (sky130_fd_sc_hd__clkbuf_16)
                                         clknet_0_clk (net)
                  0.05    0.00   10.09 ^ clkbuf_2_3__f_clk/A (sky130_fd_sc_hd__clkbuf_16)
    18    0.05    0.05    0.11   10.20 ^ clkbuf_2_3__f_clk/X (sky130_fd_sc_hd__clkbuf_16)
                                         clknet_2_3__leaf_clk (net)
                  0.05    0.00   10.20 ^ _331_/CLK (sky130_fd_sc_hd__dfrtp_4)
                          0.00   10.20   clock reconvergence pessimism
                         -0.07   10.13   library setup time
                                 10.13   data required time
-----------------------------------------------------------------------------
                                 10.13   data required time
                                 -2.09   data arrival time
-----------------------------------------------------------------------------
                                  8.04   slack (MET)


Startpoint: _335_ (rising edge-triggered flip-flop clocked by core_clock)
Endpoint: _356_ (rising edge-triggered flip-flop clocked by core_clock)
Path Group: core_clock
Path Type: max
Corner: Fastest

Fanout     Cap    Slew   Delay    Time   Description
-----------------------------------------------------------------------------
                          0.00    0.00   clock core_clock (rise edge)
                          0.00    0.00   clock source latency
     1    0.02    0.00    0.00    0.00 ^ clk (in)
                                         clk (net)
                  0.00    0.00    0.00 ^ clkbuf_0_clk/A (sky130_fd_sc_hd__clkbuf_16)
     4    0.05    0.05    0.09    0.09 ^ clkbuf_0_clk/X (sky130_fd_sc_hd__clkbuf_16)
                                         clknet_0_clk (net)
                  0.05    0.00    0.09 ^ clkbuf_2_3__f_clk/A (sky130_fd_sc_hd__clkbuf_16)
    18    0.05    0.05    0.11    0.20 ^ clkbuf_2_3__f_clk/X (sky130_fd_sc_hd__clkbuf_16)
                                         clknet_2_3__leaf_clk (net)
                  0.05    0.00    0.20 ^ _335_/CLK (sky130_fd_sc_hd__dfrtp_4)
     6    0.04    0.08    0.34    0.54 v _335_/Q (sky130_fd_sc_hd__dfrtp_4)
                                         div.count[15] (net)
                  0.08    0.00    0.54 v _157_/A (sky130_fd_sc_hd__or4b_2)
     2    0.03    0.13    0.47    1.01 v _157_/X (sky130_fd_sc_hd__or4b_2)
                                         _074_ (net)
                  0.13    0.00    1.01 v _161_/A (sky130_fd_sc_hd__or4_2)
     4    0.03    0.12    0.48    1.49 v _161_/X (sky130_fd_sc_hd__or4_2)
                                         _078_ (net)
                  0.12    0.00    1.49 v _167_/A (sky130_fd_sc_hd__or4_4)
    12    0.05    0.12    0.42    1.91 v _167_/X (sky130_fd_sc_hd__or4_4)
                                         _084_ (net)
                  0.12    0.01    1.92 v _168_/B (sky130_fd_sc_hd__xnor2_1)
     1    0.01    0.18    0.19    2.11 ^ _168_/Y (sky130_fd_sc_hd__xnor2_1)
                                         _073_ (net)
                  0.18    0.00    2.11 ^ _356_/D (sky130_fd_sc_hd__dfrtp_4)
                                  2.11   data arrival time

                         10.00   10.00   clock core_clock (rise edge)
                          0.00   10.00   clock source latency
     1    0.02    0.00    0.00   10.00 ^ clk (in)
                                         clk (net)
                  0.00    0.00   10.00 ^ clkbuf_0_clk/A (sky130_fd_sc_hd__clkbuf_16)
     4    0.05    0.05    0.09   10.09 ^ clkbuf_0_clk/X (sky130_fd_sc_hd__clkbuf_16)
                                         clknet_0_clk (net)
                  0.05    0.00   10.09 ^ clkbuf_2_1__f_clk/A (sky130_fd_sc_hd__clkbuf_16)
    22    0.06    0.06    0.11   10.21 ^ clkbuf_2_1__f_clk/X (sky130_fd_sc_hd__clkbuf_16)
                                         clknet_2_1__leaf_clk (net)
                  0.06    0.00   10.21 ^ _356_/CLK (sky130_fd_sc_hd__dfrtp_4)
                          0.00   10.21   clock reconvergence pessimism
                         -0.05   10.16   library setup time
                                 10.16   data required time
-----------------------------------------------------------------------------
                                 10.16   data required time
                                 -2.11   data arrival time
-----------------------------------------------------------------------------
                                  8.05   slack (MET)


Startpoint: _335_ (rising edge-triggered flip-flop clocked by core_clock)
Endpoint: _338_ (rising edge-triggered flip-flop clocked by core_clock)
Path Group: core_clock
Path Type: max
Corner: Fastest

Fanout     Cap    Slew   Delay    Time   Description
-----------------------------------------------------------------------------
                          0.00    0.00   clock core_clock (rise edge)
                          0.00    0.00   clock source latency
     1    0.02    0.00    0.00    0.00 ^ clk (in)
                                         clk (net)
                  0.00    0.00    0.00 ^ clkbuf_0_clk/A (sky130_fd_sc_hd__clkbuf_16)
     4    0.05    0.05    0.09    0.09 ^ clkbuf_0_clk/X (sky130_fd_sc_hd__clkbuf_16)
                                         clknet_0_clk (net)
                  0.05    0.00    0.09 ^ clkbuf_2_3__f_clk/A (sky130_fd_sc_hd__clkbuf_16)
    18    0.05    0.05    0.11    0.20 ^ clkbuf_2_3__f_clk/X (sky130_fd_sc_hd__clkbuf_16)
                                         clknet_2_3__leaf_clk (net)
                  0.05    0.00    0.20 ^ _335_/CLK (sky130_fd_sc_hd__dfrtp_4)
     6    0.04    0.08    0.34    0.54 v _335_/Q (sky130_fd_sc_hd__dfrtp_4)
                                         div.count[15] (net)
                  0.08    0.00    0.54 v _157_/A (sky130_fd_sc_hd__or4b_2)
     2    0.03    0.13    0.47    1.01 v _157_/X (sky130_fd_sc_hd__or4b_2)
                                         _074_ (net)
                  0.13    0.00    1.01 v _161_/A (sky130_fd_sc_hd__or4_2)
     4    0.03    0.12    0.48    1.49 v _161_/X (sky130_fd_sc_hd__or4_2)
                                         _078_ (net)
                  0.12    0.00    1.49 v _199_/A (sky130_fd_sc_hd__or3_4)
     8    0.04    0.08    0.31    1.81 v _199_/X (sky130_fd_sc_hd__or3_4)
                                         _106_ (net)
                  0.08    0.00    1.81 v _225_/A (sky130_fd_sc_hd__and3_1)
     1    0.01    0.04    0.12    1.93 v _225_/X (sky130_fd_sc_hd__and3_1)
                                         _123_ (net)
                  0.04    0.00    1.93 v _226_/A (sky130_fd_sc_hd__buf_1)
     1    0.01    0.05    0.09    2.01 v _226_/X (sky130_fd_sc_hd__buf_1)
                                         _013_ (net)
                  0.05    0.00    2.01 v _338_/D (sky130_fd_sc_hd__dfrtp_4)
                                  2.01   data arrival time

                         10.00   10.00   clock core_clock (rise edge)
                          0.00   10.00   clock source latency
     1    0.02    0.00    0.00   10.00 ^ clk (in)
                                         clk (net)
                  0.00    0.00   10.00 ^ clkbuf_0_clk/A (sky130_fd_sc_hd__clkbuf_16)
     4    0.05    0.05    0.09   10.09 ^ clkbuf_0_clk/X (sky130_fd_sc_hd__clkbuf_16)
                                         clknet_0_clk (net)
                  0.05    0.00   10.09 ^ clkbuf_2_0__f_clk/A (sky130_fd_sc_hd__clkbuf_16)
    18    0.05    0.05    0.11   10.20 ^ clkbuf_2_0__f_clk/X (sky130_fd_sc_hd__clkbuf_16)
                                         clknet_2_0__leaf_clk (net)
                  0.05    0.00   10.20 ^ _338_/CLK (sky130_fd_sc_hd__dfrtp_4)
                          0.00   10.20   clock reconvergence pessimism
                         -0.08   10.13   library setup time
                                 10.13   data required time
-----------------------------------------------------------------------------
                                 10.13   data required time
                                 -2.01   data arrival time
-----------------------------------------------------------------------------
                                  8.11   slack (MET)


Startpoint: _335_ (rising edge-triggered flip-flop clocked by core_clock)
Endpoint: _329_ (rising edge-triggered flip-flop clocked by core_clock)
Path Group: core_clock
Path Type: max
Corner: Fastest

Fanout     Cap    Slew   Delay    Time   Description
-----------------------------------------------------------------------------
                          0.00    0.00   clock core_clock (rise edge)
                          0.00    0.00   clock source latency
     1    0.02    0.00    0.00    0.00 ^ clk (in)
                                         clk (net)
                  0.00    0.00    0.00 ^ clkbuf_0_clk/A (sky130_fd_sc_hd__clkbuf_16)
     4    0.05    0.05    0.09    0.09 ^ clkbuf_0_clk/X (sky130_fd_sc_hd__clkbuf_16)
                                         clknet_0_clk (net)
                  0.05    0.00    0.09 ^ clkbuf_2_3__f_clk/A (sky130_fd_sc_hd__clkbuf_16)
    18    0.05    0.05    0.11    0.20 ^ clkbuf_2_3__f_clk/X (sky130_fd_sc_hd__clkbuf_16)
                                         clknet_2_3__leaf_clk (net)
                  0.05    0.00    0.20 ^ _335_/CLK (sky130_fd_sc_hd__dfrtp_4)
     6    0.04    0.08    0.34    0.54 v _335_/Q (sky130_fd_sc_hd__dfrtp_4)
                                         div.count[15] (net)
                  0.08    0.00    0.54 v _157_/A (sky130_fd_sc_hd__or4b_2)
     2    0.03    0.13    0.47    1.01 v _157_/X (sky130_fd_sc_hd__or4b_2)
                                         _074_ (net)
                  0.13    0.00    1.01 v _161_/A (sky130_fd_sc_hd__or4_2)
     4    0.03    0.12    0.48    1.49 v _161_/X (sky130_fd_sc_hd__or4_2)
                                         _078_ (net)
                  0.12    0.00    1.49 v _199_/A (sky130_fd_sc_hd__or3_4)
     8    0.04    0.08    0.31    1.81 v _199_/X (sky130_fd_sc_hd__or3_4)
                                         _106_ (net)
                  0.08    0.00    1.81 v _201_/A (sky130_fd_sc_hd__nand2_1)
     1    0.01    0.08    0.09    1.90 ^ _201_/Y (sky130_fd_sc_hd__nand2_1)
                                         _108_ (net)
                  0.08    0.00    1.90 ^ _202_/B (sky130_fd_sc_hd__nor2_1)
     1    0.01    0.06    0.05    1.96 v _202_/Y (sky130_fd_sc_hd__nor2_1)
                                         _035_ (net)
                  0.06    0.00    1.96 v _329_/D (sky130_fd_sc_hd__dfrtp_4)
                                  1.96   data arrival time

                         10.00   10.00   clock core_clock (rise edge)
                          0.00   10.00   clock source latency
     1    0.02    0.00    0.00   10.00 ^ clk (in)
                                         clk (net)
                  0.00    0.00   10.00 ^ clkbuf_0_clk/A (sky130_fd_sc_hd__clkbuf_16)
     4    0.05    0.05    0.09   10.09 ^ clkbuf_0_clk/X (sky130_fd_sc_hd__clkbuf_16)
                                         clknet_0_clk (net)
                  0.05    0.00   10.09 ^ clkbuf_2_1__f_clk/A (sky130_fd_sc_hd__clkbuf_16)
    22    0.06    0.06    0.11   10.21 ^ clkbuf_2_1__f_clk/X (sky130_fd_sc_hd__clkbuf_16)
                                         clknet_2_1__leaf_clk (net)
                  0.06    0.00   10.21 ^ _329_/CLK (sky130_fd_sc_hd__dfrtp_4)
                          0.00   10.21   clock reconvergence pessimism
                         -0.08   10.13   library setup time
                                 10.13   data required time
-----------------------------------------------------------------------------
                                 10.13   data required time
                                 -1.96   data arrival time
-----------------------------------------------------------------------------
                                  8.17   slack (MET)


Startpoint: _321_ (rising edge-triggered flip-flop clocked by core_clock)
Endpoint: _343_ (rising edge-triggered flip-flop clocked by core_clock)
Path Group: core_clock
Path Type: max
Corner: Fastest

Fanout     Cap    Slew   Delay    Time   Description
-----------------------------------------------------------------------------
                          0.00    0.00   clock core_clock (rise edge)
                          0.00    0.00   clock source latency
     1    0.02    0.00    0.00    0.00 ^ clk (in)
                                         clk (net)
                  0.00    0.00    0.00 ^ clkbuf_0_clk/A (sky130_fd_sc_hd__clkbuf_16)
     4    0.05    0.05    0.09    0.09 ^ clkbuf_0_clk/X (sky130_fd_sc_hd__clkbuf_16)
                                         clknet_0_clk (net)
                  0.05    0.00    0.09 ^ clkbuf_2_1__f_clk/A (sky130_fd_sc_hd__clkbuf_16)
    22    0.06    0.06    0.11    0.21 ^ clkbuf_2_1__f_clk/X (sky130_fd_sc_hd__clkbuf_16)
                                         clknet_2_1__leaf_clk (net)
                  0.06    0.00    0.21 ^ _321_/CLK (sky130_fd_sc_hd__dfrtp_4)
    10    0.04    0.11    0.32    0.53 ^ _321_/Q (sky130_fd_sc_hd__dfrtp_4)
                                         div.count[1] (net)
                  0.11    0.00    0.53 ^ _176_/B (sky130_fd_sc_hd__and4_1)
     1    0.01    0.11    0.18    0.70 ^ _176_/X (sky130_fd_sc_hd__and4_1)
                                         _089_ (net)
                  0.11    0.00    0.71 ^ _177_/A (sky130_fd_sc_hd__clkbuf_4)
    16    0.07    0.15    0.20    0.90 ^ _177_/X (sky130_fd_sc_hd__clkbuf_4)
                                         _090_ (net)
                  0.15    0.00    0.90 ^ _217_/A (sky130_fd_sc_hd__and4_1)
     1    0.02    0.13    0.19    1.09 ^ _217_/X (sky130_fd_sc_hd__and4_1)
                                         _117_ (net)
                  0.13    0.00    1.09 ^ _218_/A (sky130_fd_sc_hd__clkbuf_4)
    18    0.08    0.18    0.22    1.31 ^ _218_/X (sky130_fd_sc_hd__clkbuf_4)
                                         _118_ (net)
                  0.18    0.01    1.32 ^ _232_/B (sky130_fd_sc_hd__and3_2)
     8    0.05    0.18    0.24    1.56 ^ _232_/X (sky130_fd_sc_hd__and3_2)
                                         _128_ (net)
                  0.18    0.00    1.56 ^ _237_/C (sky130_fd_sc_hd__nand3_2)
     4    0.02    0.10    0.10    1.66 v _237_/Y (sky130_fd_sc_hd__nand3_2)
                                         _131_ (net)
                  0.10    0.00    1.67 v _240_/B (sky130_fd_sc_hd__xnor2_1)
     2    0.02    0.33    0.29    1.96 ^ _240_/Y (sky130_fd_sc_hd__xnor2_1)
                                         _019_ (net)
                  0.33    0.00    1.96 ^ _343_/D (sky130_fd_sc_hd__dfrtp_2)
                                  1.96   data arrival time

                         10.00   10.00   clock core_clock (rise edge)
                          0.00   10.00   clock source latency
     1    0.02    0.00    0.00   10.00 ^ clk (in)
                                         clk (net)
                  0.00    0.00   10.00 ^ clkbuf_0_clk/A (sky130_fd_sc_hd__clkbuf_16)
     4    0.05    0.05    0.09   10.09 ^ clkbuf_0_clk/X (sky130_fd_sc_hd__clkbuf_16)
                                         clknet_0_clk (net)
                  0.05    0.00   10.09 ^ clkbuf_2_1__f_clk/A (sky130_fd_sc_hd__clkbuf_16)
    22    0.06    0.06    0.11   10.21 ^ clkbuf_2_1__f_clk/X (sky130_fd_sc_hd__clkbuf_16)
                                         clknet_2_1__leaf_clk (net)
                  0.06    0.00   10.21 ^ _343_/CLK (sky130_fd_sc_hd__dfrtp_2)
                          0.00   10.21   clock reconvergence pessimism
                         -0.07   10.14   library setup time
                                 10.14   data required time
-----------------------------------------------------------------------------
                                 10.14   data required time
                                 -1.96   data arrival time
-----------------------------------------------------------------------------
                                  8.19   slack (MET)


Startpoint: _335_ (rising edge-triggered flip-flop clocked by core_clock)
Endpoint: _334_ (rising edge-triggered flip-flop clocked by core_clock)
Path Group: core_clock
Path Type: max
Corner: Fastest

Fanout     Cap    Slew   Delay    Time   Description
-----------------------------------------------------------------------------
                          0.00    0.00   clock core_clock (rise edge)
                          0.00    0.00   clock source latency
     1    0.02    0.00    0.00    0.00 ^ clk (in)
                                         clk (net)
                  0.00    0.00    0.00 ^ clkbuf_0_clk/A (sky130_fd_sc_hd__clkbuf_16)
     4    0.05    0.05    0.09    0.09 ^ clkbuf_0_clk/X (sky130_fd_sc_hd__clkbuf_16)
                                         clknet_0_clk (net)
                  0.05    0.00    0.09 ^ clkbuf_2_3__f_clk/A (sky130_fd_sc_hd__clkbuf_16)
    18    0.05    0.05    0.11    0.20 ^ clkbuf_2_3__f_clk/X (sky130_fd_sc_hd__clkbuf_16)
                                         clknet_2_3__leaf_clk (net)
                  0.05    0.00    0.20 ^ _335_/CLK (sky130_fd_sc_hd__dfrtp_4)
     6    0.04    0.08    0.34    0.54 v _335_/Q (sky130_fd_sc_hd__dfrtp_4)
                                         div.count[15] (net)
                  0.08    0.00    0.54 v _157_/A (sky130_fd_sc_hd__or4b_2)
     2    0.03    0.13    0.47    1.01 v _157_/X (sky130_fd_sc_hd__or4b_2)
                                         _074_ (net)
                  0.13    0.00    1.01 v _161_/A (sky130_fd_sc_hd__or4_2)
     4    0.03    0.12    0.48    1.49 v _161_/X (sky130_fd_sc_hd__or4_2)
                                         _078_ (net)
                  0.12    0.00    1.49 v _199_/A (sky130_fd_sc_hd__or3_4)
     8    0.04    0.08    0.31    1.81 v _199_/X (sky130_fd_sc_hd__or3_4)
                                         _106_ (net)
                  0.08    0.00    1.81 v _214_/C1 (sky130_fd_sc_hd__o211a_1)
     1    0.00    0.03    0.08    1.89 v _214_/X (sky130_fd_sc_hd__o211a_1)
                                         _009_ (net)
                  0.03    0.00    1.89 v _334_/D (sky130_fd_sc_hd__dfrtp_2)
                                  1.89   data arrival time

                         10.00   10.00   clock core_clock (rise edge)
                          0.00   10.00   clock source latency
     1    0.02    0.00    0.00   10.00 ^ clk (in)
                                         clk (net)
                  0.00    0.00   10.00 ^ clkbuf_0_clk/A (sky130_fd_sc_hd__clkbuf_16)
     4    0.05    0.05    0.09   10.09 ^ clkbuf_0_clk/X (sky130_fd_sc_hd__clkbuf_16)
                                         clknet_0_clk (net)
                  0.05    0.00   10.09 ^ clkbuf_2_2__f_clk/A (sky130_fd_sc_hd__clkbuf_16)
    14    0.05    0.05    0.11   10.20 ^ clkbuf_2_2__f_clk/X (sky130_fd_sc_hd__clkbuf_16)
                                         clknet_2_2__leaf_clk (net)
                  0.05    0.00   10.20 ^ _334_/CLK (sky130_fd_sc_hd__dfrtp_2)
                          0.00   10.20   clock reconvergence pessimism
                         -0.07   10.13   library setup time
                                 10.13   data required time
-----------------------------------------------------------------------------
                                 10.13   data required time
                                 -1.89   data arrival time
-----------------------------------------------------------------------------
                                  8.24   slack (MET)


Startpoint: _321_ (rising edge-triggered flip-flop clocked by core_clock)
Endpoint: _345_ (rising edge-triggered flip-flop clocked by core_clock)
Path Group: core_clock
Path Type: max
Corner: Fastest

Fanout     Cap    Slew   Delay    Time   Description
-----------------------------------------------------------------------------
                          0.00    0.00   clock core_clock (rise edge)
                          0.00    0.00   clock source latency
     1    0.02    0.00    0.00    0.00 ^ clk (in)
                                         clk (net)
                  0.00    0.00    0.00 ^ clkbuf_0_clk/A (sky130_fd_sc_hd__clkbuf_16)
     4    0.05    0.05    0.09    0.09 ^ clkbuf_0_clk/X (sky130_fd_sc_hd__clkbuf_16)
                                         clknet_0_clk (net)
                  0.05    0.00    0.09 ^ clkbuf_2_1__f_clk/A (sky130_fd_sc_hd__clkbuf_16)
    22    0.06    0.06    0.11    0.21 ^ clkbuf_2_1__f_clk/X (sky130_fd_sc_hd__clkbuf_16)
                                         clknet_2_1__leaf_clk (net)
                  0.06    0.00    0.21 ^ _321_/CLK (sky130_fd_sc_hd__dfrtp_4)
    10    0.04    0.11    0.32    0.53 ^ _321_/Q (sky130_fd_sc_hd__dfrtp_4)
                                         div.count[1] (net)
                  0.11    0.00    0.53 ^ _176_/B (sky130_fd_sc_hd__and4_1)
     1    0.01    0.11    0.18    0.70 ^ _176_/X (sky130_fd_sc_hd__and4_1)
                                         _089_ (net)
                  0.11    0.00    0.71 ^ _177_/A (sky130_fd_sc_hd__clkbuf_4)
    16    0.07    0.15    0.20    0.90 ^ _177_/X (sky130_fd_sc_hd__clkbuf_4)
                                         _090_ (net)
                  0.15    0.00    0.90 ^ _217_/A (sky130_fd_sc_hd__and4_1)
     1    0.02    0.13    0.19    1.09 ^ _217_/X (sky130_fd_sc_hd__and4_1)
                                         _117_ (net)
                  0.13    0.00    1.09 ^ _218_/A (sky130_fd_sc_hd__clkbuf_4)
    18    0.08    0.18    0.22    1.31 ^ _218_/X (sky130_fd_sc_hd__clkbuf_4)
                                         _118_ (net)
                  0.18    0.01    1.32 ^ _243_/A (sky130_fd_sc_hd__and2_2)
     8    0.04    0.16    0.21    1.53 ^ _243_/X (sky130_fd_sc_hd__and2_2)
                                         _135_ (net)
                  0.16    0.00    1.53 ^ _246_/C (sky130_fd_sc_hd__and3_1)
     4    0.03    0.20    0.23    1.76 ^ _246_/X (sky130_fd_sc_hd__and3_1)
                                         _137_ (net)
                  0.20    0.00    1.76 ^ _247_/B (sky130_fd_sc_hd__nor2_1)
     2    0.02    0.10    0.09    1.85 v _247_/Y (sky130_fd_sc_hd__nor2_1)
                                         _021_ (net)
                  0.10    0.00    1.85 v _345_/D (sky130_fd_sc_hd__dfrtp_2)
                                  1.85   data arrival time

                         10.00   10.00   clock core_clock (rise edge)
                          0.00   10.00   clock source latency
     1    0.02    0.00    0.00   10.00 ^ clk (in)
                                         clk (net)
                  0.00    0.00   10.00 ^ clkbuf_0_clk/A (sky130_fd_sc_hd__clkbuf_16)
     4    0.05    0.05    0.09   10.09 ^ clkbuf_0_clk/X (sky130_fd_sc_hd__clkbuf_16)
                                         clknet_0_clk (net)
                  0.05    0.00   10.09 ^ clkbuf_2_3__f_clk/A (sky130_fd_sc_hd__clkbuf_16)
    18    0.05    0.05    0.11   10.20 ^ clkbuf_2_3__f_clk/X (sky130_fd_sc_hd__clkbuf_16)
                                         clknet_2_3__leaf_clk (net)
                  0.05    0.00   10.20 ^ _345_/CLK (sky130_fd_sc_hd__dfrtp_2)
                          0.00   10.20   clock reconvergence pessimism
                         -0.09   10.10   library setup time
                                 10.10   data required time
-----------------------------------------------------------------------------
                                 10.10   data required time
                                 -1.85   data arrival time
-----------------------------------------------------------------------------
                                  8.25   slack (MET)


Startpoint: _321_ (rising edge-triggered flip-flop clocked by core_clock)
Endpoint: _346_ (rising edge-triggered flip-flop clocked by core_clock)
Path Group: core_clock
Path Type: max
Corner: Fastest

Fanout     Cap    Slew   Delay    Time   Description
-----------------------------------------------------------------------------
                          0.00    0.00   clock core_clock (rise edge)
                          0.00    0.00   clock source latency
     1    0.02    0.00    0.00    0.00 ^ clk (in)
                                         clk (net)
                  0.00    0.00    0.00 ^ clkbuf_0_clk/A (sky130_fd_sc_hd__clkbuf_16)
     4    0.05    0.05    0.09    0.09 ^ clkbuf_0_clk/X (sky130_fd_sc_hd__clkbuf_16)
                                         clknet_0_clk (net)
                  0.05    0.00    0.09 ^ clkbuf_2_1__f_clk/A (sky130_fd_sc_hd__clkbuf_16)
    22    0.06    0.06    0.11    0.21 ^ clkbuf_2_1__f_clk/X (sky130_fd_sc_hd__clkbuf_16)
                                         clknet_2_1__leaf_clk (net)
                  0.06    0.00    0.21 ^ _321_/CLK (sky130_fd_sc_hd__dfrtp_4)
    10    0.04    0.11    0.32    0.53 ^ _321_/Q (sky130_fd_sc_hd__dfrtp_4)
                                         div.count[1] (net)
                  0.11    0.00    0.53 ^ _176_/B (sky130_fd_sc_hd__and4_1)
     1    0.01    0.11    0.18    0.70 ^ _176_/X (sky130_fd_sc_hd__and4_1)
                                         _089_ (net)
                  0.11    0.00    0.71 ^ _177_/A (sky130_fd_sc_hd__clkbuf_4)
    16    0.07    0.15    0.20    0.90 ^ _177_/X (sky130_fd_sc_hd__clkbuf_4)
                                         _090_ (net)
                  0.15    0.00    0.90 ^ _217_/A (sky130_fd_sc_hd__and4_1)
     1    0.02    0.13    0.19    1.09 ^ _217_/X (sky130_fd_sc_hd__and4_1)
                                         _117_ (net)
                  0.13    0.00    1.09 ^ _218_/A (sky130_fd_sc_hd__clkbuf_4)
    18    0.08    0.18    0.22    1.31 ^ _218_/X (sky130_fd_sc_hd__clkbuf_4)
                                         _118_ (net)
                  0.18    0.01    1.32 ^ _243_/A (sky130_fd_sc_hd__and2_2)
     8    0.04    0.16    0.21    1.53 ^ _243_/X (sky130_fd_sc_hd__and2_2)
                                         _135_ (net)
                  0.16    0.00    1.53 ^ _246_/C (sky130_fd_sc_hd__and3_1)
     4    0.03    0.20    0.23    1.76 ^ _246_/X (sky130_fd_sc_hd__and3_1)
                                         _137_ (net)
                  0.20    0.00    1.76 ^ _248_/B (sky130_fd_sc_hd__xor2_1)
     1    0.01    0.15    0.14    1.90 ^ _248_/X (sky130_fd_sc_hd__xor2_1)
                                         _022_ (net)
                  0.15    0.00    1.90 ^ _346_/D (sky130_fd_sc_hd__dfrtp_2)
                                  1.90   data arrival time

                         10.00   10.00   clock core_clock (rise edge)
                          0.00   10.00   clock source latency
     1    0.02    0.00    0.00   10.00 ^ clk (in)
                                         clk (net)
                  0.00    0.00   10.00 ^ clkbuf_0_clk/A (sky130_fd_sc_hd__clkbuf_16)
     4    0.05    0.05    0.09   10.09 ^ clkbuf_0_clk/X (sky130_fd_sc_hd__clkbuf_16)
                                         clknet_0_clk (net)
                  0.05    0.00   10.09 ^ clkbuf_2_0__f_clk/A (sky130_fd_sc_hd__clkbuf_16)
    18    0.05    0.05    0.11   10.20 ^ clkbuf_2_0__f_clk/X (sky130_fd_sc_hd__clkbuf_16)
                                         clknet_2_0__leaf_clk (net)
                  0.05    0.00   10.20 ^ _346_/CLK (sky130_fd_sc_hd__dfrtp_2)
                          0.00   10.20   clock reconvergence pessimism
                         -0.05   10.16   library setup time
                                 10.16   data required time
-----------------------------------------------------------------------------
                                 10.16   data required time
                                 -1.90   data arrival time
-----------------------------------------------------------------------------
                                  8.25   slack (MET)


Startpoint: _321_ (rising edge-triggered flip-flop clocked by core_clock)
Endpoint: _349_ (rising edge-triggered flip-flop clocked by core_clock)
Path Group: core_clock
Path Type: max
Corner: Fastest

Fanout     Cap    Slew   Delay    Time   Description
-----------------------------------------------------------------------------
                          0.00    0.00   clock core_clock (rise edge)
                          0.00    0.00   clock source latency
     1    0.02    0.00    0.00    0.00 ^ clk (in)
                                         clk (net)
                  0.00    0.00    0.00 ^ clkbuf_0_clk/A (sky130_fd_sc_hd__clkbuf_16)
     4    0.05    0.05    0.09    0.09 ^ clkbuf_0_clk/X (sky130_fd_sc_hd__clkbuf_16)
                                         clknet_0_clk (net)
                  0.05    0.00    0.09 ^ clkbuf_2_1__f_clk/A (sky130_fd_sc_hd__clkbuf_16)
    22    0.06    0.06    0.11    0.21 ^ clkbuf_2_1__f_clk/X (sky130_fd_sc_hd__clkbuf_16)
                                         clknet_2_1__leaf_clk (net)
                  0.06    0.00    0.21 ^ _321_/CLK (sky130_fd_sc_hd__dfrtp_4)
    10    0.04    0.11    0.32    0.53 ^ _321_/Q (sky130_fd_sc_hd__dfrtp_4)
                                         div.count[1] (net)
                  0.11    0.00    0.53 ^ _176_/B (sky130_fd_sc_hd__and4_1)
     1    0.01    0.11    0.18    0.70 ^ _176_/X (sky130_fd_sc_hd__and4_1)
                                         _089_ (net)
                  0.11    0.00    0.71 ^ _177_/A (sky130_fd_sc_hd__clkbuf_4)
    16    0.07    0.15    0.20    0.90 ^ _177_/X (sky130_fd_sc_hd__clkbuf_4)
                                         _090_ (net)
                  0.15    0.00    0.90 ^ _217_/A (sky130_fd_sc_hd__and4_1)
     1    0.02    0.13    0.19    1.09 ^ _217_/X (sky130_fd_sc_hd__and4_1)
                                         _117_ (net)
                  0.13    0.00    1.09 ^ _218_/A (sky130_fd_sc_hd__clkbuf_4)
    18    0.08    0.18    0.22    1.31 ^ _218_/X (sky130_fd_sc_hd__clkbuf_4)
                                         _118_ (net)
                  0.18    0.00    1.32 ^ _251_/A (sky130_fd_sc_hd__and3_2)
    10    0.04    0.16    0.23    1.55 ^ _251_/X (sky130_fd_sc_hd__and3_2)
                                         _140_ (net)
                  0.16    0.00    1.55 ^ _253_/B (sky130_fd_sc_hd__and2_1)
     2    0.01    0.11    0.15    1.70 ^ _253_/X (sky130_fd_sc_hd__and2_1)
                                         _141_ (net)
                  0.11    0.00    1.70 ^ _257_/A2 (sky130_fd_sc_hd__o21a_1)
     2    0.02    0.17    0.18    1.87 ^ _257_/X (sky130_fd_sc_hd__o21a_1)
                                         _025_ (net)
                  0.17    0.00    1.87 ^ _349_/D (sky130_fd_sc_hd__dfrtp_4)
                                  1.87   data arrival time

                         10.00   10.00   clock core_clock (rise edge)
                          0.00   10.00   clock source latency
     1    0.02    0.00    0.00   10.00 ^ clk (in)
                                         clk (net)
                  0.00    0.00   10.00 ^ clkbuf_0_clk/A (sky130_fd_sc_hd__clkbuf_16)
     4    0.05    0.05    0.09   10.09 ^ clkbuf_0_clk/X (sky130_fd_sc_hd__clkbuf_16)
                                         clknet_0_clk (net)
                  0.05    0.00   10.09 ^ clkbuf_2_3__f_clk/A (sky130_fd_sc_hd__clkbuf_16)
    18    0.05    0.05    0.11   10.20 ^ clkbuf_2_3__f_clk/X (sky130_fd_sc_hd__clkbuf_16)
                                         clknet_2_3__leaf_clk (net)
                  0.05    0.00   10.20 ^ _349_/CLK (sky130_fd_sc_hd__dfrtp_4)
                          0.00   10.20   clock reconvergence pessimism
                         -0.05   10.15   library setup time
                                 10.15   data required time
-----------------------------------------------------------------------------
                                 10.15   data required time
                                 -1.87   data arrival time
-----------------------------------------------------------------------------
                                  8.27   slack (MET)


Startpoint: _321_ (rising edge-triggered flip-flop clocked by core_clock)
Endpoint: _348_ (rising edge-triggered flip-flop clocked by core_clock)
Path Group: core_clock
Path Type: max
Corner: Fastest

Fanout     Cap    Slew   Delay    Time   Description
-----------------------------------------------------------------------------
                          0.00    0.00   clock core_clock (rise edge)
                          0.00    0.00   clock source latency
     1    0.02    0.00    0.00    0.00 ^ clk (in)
                                         clk (net)
                  0.00    0.00    0.00 ^ clkbuf_0_clk/A (sky130_fd_sc_hd__clkbuf_16)
     4    0.05    0.05    0.09    0.09 ^ clkbuf_0_clk/X (sky130_fd_sc_hd__clkbuf_16)
                                         clknet_0_clk (net)
                  0.05    0.00    0.09 ^ clkbuf_2_1__f_clk/A (sky130_fd_sc_hd__clkbuf_16)
    22    0.06    0.06    0.11    0.21 ^ clkbuf_2_1__f_clk/X (sky130_fd_sc_hd__clkbuf_16)
                                         clknet_2_1__leaf_clk (net)
                  0.06    0.00    0.21 ^ _321_/CLK (sky130_fd_sc_hd__dfrtp_4)
    10    0.04    0.11    0.32    0.53 ^ _321_/Q (sky130_fd_sc_hd__dfrtp_4)
                                         div.count[1] (net)
                  0.11    0.00    0.53 ^ _176_/B (sky130_fd_sc_hd__and4_1)
     1    0.01    0.11    0.18    0.70 ^ _176_/X (sky130_fd_sc_hd__and4_1)
                                         _089_ (net)
                  0.11    0.00    0.71 ^ _177_/A (sky130_fd_sc_hd__clkbuf_4)
    16    0.07    0.15    0.20    0.90 ^ _177_/X (sky130_fd_sc_hd__clkbuf_4)
                                         _090_ (net)
                  0.15    0.00    0.90 ^ _217_/A (sky130_fd_sc_hd__and4_1)
     1    0.02    0.13    0.19    1.09 ^ _217_/X (sky130_fd_sc_hd__and4_1)
                                         _117_ (net)
                  0.13    0.00    1.09 ^ _218_/A (sky130_fd_sc_hd__clkbuf_4)
    18    0.08    0.18    0.22    1.31 ^ _218_/X (sky130_fd_sc_hd__clkbuf_4)
                                         _118_ (net)
                  0.18    0.00    1.32 ^ _251_/A (sky130_fd_sc_hd__and3_2)
    10    0.04    0.16    0.23    1.55 ^ _251_/X (sky130_fd_sc_hd__and3_2)
                                         _140_ (net)
                  0.16    0.00    1.55 ^ _254_/B (sky130_fd_sc_hd__nor2_1)
     2    0.03    0.10    0.10    1.65 v _254_/Y (sky130_fd_sc_hd__nor2_1)
                                         _142_ (net)
                  0.10    0.00    1.65 v _255_/B (sky130_fd_sc_hd__nor2_1)
     1    0.02    0.24    0.22    1.87 ^ _255_/Y (sky130_fd_sc_hd__nor2_1)
                                         _024_ (net)
                  0.24    0.00    1.87 ^ _348_/D (sky130_fd_sc_hd__dfrtp_4)
                                  1.87   data arrival time

                         10.00   10.00   clock core_clock (rise edge)
                          0.00   10.00   clock source latency
     1    0.02    0.00    0.00   10.00 ^ clk (in)
                                         clk (net)
                  0.00    0.00   10.00 ^ clkbuf_0_clk/A (sky130_fd_sc_hd__clkbuf_16)
     4    0.05    0.05    0.09   10.09 ^ clkbuf_0_clk/X (sky130_fd_sc_hd__clkbuf_16)
                                         clknet_0_clk (net)
                  0.05    0.00   10.09 ^ clkbuf_2_1__f_clk/A (sky130_fd_sc_hd__clkbuf_16)
    22    0.06    0.06    0.11   10.21 ^ clkbuf_2_1__f_clk/X (sky130_fd_sc_hd__clkbuf_16)
                                         clknet_2_1__leaf_clk (net)
                  0.06    0.00   10.21 ^ _348_/CLK (sky130_fd_sc_hd__dfrtp_4)
                          0.00   10.21   clock reconvergence pessimism
                         -0.06   10.15   library setup time
                                 10.15   data required time
-----------------------------------------------------------------------------
                                 10.15   data required time
                                 -1.87   data arrival time
-----------------------------------------------------------------------------
                                  8.28   slack (MET)


Startpoint: _321_ (rising edge-triggered flip-flop clocked by core_clock)
Endpoint: _351_ (rising edge-triggered flip-flop clocked by core_clock)
Path Group: core_clock
Path Type: max
Corner: Fastest

Fanout     Cap    Slew   Delay    Time   Description
-----------------------------------------------------------------------------
                          0.00    0.00   clock core_clock (rise edge)
                          0.00    0.00   clock source latency
     1    0.02    0.00    0.00    0.00 ^ clk (in)
                                         clk (net)
                  0.00    0.00    0.00 ^ clkbuf_0_clk/A (sky130_fd_sc_hd__clkbuf_16)
     4    0.05    0.05    0.09    0.09 ^ clkbuf_0_clk/X (sky130_fd_sc_hd__clkbuf_16)
                                         clknet_0_clk (net)
                  0.05    0.00    0.09 ^ clkbuf_2_1__f_clk/A (sky130_fd_sc_hd__clkbuf_16)
    22    0.06    0.06    0.11    0.21 ^ clkbuf_2_1__f_clk/X (sky130_fd_sc_hd__clkbuf_16)
                                         clknet_2_1__leaf_clk (net)
                  0.06    0.00    0.21 ^ _321_/CLK (sky130_fd_sc_hd__dfrtp_4)
    10    0.04    0.11    0.32    0.53 ^ _321_/Q (sky130_fd_sc_hd__dfrtp_4)
                                         div.count[1] (net)
                  0.11    0.00    0.53 ^ _176_/B (sky130_fd_sc_hd__and4_1)
     1    0.01    0.11    0.18    0.70 ^ _176_/X (sky130_fd_sc_hd__and4_1)
                                         _089_ (net)
                  0.11    0.00    0.71 ^ _177_/A (sky130_fd_sc_hd__clkbuf_4)
    16    0.07    0.15    0.20    0.90 ^ _177_/X (sky130_fd_sc_hd__clkbuf_4)
                                         _090_ (net)
                  0.15    0.00    0.90 ^ _217_/A (sky130_fd_sc_hd__and4_1)
     1    0.02    0.13    0.19    1.09 ^ _217_/X (sky130_fd_sc_hd__and4_1)
                                         _117_ (net)
                  0.13    0.00    1.09 ^ _218_/A (sky130_fd_sc_hd__clkbuf_4)
    18    0.08    0.18    0.22    1.31 ^ _218_/X (sky130_fd_sc_hd__clkbuf_4)
                                         _118_ (net)
                  0.18    0.00    1.32 ^ _251_/A (sky130_fd_sc_hd__and3_2)
    10    0.04    0.16    0.23    1.55 ^ _251_/X (sky130_fd_sc_hd__and3_2)
                                         _140_ (net)
                  0.16    0.00    1.55 ^ _259_/D (sky130_fd_sc_hd__and4_1)
     1    0.01    0.07    0.15    1.70 ^ _259_/X (sky130_fd_sc_hd__and4_1)
                                         _144_ (net)
                  0.07    0.00    1.70 ^ _260_/B (sky130_fd_sc_hd__xor2_1)
     1    0.01    0.15    0.15    1.85 ^ _260_/X (sky130_fd_sc_hd__xor2_1)
                                         _028_ (net)
                  0.15    0.00    1.85 ^ _351_/D (sky130_fd_sc_hd__dfrtp_1)
                                  1.85   data arrival time

                         10.00   10.00   clock core_clock (rise edge)
                          0.00   10.00   clock source latency
     1    0.02    0.00    0.00   10.00 ^ clk (in)
                                         clk (net)
                  0.00    0.00   10.00 ^ clkbuf_0_clk/A (sky130_fd_sc_hd__clkbuf_16)
     4    0.05    0.05    0.09   10.09 ^ clkbuf_0_clk/X (sky130_fd_sc_hd__clkbuf_16)
                                         clknet_0_clk (net)
                  0.05    0.00   10.09 ^ clkbuf_2_3__f_clk/A (sky130_fd_sc_hd__clkbuf_16)
    18    0.05    0.05    0.11   10.20 ^ clkbuf_2_3__f_clk/X (sky130_fd_sc_hd__clkbuf_16)
                                         clknet_2_3__leaf_clk (net)
                  0.05    0.00   10.20 ^ _351_/CLK (sky130_fd_sc_hd__dfrtp_1)
                          0.00   10.20   clock reconvergence pessimism
                         -0.04   10.16   library setup time
                                 10.16   data required time
-----------------------------------------------------------------------------
                                 10.16   data required time
                                 -1.85   data arrival time
-----------------------------------------------------------------------------
                                  8.31   slack (MET)


Startpoint: _321_ (rising edge-triggered flip-flop clocked by core_clock)
Endpoint: _335_ (rising edge-triggered flip-flop clocked by core_clock)
Path Group: core_clock
Path Type: max
Corner: Fastest

Fanout     Cap    Slew   Delay    Time   Description
-----------------------------------------------------------------------------
                          0.00    0.00   clock core_clock (rise edge)
                          0.00    0.00   clock source latency
     1    0.02    0.00    0.00    0.00 ^ clk (in)
                                         clk (net)
                  0.00    0.00    0.00 ^ clkbuf_0_clk/A (sky130_fd_sc_hd__clkbuf_16)
     4    0.05    0.05    0.09    0.09 ^ clkbuf_0_clk/X (sky130_fd_sc_hd__clkbuf_16)
                                         clknet_0_clk (net)
                  0.05    0.00    0.09 ^ clkbuf_2_1__f_clk/A (sky130_fd_sc_hd__clkbuf_16)
    22    0.06    0.06    0.11    0.21 ^ clkbuf_2_1__f_clk/X (sky130_fd_sc_hd__clkbuf_16)
                                         clknet_2_1__leaf_clk (net)
                  0.06    0.00    0.21 ^ _321_/CLK (sky130_fd_sc_hd__dfrtp_4)
    10    0.04    0.11    0.32    0.53 ^ _321_/Q (sky130_fd_sc_hd__dfrtp_4)
                                         div.count[1] (net)
                  0.11    0.00    0.53 ^ _176_/B (sky130_fd_sc_hd__and4_1)
     1    0.01    0.11    0.18    0.70 ^ _176_/X (sky130_fd_sc_hd__and4_1)
                                         _089_ (net)
                  0.11    0.00    0.71 ^ _177_/A (sky130_fd_sc_hd__clkbuf_4)
    16    0.07    0.15    0.20    0.90 ^ _177_/X (sky130_fd_sc_hd__clkbuf_4)
                                         _090_ (net)
                  0.15    0.00    0.90 ^ _195_/C (sky130_fd_sc_hd__and4_1)
     1    0.02    0.12    0.19    1.09 ^ _195_/X (sky130_fd_sc_hd__and4_1)
                                         _102_ (net)
                  0.12    0.00    1.09 ^ _196_/A (sky130_fd_sc_hd__clkbuf_4)
    12    0.06    0.14    0.19    1.29 ^ _196_/X (sky130_fd_sc_hd__clkbuf_4)
                                         _103_ (net)
                  0.14    0.00    1.29 ^ _211_/A (sky130_fd_sc_hd__and2_2)
     6    0.04    0.15    0.19    1.48 ^ _211_/X (sky130_fd_sc_hd__and2_2)
                                         _114_ (net)
                  0.15    0.00    1.48 ^ _213_/B (sky130_fd_sc_hd__nand2_2)
     4    0.03    0.09    0.09    1.58 v _213_/Y (sky130_fd_sc_hd__nand2_2)
                                         _115_ (net)
                  0.09    0.00    1.58 v _215_/B (sky130_fd_sc_hd__xnor2_2)
     2    0.03    0.26    0.24    1.81 ^ _215_/Y (sky130_fd_sc_hd__xnor2_2)
                                         _010_ (net)
                  0.26    0.00    1.81 ^ _335_/D (sky130_fd_sc_hd__dfrtp_4)
                                  1.81   data arrival time

                         10.00   10.00   clock core_clock (rise edge)
                          0.00   10.00   clock source latency
     1    0.02    0.00    0.00   10.00 ^ clk (in)
                                         clk (net)
                  0.00    0.00   10.00 ^ clkbuf_0_clk/A (sky130_fd_sc_hd__clkbuf_16)
     4    0.05    0.05    0.09   10.09 ^ clkbuf_0_clk/X (sky130_fd_sc_hd__clkbuf_16)
                                         clknet_0_clk (net)
                  0.05    0.00   10.09 ^ clkbuf_2_3__f_clk/A (sky130_fd_sc_hd__clkbuf_16)
    18    0.05    0.05    0.11   10.20 ^ clkbuf_2_3__f_clk/X (sky130_fd_sc_hd__clkbuf_16)
                                         clknet_2_3__leaf_clk (net)
                  0.05    0.00   10.20 ^ _335_/CLK (sky130_fd_sc_hd__dfrtp_4)
                          0.00   10.20   clock reconvergence pessimism
                         -0.06   10.14   library setup time
                                 10.14   data required time
-----------------------------------------------------------------------------
                                 10.14   data required time
                                 -1.81   data arrival time
-----------------------------------------------------------------------------
                                  8.33   slack (MET)


Startpoint: _321_ (rising edge-triggered flip-flop clocked by core_clock)
Endpoint: _344_ (rising edge-triggered flip-flop clocked by core_clock)
Path Group: core_clock
Path Type: max
Corner: Fastest

Fanout     Cap    Slew   Delay    Time   Description
-----------------------------------------------------------------------------
                          0.00    0.00   clock core_clock (rise edge)
                          0.00    0.00   clock source latency
     1    0.02    0.00    0.00    0.00 ^ clk (in)
                                         clk (net)
                  0.00    0.00    0.00 ^ clkbuf_0_clk/A (sky130_fd_sc_hd__clkbuf_16)
     4    0.05    0.05    0.09    0.09 ^ clkbuf_0_clk/X (sky130_fd_sc_hd__clkbuf_16)
                                         clknet_0_clk (net)
                  0.05    0.00    0.09 ^ clkbuf_2_1__f_clk/A (sky130_fd_sc_hd__clkbuf_16)
    22    0.06    0.06    0.11    0.21 ^ clkbuf_2_1__f_clk/X (sky130_fd_sc_hd__clkbuf_16)
                                         clknet_2_1__leaf_clk (net)
                  0.06    0.00    0.21 ^ _321_/CLK (sky130_fd_sc_hd__dfrtp_4)
    10    0.04    0.11    0.32    0.53 ^ _321_/Q (sky130_fd_sc_hd__dfrtp_4)
                                         div.count[1] (net)
                  0.11    0.00    0.53 ^ _176_/B (sky130_fd_sc_hd__and4_1)
     1    0.01    0.11    0.18    0.70 ^ _176_/X (sky130_fd_sc_hd__and4_1)
                                         _089_ (net)
                  0.11    0.00    0.71 ^ _177_/A (sky130_fd_sc_hd__clkbuf_4)
    16    0.07    0.15    0.20    0.90 ^ _177_/X (sky130_fd_sc_hd__clkbuf_4)
                                         _090_ (net)
                  0.15    0.00    0.90 ^ _217_/A (sky130_fd_sc_hd__and4_1)
     1    0.02    0.13    0.19    1.09 ^ _217_/X (sky130_fd_sc_hd__and4_1)
                                         _117_ (net)
                  0.13    0.00    1.09 ^ _218_/A (sky130_fd_sc_hd__clkbuf_4)
    18    0.08    0.18    0.22    1.31 ^ _218_/X (sky130_fd_sc_hd__clkbuf_4)
                                         _118_ (net)
                  0.18    0.01    1.32 ^ _243_/A (sky130_fd_sc_hd__and2_2)
     8    0.04    0.16    0.21    1.53 ^ _243_/X (sky130_fd_sc_hd__and2_2)
                                         _135_ (net)
                  0.16    0.00    1.53 ^ _244_/B (sky130_fd_sc_hd__xor2_1)
     2    0.02    0.33    0.28    1.81 ^ _244_/X (sky130_fd_sc_hd__xor2_1)
                                         _020_ (net)
                  0.33    0.00    1.81 ^ _344_/D (sky130_fd_sc_hd__dfrtp_4)
                                  1.81   data arrival time

                         10.00   10.00   clock core_clock (rise edge)
                          0.00   10.00   clock source latency
     1    0.02    0.00    0.00   10.00 ^ clk (in)
                                         clk (net)
                  0.00    0.00   10.00 ^ clkbuf_0_clk/A (sky130_fd_sc_hd__clkbuf_16)
     4    0.05    0.05    0.09   10.09 ^ clkbuf_0_clk/X (sky130_fd_sc_hd__clkbuf_16)
                                         clknet_0_clk (net)
                  0.05    0.00   10.09 ^ clkbuf_2_3__f_clk/A (sky130_fd_sc_hd__clkbuf_16)
    18    0.05    0.05    0.11   10.20 ^ clkbuf_2_3__f_clk/X (sky130_fd_sc_hd__clkbuf_16)
                                         clknet_2_3__leaf_clk (net)
                  0.05    0.00   10.20 ^ _344_/CLK (sky130_fd_sc_hd__dfrtp_4)
                          0.00   10.20   clock reconvergence pessimism
                         -0.07   10.13   library setup time
                                 10.13   data required time
-----------------------------------------------------------------------------
                                 10.13   data required time
                                 -1.81   data arrival time
-----------------------------------------------------------------------------
                                  8.33   slack (MET)


Startpoint: _321_ (rising edge-triggered flip-flop clocked by core_clock)
Endpoint: _347_ (rising edge-triggered flip-flop clocked by core_clock)
Path Group: core_clock
Path Type: max
Corner: Fastest

Fanout     Cap    Slew   Delay    Time   Description
-----------------------------------------------------------------------------
                          0.00    0.00   clock core_clock (rise edge)
                          0.00    0.00   clock source latency
     1    0.02    0.00    0.00    0.00 ^ clk (in)
                                         clk (net)
                  0.00    0.00    0.00 ^ clkbuf_0_clk/A (sky130_fd_sc_hd__clkbuf_16)
     4    0.05    0.05    0.09    0.09 ^ clkbuf_0_clk/X (sky130_fd_sc_hd__clkbuf_16)
                                         clknet_0_clk (net)
                  0.05    0.00    0.09 ^ clkbuf_2_1__f_clk/A (sky130_fd_sc_hd__clkbuf_16)
    22    0.06    0.06    0.11    0.21 ^ clkbuf_2_1__f_clk/X (sky130_fd_sc_hd__clkbuf_16)
                                         clknet_2_1__leaf_clk (net)
                  0.06    0.00    0.21 ^ _321_/CLK (sky130_fd_sc_hd__dfrtp_4)
    10    0.04    0.11    0.32    0.53 ^ _321_/Q (sky130_fd_sc_hd__dfrtp_4)
                                         div.count[1] (net)
                  0.11    0.00    0.53 ^ _176_/B (sky130_fd_sc_hd__and4_1)
     1    0.01    0.11    0.18    0.70 ^ _176_/X (sky130_fd_sc_hd__and4_1)
                                         _089_ (net)
                  0.11    0.00    0.71 ^ _177_/A (sky130_fd_sc_hd__clkbuf_4)
    16    0.07    0.15    0.20    0.90 ^ _177_/X (sky130_fd_sc_hd__clkbuf_4)
                                         _090_ (net)
                  0.15    0.00    0.90 ^ _217_/A (sky130_fd_sc_hd__and4_1)
     1    0.02    0.13    0.19    1.09 ^ _217_/X (sky130_fd_sc_hd__and4_1)
                                         _117_ (net)
                  0.13    0.00    1.09 ^ _218_/A (sky130_fd_sc_hd__clkbuf_4)
    18    0.08    0.18    0.22    1.31 ^ _218_/X (sky130_fd_sc_hd__clkbuf_4)
                                         _118_ (net)
                  0.18    0.01    1.32 ^ _243_/A (sky130_fd_sc_hd__and2_2)
     8    0.04    0.16    0.21    1.53 ^ _243_/X (sky130_fd_sc_hd__and2_2)
                                         _135_ (net)
                  0.16    0.00    1.53 ^ _249_/D (sky130_fd_sc_hd__and4_1)
     1    0.01    0.09    0.17    1.70 ^ _249_/X (sky130_fd_sc_hd__and4_1)
                                         _138_ (net)
                  0.09    0.00    1.70 ^ _252_/A2 (sky130_fd_sc_hd__o21ba_1)
     1    0.01    0.09    0.12    1.82 ^ _252_/X (sky130_fd_sc_hd__o21ba_1)
                                         _023_ (net)
                  0.09    0.00    1.82 ^ _347_/D (sky130_fd_sc_hd__dfrtp_1)
                                  1.82   data arrival time

                         10.00   10.00   clock core_clock (rise edge)
                          0.00   10.00   clock source latency
     1    0.02    0.00    0.00   10.00 ^ clk (in)
                                         clk (net)
                  0.00    0.00   10.00 ^ clkbuf_0_clk/A (sky130_fd_sc_hd__clkbuf_16)
     4    0.05    0.05    0.09   10.09 ^ clkbuf_0_clk/X (sky130_fd_sc_hd__clkbuf_16)
                                         clknet_0_clk (net)
                  0.05    0.00   10.09 ^ clkbuf_2_3__f_clk/A (sky130_fd_sc_hd__clkbuf_16)
    18    0.05    0.05    0.11   10.20 ^ clkbuf_2_3__f_clk/X (sky130_fd_sc_hd__clkbuf_16)
                                         clknet_2_3__leaf_clk (net)
                  0.05    0.00   10.20 ^ _347_/CLK (sky130_fd_sc_hd__dfrtp_1)
                          0.00   10.20   clock reconvergence pessimism
                         -0.04   10.16   library setup time
                                 10.16   data required time
-----------------------------------------------------------------------------
                                 10.16   data required time
                                 -1.82   data arrival time
-----------------------------------------------------------------------------
                                  8.34   slack (MET)


Startpoint: _321_ (rising edge-triggered flip-flop clocked by core_clock)
Endpoint: _341_ (rising edge-triggered flip-flop clocked by core_clock)
Path Group: core_clock
Path Type: max
Corner: Fastest

Fanout     Cap    Slew   Delay    Time   Description
-----------------------------------------------------------------------------
                          0.00    0.00   clock core_clock (rise edge)
                          0.00    0.00   clock source latency
     1    0.02    0.00    0.00    0.00 ^ clk (in)
                                         clk (net)
                  0.00    0.00    0.00 ^ clkbuf_0_clk/A (sky130_fd_sc_hd__clkbuf_16)
     4    0.05    0.05    0.09    0.09 ^ clkbuf_0_clk/X (sky130_fd_sc_hd__clkbuf_16)
                                         clknet_0_clk (net)
                  0.05    0.00    0.09 ^ clkbuf_2_1__f_clk/A (sky130_fd_sc_hd__clkbuf_16)
    22    0.06    0.06    0.11    0.21 ^ clkbuf_2_1__f_clk/X (sky130_fd_sc_hd__clkbuf_16)
                                         clknet_2_1__leaf_clk (net)
                  0.06    0.00    0.21 ^ _321_/CLK (sky130_fd_sc_hd__dfrtp_4)
    10    0.04    0.11    0.32    0.53 ^ _321_/Q (sky130_fd_sc_hd__dfrtp_4)
                                         div.count[1] (net)
                  0.11    0.00    0.53 ^ _176_/B (sky130_fd_sc_hd__and4_1)
     1    0.01    0.11    0.18    0.70 ^ _176_/X (sky130_fd_sc_hd__and4_1)
                                         _089_ (net)
                  0.11    0.00    0.71 ^ _177_/A (sky130_fd_sc_hd__clkbuf_4)
    16    0.07    0.15    0.20    0.90 ^ _177_/X (sky130_fd_sc_hd__clkbuf_4)
                                         _090_ (net)
                  0.15    0.00    0.90 ^ _217_/A (sky130_fd_sc_hd__and4_1)
     1    0.02    0.13    0.19    1.09 ^ _217_/X (sky130_fd_sc_hd__and4_1)
                                         _117_ (net)
                  0.13    0.00    1.09 ^ _218_/A (sky130_fd_sc_hd__clkbuf_4)
    18    0.08    0.18    0.22    1.31 ^ _218_/X (sky130_fd_sc_hd__clkbuf_4)
                                         _118_ (net)
                  0.18    0.01    1.32 ^ _232_/B (sky130_fd_sc_hd__and3_2)
     8    0.05    0.18    0.24    1.56 ^ _232_/X (sky130_fd_sc_hd__and3_2)
                                         _128_ (net)
                  0.18    0.00    1.57 ^ _235_/B (sky130_fd_sc_hd__xor2_1)
     2    0.02    0.27    0.23    1.79 ^ _235_/X (sky130_fd_sc_hd__xor2_1)
                                         _017_ (net)
                  0.27    0.00    1.80 ^ _341_/D (sky130_fd_sc_hd__dfrtp_4)
                                  1.80   data arrival time

                         10.00   10.00   clock core_clock (rise edge)
                          0.00   10.00   clock source latency
     1    0.02    0.00    0.00   10.00 ^ clk (in)
                                         clk (net)
                  0.00    0.00   10.00 ^ clkbuf_0_clk/A (sky130_fd_sc_hd__clkbuf_16)
     4    0.05    0.05    0.09   10.09 ^ clkbuf_0_clk/X (sky130_fd_sc_hd__clkbuf_16)
                                         clknet_0_clk (net)
                  0.05    0.00   10.09 ^ clkbuf_2_1__f_clk/A (sky130_fd_sc_hd__clkbuf_16)
    22    0.06    0.06    0.11   10.21 ^ clkbuf_2_1__f_clk/X (sky130_fd_sc_hd__clkbuf_16)
                                         clknet_2_1__leaf_clk (net)
                  0.06    0.00   10.21 ^ _341_/CLK (sky130_fd_sc_hd__dfrtp_4)
                          0.00   10.21   clock reconvergence pessimism
                         -0.06   10.15   library setup time
                                 10.15   data required time
-----------------------------------------------------------------------------
                                 10.15   data required time
                                 -1.80   data arrival time
-----------------------------------------------------------------------------
                                  8.35   slack (MET)


Startpoint: _321_ (rising edge-triggered flip-flop clocked by core_clock)
Endpoint: _350_ (rising edge-triggered flip-flop clocked by core_clock)
Path Group: core_clock
Path Type: max
Corner: Fastest

Fanout     Cap    Slew   Delay    Time   Description
-----------------------------------------------------------------------------
                          0.00    0.00   clock core_clock (rise edge)
                          0.00    0.00   clock source latency
     1    0.02    0.00    0.00    0.00 ^ clk (in)
                                         clk (net)
                  0.00    0.00    0.00 ^ clkbuf_0_clk/A (sky130_fd_sc_hd__clkbuf_16)
     4    0.05    0.05    0.09    0.09 ^ clkbuf_0_clk/X (sky130_fd_sc_hd__clkbuf_16)
                                         clknet_0_clk (net)
                  0.05    0.00    0.09 ^ clkbuf_2_1__f_clk/A (sky130_fd_sc_hd__clkbuf_16)
    22    0.06    0.06    0.11    0.21 ^ clkbuf_2_1__f_clk/X (sky130_fd_sc_hd__clkbuf_16)
                                         clknet_2_1__leaf_clk (net)
                  0.06    0.00    0.21 ^ _321_/CLK (sky130_fd_sc_hd__dfrtp_4)
    10    0.04    0.11    0.32    0.53 ^ _321_/Q (sky130_fd_sc_hd__dfrtp_4)
                                         div.count[1] (net)
                  0.11    0.00    0.53 ^ _176_/B (sky130_fd_sc_hd__and4_1)
     1    0.01    0.11    0.18    0.70 ^ _176_/X (sky130_fd_sc_hd__and4_1)
                                         _089_ (net)
                  0.11    0.00    0.71 ^ _177_/A (sky130_fd_sc_hd__clkbuf_4)
    16    0.07    0.15    0.20    0.90 ^ _177_/X (sky130_fd_sc_hd__clkbuf_4)
                                         _090_ (net)
                  0.15    0.00    0.90 ^ _217_/A (sky130_fd_sc_hd__and4_1)
     1    0.02    0.13    0.19    1.09 ^ _217_/X (sky130_fd_sc_hd__and4_1)
                                         _117_ (net)
                  0.13    0.00    1.09 ^ _218_/A (sky130_fd_sc_hd__clkbuf_4)
    18    0.08    0.18    0.22    1.31 ^ _218_/X (sky130_fd_sc_hd__clkbuf_4)
                                         _118_ (net)
                  0.18    0.00    1.32 ^ _251_/A (sky130_fd_sc_hd__and3_2)
    10    0.04    0.16    0.23    1.55 ^ _251_/X (sky130_fd_sc_hd__and3_2)
                                         _140_ (net)
                  0.16    0.00    1.55 ^ _256_/C (sky130_fd_sc_hd__nand3_2)
     4    0.03    0.11    0.11    1.65 v _256_/Y (sky130_fd_sc_hd__nand3_2)
                                         _143_ (net)
                  0.11    0.00    1.65 v _258_/B (sky130_fd_sc_hd__xnor2_1)
     1    0.00    0.04    0.11    1.76 v _258_/Y (sky130_fd_sc_hd__xnor2_1)
                                         _027_ (net)
                  0.04    0.00    1.76 v _350_/D (sky130_fd_sc_hd__dfrtp_2)
                                  1.76   data arrival time

                         10.00   10.00   clock core_clock (rise edge)
                          0.00   10.00   clock source latency
     1    0.02    0.00    0.00   10.00 ^ clk (in)
                                         clk (net)
                  0.00    0.00   10.00 ^ clkbuf_0_clk/A (sky130_fd_sc_hd__clkbuf_16)
     4    0.05    0.05    0.09   10.09 ^ clkbuf_0_clk/X (sky130_fd_sc_hd__clkbuf_16)
                                         clknet_0_clk (net)
                  0.05    0.00   10.09 ^ clkbuf_2_0__f_clk/A (sky130_fd_sc_hd__clkbuf_16)
    18    0.05    0.05    0.11   10.20 ^ clkbuf_2_0__f_clk/X (sky130_fd_sc_hd__clkbuf_16)
                                         clknet_2_0__leaf_clk (net)
                  0.05    0.00   10.20 ^ _350_/CLK (sky130_fd_sc_hd__dfrtp_2)
                          0.00   10.20   clock reconvergence pessimism
                         -0.08   10.13   library setup time
                                 10.13   data required time
-----------------------------------------------------------------------------
                                 10.13   data required time
                                 -1.76   data arrival time
-----------------------------------------------------------------------------
                                  8.36   slack (MET)


Startpoint: _322_ (rising edge-triggered flip-flop clocked by core_clock)
Endpoint: _337_ (rising edge-triggered flip-flop clocked by core_clock)
Path Group: core_clock
Path Type: max
Corner: Fastest

Fanout     Cap    Slew   Delay    Time   Description
-----------------------------------------------------------------------------
                          0.00    0.00   clock core_clock (rise edge)
                          0.00    0.00   clock source latency
     1    0.02    0.00    0.00    0.00 ^ clk (in)
                                         clk (net)
                  0.00    0.00    0.00 ^ clkbuf_0_clk/A (sky130_fd_sc_hd__clkbuf_16)
     4    0.05    0.05    0.09    0.09 ^ clkbuf_0_clk/X (sky130_fd_sc_hd__clkbuf_16)
                                         clknet_0_clk (net)
                  0.05    0.00    0.09 ^ clkbuf_2_1__f_clk/A (sky130_fd_sc_hd__clkbuf_16)
    22    0.06    0.06    0.11    0.21 ^ clkbuf_2_1__f_clk/X (sky130_fd_sc_hd__clkbuf_16)
                                         clknet_2_1__leaf_clk (net)
                  0.06    0.00    0.21 ^ _322_/CLK (sky130_fd_sc_hd__dfrtp_4)
     8    0.04    0.08    0.34    0.55 v _322_/Q (sky130_fd_sc_hd__dfrtp_4)
                                         div.count[2] (net)
                  0.08    0.00    0.55 v _176_/C (sky130_fd_sc_hd__and4_1)
     1    0.01    0.06    0.17    0.72 v _176_/X (sky130_fd_sc_hd__and4_1)
                                         _089_ (net)
                  0.06    0.00    0.72 v _177_/A (sky130_fd_sc_hd__clkbuf_4)
    16    0.06    0.09    0.17    0.89 v _177_/X (sky130_fd_sc_hd__clkbuf_4)
                                         _090_ (net)
                  0.09    0.00    0.89 v _217_/A (sky130_fd_sc_hd__and4_1)
     1    0.02    0.07    0.15    1.04 v _217_/X (sky130_fd_sc_hd__and4_1)
                                         _117_ (net)
                  0.07    0.00    1.04 v _218_/A (sky130_fd_sc_hd__clkbuf_4)
    18    0.08    0.11    0.18    1.22 v _218_/X (sky130_fd_sc_hd__clkbuf_4)
                                         _118_ (net)
                  0.11    0.00    1.22 v _221_/C (sky130_fd_sc_hd__and3_2)
     4    0.04    0.08    0.22    1.44 v _221_/X (sky130_fd_sc_hd__and3_2)
                                         _120_ (net)
                  0.08    0.00    1.45 v _222_/B (sky130_fd_sc_hd__nor2_2)
     2    0.03    0.26    0.22    1.67 ^ _222_/Y (sky130_fd_sc_hd__nor2_2)
                                         _012_ (net)
                  0.26    0.00    1.67 ^ _337_/D (sky130_fd_sc_hd__dfrtp_4)
                                  1.67   data arrival time

                         10.00   10.00   clock core_clock (rise edge)
                          0.00   10.00   clock source latency
     1    0.02    0.00    0.00   10.00 ^ clk (in)
                                         clk (net)
                  0.00    0.00   10.00 ^ clkbuf_0_clk/A (sky130_fd_sc_hd__clkbuf_16)
     4    0.05    0.05    0.09   10.09 ^ clkbuf_0_clk/X (sky130_fd_sc_hd__clkbuf_16)
                                         clknet_0_clk (net)
                  0.05    0.00   10.09 ^ clkbuf_2_2__f_clk/A (sky130_fd_sc_hd__clkbuf_16)
    14    0.05    0.05    0.11   10.20 ^ clkbuf_2_2__f_clk/X (sky130_fd_sc_hd__clkbuf_16)
                                         clknet_2_2__leaf_clk (net)
                  0.05    0.00   10.20 ^ _337_/CLK (sky130_fd_sc_hd__dfrtp_4)
                          0.00   10.20   clock reconvergence pessimism
                         -0.06   10.14   library setup time
                                 10.14   data required time
-----------------------------------------------------------------------------
                                 10.14   data required time
                                 -1.67   data arrival time
-----------------------------------------------------------------------------
                                  8.47   slack (MET)


Startpoint: _321_ (rising edge-triggered flip-flop clocked by core_clock)
Endpoint: _340_ (rising edge-triggered flip-flop clocked by core_clock)
Path Group: core_clock
Path Type: max
Corner: Fastest

Fanout     Cap    Slew   Delay    Time   Description
-----------------------------------------------------------------------------
                          0.00    0.00   clock core_clock (rise edge)
                          0.00    0.00   clock source latency
     1    0.02    0.00    0.00    0.00 ^ clk (in)
                                         clk (net)
                  0.00    0.00    0.00 ^ clkbuf_0_clk/A (sky130_fd_sc_hd__clkbuf_16)
     4    0.05    0.05    0.09    0.09 ^ clkbuf_0_clk/X (sky130_fd_sc_hd__clkbuf_16)
                                         clknet_0_clk (net)
                  0.05    0.00    0.09 ^ clkbuf_2_1__f_clk/A (sky130_fd_sc_hd__clkbuf_16)
    22    0.06    0.06    0.11    0.21 ^ clkbuf_2_1__f_clk/X (sky130_fd_sc_hd__clkbuf_16)
                                         clknet_2_1__leaf_clk (net)
                  0.06    0.00    0.21 ^ _321_/CLK (sky130_fd_sc_hd__dfrtp_4)
    10    0.04    0.11    0.32    0.53 ^ _321_/Q (sky130_fd_sc_hd__dfrtp_4)
                                         div.count[1] (net)
                  0.11    0.00    0.53 ^ _176_/B (sky130_fd_sc_hd__and4_1)
     1    0.01    0.11    0.18    0.70 ^ _176_/X (sky130_fd_sc_hd__and4_1)
                                         _089_ (net)
                  0.11    0.00    0.71 ^ _177_/A (sky130_fd_sc_hd__clkbuf_4)
    16    0.07    0.15    0.20    0.90 ^ _177_/X (sky130_fd_sc_hd__clkbuf_4)
                                         _090_ (net)
                  0.15    0.00    0.90 ^ _217_/A (sky130_fd_sc_hd__and4_1)
     1    0.02    0.13    0.19    1.09 ^ _217_/X (sky130_fd_sc_hd__and4_1)
                                         _117_ (net)
                  0.13    0.00    1.09 ^ _218_/A (sky130_fd_sc_hd__clkbuf_4)
    18    0.08    0.18    0.22    1.31 ^ _218_/X (sky130_fd_sc_hd__clkbuf_4)
                                         _118_ (net)
                  0.18    0.01    1.32 ^ _232_/B (sky130_fd_sc_hd__and3_2)
     8    0.05    0.18    0.24    1.56 ^ _232_/X (sky130_fd_sc_hd__and3_2)
                                         _128_ (net)
                  0.18    0.00    1.57 ^ _234_/A (sky130_fd_sc_hd__nor2_1)
     1    0.00    0.06    0.04    1.61 v _234_/Y (sky130_fd_sc_hd__nor2_1)
                                         _016_ (net)
                  0.06    0.00    1.61 v _340_/D (sky130_fd_sc_hd__dfrtp_4)
                                  1.61   data arrival time

                         10.00   10.00   clock core_clock (rise edge)
                          0.00   10.00   clock source latency
     1    0.02    0.00    0.00   10.00 ^ clk (in)
                                         clk (net)
                  0.00    0.00   10.00 ^ clkbuf_0_clk/A (sky130_fd_sc_hd__clkbuf_16)
     4    0.05    0.05    0.09   10.09 ^ clkbuf_0_clk/X (sky130_fd_sc_hd__clkbuf_16)
                                         clknet_0_clk (net)
                  0.05    0.00   10.09 ^ clkbuf_2_2__f_clk/A (sky130_fd_sc_hd__clkbuf_16)
    14    0.05    0.05    0.11   10.20 ^ clkbuf_2_2__f_clk/X (sky130_fd_sc_hd__clkbuf_16)
                                         clknet_2_2__leaf_clk (net)
                  0.05    0.00   10.20 ^ _340_/CLK (sky130_fd_sc_hd__dfrtp_4)
                          0.00   10.20   clock reconvergence pessimism
                         -0.08   10.12   library setup time
                                 10.12   data required time
-----------------------------------------------------------------------------
                                 10.12   data required time
                                 -1.61   data arrival time
-----------------------------------------------------------------------------
                                  8.51   slack (MET)


Startpoint: _321_ (rising edge-triggered flip-flop clocked by core_clock)
Endpoint: _332_ (rising edge-triggered flip-flop clocked by core_clock)
Path Group: core_clock
Path Type: max
Corner: Fastest

Fanout     Cap    Slew   Delay    Time   Description
-----------------------------------------------------------------------------
                          0.00    0.00   clock core_clock (rise edge)
                          0.00    0.00   clock source latency
     1    0.02    0.00    0.00    0.00 ^ clk (in)
                                         clk (net)
                  0.00    0.00    0.00 ^ clkbuf_0_clk/A (sky130_fd_sc_hd__clkbuf_16)
     4    0.05    0.05    0.09    0.09 ^ clkbuf_0_clk/X (sky130_fd_sc_hd__clkbuf_16)
                                         clknet_0_clk (net)
                  0.05    0.00    0.09 ^ clkbuf_2_1__f_clk/A (sky130_fd_sc_hd__clkbuf_16)
    22    0.06    0.06    0.11    0.21 ^ clkbuf_2_1__f_clk/X (sky130_fd_sc_hd__clkbuf_16)
                                         clknet_2_1__leaf_clk (net)
                  0.06    0.00    0.21 ^ _321_/CLK (sky130_fd_sc_hd__dfrtp_4)
    10    0.04    0.11    0.32    0.53 ^ _321_/Q (sky130_fd_sc_hd__dfrtp_4)
                                         div.count[1] (net)
                  0.11    0.00    0.53 ^ _176_/B (sky130_fd_sc_hd__and4_1)
     1    0.01    0.11    0.18    0.70 ^ _176_/X (sky130_fd_sc_hd__and4_1)
                                         _089_ (net)
                  0.11    0.00    0.71 ^ _177_/A (sky130_fd_sc_hd__clkbuf_4)
    16    0.07    0.15    0.20    0.90 ^ _177_/X (sky130_fd_sc_hd__clkbuf_4)
                                         _090_ (net)
                  0.15    0.00    0.90 ^ _195_/C (sky130_fd_sc_hd__and4_1)
     1    0.02    0.12    0.19    1.09 ^ _195_/X (sky130_fd_sc_hd__and4_1)
                                         _102_ (net)
                  0.12    0.00    1.09 ^ _196_/A (sky130_fd_sc_hd__clkbuf_4)
    12    0.06    0.14    0.19    1.29 ^ _196_/X (sky130_fd_sc_hd__clkbuf_4)
                                         _103_ (net)
                  0.14    0.00    1.29 ^ _205_/C (sky130_fd_sc_hd__nand3_2)
     4    0.03    0.14    0.12    1.41 v _205_/Y (sky130_fd_sc_hd__nand3_2)
                                         _110_ (net)
                  0.14    0.00    1.41 v _208_/B (sky130_fd_sc_hd__xnor2_1)
     1    0.01    0.19    0.21    1.62 ^ _208_/Y (sky130_fd_sc_hd__xnor2_1)
                                         _007_ (net)
                  0.19    0.00    1.62 ^ _332_/D (sky130_fd_sc_hd__dfrtp_4)
                                  1.62   data arrival time

                         10.00   10.00   clock core_clock (rise edge)
                          0.00   10.00   clock source latency
     1    0.02    0.00    0.00   10.00 ^ clk (in)
                                         clk (net)
                  0.00    0.00   10.00 ^ clkbuf_0_clk/A (sky130_fd_sc_hd__clkbuf_16)
     4    0.05    0.05    0.09   10.09 ^ clkbuf_0_clk/X (sky130_fd_sc_hd__clkbuf_16)
                                         clknet_0_clk (net)
                  0.05    0.00   10.09 ^ clkbuf_2_1__f_clk/A (sky130_fd_sc_hd__clkbuf_16)
    22    0.06    0.06    0.11   10.21 ^ clkbuf_2_1__f_clk/X (sky130_fd_sc_hd__clkbuf_16)
                                         clknet_2_1__leaf_clk (net)
                  0.06    0.00   10.21 ^ _332_/CLK (sky130_fd_sc_hd__dfrtp_4)
                          0.00   10.21   clock reconvergence pessimism
                         -0.05   10.16   library setup time
                                 10.16   data required time
-----------------------------------------------------------------------------
                                 10.16   data required time
                                 -1.62   data arrival time
-----------------------------------------------------------------------------
                                  8.54   slack (MET)


Startpoint: _321_ (rising edge-triggered flip-flop clocked by core_clock)
Endpoint: _333_ (rising edge-triggered flip-flop clocked by core_clock)
Path Group: core_clock
Path Type: max
Corner: Fastest

Fanout     Cap    Slew   Delay    Time   Description
-----------------------------------------------------------------------------
                          0.00    0.00   clock core_clock (rise edge)
                          0.00    0.00   clock source latency
     1    0.02    0.00    0.00    0.00 ^ clk (in)
                                         clk (net)
                  0.00    0.00    0.00 ^ clkbuf_0_clk/A (sky130_fd_sc_hd__clkbuf_16)
     4    0.05    0.05    0.09    0.09 ^ clkbuf_0_clk/X (sky130_fd_sc_hd__clkbuf_16)
                                         clknet_0_clk (net)
                  0.05    0.00    0.09 ^ clkbuf_2_1__f_clk/A (sky130_fd_sc_hd__clkbuf_16)
    22    0.06    0.06    0.11    0.21 ^ clkbuf_2_1__f_clk/X (sky130_fd_sc_hd__clkbuf_16)
                                         clknet_2_1__leaf_clk (net)
                  0.06    0.00    0.21 ^ _321_/CLK (sky130_fd_sc_hd__dfrtp_4)
    10    0.04    0.11    0.32    0.53 ^ _321_/Q (sky130_fd_sc_hd__dfrtp_4)
                                         div.count[1] (net)
                  0.11    0.00    0.53 ^ _176_/B (sky130_fd_sc_hd__and4_1)
     1    0.01    0.11    0.18    0.70 ^ _176_/X (sky130_fd_sc_hd__and4_1)
                                         _089_ (net)
                  0.11    0.00    0.71 ^ _177_/A (sky130_fd_sc_hd__clkbuf_4)
    16    0.07    0.15    0.20    0.90 ^ _177_/X (sky130_fd_sc_hd__clkbuf_4)
                                         _090_ (net)
                  0.15    0.00    0.90 ^ _195_/C (sky130_fd_sc_hd__and4_1)
     1    0.02    0.12    0.19    1.09 ^ _195_/X (sky130_fd_sc_hd__and4_1)
                                         _102_ (net)
                  0.12    0.00    1.09 ^ _196_/A (sky130_fd_sc_hd__clkbuf_4)
    12    0.06    0.14    0.19    1.29 ^ _196_/X (sky130_fd_sc_hd__clkbuf_4)
                                         _103_ (net)
                  0.14    0.00    1.29 ^ _211_/A (sky130_fd_sc_hd__and2_2)
     6    0.04    0.15    0.19    1.48 ^ _211_/X (sky130_fd_sc_hd__and2_2)
                                         _114_ (net)
                  0.15    0.00    1.48 ^ _212_/B1_N (sky130_fd_sc_hd__o21ba_1)
     1    0.01    0.03    0.11    1.59 v _212_/X (sky130_fd_sc_hd__o21ba_1)
                                         _008_ (net)
                  0.03    0.00    1.59 v _333_/D (sky130_fd_sc_hd__dfrtp_2)
                                  1.59   data arrival time

                         10.00   10.00   clock core_clock (rise edge)
                          0.00   10.00   clock source latency
     1    0.02    0.00    0.00   10.00 ^ clk (in)
                                         clk (net)
                  0.00    0.00   10.00 ^ clkbuf_0_clk/A (sky130_fd_sc_hd__clkbuf_16)
     4    0.05    0.05    0.09   10.09 ^ clkbuf_0_clk/X (sky130_fd_sc_hd__clkbuf_16)
                                         clknet_0_clk (net)
                  0.05    0.00   10.09 ^ clkbuf_2_1__f_clk/A (sky130_fd_sc_hd__clkbuf_16)
    22    0.06    0.06    0.11   10.21 ^ clkbuf_2_1__f_clk/X (sky130_fd_sc_hd__clkbuf_16)
                                         clknet_2_1__leaf_clk (net)
                  0.06    0.00   10.21 ^ _333_/CLK (sky130_fd_sc_hd__dfrtp_2)
                          0.00   10.21   clock reconvergence pessimism
                         -0.07   10.14   library setup time
                                 10.14   data required time
-----------------------------------------------------------------------------
                                 10.14   data required time
                                 -1.59   data arrival time
-----------------------------------------------------------------------------
                                  8.55   slack (MET)


Startpoint: _321_ (rising edge-triggered flip-flop clocked by core_clock)
Endpoint: _330_ (rising edge-triggered flip-flop clocked by core_clock)
Path Group: core_clock
Path Type: max
Corner: Fastest

Fanout     Cap    Slew   Delay    Time   Description
-----------------------------------------------------------------------------
                          0.00    0.00   clock core_clock (rise edge)
                          0.00    0.00   clock source latency
     1    0.02    0.00    0.00    0.00 ^ clk (in)
                                         clk (net)
                  0.00    0.00    0.00 ^ clkbuf_0_clk/A (sky130_fd_sc_hd__clkbuf_16)
     4    0.05    0.05    0.09    0.09 ^ clkbuf_0_clk/X (sky130_fd_sc_hd__clkbuf_16)
                                         clknet_0_clk (net)
                  0.05    0.00    0.09 ^ clkbuf_2_1__f_clk/A (sky130_fd_sc_hd__clkbuf_16)
    22    0.06    0.06    0.11    0.21 ^ clkbuf_2_1__f_clk/X (sky130_fd_sc_hd__clkbuf_16)
                                         clknet_2_1__leaf_clk (net)
                  0.06    0.00    0.21 ^ _321_/CLK (sky130_fd_sc_hd__dfrtp_4)
    10    0.04    0.11    0.32    0.53 ^ _321_/Q (sky130_fd_sc_hd__dfrtp_4)
                                         div.count[1] (net)
                  0.11    0.00    0.53 ^ _176_/B (sky130_fd_sc_hd__and4_1)
     1    0.01    0.11    0.18    0.70 ^ _176_/X (sky130_fd_sc_hd__and4_1)
                                         _089_ (net)
                  0.11    0.00    0.71 ^ _177_/A (sky130_fd_sc_hd__clkbuf_4)
    16    0.07    0.15    0.20    0.90 ^ _177_/X (sky130_fd_sc_hd__clkbuf_4)
                                         _090_ (net)
                  0.15    0.00    0.90 ^ _195_/C (sky130_fd_sc_hd__and4_1)
     1    0.02    0.12    0.19    1.09 ^ _195_/X (sky130_fd_sc_hd__and4_1)
                                         _102_ (net)
                  0.12    0.00    1.09 ^ _196_/A (sky130_fd_sc_hd__clkbuf_4)
    12    0.06    0.14    0.19    1.29 ^ _196_/X (sky130_fd_sc_hd__clkbuf_4)
                                         _103_ (net)
                  0.14    0.00    1.29 ^ _203_/B (sky130_fd_sc_hd__xor2_2)
     2    0.02    0.22    0.19    1.48 ^ _203_/X (sky130_fd_sc_hd__xor2_2)
                                         _005_ (net)
                  0.22    0.00    1.48 ^ _330_/D (sky130_fd_sc_hd__dfrtp_4)
                                  1.48   data arrival time

                         10.00   10.00   clock core_clock (rise edge)
                          0.00   10.00   clock source latency
     1    0.02    0.00    0.00   10.00 ^ clk (in)
                                         clk (net)
                  0.00    0.00   10.00 ^ clkbuf_0_clk/A (sky130_fd_sc_hd__clkbuf_16)
     4    0.05    0.05    0.09   10.09 ^ clkbuf_0_clk/X (sky130_fd_sc_hd__clkbuf_16)
                                         clknet_0_clk (net)
                  0.05    0.00   10.09 ^ clkbuf_2_2__f_clk/A (sky130_fd_sc_hd__clkbuf_16)
    14    0.05    0.05    0.11   10.20 ^ clkbuf_2_2__f_clk/X (sky130_fd_sc_hd__clkbuf_16)
                                         clknet_2_2__leaf_clk (net)
                  0.05    0.00   10.20 ^ _330_/CLK (sky130_fd_sc_hd__dfrtp_4)
                          0.00   10.20   clock reconvergence pessimism
                         -0.06   10.15   library setup time
                                 10.15   data required time
-----------------------------------------------------------------------------
                                 10.15   data required time
                                 -1.48   data arrival time
-----------------------------------------------------------------------------
                                  8.66   slack (MET)


Startpoint: _321_ (rising edge-triggered flip-flop clocked by core_clock)
Endpoint: _336_ (rising edge-triggered flip-flop clocked by core_clock)
Path Group: core_clock
Path Type: max
Corner: Fastest

Fanout     Cap    Slew   Delay    Time   Description
-----------------------------------------------------------------------------
                          0.00    0.00   clock core_clock (rise edge)
                          0.00    0.00   clock source latency
     1    0.02    0.00    0.00    0.00 ^ clk (in)
                                         clk (net)
                  0.00    0.00    0.00 ^ clkbuf_0_clk/A (sky130_fd_sc_hd__clkbuf_16)
     4    0.05    0.05    0.09    0.09 ^ clkbuf_0_clk/X (sky130_fd_sc_hd__clkbuf_16)
                                         clknet_0_clk (net)
                  0.05    0.00    0.09 ^ clkbuf_2_1__f_clk/A (sky130_fd_sc_hd__clkbuf_16)
    22    0.06    0.06    0.11    0.21 ^ clkbuf_2_1__f_clk/X (sky130_fd_sc_hd__clkbuf_16)
                                         clknet_2_1__leaf_clk (net)
                  0.06    0.00    0.21 ^ _321_/CLK (sky130_fd_sc_hd__dfrtp_4)
    10    0.04    0.11    0.32    0.53 ^ _321_/Q (sky130_fd_sc_hd__dfrtp_4)
                                         div.count[1] (net)
                  0.11    0.00    0.53 ^ _176_/B (sky130_fd_sc_hd__and4_1)
     1    0.01    0.11    0.18    0.70 ^ _176_/X (sky130_fd_sc_hd__and4_1)
                                         _089_ (net)
                  0.11    0.00    0.71 ^ _177_/A (sky130_fd_sc_hd__clkbuf_4)
    16    0.07    0.15    0.20    0.90 ^ _177_/X (sky130_fd_sc_hd__clkbuf_4)
                                         _090_ (net)
                  0.15    0.00    0.90 ^ _217_/A (sky130_fd_sc_hd__and4_1)
     1    0.02    0.13    0.19    1.09 ^ _217_/X (sky130_fd_sc_hd__and4_1)
                                         _117_ (net)
                  0.13    0.00    1.09 ^ _218_/A (sky130_fd_sc_hd__clkbuf_4)
    18    0.08    0.18    0.22    1.31 ^ _218_/X (sky130_fd_sc_hd__clkbuf_4)
                                         _118_ (net)
                  0.18    0.00    1.31 ^ _219_/B (sky130_fd_sc_hd__xor2_1)
     1    0.01    0.18    0.17    1.48 ^ _219_/X (sky130_fd_sc_hd__xor2_1)
                                         _011_ (net)
                  0.18    0.00    1.48 ^ _336_/D (sky130_fd_sc_hd__dfrtp_4)
                                  1.48   data arrival time

                         10.00   10.00   clock core_clock (rise edge)
                          0.00   10.00   clock source latency
     1    0.02    0.00    0.00   10.00 ^ clk (in)
                                         clk (net)
                  0.00    0.00   10.00 ^ clkbuf_0_clk/A (sky130_fd_sc_hd__clkbuf_16)
     4    0.05    0.05    0.09   10.09 ^ clkbuf_0_clk/X (sky130_fd_sc_hd__clkbuf_16)
                                         clknet_0_clk (net)
                  0.05    0.00   10.09 ^ clkbuf_2_0__f_clk/A (sky130_fd_sc_hd__clkbuf_16)
    18    0.05    0.05    0.11   10.20 ^ clkbuf_2_0__f_clk/X (sky130_fd_sc_hd__clkbuf_16)
                                         clknet_2_0__leaf_clk (net)
                  0.05    0.00   10.20 ^ _336_/CLK (sky130_fd_sc_hd__dfrtp_4)
                          0.00   10.20   clock reconvergence pessimism
                         -0.05   10.15   library setup time
                                 10.15   data required time
-----------------------------------------------------------------------------
                                 10.15   data required time
                                 -1.48   data arrival time
-----------------------------------------------------------------------------
                                  8.67   slack (MET)


Startpoint: _321_ (rising edge-triggered flip-flop clocked by core_clock)
Endpoint: _327_ (rising edge-triggered flip-flop clocked by core_clock)
Path Group: core_clock
Path Type: max
Corner: Fastest

Fanout     Cap    Slew   Delay    Time   Description
-----------------------------------------------------------------------------
                          0.00    0.00   clock core_clock (rise edge)
                          0.00    0.00   clock source latency
     1    0.02    0.00    0.00    0.00 ^ clk (in)
                                         clk (net)
                  0.00    0.00    0.00 ^ clkbuf_0_clk/A (sky130_fd_sc_hd__clkbuf_16)
     4    0.05    0.05    0.09    0.09 ^ clkbuf_0_clk/X (sky130_fd_sc_hd__clkbuf_16)
                                         clknet_0_clk (net)
                  0.05    0.00    0.09 ^ clkbuf_2_1__f_clk/A (sky130_fd_sc_hd__clkbuf_16)
    22    0.06    0.06    0.11    0.21 ^ clkbuf_2_1__f_clk/X (sky130_fd_sc_hd__clkbuf_16)
                                         clknet_2_1__leaf_clk (net)
                  0.06    0.00    0.21 ^ _321_/CLK (sky130_fd_sc_hd__dfrtp_4)
    10    0.04    0.11    0.32    0.53 ^ _321_/Q (sky130_fd_sc_hd__dfrtp_4)
                                         div.count[1] (net)
                  0.11    0.00    0.53 ^ _176_/B (sky130_fd_sc_hd__and4_1)
     1    0.01    0.11    0.18    0.70 ^ _176_/X (sky130_fd_sc_hd__and4_1)
                                         _089_ (net)
                  0.11    0.00    0.71 ^ _177_/A (sky130_fd_sc_hd__clkbuf_4)
    16    0.07    0.15    0.20    0.90 ^ _177_/X (sky130_fd_sc_hd__clkbuf_4)
                                         _090_ (net)
                  0.15    0.00    0.90 ^ _182_/C (sky130_fd_sc_hd__and3_2)
     6    0.03    0.13    0.20    1.10 ^ _182_/X (sky130_fd_sc_hd__and3_2)
                                         _093_ (net)
                  0.13    0.00    1.11 ^ _186_/B (sky130_fd_sc_hd__nand2_1)
     4    0.02    0.11    0.11    1.22 v _186_/Y (sky130_fd_sc_hd__nand2_1)
                                         _096_ (net)
                  0.11    0.00    1.22 v _192_/A2 (sky130_fd_sc_hd__a21oi_1)
     1    0.01    0.20    0.21    1.43 ^ _192_/Y (sky130_fd_sc_hd__a21oi_1)
                                         _033_ (net)
                  0.20    0.00    1.43 ^ _327_/D (sky130_fd_sc_hd__dfrtp_2)
                                  1.43   data arrival time

                         10.00   10.00   clock core_clock (rise edge)
                          0.00   10.00   clock source latency
     1    0.02    0.00    0.00   10.00 ^ clk (in)
                                         clk (net)
                  0.00    0.00   10.00 ^ clkbuf_0_clk/A (sky130_fd_sc_hd__clkbuf_16)
     4    0.05    0.05    0.09   10.09 ^ clkbuf_0_clk/X (sky130_fd_sc_hd__clkbuf_16)
                                         clknet_0_clk (net)
                  0.05    0.00   10.09 ^ clkbuf_2_2__f_clk/A (sky130_fd_sc_hd__clkbuf_16)
    14    0.05    0.05    0.11   10.20 ^ clkbuf_2_2__f_clk/X (sky130_fd_sc_hd__clkbuf_16)
                                         clknet_2_2__leaf_clk (net)
                  0.05    0.00   10.20 ^ _327_/CLK (sky130_fd_sc_hd__dfrtp_2)
                          0.00   10.20   clock reconvergence pessimism
                         -0.05   10.15   library setup time
                                 10.15   data required time
-----------------------------------------------------------------------------
                                 10.15   data required time
                                 -1.43   data arrival time
-----------------------------------------------------------------------------
                                  8.72   slack (MET)


Startpoint: _322_ (rising edge-triggered flip-flop clocked by core_clock)
Endpoint: _325_ (rising edge-triggered flip-flop clocked by core_clock)
Path Group: core_clock
Path Type: max
Corner: Fastest

Fanout     Cap    Slew   Delay    Time   Description
-----------------------------------------------------------------------------
                          0.00    0.00   clock core_clock (rise edge)
                          0.00    0.00   clock source latency
     1    0.02    0.00    0.00    0.00 ^ clk (in)
                                         clk (net)
                  0.00    0.00    0.00 ^ clkbuf_0_clk/A (sky130_fd_sc_hd__clkbuf_16)
     4    0.05    0.05    0.09    0.09 ^ clkbuf_0_clk/X (sky130_fd_sc_hd__clkbuf_16)
                                         clknet_0_clk (net)
                  0.05    0.00    0.09 ^ clkbuf_2_1__f_clk/A (sky130_fd_sc_hd__clkbuf_16)
    22    0.06    0.06    0.11    0.21 ^ clkbuf_2_1__f_clk/X (sky130_fd_sc_hd__clkbuf_16)
                                         clknet_2_1__leaf_clk (net)
                  0.06    0.00    0.21 ^ _322_/CLK (sky130_fd_sc_hd__dfrtp_4)
     8    0.04    0.08    0.34    0.55 v _322_/Q (sky130_fd_sc_hd__dfrtp_4)
                                         div.count[2] (net)
                  0.08    0.00    0.55 v _176_/C (sky130_fd_sc_hd__and4_1)
     1    0.01    0.06    0.17    0.72 v _176_/X (sky130_fd_sc_hd__and4_1)
                                         _089_ (net)
                  0.06    0.00    0.72 v _177_/A (sky130_fd_sc_hd__clkbuf_4)
    16    0.06    0.09    0.17    0.89 v _177_/X (sky130_fd_sc_hd__clkbuf_4)
                                         _090_ (net)
                  0.09    0.00    0.89 v _182_/C (sky130_fd_sc_hd__and3_2)
     6    0.03    0.07    0.21    1.10 v _182_/X (sky130_fd_sc_hd__and3_2)
                                         _093_ (net)
                  0.07    0.00    1.10 v _184_/A (sky130_fd_sc_hd__nor2_1)
     1    0.02    0.22    0.20    1.30 ^ _184_/Y (sky130_fd_sc_hd__nor2_1)
                                         _031_ (net)
                  0.22    0.00    1.30 ^ _325_/D (sky130_fd_sc_hd__dfrtp_4)
                                  1.30   data arrival time

                         10.00   10.00   clock core_clock (rise edge)
                          0.00   10.00   clock source latency
     1    0.02    0.00    0.00   10.00 ^ clk (in)
                                         clk (net)
                  0.00    0.00   10.00 ^ clkbuf_0_clk/A (sky130_fd_sc_hd__clkbuf_16)
     4    0.05    0.05    0.09   10.09 ^ clkbuf_0_clk/X (sky130_fd_sc_hd__clkbuf_16)
                                         clknet_0_clk (net)
                  0.05    0.00   10.09 ^ clkbuf_2_2__f_clk/A (sky130_fd_sc_hd__clkbuf_16)
    14    0.05    0.05    0.11   10.20 ^ clkbuf_2_2__f_clk/X (sky130_fd_sc_hd__clkbuf_16)
                                         clknet_2_2__leaf_clk (net)
                  0.05    0.00   10.20 ^ _325_/CLK (sky130_fd_sc_hd__dfrtp_4)
                          0.00   10.20   clock reconvergence pessimism
                         -0.05   10.15   library setup time
                                 10.15   data required time
-----------------------------------------------------------------------------
                                 10.15   data required time
                                 -1.30   data arrival time
-----------------------------------------------------------------------------
                                  8.85   slack (MET)


Startpoint: _322_ (rising edge-triggered flip-flop clocked by core_clock)
Endpoint: _323_ (rising edge-triggered flip-flop clocked by core_clock)
Path Group: core_clock
Path Type: max
Corner: Fastest

Fanout     Cap    Slew   Delay    Time   Description
-----------------------------------------------------------------------------
                          0.00    0.00   clock core_clock (rise edge)
                          0.00    0.00   clock source latency
     1    0.02    0.00    0.00    0.00 ^ clk (in)
                                         clk (net)
                  0.00    0.00    0.00 ^ clkbuf_0_clk/A (sky130_fd_sc_hd__clkbuf_16)
     4    0.05    0.05    0.09    0.09 ^ clkbuf_0_clk/X (sky130_fd_sc_hd__clkbuf_16)
                                         clknet_0_clk (net)
                  0.05    0.00    0.09 ^ clkbuf_2_1__f_clk/A (sky130_fd_sc_hd__clkbuf_16)
    22    0.06    0.06    0.11    0.21 ^ clkbuf_2_1__f_clk/X (sky130_fd_sc_hd__clkbuf_16)
                                         clknet_2_1__leaf_clk (net)
                  0.06    0.00    0.21 ^ _322_/CLK (sky130_fd_sc_hd__dfrtp_4)
     8    0.04    0.08    0.34    0.55 v _322_/Q (sky130_fd_sc_hd__dfrtp_4)
                                         div.count[2] (net)
                  0.08    0.00    0.55 v _176_/C (sky130_fd_sc_hd__and4_1)
     1    0.01    0.06    0.17    0.72 v _176_/X (sky130_fd_sc_hd__and4_1)
                                         _089_ (net)
                  0.06    0.00    0.72 v _177_/A (sky130_fd_sc_hd__clkbuf_4)
    16    0.06    0.09    0.17    0.89 v _177_/X (sky130_fd_sc_hd__clkbuf_4)
                                         _090_ (net)
                  0.09    0.00    0.89 v _179_/A_N (sky130_fd_sc_hd__and2b_1)
     2    0.02    0.12    0.21    1.09 ^ _179_/X (sky130_fd_sc_hd__and2b_1)
                                         _092_ (net)
                  0.12    0.00    1.09 ^ _180_/A (sky130_fd_sc_hd__buf_1)
     1    0.01    0.09    0.10    1.19 ^ _180_/X (sky130_fd_sc_hd__buf_1)
                                         _029_ (net)
                  0.09    0.00    1.19 ^ _323_/D (sky130_fd_sc_hd__dfrtp_2)
                                  1.19   data arrival time

                         10.00   10.00   clock core_clock (rise edge)
                          0.00   10.00   clock source latency
     1    0.02    0.00    0.00   10.00 ^ clk (in)
                                         clk (net)
                  0.00    0.00   10.00 ^ clkbuf_0_clk/A (sky130_fd_sc_hd__clkbuf_16)
     4    0.05    0.05    0.09   10.09 ^ clkbuf_0_clk/X (sky130_fd_sc_hd__clkbuf_16)
                                         clknet_0_clk (net)
                  0.05    0.00   10.09 ^ clkbuf_2_3__f_clk/A (sky130_fd_sc_hd__clkbuf_16)
    18    0.05    0.05    0.11   10.20 ^ clkbuf_2_3__f_clk/X (sky130_fd_sc_hd__clkbuf_16)
                                         clknet_2_3__leaf_clk (net)
                  0.05    0.00   10.20 ^ _323_/CLK (sky130_fd_sc_hd__dfrtp_2)
                          0.00   10.20   clock reconvergence pessimism
                         -0.04   10.16   library setup time
                                 10.16   data required time
-----------------------------------------------------------------------------
                                 10.16   data required time
                                 -1.19   data arrival time
-----------------------------------------------------------------------------
                                  8.97   slack (MET)


Startpoint: _320_ (rising edge-triggered flip-flop clocked by core_clock)
Endpoint: _321_ (rising edge-triggered flip-flop clocked by core_clock)
Path Group: core_clock
Path Type: max
Corner: Fastest

Fanout     Cap    Slew   Delay    Time   Description
-----------------------------------------------------------------------------
                          0.00    0.00   clock core_clock (rise edge)
                          0.00    0.00   clock source latency
     1    0.02    0.00    0.00    0.00 ^ clk (in)
                                         clk (net)
                  0.00    0.00    0.00 ^ clkbuf_0_clk/A (sky130_fd_sc_hd__clkbuf_16)
     4    0.05    0.05    0.09    0.09 ^ clkbuf_0_clk/X (sky130_fd_sc_hd__clkbuf_16)
                                         clknet_0_clk (net)
                  0.05    0.00    0.09 ^ clkbuf_2_0__f_clk/A (sky130_fd_sc_hd__clkbuf_16)
    18    0.05    0.05    0.11    0.20 ^ clkbuf_2_0__f_clk/X (sky130_fd_sc_hd__clkbuf_16)
                                         clknet_2_0__leaf_clk (net)
                  0.05    0.00    0.20 ^ _320_/CLK (sky130_fd_sc_hd__dfrtp_4)
    12    0.05    0.08    0.35    0.55 v _320_/Q (sky130_fd_sc_hd__dfrtp_4)
                                         div.count[0] (net)
                  0.08    0.00    0.56 v _171_/A (sky130_fd_sc_hd__or2_1)
     2    0.01    0.07    0.19    0.74 v _171_/X (sky130_fd_sc_hd__or2_1)
                                         _086_ (net)
                  0.07    0.00    0.75 v _173_/A (sky130_fd_sc_hd__and2_1)
     2    0.02    0.08    0.15    0.89 v _173_/X (sky130_fd_sc_hd__and2_1)
                                         _088_ (net)
                  0.08    0.00    0.90 v _174_/A (sky130_fd_sc_hd__buf_1)
     2    0.03    0.12    0.16    1.05 v _174_/X (sky130_fd_sc_hd__buf_1)
                                         _015_ (net)
                  0.12    0.00    1.05 v _321_/D (sky130_fd_sc_hd__dfrtp_4)
                                  1.05   data arrival time

                         10.00   10.00   clock core_clock (rise edge)
                          0.00   10.00   clock source latency
     1    0.02    0.00    0.00   10.00 ^ clk (in)
                                         clk (net)
                  0.00    0.00   10.00 ^ clkbuf_0_clk/A (sky130_fd_sc_hd__clkbuf_16)
     4    0.05    0.05    0.09   10.09 ^ clkbuf_0_clk/X (sky130_fd_sc_hd__clkbuf_16)
                                         clknet_0_clk (net)
                  0.05    0.00   10.09 ^ clkbuf_2_1__f_clk/A (sky130_fd_sc_hd__clkbuf_16)
    22    0.06    0.06    0.11   10.21 ^ clkbuf_2_1__f_clk/X (sky130_fd_sc_hd__clkbuf_16)
                                         clknet_2_1__leaf_clk (net)
                  0.06    0.00   10.21 ^ _321_/CLK (sky130_fd_sc_hd__dfrtp_4)
                          0.00   10.21   clock reconvergence pessimism
                         -0.10   10.11   library setup time
                                 10.11   data required time
-----------------------------------------------------------------------------
                                 10.11   data required time
                                 -1.05   data arrival time
-----------------------------------------------------------------------------
                                  9.05   slack (MET)


Startpoint: _322_ (rising edge-triggered flip-flop clocked by core_clock)
Endpoint: _324_ (rising edge-triggered flip-flop clocked by core_clock)
Path Group: core_clock
Path Type: max
Corner: Fastest

Fanout     Cap    Slew   Delay    Time   Description
-----------------------------------------------------------------------------
                          0.00    0.00   clock core_clock (rise edge)
                          0.00    0.00   clock source latency
     1    0.02    0.00    0.00    0.00 ^ clk (in)
                                         clk (net)
                  0.00    0.00    0.00 ^ clkbuf_0_clk/A (sky130_fd_sc_hd__clkbuf_16)
     4    0.05    0.05    0.09    0.09 ^ clkbuf_0_clk/X (sky130_fd_sc_hd__clkbuf_16)
                                         clknet_0_clk (net)
                  0.05    0.00    0.09 ^ clkbuf_2_1__f_clk/A (sky130_fd_sc_hd__clkbuf_16)
    22    0.06    0.06    0.11    0.21 ^ clkbuf_2_1__f_clk/X (sky130_fd_sc_hd__clkbuf_16)
                                         clknet_2_1__leaf_clk (net)
                  0.06    0.00    0.21 ^ _322_/CLK (sky130_fd_sc_hd__dfrtp_4)
     8    0.04    0.08    0.34    0.55 v _322_/Q (sky130_fd_sc_hd__dfrtp_4)
                                         div.count[2] (net)
                  0.08    0.00    0.55 v _176_/C (sky130_fd_sc_hd__and4_1)
     1    0.01    0.06    0.17    0.72 v _176_/X (sky130_fd_sc_hd__and4_1)
                                         _089_ (net)
                  0.06    0.00    0.72 v _177_/A (sky130_fd_sc_hd__clkbuf_4)
    16    0.06    0.09    0.17    0.89 v _177_/X (sky130_fd_sc_hd__clkbuf_4)
                                         _090_ (net)
                  0.09    0.00    0.89 v _181_/B (sky130_fd_sc_hd__xor2_1)
     1    0.01    0.16    0.17    1.06 ^ _181_/X (sky130_fd_sc_hd__xor2_1)
                                         _030_ (net)
                  0.16    0.00    1.06 ^ _324_/D (sky130_fd_sc_hd__dfrtp_4)
                                  1.06   data arrival time

                         10.00   10.00   clock core_clock (rise edge)
                          0.00   10.00   clock source latency
     1    0.02    0.00    0.00   10.00 ^ clk (in)
                                         clk (net)
                  0.00    0.00   10.00 ^ clkbuf_0_clk/A (sky130_fd_sc_hd__clkbuf_16)
     4    0.05    0.05    0.09   10.09 ^ clkbuf_0_clk/X (sky130_fd_sc_hd__clkbuf_16)
                                         clknet_0_clk (net)
                  0.05    0.00   10.09 ^ clkbuf_2_0__f_clk/A (sky130_fd_sc_hd__clkbuf_16)
    18    0.05    0.05    0.11   10.20 ^ clkbuf_2_0__f_clk/X (sky130_fd_sc_hd__clkbuf_16)
                                         clknet_2_0__leaf_clk (net)
                  0.05    0.00   10.20 ^ _324_/CLK (sky130_fd_sc_hd__dfrtp_4)
                          0.00   10.20   clock reconvergence pessimism
                         -0.05   10.15   library setup time
                                 10.15   data required time
-----------------------------------------------------------------------------
                                 10.15   data required time
                                 -1.06   data arrival time
-----------------------------------------------------------------------------
                                  9.09   slack (MET)


Startpoint: _320_ (rising edge-triggered flip-flop clocked by core_clock)
Endpoint: _322_ (rising edge-triggered flip-flop clocked by core_clock)
Path Group: core_clock
Path Type: max
Corner: Fastest

Fanout     Cap    Slew   Delay    Time   Description
-----------------------------------------------------------------------------
                          0.00    0.00   clock core_clock (rise edge)
                          0.00    0.00   clock source latency
     1    0.02    0.00    0.00    0.00 ^ clk (in)
                                         clk (net)
                  0.00    0.00    0.00 ^ clkbuf_0_clk/A (sky130_fd_sc_hd__clkbuf_16)
     4    0.05    0.05    0.09    0.09 ^ clkbuf_0_clk/X (sky130_fd_sc_hd__clkbuf_16)
                                         clknet_0_clk (net)
                  0.05    0.00    0.09 ^ clkbuf_2_0__f_clk/A (sky130_fd_sc_hd__clkbuf_16)
    18    0.05    0.05    0.11    0.20 ^ clkbuf_2_0__f_clk/X (sky130_fd_sc_hd__clkbuf_16)
                                         clknet_2_0__leaf_clk (net)
                  0.05    0.00    0.20 ^ _320_/CLK (sky130_fd_sc_hd__dfrtp_4)
    12    0.05    0.12    0.33    0.53 ^ _320_/Q (sky130_fd_sc_hd__dfrtp_4)
                                         div.count[0] (net)
                  0.12    0.00    0.53 ^ _172_/A (sky130_fd_sc_hd__nand2_2)
     4    0.03    0.08    0.08    0.61 v _172_/Y (sky130_fd_sc_hd__nand2_2)
                                         _087_ (net)
                  0.08    0.00    0.61 v _175_/B (sky130_fd_sc_hd__xnor2_1)
     2    0.02    0.32    0.28    0.90 ^ _175_/Y (sky130_fd_sc_hd__xnor2_1)
                                         _026_ (net)
                  0.32    0.00    0.90 ^ _322_/D (sky130_fd_sc_hd__dfrtp_4)
                                  0.90   data arrival time

                         10.00   10.00   clock core_clock (rise edge)
                          0.00   10.00   clock source latency
     1    0.02    0.00    0.00   10.00 ^ clk (in)
                                         clk (net)
                  0.00    0.00   10.00 ^ clkbuf_0_clk/A (sky130_fd_sc_hd__clkbuf_16)
     4    0.05    0.05    0.09   10.09 ^ clkbuf_0_clk/X (sky130_fd_sc_hd__clkbuf_16)
                                         clknet_0_clk (net)
                  0.05    0.00   10.09 ^ clkbuf_2_1__f_clk/A (sky130_fd_sc_hd__clkbuf_16)
    22    0.06    0.06    0.11   10.21 ^ clkbuf_2_1__f_clk/X (sky130_fd_sc_hd__clkbuf_16)
                                         clknet_2_1__leaf_clk (net)
                  0.06    0.00   10.21 ^ _322_/CLK (sky130_fd_sc_hd__dfrtp_4)
                          0.00   10.21   clock reconvergence pessimism
                         -0.07   10.14   library setup time
                                 10.14   data required time
-----------------------------------------------------------------------------
                                 10.14   data required time
                                 -0.90   data arrival time
-----------------------------------------------------------------------------
                                  9.25   slack (MET)



worst slack corner Fastest: 7.9006
======================= Slowest Corner ===================================

Startpoint: _335_ (rising edge-triggered flip-flop clocked by core_clock)
Endpoint: _342_ (rising edge-triggered flip-flop clocked by core_clock)
Path Group: core_clock
Path Type: max
Corner: Slowest

Fanout     Cap    Slew   Delay    Time   Description
-----------------------------------------------------------------------------
                          0.00    0.00   clock core_clock (rise edge)
                          0.00    0.00   clock source latency
     1    0.02    0.00    0.00    0.00 ^ clk (in)
                                         clk (net)
                  0.00    0.00    0.00 ^ clkbuf_0_clk/A (sky130_fd_sc_hd__clkbuf_16)
     4    0.05    0.10    0.23    0.23 ^ clkbuf_0_clk/X (sky130_fd_sc_hd__clkbuf_16)
                                         clknet_0_clk (net)
                  0.10    0.00    0.23 ^ clkbuf_2_3__f_clk/A (sky130_fd_sc_hd__clkbuf_16)
    18    0.05    0.11    0.27    0.50 ^ clkbuf_2_3__f_clk/X (sky130_fd_sc_hd__clkbuf_16)
                                         clknet_2_3__leaf_clk (net)
                  0.11    0.00    0.50 ^ _335_/CLK (sky130_fd_sc_hd__dfrtp_4)
     6    0.04    0.20    1.12    1.62 v _335_/Q (sky130_fd_sc_hd__dfrtp_4)
                                         div.count[15] (net)
                  0.20    0.00    1.63 v _157_/A (sky130_fd_sc_hd__or4b_2)
     2    0.03    0.38    1.89    3.52 v _157_/X (sky130_fd_sc_hd__or4b_2)
                                         _074_ (net)
                  0.38    0.00    3.52 v _161_/A (sky130_fd_sc_hd__or4_2)
     4    0.03    0.38    1.95    5.46 v _161_/X (sky130_fd_sc_hd__or4_2)
                                         _078_ (net)
                  0.38    0.00    5.46 v _167_/A (sky130_fd_sc_hd__or4_4)
    12    0.06    0.29    1.38    6.85 v _167_/X (sky130_fd_sc_hd__or4_4)
                                         _084_ (net)
                  0.29    0.00    6.85 v _238_/A (sky130_fd_sc_hd__and3_1)
     2    0.02    0.19    0.52    7.37 v _238_/X (sky130_fd_sc_hd__and3_1)
                                         _132_ (net)
                  0.19    0.00    7.37 v _239_/A (sky130_fd_sc_hd__buf_1)
     2    0.02    0.25    0.37    7.74 v _239_/X (sky130_fd_sc_hd__buf_1)
                                         _018_ (net)
                  0.25    0.00    7.75 v _342_/D (sky130_fd_sc_hd__dfrtp_4)
                                  7.75   data arrival time

                         10.00   10.00   clock core_clock (rise edge)
                          0.00   10.00   clock source latency
     1    0.02    0.00    0.00   10.00 ^ clk (in)
                                         clk (net)
                  0.00    0.00   10.00 ^ clkbuf_0_clk/A (sky130_fd_sc_hd__clkbuf_16)
     4    0.05    0.10    0.23   10.23 ^ clkbuf_0_clk/X (sky130_fd_sc_hd__clkbuf_16)
                                         clknet_0_clk (net)
                  0.10    0.00   10.23 ^ clkbuf_2_0__f_clk/A (sky130_fd_sc_hd__clkbuf_16)
    18    0.05    0.11    0.28   10.51 ^ clkbuf_2_0__f_clk/X (sky130_fd_sc_hd__clkbuf_16)
                                         clknet_2_0__leaf_clk (net)
                  0.11    0.00   10.51 ^ _342_/CLK (sky130_fd_sc_hd__dfrtp_4)
                          0.00   10.51   clock reconvergence pessimism
                         -0.34   10.17   library setup time
                                 10.17   data required time
-----------------------------------------------------------------------------
                                 10.17   data required time
                                 -7.75   data arrival time
-----------------------------------------------------------------------------
                                  2.42   slack (MET)


Startpoint: _335_ (rising edge-triggered flip-flop clocked by core_clock)
Endpoint: _326_ (rising edge-triggered flip-flop clocked by core_clock)
Path Group: core_clock
Path Type: max
Corner: Slowest

Fanout     Cap    Slew   Delay    Time   Description
-----------------------------------------------------------------------------
                          0.00    0.00   clock core_clock (rise edge)
                          0.00    0.00   clock source latency
     1    0.02    0.00    0.00    0.00 ^ clk (in)
                                         clk (net)
                  0.00    0.00    0.00 ^ clkbuf_0_clk/A (sky130_fd_sc_hd__clkbuf_16)
     4    0.05    0.10    0.23    0.23 ^ clkbuf_0_clk/X (sky130_fd_sc_hd__clkbuf_16)
                                         clknet_0_clk (net)
                  0.10    0.00    0.23 ^ clkbuf_2_3__f_clk/A (sky130_fd_sc_hd__clkbuf_16)
    18    0.05    0.11    0.27    0.50 ^ clkbuf_2_3__f_clk/X (sky130_fd_sc_hd__clkbuf_16)
                                         clknet_2_3__leaf_clk (net)
                  0.11    0.00    0.50 ^ _335_/CLK (sky130_fd_sc_hd__dfrtp_4)
     6    0.04    0.20    1.12    1.62 v _335_/Q (sky130_fd_sc_hd__dfrtp_4)
                                         div.count[15] (net)
                  0.20    0.00    1.63 v _157_/A (sky130_fd_sc_hd__or4b_2)
     2    0.03    0.38    1.89    3.52 v _157_/X (sky130_fd_sc_hd__or4b_2)
                                         _074_ (net)
                  0.38    0.00    3.52 v _161_/A (sky130_fd_sc_hd__or4_2)
     4    0.03    0.38    1.95    5.46 v _161_/X (sky130_fd_sc_hd__or4_2)
                                         _078_ (net)
                  0.38    0.00    5.46 v _167_/A (sky130_fd_sc_hd__or4_4)
    12    0.06    0.29    1.38    6.85 v _167_/X (sky130_fd_sc_hd__or4_4)
                                         _084_ (net)
                  0.29    0.01    6.85 v _187_/A (sky130_fd_sc_hd__and3_1)
     2    0.02    0.25    0.56    7.42 v _187_/X (sky130_fd_sc_hd__and3_1)
                                         _097_ (net)
                  0.25    0.00    7.42 v _188_/A (sky130_fd_sc_hd__buf_1)
     1    0.02    0.18    0.35    7.76 v _188_/X (sky130_fd_sc_hd__buf_1)
                                         _032_ (net)
                  0.18    0.00    7.76 v _326_/D (sky130_fd_sc_hd__dfrtp_4)
                                  7.76   data arrival time

                         10.00   10.00   clock core_clock (rise edge)
                          0.00   10.00   clock source latency
     1    0.02    0.00    0.00   10.00 ^ clk (in)
                                         clk (net)
                  0.00    0.00   10.00 ^ clkbuf_0_clk/A (sky130_fd_sc_hd__clkbuf_16)
     4    0.05    0.10    0.23   10.23 ^ clkbuf_0_clk/X (sky130_fd_sc_hd__clkbuf_16)
                                         clknet_0_clk (net)
                  0.10    0.00   10.23 ^ clkbuf_2_1__f_clk/A (sky130_fd_sc_hd__clkbuf_16)
    22    0.06    0.12    0.29   10.52 ^ clkbuf_2_1__f_clk/X (sky130_fd_sc_hd__clkbuf_16)
                                         clknet_2_1__leaf_clk (net)
                  0.12    0.00   10.52 ^ _326_/CLK (sky130_fd_sc_hd__dfrtp_4)
                          0.00   10.52   clock reconvergence pessimism
                         -0.31   10.21   library setup time
                                 10.21   data required time
-----------------------------------------------------------------------------
                                 10.21   data required time
                                 -7.76   data arrival time
-----------------------------------------------------------------------------
                                  2.45   slack (MET)


Startpoint: _335_ (rising edge-triggered flip-flop clocked by core_clock)
Endpoint: _339_ (rising edge-triggered flip-flop clocked by core_clock)
Path Group: core_clock
Path Type: max
Corner: Slowest

Fanout     Cap    Slew   Delay    Time   Description
-----------------------------------------------------------------------------
                          0.00    0.00   clock core_clock (rise edge)
                          0.00    0.00   clock source latency
     1    0.02    0.00    0.00    0.00 ^ clk (in)
                                         clk (net)
                  0.00    0.00    0.00 ^ clkbuf_0_clk/A (sky130_fd_sc_hd__clkbuf_16)
     4    0.05    0.10    0.23    0.23 ^ clkbuf_0_clk/X (sky130_fd_sc_hd__clkbuf_16)
                                         clknet_0_clk (net)
                  0.10    0.00    0.23 ^ clkbuf_2_3__f_clk/A (sky130_fd_sc_hd__clkbuf_16)
    18    0.05    0.11    0.27    0.50 ^ clkbuf_2_3__f_clk/X (sky130_fd_sc_hd__clkbuf_16)
                                         clknet_2_3__leaf_clk (net)
                  0.11    0.00    0.50 ^ _335_/CLK (sky130_fd_sc_hd__dfrtp_4)
     6    0.04    0.20    1.12    1.62 v _335_/Q (sky130_fd_sc_hd__dfrtp_4)
                                         div.count[15] (net)
                  0.20    0.00    1.63 v _157_/A (sky130_fd_sc_hd__or4b_2)
     2    0.03    0.38    1.89    3.52 v _157_/X (sky130_fd_sc_hd__or4b_2)
                                         _074_ (net)
                  0.38    0.00    3.52 v _161_/A (sky130_fd_sc_hd__or4_2)
     4    0.03    0.38    1.95    5.46 v _161_/X (sky130_fd_sc_hd__or4_2)
                                         _078_ (net)
                  0.38    0.00    5.46 v _167_/A (sky130_fd_sc_hd__or4_4)
    12    0.06    0.29    1.38    6.85 v _167_/X (sky130_fd_sc_hd__or4_4)
                                         _084_ (net)
                  0.29    0.00    6.85 v _230_/A (sky130_fd_sc_hd__and3_1)
     2    0.02    0.20    0.53    7.38 v _230_/X (sky130_fd_sc_hd__and3_1)
                                         _127_ (net)
                  0.20    0.00    7.38 v _231_/A (sky130_fd_sc_hd__buf_1)
     2    0.02    0.21    0.35    7.72 v _231_/X (sky130_fd_sc_hd__buf_1)
                                         _014_ (net)
                  0.21    0.00    7.72 v _339_/D (sky130_fd_sc_hd__dfrtp_4)
                                  7.72   data arrival time

                         10.00   10.00   clock core_clock (rise edge)
                          0.00   10.00   clock source latency
     1    0.02    0.00    0.00   10.00 ^ clk (in)
                                         clk (net)
                  0.00    0.00   10.00 ^ clkbuf_0_clk/A (sky130_fd_sc_hd__clkbuf_16)
     4    0.05    0.10    0.23   10.23 ^ clkbuf_0_clk/X (sky130_fd_sc_hd__clkbuf_16)
                                         clknet_0_clk (net)
                  0.10    0.00   10.23 ^ clkbuf_2_0__f_clk/A (sky130_fd_sc_hd__clkbuf_16)
    18    0.05    0.11    0.28   10.51 ^ clkbuf_2_0__f_clk/X (sky130_fd_sc_hd__clkbuf_16)
                                         clknet_2_0__leaf_clk (net)
                  0.11    0.00   10.51 ^ _339_/CLK (sky130_fd_sc_hd__dfrtp_4)
                          0.00   10.51   clock reconvergence pessimism
                         -0.32   10.19   library setup time
                                 10.19   data required time
-----------------------------------------------------------------------------
                                 10.19   data required time
                                 -7.72   data arrival time
-----------------------------------------------------------------------------
                                  2.46   slack (MET)


Startpoint: _335_ (rising edge-triggered flip-flop clocked by core_clock)
Endpoint: _320_ (rising edge-triggered flip-flop clocked by core_clock)
Path Group: core_clock
Path Type: max
Corner: Slowest

Fanout     Cap    Slew   Delay    Time   Description
-----------------------------------------------------------------------------
                          0.00    0.00   clock core_clock (rise edge)
                          0.00    0.00   clock source latency
     1    0.02    0.00    0.00    0.00 ^ clk (in)
                                         clk (net)
                  0.00    0.00    0.00 ^ clkbuf_0_clk/A (sky130_fd_sc_hd__clkbuf_16)
     4    0.05    0.10    0.23    0.23 ^ clkbuf_0_clk/X (sky130_fd_sc_hd__clkbuf_16)
                                         clknet_0_clk (net)
                  0.10    0.00    0.23 ^ clkbuf_2_3__f_clk/A (sky130_fd_sc_hd__clkbuf_16)
    18    0.05    0.11    0.27    0.50 ^ clkbuf_2_3__f_clk/X (sky130_fd_sc_hd__clkbuf_16)
                                         clknet_2_3__leaf_clk (net)
                  0.11    0.00    0.50 ^ _335_/CLK (sky130_fd_sc_hd__dfrtp_4)
     6    0.04    0.20    1.12    1.62 v _335_/Q (sky130_fd_sc_hd__dfrtp_4)
                                         div.count[15] (net)
                  0.20    0.00    1.63 v _157_/A (sky130_fd_sc_hd__or4b_2)
     2    0.03    0.38    1.89    3.52 v _157_/X (sky130_fd_sc_hd__or4b_2)
                                         _074_ (net)
                  0.38    0.00    3.52 v _161_/A (sky130_fd_sc_hd__or4_2)
     4    0.03    0.38    1.95    5.46 v _161_/X (sky130_fd_sc_hd__or4_2)
                                         _078_ (net)
                  0.38    0.00    5.46 v _167_/A (sky130_fd_sc_hd__or4_4)
    12    0.06    0.29    1.38    6.85 v _167_/X (sky130_fd_sc_hd__or4_4)
                                         _084_ (net)
                  0.29    0.01    6.85 v _169_/B (sky130_fd_sc_hd__and2b_1)
     2    0.02    0.24    0.59    7.45 v _169_/X (sky130_fd_sc_hd__and2b_1)
                                         _085_ (net)
                  0.24    0.00    7.45 v _170_/A (sky130_fd_sc_hd__clkbuf_1)
     1    0.01    0.10    0.28    7.73 v _170_/X (sky130_fd_sc_hd__clkbuf_1)
                                         _004_ (net)
                  0.10    0.00    7.73 v _320_/D (sky130_fd_sc_hd__dfrtp_4)
                                  7.73   data arrival time

                         10.00   10.00   clock core_clock (rise edge)
                          0.00   10.00   clock source latency
     1    0.02    0.00    0.00   10.00 ^ clk (in)
                                         clk (net)
                  0.00    0.00   10.00 ^ clkbuf_0_clk/A (sky130_fd_sc_hd__clkbuf_16)
     4    0.05    0.10    0.23   10.23 ^ clkbuf_0_clk/X (sky130_fd_sc_hd__clkbuf_16)
                                         clknet_0_clk (net)
                  0.10    0.00   10.23 ^ clkbuf_2_0__f_clk/A (sky130_fd_sc_hd__clkbuf_16)
    18    0.05    0.11    0.28   10.51 ^ clkbuf_2_0__f_clk/X (sky130_fd_sc_hd__clkbuf_16)
                                         clknet_2_0__leaf_clk (net)
                  0.11    0.00   10.51 ^ _320_/CLK (sky130_fd_sc_hd__dfrtp_4)
                          0.00   10.51   clock reconvergence pessimism
                         -0.28   10.23   library setup time
                                 10.23   data required time
-----------------------------------------------------------------------------
                                 10.23   data required time
                                 -7.73   data arrival time
-----------------------------------------------------------------------------
                                  2.50   slack (MET)


Startpoint: _335_ (rising edge-triggered flip-flop clocked by core_clock)
Endpoint: _328_ (rising edge-triggered flip-flop clocked by core_clock)
Path Group: core_clock
Path Type: max
Corner: Slowest

Fanout     Cap    Slew   Delay    Time   Description
-----------------------------------------------------------------------------
                          0.00    0.00   clock core_clock (rise edge)
                          0.00    0.00   clock source latency
     1    0.02    0.00    0.00    0.00 ^ clk (in)
                                         clk (net)
                  0.00    0.00    0.00 ^ clkbuf_0_clk/A (sky130_fd_sc_hd__clkbuf_16)
     4    0.05    0.10    0.23    0.23 ^ clkbuf_0_clk/X (sky130_fd_sc_hd__clkbuf_16)
                                         clknet_0_clk (net)
                  0.10    0.00    0.23 ^ clkbuf_2_3__f_clk/A (sky130_fd_sc_hd__clkbuf_16)
    18    0.05    0.11    0.27    0.50 ^ clkbuf_2_3__f_clk/X (sky130_fd_sc_hd__clkbuf_16)
                                         clknet_2_3__leaf_clk (net)
                  0.11    0.00    0.50 ^ _335_/CLK (sky130_fd_sc_hd__dfrtp_4)
     6    0.04    0.20    1.12    1.62 v _335_/Q (sky130_fd_sc_hd__dfrtp_4)
                                         div.count[15] (net)
                  0.20    0.00    1.63 v _157_/A (sky130_fd_sc_hd__or4b_2)
     2    0.03    0.38    1.89    3.52 v _157_/X (sky130_fd_sc_hd__or4b_2)
                                         _074_ (net)
                  0.38    0.00    3.52 v _161_/A (sky130_fd_sc_hd__or4_2)
     4    0.03    0.38    1.95    5.46 v _161_/X (sky130_fd_sc_hd__or4_2)
                                         _078_ (net)
                  0.38    0.00    5.46 v _167_/A (sky130_fd_sc_hd__or4_4)
    12    0.06    0.29    1.38    6.85 v _167_/X (sky130_fd_sc_hd__or4_4)
                                         _084_ (net)
                  0.29    0.00    6.85 v _193_/B1 (sky130_fd_sc_hd__o21ai_1)
     1    0.01    0.43    0.38    7.23 ^ _193_/Y (sky130_fd_sc_hd__o21ai_1)
                                         _101_ (net)
                  0.43    0.00    7.23 ^ _194_/B1 (sky130_fd_sc_hd__a21oi_1)
     1    0.01    0.16    0.22    7.45 v _194_/Y (sky130_fd_sc_hd__a21oi_1)
                                         _034_ (net)
                  0.16    0.00    7.45 v _328_/D (sky130_fd_sc_hd__dfrtp_4)
                                  7.45   data arrival time

                         10.00   10.00   clock core_clock (rise edge)
                          0.00   10.00   clock source latency
     1    0.02    0.00    0.00   10.00 ^ clk (in)
                                         clk (net)
                  0.00    0.00   10.00 ^ clkbuf_0_clk/A (sky130_fd_sc_hd__clkbuf_16)
     4    0.05    0.10    0.23   10.23 ^ clkbuf_0_clk/X (sky130_fd_sc_hd__clkbuf_16)
                                         clknet_0_clk (net)
                  0.10    0.00   10.23 ^ clkbuf_2_1__f_clk/A (sky130_fd_sc_hd__clkbuf_16)
    22    0.06    0.12    0.29   10.52 ^ clkbuf_2_1__f_clk/X (sky130_fd_sc_hd__clkbuf_16)
                                         clknet_2_1__leaf_clk (net)
                  0.12    0.00   10.52 ^ _328_/CLK (sky130_fd_sc_hd__dfrtp_4)
                          0.00   10.52   clock reconvergence pessimism
                         -0.30   10.22   library setup time
                                 10.22   data required time
-----------------------------------------------------------------------------
                                 10.22   data required time
                                 -7.45   data arrival time
-----------------------------------------------------------------------------
                                  2.77   slack (MET)


Startpoint: _335_ (rising edge-triggered flip-flop clocked by core_clock)
Endpoint: _331_ (rising edge-triggered flip-flop clocked by core_clock)
Path Group: core_clock
Path Type: max
Corner: Slowest

Fanout     Cap    Slew   Delay    Time   Description
-----------------------------------------------------------------------------
                          0.00    0.00   clock core_clock (rise edge)
                          0.00    0.00   clock source latency
     1    0.02    0.00    0.00    0.00 ^ clk (in)
                                         clk (net)
                  0.00    0.00    0.00 ^ clkbuf_0_clk/A (sky130_fd_sc_hd__clkbuf_16)
     4    0.05    0.10    0.23    0.23 ^ clkbuf_0_clk/X (sky130_fd_sc_hd__clkbuf_16)
                                         clknet_0_clk (net)
                  0.10    0.00    0.23 ^ clkbuf_2_3__f_clk/A (sky130_fd_sc_hd__clkbuf_16)
    18    0.05    0.11    0.27    0.50 ^ clkbuf_2_3__f_clk/X (sky130_fd_sc_hd__clkbuf_16)
                                         clknet_2_3__leaf_clk (net)
                  0.11    0.00    0.50 ^ _335_/CLK (sky130_fd_sc_hd__dfrtp_4)
     6    0.04    0.20    1.12    1.62 v _335_/Q (sky130_fd_sc_hd__dfrtp_4)
                                         div.count[15] (net)
                  0.20    0.00    1.63 v _157_/A (sky130_fd_sc_hd__or4b_2)
     2    0.03    0.38    1.89    3.52 v _157_/X (sky130_fd_sc_hd__or4b_2)
                                         _074_ (net)
                  0.38    0.00    3.52 v _161_/A (sky130_fd_sc_hd__or4_2)
     4    0.03    0.38    1.95    5.46 v _161_/X (sky130_fd_sc_hd__or4_2)
                                         _078_ (net)
                  0.38    0.00    5.47 v _199_/A (sky130_fd_sc_hd__or3_4)
     8    0.04    0.21    1.02    6.48 v _199_/X (sky130_fd_sc_hd__or3_4)
                                         _106_ (net)
                  0.21    0.00    6.48 v _206_/A (sky130_fd_sc_hd__and3_1)
     2    0.03    0.33    0.59    7.07 v _206_/X (sky130_fd_sc_hd__and3_1)
                                         _111_ (net)
                  0.33    0.00    7.07 v _207_/A (sky130_fd_sc_hd__clkbuf_1)
     1    0.00    0.07    0.28    7.36 v _207_/X (sky130_fd_sc_hd__clkbuf_1)
                                         _006_ (net)
                  0.07    0.00    7.36 v _331_/D (sky130_fd_sc_hd__dfrtp_4)
                                  7.36   data arrival time

                         10.00   10.00   clock core_clock (rise edge)
                          0.00   10.00   clock source latency
     1    0.02    0.00    0.00   10.00 ^ clk (in)
                                         clk (net)
                  0.00    0.00   10.00 ^ clkbuf_0_clk/A (sky130_fd_sc_hd__clkbuf_16)
     4    0.05    0.10    0.23   10.23 ^ clkbuf_0_clk/X (sky130_fd_sc_hd__clkbuf_16)
                                         clknet_0_clk (net)
                  0.10    0.00   10.23 ^ clkbuf_2_3__f_clk/A (sky130_fd_sc_hd__clkbuf_16)
    18    0.05    0.11    0.27   10.50 ^ clkbuf_2_3__f_clk/X (sky130_fd_sc_hd__clkbuf_16)
                                         clknet_2_3__leaf_clk (net)
                  0.11    0.00   10.50 ^ _331_/CLK (sky130_fd_sc_hd__dfrtp_4)
                          0.00   10.50   clock reconvergence pessimism
                         -0.26   10.24   library setup time
                                 10.24   data required time
-----------------------------------------------------------------------------
                                 10.24   data required time
                                 -7.36   data arrival time
-----------------------------------------------------------------------------
                                  2.88   slack (MET)


Startpoint: _335_ (rising edge-triggered flip-flop clocked by core_clock)
Endpoint: _356_ (rising edge-triggered flip-flop clocked by core_clock)
Path Group: core_clock
Path Type: max
Corner: Slowest

Fanout     Cap    Slew   Delay    Time   Description
-----------------------------------------------------------------------------
                          0.00    0.00   clock core_clock (rise edge)
                          0.00    0.00   clock source latency
     1    0.02    0.00    0.00    0.00 ^ clk (in)
                                         clk (net)
                  0.00    0.00    0.00 ^ clkbuf_0_clk/A (sky130_fd_sc_hd__clkbuf_16)
     4    0.05    0.10    0.23    0.23 ^ clkbuf_0_clk/X (sky130_fd_sc_hd__clkbuf_16)
                                         clknet_0_clk (net)
                  0.10    0.00    0.23 ^ clkbuf_2_3__f_clk/A (sky130_fd_sc_hd__clkbuf_16)
    18    0.05    0.11    0.27    0.50 ^ clkbuf_2_3__f_clk/X (sky130_fd_sc_hd__clkbuf_16)
                                         clknet_2_3__leaf_clk (net)
                  0.11    0.00    0.50 ^ _335_/CLK (sky130_fd_sc_hd__dfrtp_4)
     6    0.04    0.20    1.12    1.62 v _335_/Q (sky130_fd_sc_hd__dfrtp_4)
                                         div.count[15] (net)
                  0.20    0.00    1.63 v _157_/A (sky130_fd_sc_hd__or4b_2)
     2    0.03    0.38    1.89    3.52 v _157_/X (sky130_fd_sc_hd__or4b_2)
                                         _074_ (net)
                  0.38    0.00    3.52 v _161_/A (sky130_fd_sc_hd__or4_2)
     4    0.03    0.38    1.95    5.46 v _161_/X (sky130_fd_sc_hd__or4_2)
                                         _078_ (net)
                  0.38    0.00    5.46 v _167_/A (sky130_fd_sc_hd__or4_4)
    12    0.06    0.29    1.38    6.85 v _167_/X (sky130_fd_sc_hd__or4_4)
                                         _084_ (net)
                  0.29    0.01    6.85 v _168_/B (sky130_fd_sc_hd__xnor2_1)
     1    0.01    0.19    0.38    7.23 v _168_/Y (sky130_fd_sc_hd__xnor2_1)
                                         _073_ (net)
                  0.19    0.00    7.23 v _356_/D (sky130_fd_sc_hd__dfrtp_4)
                                  7.23   data arrival time

                         10.00   10.00   clock core_clock (rise edge)
                          0.00   10.00   clock source latency
     1    0.02    0.00    0.00   10.00 ^ clk (in)
                                         clk (net)
                  0.00    0.00   10.00 ^ clkbuf_0_clk/A (sky130_fd_sc_hd__clkbuf_16)
     4    0.05    0.10    0.23   10.23 ^ clkbuf_0_clk/X (sky130_fd_sc_hd__clkbuf_16)
                                         clknet_0_clk (net)
                  0.10    0.00   10.23 ^ clkbuf_2_1__f_clk/A (sky130_fd_sc_hd__clkbuf_16)
    22    0.06    0.12    0.29   10.52 ^ clkbuf_2_1__f_clk/X (sky130_fd_sc_hd__clkbuf_16)
                                         clknet_2_1__leaf_clk (net)
                  0.12    0.00   10.52 ^ _356_/CLK (sky130_fd_sc_hd__dfrtp_4)
                          0.00   10.52   clock reconvergence pessimism
                         -0.31   10.21   library setup time
                                 10.21   data required time
-----------------------------------------------------------------------------
                                 10.21   data required time
                                 -7.23   data arrival time
-----------------------------------------------------------------------------
                                  2.98   slack (MET)


Startpoint: _335_ (rising edge-triggered flip-flop clocked by core_clock)
Endpoint: _338_ (rising edge-triggered flip-flop clocked by core_clock)
Path Group: core_clock
Path Type: max
Corner: Slowest

Fanout     Cap    Slew   Delay    Time   Description
-----------------------------------------------------------------------------
                          0.00    0.00   clock core_clock (rise edge)
                          0.00    0.00   clock source latency
     1    0.02    0.00    0.00    0.00 ^ clk (in)
                                         clk (net)
                  0.00    0.00    0.00 ^ clkbuf_0_clk/A (sky130_fd_sc_hd__clkbuf_16)
     4    0.05    0.10    0.23    0.23 ^ clkbuf_0_clk/X (sky130_fd_sc_hd__clkbuf_16)
                                         clknet_0_clk (net)
                  0.10    0.00    0.23 ^ clkbuf_2_3__f_clk/A (sky130_fd_sc_hd__clkbuf_16)
    18    0.05    0.11    0.27    0.50 ^ clkbuf_2_3__f_clk/X (sky130_fd_sc_hd__clkbuf_16)
                                         clknet_2_3__leaf_clk (net)
                  0.11    0.00    0.50 ^ _335_/CLK (sky130_fd_sc_hd__dfrtp_4)
     6    0.04    0.20    1.12    1.62 v _335_/Q (sky130_fd_sc_hd__dfrtp_4)
                                         div.count[15] (net)
                  0.20    0.00    1.63 v _157_/A (sky130_fd_sc_hd__or4b_2)
     2    0.03    0.38    1.89    3.52 v _157_/X (sky130_fd_sc_hd__or4b_2)
                                         _074_ (net)
                  0.38    0.00    3.52 v _161_/A (sky130_fd_sc_hd__or4_2)
     4    0.03    0.38    1.95    5.46 v _161_/X (sky130_fd_sc_hd__or4_2)
                                         _078_ (net)
                  0.38    0.00    5.47 v _199_/A (sky130_fd_sc_hd__or3_4)
     8    0.04    0.21    1.02    6.48 v _199_/X (sky130_fd_sc_hd__or3_4)
                                         _106_ (net)
                  0.21    0.00    6.49 v _225_/A (sky130_fd_sc_hd__and3_1)
     1    0.01    0.09    0.38    6.87 v _225_/X (sky130_fd_sc_hd__and3_1)
                                         _123_ (net)
                  0.09    0.00    6.87 v _226_/A (sky130_fd_sc_hd__buf_1)
     1    0.01    0.14    0.24    7.12 v _226_/X (sky130_fd_sc_hd__buf_1)
                                         _013_ (net)
                  0.14    0.00    7.12 v _338_/D (sky130_fd_sc_hd__dfrtp_4)
                                  7.12   data arrival time

                         10.00   10.00   clock core_clock (rise edge)
                          0.00   10.00   clock source latency
     1    0.02    0.00    0.00   10.00 ^ clk (in)
                                         clk (net)
                  0.00    0.00   10.00 ^ clkbuf_0_clk/A (sky130_fd_sc_hd__clkbuf_16)
     4    0.05    0.10    0.23   10.23 ^ clkbuf_0_clk/X (sky130_fd_sc_hd__clkbuf_16)
                                         clknet_0_clk (net)
                  0.10    0.00   10.23 ^ clkbuf_2_0__f_clk/A (sky130_fd_sc_hd__clkbuf_16)
    18    0.05    0.11    0.28   10.51 ^ clkbuf_2_0__f_clk/X (sky130_fd_sc_hd__clkbuf_16)
                                         clknet_2_0__leaf_clk (net)
                  0.11    0.00   10.51 ^ _338_/CLK (sky130_fd_sc_hd__dfrtp_4)
                          0.00   10.51   clock reconvergence pessimism
                         -0.29   10.22   library setup time
                                 10.22   data required time
-----------------------------------------------------------------------------
                                 10.22   data required time
                                 -7.12   data arrival time
-----------------------------------------------------------------------------
                                  3.10   slack (MET)


Startpoint: _335_ (rising edge-triggered flip-flop clocked by core_clock)
Endpoint: _329_ (rising edge-triggered flip-flop clocked by core_clock)
Path Group: core_clock
Path Type: max
Corner: Slowest

Fanout     Cap    Slew   Delay    Time   Description
-----------------------------------------------------------------------------
                          0.00    0.00   clock core_clock (rise edge)
                          0.00    0.00   clock source latency
     1    0.02    0.00    0.00    0.00 ^ clk (in)
                                         clk (net)
                  0.00    0.00    0.00 ^ clkbuf_0_clk/A (sky130_fd_sc_hd__clkbuf_16)
     4    0.05    0.10    0.23    0.23 ^ clkbuf_0_clk/X (sky130_fd_sc_hd__clkbuf_16)
                                         clknet_0_clk (net)
                  0.10    0.00    0.23 ^ clkbuf_2_3__f_clk/A (sky130_fd_sc_hd__clkbuf_16)
    18    0.05    0.11    0.27    0.50 ^ clkbuf_2_3__f_clk/X (sky130_fd_sc_hd__clkbuf_16)
                                         clknet_2_3__leaf_clk (net)
                  0.11    0.00    0.50 ^ _335_/CLK (sky130_fd_sc_hd__dfrtp_4)
     6    0.04    0.20    1.12    1.62 v _335_/Q (sky130_fd_sc_hd__dfrtp_4)
                                         div.count[15] (net)
                  0.20    0.00    1.63 v _157_/A (sky130_fd_sc_hd__or4b_2)
     2    0.03    0.38    1.89    3.52 v _157_/X (sky130_fd_sc_hd__or4b_2)
                                         _074_ (net)
                  0.38    0.00    3.52 v _161_/A (sky130_fd_sc_hd__or4_2)
     4    0.03    0.38    1.95    5.46 v _161_/X (sky130_fd_sc_hd__or4_2)
                                         _078_ (net)
                  0.38    0.00    5.47 v _199_/A (sky130_fd_sc_hd__or3_4)
     8    0.04    0.21    1.02    6.48 v _199_/X (sky130_fd_sc_hd__or3_4)
                                         _106_ (net)
                  0.21    0.00    6.48 v _201_/A (sky130_fd_sc_hd__nand2_1)
     1    0.01    0.17    0.23    6.71 ^ _201_/Y (sky130_fd_sc_hd__nand2_1)
                                         _108_ (net)
                  0.17    0.00    6.72 ^ _202_/B (sky130_fd_sc_hd__nor2_1)
     1    0.01    0.14    0.17    6.89 v _202_/Y (sky130_fd_sc_hd__nor2_1)
                                         _035_ (net)
                  0.14    0.00    6.89 v _329_/D (sky130_fd_sc_hd__dfrtp_4)
                                  6.89   data arrival time

                         10.00   10.00   clock core_clock (rise edge)
                          0.00   10.00   clock source latency
     1    0.02    0.00    0.00   10.00 ^ clk (in)
                                         clk (net)
                  0.00    0.00   10.00 ^ clkbuf_0_clk/A (sky130_fd_sc_hd__clkbuf_16)
     4    0.05    0.10    0.23   10.23 ^ clkbuf_0_clk/X (sky130_fd_sc_hd__clkbuf_16)
                                         clknet_0_clk (net)
                  0.10    0.00   10.23 ^ clkbuf_2_1__f_clk/A (sky130_fd_sc_hd__clkbuf_16)
    22    0.06    0.12    0.29   10.52 ^ clkbuf_2_1__f_clk/X (sky130_fd_sc_hd__clkbuf_16)
                                         clknet_2_1__leaf_clk (net)
                  0.12    0.00   10.52 ^ _329_/CLK (sky130_fd_sc_hd__dfrtp_4)
                          0.00   10.52   clock reconvergence pessimism
                         -0.29   10.23   library setup time
                                 10.23   data required time
-----------------------------------------------------------------------------
                                 10.23   data required time
                                 -6.89   data arrival time
-----------------------------------------------------------------------------
                                  3.34   slack (MET)


Startpoint: _335_ (rising edge-triggered flip-flop clocked by core_clock)
Endpoint: _334_ (rising edge-triggered flip-flop clocked by core_clock)
Path Group: core_clock
Path Type: max
Corner: Slowest

Fanout     Cap    Slew   Delay    Time   Description
-----------------------------------------------------------------------------
                          0.00    0.00   clock core_clock (rise edge)
                          0.00    0.00   clock source latency
     1    0.02    0.00    0.00    0.00 ^ clk (in)
                                         clk (net)
                  0.00    0.00    0.00 ^ clkbuf_0_clk/A (sky130_fd_sc_hd__clkbuf_16)
     4    0.05    0.10    0.23    0.23 ^ clkbuf_0_clk/X (sky130_fd_sc_hd__clkbuf_16)
                                         clknet_0_clk (net)
                  0.10    0.00    0.23 ^ clkbuf_2_3__f_clk/A (sky130_fd_sc_hd__clkbuf_16)
    18    0.05    0.11    0.27    0.50 ^ clkbuf_2_3__f_clk/X (sky130_fd_sc_hd__clkbuf_16)
                                         clknet_2_3__leaf_clk (net)
                  0.11    0.00    0.50 ^ _335_/CLK (sky130_fd_sc_hd__dfrtp_4)
     6    0.04    0.20    1.12    1.62 v _335_/Q (sky130_fd_sc_hd__dfrtp_4)
                                         div.count[15] (net)
                  0.20    0.00    1.63 v _157_/A (sky130_fd_sc_hd__or4b_2)
     2    0.03    0.38    1.89    3.52 v _157_/X (sky130_fd_sc_hd__or4b_2)
                                         _074_ (net)
                  0.38    0.00    3.52 v _161_/A (sky130_fd_sc_hd__or4_2)
     4    0.03    0.38    1.95    5.46 v _161_/X (sky130_fd_sc_hd__or4_2)
                                         _078_ (net)
                  0.38    0.00    5.47 v _199_/A (sky130_fd_sc_hd__or3_4)
     8    0.04    0.21    1.02    6.48 v _199_/X (sky130_fd_sc_hd__or3_4)
                                         _106_ (net)
                  0.21    0.00    6.49 v _214_/C1 (sky130_fd_sc_hd__o211a_1)
     1    0.00    0.07    0.26    6.74 v _214_/X (sky130_fd_sc_hd__o211a_1)
                                         _009_ (net)
                  0.07    0.00    6.74 v _334_/D (sky130_fd_sc_hd__dfrtp_2)
                                  6.74   data arrival time

                         10.00   10.00   clock core_clock (rise edge)
                          0.00   10.00   clock source latency
     1    0.02    0.00    0.00   10.00 ^ clk (in)
                                         clk (net)
                  0.00    0.00   10.00 ^ clkbuf_0_clk/A (sky130_fd_sc_hd__clkbuf_16)
     4    0.05    0.10    0.23   10.23 ^ clkbuf_0_clk/X (sky130_fd_sc_hd__clkbuf_16)
                                         clknet_0_clk (net)
                  0.10    0.00   10.23 ^ clkbuf_2_2__f_clk/A (sky130_fd_sc_hd__clkbuf_16)
    14    0.05    0.11    0.28   10.50 ^ clkbuf_2_2__f_clk/X (sky130_fd_sc_hd__clkbuf_16)
                                         clknet_2_2__leaf_clk (net)
                  0.11    0.00   10.51 ^ _334_/CLK (sky130_fd_sc_hd__dfrtp_2)
                          0.00   10.51   clock reconvergence pessimism
                         -0.26   10.24   library setup time
                                 10.24   data required time
-----------------------------------------------------------------------------
                                 10.24   data required time
                                 -6.74   data arrival time
-----------------------------------------------------------------------------
                                  3.50   slack (MET)


Startpoint: _321_ (rising edge-triggered flip-flop clocked by core_clock)
Endpoint: _343_ (rising edge-triggered flip-flop clocked by core_clock)
Path Group: core_clock
Path Type: max
Corner: Slowest

Fanout     Cap    Slew   Delay    Time   Description
-----------------------------------------------------------------------------
                          0.00    0.00   clock core_clock (rise edge)
                          0.00    0.00   clock source latency
     1    0.02    0.00    0.00    0.00 ^ clk (in)
                                         clk (net)
                  0.00    0.00    0.00 ^ clkbuf_0_clk/A (sky130_fd_sc_hd__clkbuf_16)
     4    0.05    0.10    0.23    0.23 ^ clkbuf_0_clk/X (sky130_fd_sc_hd__clkbuf_16)
                                         clknet_0_clk (net)
                  0.10    0.00    0.23 ^ clkbuf_2_1__f_clk/A (sky130_fd_sc_hd__clkbuf_16)
    22    0.06    0.12    0.29    0.52 ^ clkbuf_2_1__f_clk/X (sky130_fd_sc_hd__clkbuf_16)
                                         clknet_2_1__leaf_clk (net)
                  0.12    0.00    0.52 ^ _321_/CLK (sky130_fd_sc_hd__dfrtp_4)
    10    0.04    0.25    0.99    1.51 ^ _321_/Q (sky130_fd_sc_hd__dfrtp_4)
                                         div.count[1] (net)
                  0.25    0.00    1.51 ^ _176_/B (sky130_fd_sc_hd__and4_1)
     1    0.01    0.25    0.58    2.09 ^ _176_/X (sky130_fd_sc_hd__and4_1)
                                         _089_ (net)
                  0.25    0.00    2.09 ^ _177_/A (sky130_fd_sc_hd__clkbuf_4)
    16    0.07    0.32    0.52    2.60 ^ _177_/X (sky130_fd_sc_hd__clkbuf_4)
                                         _090_ (net)
                  0.32    0.00    2.61 ^ _217_/A (sky130_fd_sc_hd__and4_1)
     1    0.02    0.28    0.60    3.21 ^ _217_/X (sky130_fd_sc_hd__and4_1)
                                         _117_ (net)
                  0.28    0.00    3.21 ^ _218_/A (sky130_fd_sc_hd__clkbuf_4)
    18    0.08    0.38    0.57    3.78 ^ _218_/X (sky130_fd_sc_hd__clkbuf_4)
                                         _118_ (net)
                  0.38    0.01    3.79 ^ _232_/B (sky130_fd_sc_hd__and3_2)
     8    0.05    0.40    0.74    4.53 ^ _232_/X (sky130_fd_sc_hd__and3_2)
                                         _128_ (net)
                  0.40    0.00    4.53 ^ _237_/C (sky130_fd_sc_hd__nand3_2)
     4    0.02    0.33    0.43    4.97 v _237_/Y (sky130_fd_sc_hd__nand3_2)
                                         _131_ (net)
                  0.33    0.00    4.97 v _240_/B (sky130_fd_sc_hd__xnor2_1)
     2    0.02    0.76    0.75    5.72 ^ _240_/Y (sky130_fd_sc_hd__xnor2_1)
                                         _019_ (net)
                  0.76    0.00    5.72 ^ _343_/D (sky130_fd_sc_hd__dfrtp_2)
                                  5.72   data arrival time

                         10.00   10.00   clock core_clock (rise edge)
                          0.00   10.00   clock source latency
     1    0.02    0.00    0.00   10.00 ^ clk (in)
                                         clk (net)
                  0.00    0.00   10.00 ^ clkbuf_0_clk/A (sky130_fd_sc_hd__clkbuf_16)
     4    0.05    0.10    0.23   10.23 ^ clkbuf_0_clk/X (sky130_fd_sc_hd__clkbuf_16)
                                         clknet_0_clk (net)
                  0.10    0.00   10.23 ^ clkbuf_2_1__f_clk/A (sky130_fd_sc_hd__clkbuf_16)
    22    0.06    0.12    0.29   10.52 ^ clkbuf_2_1__f_clk/X (sky130_fd_sc_hd__clkbuf_16)
                                         clknet_2_1__leaf_clk (net)
                  0.12    0.00   10.52 ^ _343_/CLK (sky130_fd_sc_hd__dfrtp_2)
                          0.00   10.52   clock reconvergence pessimism
                         -0.30   10.22   library setup time
                                 10.22   data required time
-----------------------------------------------------------------------------
                                 10.22   data required time
                                 -5.72   data arrival time
-----------------------------------------------------------------------------
                                  4.49   slack (MET)


Startpoint: _321_ (rising edge-triggered flip-flop clocked by core_clock)
Endpoint: _349_ (rising edge-triggered flip-flop clocked by core_clock)
Path Group: core_clock
Path Type: max
Corner: Slowest

Fanout     Cap    Slew   Delay    Time   Description
-----------------------------------------------------------------------------
                          0.00    0.00   clock core_clock (rise edge)
                          0.00    0.00   clock source latency
     1    0.02    0.00    0.00    0.00 ^ clk (in)
                                         clk (net)
                  0.00    0.00    0.00 ^ clkbuf_0_clk/A (sky130_fd_sc_hd__clkbuf_16)
     4    0.05    0.10    0.23    0.23 ^ clkbuf_0_clk/X (sky130_fd_sc_hd__clkbuf_16)
                                         clknet_0_clk (net)
                  0.10    0.00    0.23 ^ clkbuf_2_1__f_clk/A (sky130_fd_sc_hd__clkbuf_16)
    22    0.06    0.12    0.29    0.52 ^ clkbuf_2_1__f_clk/X (sky130_fd_sc_hd__clkbuf_16)
                                         clknet_2_1__leaf_clk (net)
                  0.12    0.00    0.52 ^ _321_/CLK (sky130_fd_sc_hd__dfrtp_4)
    10    0.04    0.25    0.99    1.51 ^ _321_/Q (sky130_fd_sc_hd__dfrtp_4)
                                         div.count[1] (net)
                  0.25    0.00    1.51 ^ _176_/B (sky130_fd_sc_hd__and4_1)
     1    0.01    0.25    0.58    2.09 ^ _176_/X (sky130_fd_sc_hd__and4_1)
                                         _089_ (net)
                  0.25    0.00    2.09 ^ _177_/A (sky130_fd_sc_hd__clkbuf_4)
    16    0.07    0.32    0.52    2.60 ^ _177_/X (sky130_fd_sc_hd__clkbuf_4)
                                         _090_ (net)
                  0.32    0.00    2.61 ^ _217_/A (sky130_fd_sc_hd__and4_1)
     1    0.02    0.28    0.60    3.21 ^ _217_/X (sky130_fd_sc_hd__and4_1)
                                         _117_ (net)
                  0.28    0.00    3.21 ^ _218_/A (sky130_fd_sc_hd__clkbuf_4)
    18    0.08    0.38    0.57    3.78 ^ _218_/X (sky130_fd_sc_hd__clkbuf_4)
                                         _118_ (net)
                  0.38    0.00    3.79 ^ _251_/A (sky130_fd_sc_hd__and3_2)
    10    0.04    0.36    0.71    4.50 ^ _251_/X (sky130_fd_sc_hd__and3_2)
                                         _140_ (net)
                  0.36    0.00    4.50 ^ _256_/C (sky130_fd_sc_hd__nand3_2)
     4    0.03    0.36    0.45    4.94 v _256_/Y (sky130_fd_sc_hd__nand3_2)
                                         _143_ (net)
                  0.36    0.00    4.94 v _257_/B1 (sky130_fd_sc_hd__o21a_1)
     2    0.02    0.25    0.48    5.42 v _257_/X (sky130_fd_sc_hd__o21a_1)
                                         _025_ (net)
                  0.25    0.00    5.43 v _349_/D (sky130_fd_sc_hd__dfrtp_4)
                                  5.43   data arrival time

                         10.00   10.00   clock core_clock (rise edge)
                          0.00   10.00   clock source latency
     1    0.02    0.00    0.00   10.00 ^ clk (in)
                                         clk (net)
                  0.00    0.00   10.00 ^ clkbuf_0_clk/A (sky130_fd_sc_hd__clkbuf_16)
     4    0.05    0.10    0.23   10.23 ^ clkbuf_0_clk/X (sky130_fd_sc_hd__clkbuf_16)
                                         clknet_0_clk (net)
                  0.10    0.00   10.23 ^ clkbuf_2_3__f_clk/A (sky130_fd_sc_hd__clkbuf_16)
    18    0.05    0.11    0.27   10.50 ^ clkbuf_2_3__f_clk/X (sky130_fd_sc_hd__clkbuf_16)
                                         clknet_2_3__leaf_clk (net)
                  0.11    0.00   10.50 ^ _349_/CLK (sky130_fd_sc_hd__dfrtp_4)
                          0.00   10.50   clock reconvergence pessimism
                         -0.34   10.16   library setup time
                                 10.16   data required time
-----------------------------------------------------------------------------
                                 10.16   data required time
                                 -5.43   data arrival time
-----------------------------------------------------------------------------
                                  4.74   slack (MET)


Startpoint: _321_ (rising edge-triggered flip-flop clocked by core_clock)
Endpoint: _346_ (rising edge-triggered flip-flop clocked by core_clock)
Path Group: core_clock
Path Type: max
Corner: Slowest

Fanout     Cap    Slew   Delay    Time   Description
-----------------------------------------------------------------------------
                          0.00    0.00   clock core_clock (rise edge)
                          0.00    0.00   clock source latency
     1    0.02    0.00    0.00    0.00 ^ clk (in)
                                         clk (net)
                  0.00    0.00    0.00 ^ clkbuf_0_clk/A (sky130_fd_sc_hd__clkbuf_16)
     4    0.05    0.10    0.23    0.23 ^ clkbuf_0_clk/X (sky130_fd_sc_hd__clkbuf_16)
                                         clknet_0_clk (net)
                  0.10    0.00    0.23 ^ clkbuf_2_1__f_clk/A (sky130_fd_sc_hd__clkbuf_16)
    22    0.06    0.12    0.29    0.52 ^ clkbuf_2_1__f_clk/X (sky130_fd_sc_hd__clkbuf_16)
                                         clknet_2_1__leaf_clk (net)
                  0.12    0.00    0.52 ^ _321_/CLK (sky130_fd_sc_hd__dfrtp_4)
    10    0.04    0.25    0.99    1.51 ^ _321_/Q (sky130_fd_sc_hd__dfrtp_4)
                                         div.count[1] (net)
                  0.25    0.00    1.51 ^ _176_/B (sky130_fd_sc_hd__and4_1)
     1    0.01    0.25    0.58    2.09 ^ _176_/X (sky130_fd_sc_hd__and4_1)
                                         _089_ (net)
                  0.25    0.00    2.09 ^ _177_/A (sky130_fd_sc_hd__clkbuf_4)
    16    0.07    0.32    0.52    2.60 ^ _177_/X (sky130_fd_sc_hd__clkbuf_4)
                                         _090_ (net)
                  0.32    0.00    2.61 ^ _217_/A (sky130_fd_sc_hd__and4_1)
     1    0.02    0.28    0.60    3.21 ^ _217_/X (sky130_fd_sc_hd__and4_1)
                                         _117_ (net)
                  0.28    0.00    3.21 ^ _218_/A (sky130_fd_sc_hd__clkbuf_4)
    18    0.08    0.38    0.57    3.78 ^ _218_/X (sky130_fd_sc_hd__clkbuf_4)
                                         _118_ (net)
                  0.38    0.01    3.79 ^ _243_/A (sky130_fd_sc_hd__and2_2)
     8    0.04    0.36    0.62    4.41 ^ _243_/X (sky130_fd_sc_hd__and2_2)
                                         _135_ (net)
                  0.36    0.00    4.41 ^ _246_/C (sky130_fd_sc_hd__and3_1)
     4    0.03    0.42    0.66    5.07 ^ _246_/X (sky130_fd_sc_hd__and3_1)
                                         _137_ (net)
                  0.42    0.00    5.07 ^ _248_/B (sky130_fd_sc_hd__xor2_1)
     1    0.01    0.33    0.47    5.54 ^ _248_/X (sky130_fd_sc_hd__xor2_1)
                                         _022_ (net)
                  0.33    0.00    5.54 ^ _346_/D (sky130_fd_sc_hd__dfrtp_2)
                                  5.54   data arrival time

                         10.00   10.00   clock core_clock (rise edge)
                          0.00   10.00   clock source latency
     1    0.02    0.00    0.00   10.00 ^ clk (in)
                                         clk (net)
                  0.00    0.00   10.00 ^ clkbuf_0_clk/A (sky130_fd_sc_hd__clkbuf_16)
     4    0.05    0.10    0.23   10.23 ^ clkbuf_0_clk/X (sky130_fd_sc_hd__clkbuf_16)
                                         clknet_0_clk (net)
                  0.10    0.00   10.23 ^ clkbuf_2_0__f_clk/A (sky130_fd_sc_hd__clkbuf_16)
    18    0.05    0.11    0.28   10.51 ^ clkbuf_2_0__f_clk/X (sky130_fd_sc_hd__clkbuf_16)
                                         clknet_2_0__leaf_clk (net)
                  0.11    0.00   10.51 ^ _346_/CLK (sky130_fd_sc_hd__dfrtp_2)
                          0.00   10.51   clock reconvergence pessimism
                         -0.20   10.31   library setup time
                                 10.31   data required time
-----------------------------------------------------------------------------
                                 10.31   data required time
                                 -5.54   data arrival time
-----------------------------------------------------------------------------
                                  4.77   slack (MET)


Startpoint: _321_ (rising edge-triggered flip-flop clocked by core_clock)
Endpoint: _345_ (rising edge-triggered flip-flop clocked by core_clock)
Path Group: core_clock
Path Type: max
Corner: Slowest

Fanout     Cap    Slew   Delay    Time   Description
-----------------------------------------------------------------------------
                          0.00    0.00   clock core_clock (rise edge)
                          0.00    0.00   clock source latency
     1    0.02    0.00    0.00    0.00 ^ clk (in)
                                         clk (net)
                  0.00    0.00    0.00 ^ clkbuf_0_clk/A (sky130_fd_sc_hd__clkbuf_16)
     4    0.05    0.10    0.23    0.23 ^ clkbuf_0_clk/X (sky130_fd_sc_hd__clkbuf_16)
                                         clknet_0_clk (net)
                  0.10    0.00    0.23 ^ clkbuf_2_1__f_clk/A (sky130_fd_sc_hd__clkbuf_16)
    22    0.06    0.12    0.29    0.52 ^ clkbuf_2_1__f_clk/X (sky130_fd_sc_hd__clkbuf_16)
                                         clknet_2_1__leaf_clk (net)
                  0.12    0.00    0.52 ^ _321_/CLK (sky130_fd_sc_hd__dfrtp_4)
    10    0.04    0.25    0.99    1.51 ^ _321_/Q (sky130_fd_sc_hd__dfrtp_4)
                                         div.count[1] (net)
                  0.25    0.00    1.51 ^ _176_/B (sky130_fd_sc_hd__and4_1)
     1    0.01    0.25    0.58    2.09 ^ _176_/X (sky130_fd_sc_hd__and4_1)
                                         _089_ (net)
                  0.25    0.00    2.09 ^ _177_/A (sky130_fd_sc_hd__clkbuf_4)
    16    0.07    0.32    0.52    2.60 ^ _177_/X (sky130_fd_sc_hd__clkbuf_4)
                                         _090_ (net)
                  0.32    0.00    2.61 ^ _217_/A (sky130_fd_sc_hd__and4_1)
     1    0.02    0.28    0.60    3.21 ^ _217_/X (sky130_fd_sc_hd__and4_1)
                                         _117_ (net)
                  0.28    0.00    3.21 ^ _218_/A (sky130_fd_sc_hd__clkbuf_4)
    18    0.08    0.38    0.57    3.78 ^ _218_/X (sky130_fd_sc_hd__clkbuf_4)
                                         _118_ (net)
                  0.38    0.01    3.79 ^ _243_/A (sky130_fd_sc_hd__and2_2)
     8    0.04    0.36    0.62    4.41 ^ _243_/X (sky130_fd_sc_hd__and2_2)
                                         _135_ (net)
                  0.36    0.00    4.41 ^ _246_/C (sky130_fd_sc_hd__and3_1)
     4    0.03    0.42    0.66    5.07 ^ _246_/X (sky130_fd_sc_hd__and3_1)
                                         _137_ (net)
                  0.42    0.00    5.07 ^ _247_/B (sky130_fd_sc_hd__nor2_1)
     2    0.02    0.22    0.33    5.40 v _247_/Y (sky130_fd_sc_hd__nor2_1)
                                         _021_ (net)
                  0.22    0.00    5.40 v _345_/D (sky130_fd_sc_hd__dfrtp_2)
                                  5.40   data arrival time

                         10.00   10.00   clock core_clock (rise edge)
                          0.00   10.00   clock source latency
     1    0.02    0.00    0.00   10.00 ^ clk (in)
                                         clk (net)
                  0.00    0.00   10.00 ^ clkbuf_0_clk/A (sky130_fd_sc_hd__clkbuf_16)
     4    0.05    0.10    0.23   10.23 ^ clkbuf_0_clk/X (sky130_fd_sc_hd__clkbuf_16)
                                         clknet_0_clk (net)
                  0.10    0.00   10.23 ^ clkbuf_2_3__f_clk/A (sky130_fd_sc_hd__clkbuf_16)
    18    0.05    0.11    0.27   10.50 ^ clkbuf_2_3__f_clk/X (sky130_fd_sc_hd__clkbuf_16)
                                         clknet_2_3__leaf_clk (net)
                  0.11    0.00   10.50 ^ _345_/CLK (sky130_fd_sc_hd__dfrtp_2)
                          0.00   10.50   clock reconvergence pessimism
                         -0.33   10.17   library setup time
                                 10.17   data required time
-----------------------------------------------------------------------------
                                 10.17   data required time
                                 -5.40   data arrival time
-----------------------------------------------------------------------------
                                  4.77   slack (MET)


Startpoint: _322_ (rising edge-triggered flip-flop clocked by core_clock)
Endpoint: _348_ (rising edge-triggered flip-flop clocked by core_clock)
Path Group: core_clock
Path Type: max
Corner: Slowest

Fanout     Cap    Slew   Delay    Time   Description
-----------------------------------------------------------------------------
                          0.00    0.00   clock core_clock (rise edge)
                          0.00    0.00   clock source latency
     1    0.02    0.00    0.00    0.00 ^ clk (in)
                                         clk (net)
                  0.00    0.00    0.00 ^ clkbuf_0_clk/A (sky130_fd_sc_hd__clkbuf_16)
     4    0.05    0.10    0.23    0.23 ^ clkbuf_0_clk/X (sky130_fd_sc_hd__clkbuf_16)
                                         clknet_0_clk (net)
                  0.10    0.00    0.23 ^ clkbuf_2_1__f_clk/A (sky130_fd_sc_hd__clkbuf_16)
    22    0.06    0.12    0.29    0.52 ^ clkbuf_2_1__f_clk/X (sky130_fd_sc_hd__clkbuf_16)
                                         clknet_2_1__leaf_clk (net)
                  0.12    0.00    0.52 ^ _322_/CLK (sky130_fd_sc_hd__dfrtp_4)
     8    0.04    0.20    1.13    1.65 v _322_/Q (sky130_fd_sc_hd__dfrtp_4)
                                         div.count[2] (net)
                  0.20    0.00    1.65 v _176_/C (sky130_fd_sc_hd__and4_1)
     1    0.01    0.16    0.54    2.19 v _176_/X (sky130_fd_sc_hd__and4_1)
                                         _089_ (net)
                  0.16    0.00    2.19 v _177_/A (sky130_fd_sc_hd__clkbuf_4)
    16    0.07    0.24    0.44    2.63 v _177_/X (sky130_fd_sc_hd__clkbuf_4)
                                         _090_ (net)
                  0.24    0.00    2.64 v _217_/A (sky130_fd_sc_hd__and4_1)
     1    0.02    0.18    0.49    3.13 v _217_/X (sky130_fd_sc_hd__and4_1)
                                         _117_ (net)
                  0.18    0.00    3.13 v _218_/A (sky130_fd_sc_hd__clkbuf_4)
    18    0.08    0.28    0.48    3.61 v _218_/X (sky130_fd_sc_hd__clkbuf_4)
                                         _118_ (net)
                  0.28    0.00    3.62 v _251_/A (sky130_fd_sc_hd__and3_2)
    10    0.04    0.23    0.63    4.25 v _251_/X (sky130_fd_sc_hd__and3_2)
                                         _140_ (net)
                  0.23    0.00    4.25 v _254_/B (sky130_fd_sc_hd__nor2_1)
     2    0.03    0.77    0.68    4.93 ^ _254_/Y (sky130_fd_sc_hd__nor2_1)
                                         _142_ (net)
                  0.77    0.00    4.93 ^ _255_/B (sky130_fd_sc_hd__nor2_1)
     1    0.02    0.26    0.45    5.38 v _255_/Y (sky130_fd_sc_hd__nor2_1)
                                         _024_ (net)
                  0.26    0.00    5.38 v _348_/D (sky130_fd_sc_hd__dfrtp_4)
                                  5.38   data arrival time

                         10.00   10.00   clock core_clock (rise edge)
                          0.00   10.00   clock source latency
     1    0.02    0.00    0.00   10.00 ^ clk (in)
                                         clk (net)
                  0.00    0.00   10.00 ^ clkbuf_0_clk/A (sky130_fd_sc_hd__clkbuf_16)
     4    0.05    0.10    0.23   10.23 ^ clkbuf_0_clk/X (sky130_fd_sc_hd__clkbuf_16)
                                         clknet_0_clk (net)
                  0.10    0.00   10.23 ^ clkbuf_2_1__f_clk/A (sky130_fd_sc_hd__clkbuf_16)
    22    0.06    0.12    0.29   10.52 ^ clkbuf_2_1__f_clk/X (sky130_fd_sc_hd__clkbuf_16)
                                         clknet_2_1__leaf_clk (net)
                  0.12    0.00   10.52 ^ _348_/CLK (sky130_fd_sc_hd__dfrtp_4)
                          0.00   10.52   clock reconvergence pessimism
                         -0.34   10.18   library setup time
                                 10.18   data required time
-----------------------------------------------------------------------------
                                 10.18   data required time
                                 -5.38   data arrival time
-----------------------------------------------------------------------------
                                  4.80   slack (MET)


Startpoint: _321_ (rising edge-triggered flip-flop clocked by core_clock)
Endpoint: _351_ (rising edge-triggered flip-flop clocked by core_clock)
Path Group: core_clock
Path Type: max
Corner: Slowest

Fanout     Cap    Slew   Delay    Time   Description
-----------------------------------------------------------------------------
                          0.00    0.00   clock core_clock (rise edge)
                          0.00    0.00   clock source latency
     1    0.02    0.00    0.00    0.00 ^ clk (in)
                                         clk (net)
                  0.00    0.00    0.00 ^ clkbuf_0_clk/A (sky130_fd_sc_hd__clkbuf_16)
     4    0.05    0.10    0.23    0.23 ^ clkbuf_0_clk/X (sky130_fd_sc_hd__clkbuf_16)
                                         clknet_0_clk (net)
                  0.10    0.00    0.23 ^ clkbuf_2_1__f_clk/A (sky130_fd_sc_hd__clkbuf_16)
    22    0.06    0.12    0.29    0.52 ^ clkbuf_2_1__f_clk/X (sky130_fd_sc_hd__clkbuf_16)
                                         clknet_2_1__leaf_clk (net)
                  0.12    0.00    0.52 ^ _321_/CLK (sky130_fd_sc_hd__dfrtp_4)
    10    0.04    0.25    0.99    1.51 ^ _321_/Q (sky130_fd_sc_hd__dfrtp_4)
                                         div.count[1] (net)
                  0.25    0.00    1.51 ^ _176_/B (sky130_fd_sc_hd__and4_1)
     1    0.01    0.25    0.58    2.09 ^ _176_/X (sky130_fd_sc_hd__and4_1)
                                         _089_ (net)
                  0.25    0.00    2.09 ^ _177_/A (sky130_fd_sc_hd__clkbuf_4)
    16    0.07    0.32    0.52    2.60 ^ _177_/X (sky130_fd_sc_hd__clkbuf_4)
                                         _090_ (net)
                  0.32    0.00    2.61 ^ _217_/A (sky130_fd_sc_hd__and4_1)
     1    0.02    0.28    0.60    3.21 ^ _217_/X (sky130_fd_sc_hd__and4_1)
                                         _117_ (net)
                  0.28    0.00    3.21 ^ _218_/A (sky130_fd_sc_hd__clkbuf_4)
    18    0.08    0.38    0.57    3.78 ^ _218_/X (sky130_fd_sc_hd__clkbuf_4)
                                         _118_ (net)
                  0.38    0.00    3.79 ^ _251_/A (sky130_fd_sc_hd__and3_2)
    10    0.04    0.36    0.71    4.50 ^ _251_/X (sky130_fd_sc_hd__and3_2)
                                         _140_ (net)
                  0.36    0.00    4.50 ^ _259_/D (sky130_fd_sc_hd__and4_1)
     1    0.01    0.18    0.56    5.05 ^ _259_/X (sky130_fd_sc_hd__and4_1)
                                         _144_ (net)
                  0.18    0.00    5.05 ^ _260_/B (sky130_fd_sc_hd__xor2_1)
     1    0.01    0.33    0.40    5.45 ^ _260_/X (sky130_fd_sc_hd__xor2_1)
                                         _028_ (net)
                  0.33    0.00    5.45 ^ _351_/D (sky130_fd_sc_hd__dfrtp_1)
                                  5.45   data arrival time

                         10.00   10.00   clock core_clock (rise edge)
                          0.00   10.00   clock source latency
     1    0.02    0.00    0.00   10.00 ^ clk (in)
                                         clk (net)
                  0.00    0.00   10.00 ^ clkbuf_0_clk/A (sky130_fd_sc_hd__clkbuf_16)
     4    0.05    0.10    0.23   10.23 ^ clkbuf_0_clk/X (sky130_fd_sc_hd__clkbuf_16)
                                         clknet_0_clk (net)
                  0.10    0.00   10.23 ^ clkbuf_2_3__f_clk/A (sky130_fd_sc_hd__clkbuf_16)
    18    0.05    0.11    0.27   10.50 ^ clkbuf_2_3__f_clk/X (sky130_fd_sc_hd__clkbuf_16)
                                         clknet_2_3__leaf_clk (net)
                  0.11    0.00   10.50 ^ _351_/CLK (sky130_fd_sc_hd__dfrtp_1)
                          0.00   10.50   clock reconvergence pessimism
                         -0.19   10.31   library setup time
                                 10.31   data required time
-----------------------------------------------------------------------------
                                 10.31   data required time
                                 -5.45   data arrival time
-----------------------------------------------------------------------------
                                  4.85   slack (MET)


Startpoint: _321_ (rising edge-triggered flip-flop clocked by core_clock)
Endpoint: _350_ (rising edge-triggered flip-flop clocked by core_clock)
Path Group: core_clock
Path Type: max
Corner: Slowest

Fanout     Cap    Slew   Delay    Time   Description
-----------------------------------------------------------------------------
                          0.00    0.00   clock core_clock (rise edge)
                          0.00    0.00   clock source latency
     1    0.02    0.00    0.00    0.00 ^ clk (in)
                                         clk (net)
                  0.00    0.00    0.00 ^ clkbuf_0_clk/A (sky130_fd_sc_hd__clkbuf_16)
     4    0.05    0.10    0.23    0.23 ^ clkbuf_0_clk/X (sky130_fd_sc_hd__clkbuf_16)
                                         clknet_0_clk (net)
                  0.10    0.00    0.23 ^ clkbuf_2_1__f_clk/A (sky130_fd_sc_hd__clkbuf_16)
    22    0.06    0.12    0.29    0.52 ^ clkbuf_2_1__f_clk/X (sky130_fd_sc_hd__clkbuf_16)
                                         clknet_2_1__leaf_clk (net)
                  0.12    0.00    0.52 ^ _321_/CLK (sky130_fd_sc_hd__dfrtp_4)
    10    0.04    0.25    0.99    1.51 ^ _321_/Q (sky130_fd_sc_hd__dfrtp_4)
                                         div.count[1] (net)
                  0.25    0.00    1.51 ^ _176_/B (sky130_fd_sc_hd__and4_1)
     1    0.01    0.25    0.58    2.09 ^ _176_/X (sky130_fd_sc_hd__and4_1)
                                         _089_ (net)
                  0.25    0.00    2.09 ^ _177_/A (sky130_fd_sc_hd__clkbuf_4)
    16    0.07    0.32    0.52    2.60 ^ _177_/X (sky130_fd_sc_hd__clkbuf_4)
                                         _090_ (net)
                  0.32    0.00    2.61 ^ _217_/A (sky130_fd_sc_hd__and4_1)
     1    0.02    0.28    0.60    3.21 ^ _217_/X (sky130_fd_sc_hd__and4_1)
                                         _117_ (net)
                  0.28    0.00    3.21 ^ _218_/A (sky130_fd_sc_hd__clkbuf_4)
    18    0.08    0.38    0.57    3.78 ^ _218_/X (sky130_fd_sc_hd__clkbuf_4)
                                         _118_ (net)
                  0.38    0.00    3.79 ^ _251_/A (sky130_fd_sc_hd__and3_2)
    10    0.04    0.36    0.71    4.50 ^ _251_/X (sky130_fd_sc_hd__and3_2)
                                         _140_ (net)
                  0.36    0.00    4.50 ^ _256_/C (sky130_fd_sc_hd__nand3_2)
     4    0.03    0.36    0.45    4.94 v _256_/Y (sky130_fd_sc_hd__nand3_2)
                                         _143_ (net)
                  0.36    0.00    4.94 v _258_/B (sky130_fd_sc_hd__xnor2_1)
     1    0.00    0.11    0.34    5.28 v _258_/Y (sky130_fd_sc_hd__xnor2_1)
                                         _027_ (net)
                  0.11    0.00    5.28 v _350_/D (sky130_fd_sc_hd__dfrtp_2)
                                  5.28   data arrival time

                         10.00   10.00   clock core_clock (rise edge)
                          0.00   10.00   clock source latency
     1    0.02    0.00    0.00   10.00 ^ clk (in)
                                         clk (net)
                  0.00    0.00   10.00 ^ clkbuf_0_clk/A (sky130_fd_sc_hd__clkbuf_16)
     4    0.05    0.10    0.23   10.23 ^ clkbuf_0_clk/X (sky130_fd_sc_hd__clkbuf_16)
                                         clknet_0_clk (net)
                  0.10    0.00   10.23 ^ clkbuf_2_0__f_clk/A (sky130_fd_sc_hd__clkbuf_16)
    18    0.05    0.11    0.28   10.51 ^ clkbuf_2_0__f_clk/X (sky130_fd_sc_hd__clkbuf_16)
                                         clknet_2_0__leaf_clk (net)
                  0.11    0.00   10.51 ^ _350_/CLK (sky130_fd_sc_hd__dfrtp_2)
                          0.00   10.51   clock reconvergence pessimism
                         -0.28   10.22   library setup time
                                 10.22   data required time
-----------------------------------------------------------------------------
                                 10.22   data required time
                                 -5.28   data arrival time
-----------------------------------------------------------------------------
                                  4.94   slack (MET)


Startpoint: _321_ (rising edge-triggered flip-flop clocked by core_clock)
Endpoint: _347_ (rising edge-triggered flip-flop clocked by core_clock)
Path Group: core_clock
Path Type: max
Corner: Slowest

Fanout     Cap    Slew   Delay    Time   Description
-----------------------------------------------------------------------------
                          0.00    0.00   clock core_clock (rise edge)
                          0.00    0.00   clock source latency
     1    0.02    0.00    0.00    0.00 ^ clk (in)
                                         clk (net)
                  0.00    0.00    0.00 ^ clkbuf_0_clk/A (sky130_fd_sc_hd__clkbuf_16)
     4    0.05    0.10    0.23    0.23 ^ clkbuf_0_clk/X (sky130_fd_sc_hd__clkbuf_16)
                                         clknet_0_clk (net)
                  0.10    0.00    0.23 ^ clkbuf_2_1__f_clk/A (sky130_fd_sc_hd__clkbuf_16)
    22    0.06    0.12    0.29    0.52 ^ clkbuf_2_1__f_clk/X (sky130_fd_sc_hd__clkbuf_16)
                                         clknet_2_1__leaf_clk (net)
                  0.12    0.00    0.52 ^ _321_/CLK (sky130_fd_sc_hd__dfrtp_4)
    10    0.04    0.25    0.99    1.51 ^ _321_/Q (sky130_fd_sc_hd__dfrtp_4)
                                         div.count[1] (net)
                  0.25    0.00    1.51 ^ _176_/B (sky130_fd_sc_hd__and4_1)
     1    0.01    0.25    0.58    2.09 ^ _176_/X (sky130_fd_sc_hd__and4_1)
                                         _089_ (net)
                  0.25    0.00    2.09 ^ _177_/A (sky130_fd_sc_hd__clkbuf_4)
    16    0.07    0.32    0.52    2.60 ^ _177_/X (sky130_fd_sc_hd__clkbuf_4)
                                         _090_ (net)
                  0.32    0.00    2.61 ^ _217_/A (sky130_fd_sc_hd__and4_1)
     1    0.02    0.28    0.60    3.21 ^ _217_/X (sky130_fd_sc_hd__and4_1)
                                         _117_ (net)
                  0.28    0.00    3.21 ^ _218_/A (sky130_fd_sc_hd__clkbuf_4)
    18    0.08    0.38    0.57    3.78 ^ _218_/X (sky130_fd_sc_hd__clkbuf_4)
                                         _118_ (net)
                  0.38    0.01    3.79 ^ _243_/A (sky130_fd_sc_hd__and2_2)
     8    0.04    0.36    0.62    4.41 ^ _243_/X (sky130_fd_sc_hd__and2_2)
                                         _135_ (net)
                  0.36    0.00    4.41 ^ _249_/D (sky130_fd_sc_hd__and4_1)
     1    0.01    0.22    0.60    5.00 ^ _249_/X (sky130_fd_sc_hd__and4_1)
                                         _138_ (net)
                  0.22    0.00    5.01 ^ _252_/A2 (sky130_fd_sc_hd__o21ba_1)
     1    0.01    0.19    0.37    5.37 ^ _252_/X (sky130_fd_sc_hd__o21ba_1)
                                         _023_ (net)
                  0.19    0.00    5.37 ^ _347_/D (sky130_fd_sc_hd__dfrtp_1)
                                  5.37   data arrival time

                         10.00   10.00   clock core_clock (rise edge)
                          0.00   10.00   clock source latency
     1    0.02    0.00    0.00   10.00 ^ clk (in)
                                         clk (net)
                  0.00    0.00   10.00 ^ clkbuf_0_clk/A (sky130_fd_sc_hd__clkbuf_16)
     4    0.05    0.10    0.23   10.23 ^ clkbuf_0_clk/X (sky130_fd_sc_hd__clkbuf_16)
                                         clknet_0_clk (net)
                  0.10    0.00   10.23 ^ clkbuf_2_3__f_clk/A (sky130_fd_sc_hd__clkbuf_16)
    18    0.05    0.11    0.27   10.50 ^ clkbuf_2_3__f_clk/X (sky130_fd_sc_hd__clkbuf_16)
                                         clknet_2_3__leaf_clk (net)
                  0.11    0.00   10.50 ^ _347_/CLK (sky130_fd_sc_hd__dfrtp_1)
                          0.00   10.50   clock reconvergence pessimism
                         -0.16   10.34   library setup time
                                 10.34   data required time
-----------------------------------------------------------------------------
                                 10.34   data required time
                                 -5.37   data arrival time
-----------------------------------------------------------------------------
                                  4.97   slack (MET)


Startpoint: _321_ (rising edge-triggered flip-flop clocked by core_clock)
Endpoint: _344_ (rising edge-triggered flip-flop clocked by core_clock)
Path Group: core_clock
Path Type: max
Corner: Slowest

Fanout     Cap    Slew   Delay    Time   Description
-----------------------------------------------------------------------------
                          0.00    0.00   clock core_clock (rise edge)
                          0.00    0.00   clock source latency
     1    0.02    0.00    0.00    0.00 ^ clk (in)
                                         clk (net)
                  0.00    0.00    0.00 ^ clkbuf_0_clk/A (sky130_fd_sc_hd__clkbuf_16)
     4    0.05    0.10    0.23    0.23 ^ clkbuf_0_clk/X (sky130_fd_sc_hd__clkbuf_16)
                                         clknet_0_clk (net)
                  0.10    0.00    0.23 ^ clkbuf_2_1__f_clk/A (sky130_fd_sc_hd__clkbuf_16)
    22    0.06    0.12    0.29    0.52 ^ clkbuf_2_1__f_clk/X (sky130_fd_sc_hd__clkbuf_16)
                                         clknet_2_1__leaf_clk (net)
                  0.12    0.00    0.52 ^ _321_/CLK (sky130_fd_sc_hd__dfrtp_4)
    10    0.04    0.25    0.99    1.51 ^ _321_/Q (sky130_fd_sc_hd__dfrtp_4)
                                         div.count[1] (net)
                  0.25    0.00    1.51 ^ _176_/B (sky130_fd_sc_hd__and4_1)
     1    0.01    0.25    0.58    2.09 ^ _176_/X (sky130_fd_sc_hd__and4_1)
                                         _089_ (net)
                  0.25    0.00    2.09 ^ _177_/A (sky130_fd_sc_hd__clkbuf_4)
    16    0.07    0.32    0.52    2.60 ^ _177_/X (sky130_fd_sc_hd__clkbuf_4)
                                         _090_ (net)
                  0.32    0.00    2.61 ^ _217_/A (sky130_fd_sc_hd__and4_1)
     1    0.02    0.28    0.60    3.21 ^ _217_/X (sky130_fd_sc_hd__and4_1)
                                         _117_ (net)
                  0.28    0.00    3.21 ^ _218_/A (sky130_fd_sc_hd__clkbuf_4)
    18    0.08    0.38    0.57    3.78 ^ _218_/X (sky130_fd_sc_hd__clkbuf_4)
                                         _118_ (net)
                  0.38    0.01    3.79 ^ _243_/A (sky130_fd_sc_hd__and2_2)
     8    0.04    0.36    0.62    4.41 ^ _243_/X (sky130_fd_sc_hd__and2_2)
                                         _135_ (net)
                  0.36    0.00    4.41 ^ _244_/B (sky130_fd_sc_hd__xor2_1)
     2    0.02    0.74    0.76    5.17 ^ _244_/X (sky130_fd_sc_hd__xor2_1)
                                         _020_ (net)
                  0.74    0.00    5.17 ^ _344_/D (sky130_fd_sc_hd__dfrtp_4)
                                  5.17   data arrival time

                         10.00   10.00   clock core_clock (rise edge)
                          0.00   10.00   clock source latency
     1    0.02    0.00    0.00   10.00 ^ clk (in)
                                         clk (net)
                  0.00    0.00   10.00 ^ clkbuf_0_clk/A (sky130_fd_sc_hd__clkbuf_16)
     4    0.05    0.10    0.23   10.23 ^ clkbuf_0_clk/X (sky130_fd_sc_hd__clkbuf_16)
                                         clknet_0_clk (net)
                  0.10    0.00   10.23 ^ clkbuf_2_3__f_clk/A (sky130_fd_sc_hd__clkbuf_16)
    18    0.05    0.11    0.27   10.50 ^ clkbuf_2_3__f_clk/X (sky130_fd_sc_hd__clkbuf_16)
                                         clknet_2_3__leaf_clk (net)
                  0.11    0.00   10.50 ^ _344_/CLK (sky130_fd_sc_hd__dfrtp_4)
                          0.00   10.50   clock reconvergence pessimism
                         -0.30   10.20   library setup time
                                 10.20   data required time
-----------------------------------------------------------------------------
                                 10.20   data required time
                                 -5.17   data arrival time
-----------------------------------------------------------------------------
                                  5.03   slack (MET)


Startpoint: _321_ (rising edge-triggered flip-flop clocked by core_clock)
Endpoint: _335_ (rising edge-triggered flip-flop clocked by core_clock)
Path Group: core_clock
Path Type: max
Corner: Slowest

Fanout     Cap    Slew   Delay    Time   Description
-----------------------------------------------------------------------------
                          0.00    0.00   clock core_clock (rise edge)
                          0.00    0.00   clock source latency
     1    0.02    0.00    0.00    0.00 ^ clk (in)
                                         clk (net)
                  0.00    0.00    0.00 ^ clkbuf_0_clk/A (sky130_fd_sc_hd__clkbuf_16)
     4    0.05    0.10    0.23    0.23 ^ clkbuf_0_clk/X (sky130_fd_sc_hd__clkbuf_16)
                                         clknet_0_clk (net)
                  0.10    0.00    0.23 ^ clkbuf_2_1__f_clk/A (sky130_fd_sc_hd__clkbuf_16)
    22    0.06    0.12    0.29    0.52 ^ clkbuf_2_1__f_clk/X (sky130_fd_sc_hd__clkbuf_16)
                                         clknet_2_1__leaf_clk (net)
                  0.12    0.00    0.52 ^ _321_/CLK (sky130_fd_sc_hd__dfrtp_4)
    10    0.04    0.25    0.99    1.51 ^ _321_/Q (sky130_fd_sc_hd__dfrtp_4)
                                         div.count[1] (net)
                  0.25    0.00    1.51 ^ _176_/B (sky130_fd_sc_hd__and4_1)
     1    0.01    0.25    0.58    2.09 ^ _176_/X (sky130_fd_sc_hd__and4_1)
                                         _089_ (net)
                  0.25    0.00    2.09 ^ _177_/A (sky130_fd_sc_hd__clkbuf_4)
    16    0.07    0.32    0.52    2.60 ^ _177_/X (sky130_fd_sc_hd__clkbuf_4)
                                         _090_ (net)
                  0.32    0.00    2.60 ^ _195_/C (sky130_fd_sc_hd__and4_1)
     1    0.02    0.27    0.63    3.23 ^ _195_/X (sky130_fd_sc_hd__and4_1)
                                         _102_ (net)
                  0.27    0.00    3.23 ^ _196_/A (sky130_fd_sc_hd__clkbuf_4)
    12    0.06    0.31    0.51    3.74 ^ _196_/X (sky130_fd_sc_hd__clkbuf_4)
                                         _103_ (net)
                  0.31    0.00    3.75 ^ _211_/A (sky130_fd_sc_hd__and2_2)
     6    0.04    0.32    0.56    4.31 ^ _211_/X (sky130_fd_sc_hd__and2_2)
                                         _114_ (net)
                  0.32    0.00    4.31 ^ _213_/B (sky130_fd_sc_hd__nand2_2)
     4    0.03    0.26    0.34    4.65 v _213_/Y (sky130_fd_sc_hd__nand2_2)
                                         _115_ (net)
                  0.26    0.00    4.65 v _215_/B (sky130_fd_sc_hd__xnor2_2)
     2    0.03    0.55    0.56    5.21 ^ _215_/Y (sky130_fd_sc_hd__xnor2_2)
                                         _010_ (net)
                  0.55    0.00    5.22 ^ _335_/D (sky130_fd_sc_hd__dfrtp_4)
                                  5.22   data arrival time

                         10.00   10.00   clock core_clock (rise edge)
                          0.00   10.00   clock source latency
     1    0.02    0.00    0.00   10.00 ^ clk (in)
                                         clk (net)
                  0.00    0.00   10.00 ^ clkbuf_0_clk/A (sky130_fd_sc_hd__clkbuf_16)
     4    0.05    0.10    0.23   10.23 ^ clkbuf_0_clk/X (sky130_fd_sc_hd__clkbuf_16)
                                         clknet_0_clk (net)
                  0.10    0.00   10.23 ^ clkbuf_2_3__f_clk/A (sky130_fd_sc_hd__clkbuf_16)
    18    0.05    0.11    0.27   10.50 ^ clkbuf_2_3__f_clk/X (sky130_fd_sc_hd__clkbuf_16)
                                         clknet_2_3__leaf_clk (net)
                  0.11    0.00   10.50 ^ _335_/CLK (sky130_fd_sc_hd__dfrtp_4)
                          0.00   10.50   clock reconvergence pessimism
                         -0.25   10.25   library setup time
                                 10.25   data required time
-----------------------------------------------------------------------------
                                 10.25   data required time
                                 -5.22   data arrival time
-----------------------------------------------------------------------------
                                  5.03   slack (MET)


Startpoint: _321_ (rising edge-triggered flip-flop clocked by core_clock)
Endpoint: _341_ (rising edge-triggered flip-flop clocked by core_clock)
Path Group: core_clock
Path Type: max
Corner: Slowest

Fanout     Cap    Slew   Delay    Time   Description
-----------------------------------------------------------------------------
                          0.00    0.00   clock core_clock (rise edge)
                          0.00    0.00   clock source latency
     1    0.02    0.00    0.00    0.00 ^ clk (in)
                                         clk (net)
                  0.00    0.00    0.00 ^ clkbuf_0_clk/A (sky130_fd_sc_hd__clkbuf_16)
     4    0.05    0.10    0.23    0.23 ^ clkbuf_0_clk/X (sky130_fd_sc_hd__clkbuf_16)
                                         clknet_0_clk (net)
                  0.10    0.00    0.23 ^ clkbuf_2_1__f_clk/A (sky130_fd_sc_hd__clkbuf_16)
    22    0.06    0.12    0.29    0.52 ^ clkbuf_2_1__f_clk/X (sky130_fd_sc_hd__clkbuf_16)
                                         clknet_2_1__leaf_clk (net)
                  0.12    0.00    0.52 ^ _321_/CLK (sky130_fd_sc_hd__dfrtp_4)
    10    0.04    0.25    0.99    1.51 ^ _321_/Q (sky130_fd_sc_hd__dfrtp_4)
                                         div.count[1] (net)
                  0.25    0.00    1.51 ^ _176_/B (sky130_fd_sc_hd__and4_1)
     1    0.01    0.25    0.58    2.09 ^ _176_/X (sky130_fd_sc_hd__and4_1)
                                         _089_ (net)
                  0.25    0.00    2.09 ^ _177_/A (sky130_fd_sc_hd__clkbuf_4)
    16    0.07    0.32    0.52    2.60 ^ _177_/X (sky130_fd_sc_hd__clkbuf_4)
                                         _090_ (net)
                  0.32    0.00    2.61 ^ _217_/A (sky130_fd_sc_hd__and4_1)
     1    0.02    0.28    0.60    3.21 ^ _217_/X (sky130_fd_sc_hd__and4_1)
                                         _117_ (net)
                  0.28    0.00    3.21 ^ _218_/A (sky130_fd_sc_hd__clkbuf_4)
    18    0.08    0.38    0.57    3.78 ^ _218_/X (sky130_fd_sc_hd__clkbuf_4)
                                         _118_ (net)
                  0.38    0.01    3.79 ^ _232_/B (sky130_fd_sc_hd__and3_2)
     8    0.05    0.40    0.74    4.53 ^ _232_/X (sky130_fd_sc_hd__and3_2)
                                         _128_ (net)
                  0.40    0.00    4.54 ^ _235_/B (sky130_fd_sc_hd__xor2_1)
     2    0.02    0.60    0.66    5.20 ^ _235_/X (sky130_fd_sc_hd__xor2_1)
                                         _017_ (net)
                  0.60    0.00    5.20 ^ _341_/D (sky130_fd_sc_hd__dfrtp_4)
                                  5.20   data arrival time

                         10.00   10.00   clock core_clock (rise edge)
                          0.00   10.00   clock source latency
     1    0.02    0.00    0.00   10.00 ^ clk (in)
                                         clk (net)
                  0.00    0.00   10.00 ^ clkbuf_0_clk/A (sky130_fd_sc_hd__clkbuf_16)
     4    0.05    0.10    0.23   10.23 ^ clkbuf_0_clk/X (sky130_fd_sc_hd__clkbuf_16)
                                         clknet_0_clk (net)
                  0.10    0.00   10.23 ^ clkbuf_2_1__f_clk/A (sky130_fd_sc_hd__clkbuf_16)
    22    0.06    0.12    0.29   10.52 ^ clkbuf_2_1__f_clk/X (sky130_fd_sc_hd__clkbuf_16)
                                         clknet_2_1__leaf_clk (net)
                  0.12    0.00   10.52 ^ _341_/CLK (sky130_fd_sc_hd__dfrtp_4)
                          0.00   10.52   clock reconvergence pessimism
                         -0.26   10.26   library setup time
                                 10.26   data required time
-----------------------------------------------------------------------------
                                 10.26   data required time
                                 -5.20   data arrival time
-----------------------------------------------------------------------------
                                  5.06   slack (MET)


Startpoint: _322_ (rising edge-triggered flip-flop clocked by core_clock)
Endpoint: _337_ (rising edge-triggered flip-flop clocked by core_clock)
Path Group: core_clock
Path Type: max
Corner: Slowest

Fanout     Cap    Slew   Delay    Time   Description
-----------------------------------------------------------------------------
                          0.00    0.00   clock core_clock (rise edge)
                          0.00    0.00   clock source latency
     1    0.02    0.00    0.00    0.00 ^ clk (in)
                                         clk (net)
                  0.00    0.00    0.00 ^ clkbuf_0_clk/A (sky130_fd_sc_hd__clkbuf_16)
     4    0.05    0.10    0.23    0.23 ^ clkbuf_0_clk/X (sky130_fd_sc_hd__clkbuf_16)
                                         clknet_0_clk (net)
                  0.10    0.00    0.23 ^ clkbuf_2_1__f_clk/A (sky130_fd_sc_hd__clkbuf_16)
    22    0.06    0.12    0.29    0.52 ^ clkbuf_2_1__f_clk/X (sky130_fd_sc_hd__clkbuf_16)
                                         clknet_2_1__leaf_clk (net)
                  0.12    0.00    0.52 ^ _322_/CLK (sky130_fd_sc_hd__dfrtp_4)
     8    0.04    0.20    1.13    1.65 v _322_/Q (sky130_fd_sc_hd__dfrtp_4)
                                         div.count[2] (net)
                  0.20    0.00    1.65 v _176_/C (sky130_fd_sc_hd__and4_1)
     1    0.01    0.16    0.54    2.19 v _176_/X (sky130_fd_sc_hd__and4_1)
                                         _089_ (net)
                  0.16    0.00    2.19 v _177_/A (sky130_fd_sc_hd__clkbuf_4)
    16    0.07    0.24    0.44    2.63 v _177_/X (sky130_fd_sc_hd__clkbuf_4)
                                         _090_ (net)
                  0.24    0.00    2.64 v _217_/A (sky130_fd_sc_hd__and4_1)
     1    0.02    0.18    0.49    3.13 v _217_/X (sky130_fd_sc_hd__and4_1)
                                         _117_ (net)
                  0.18    0.00    3.13 v _218_/A (sky130_fd_sc_hd__clkbuf_4)
    18    0.08    0.28    0.48    3.61 v _218_/X (sky130_fd_sc_hd__clkbuf_4)
                                         _118_ (net)
                  0.28    0.00    3.61 v _221_/C (sky130_fd_sc_hd__and3_2)
     4    0.04    0.21    0.70    4.31 v _221_/X (sky130_fd_sc_hd__and3_2)
                                         _120_ (net)
                  0.21    0.00    4.31 v _222_/B (sky130_fd_sc_hd__nor2_2)
     2    0.03    0.59    0.54    4.86 ^ _222_/Y (sky130_fd_sc_hd__nor2_2)
                                         _012_ (net)
                  0.59    0.00    4.86 ^ _337_/D (sky130_fd_sc_hd__dfrtp_4)
                                  4.86   data arrival time

                         10.00   10.00   clock core_clock (rise edge)
                          0.00   10.00   clock source latency
     1    0.02    0.00    0.00   10.00 ^ clk (in)
                                         clk (net)
                  0.00    0.00   10.00 ^ clkbuf_0_clk/A (sky130_fd_sc_hd__clkbuf_16)
     4    0.05    0.10    0.23   10.23 ^ clkbuf_0_clk/X (sky130_fd_sc_hd__clkbuf_16)
                                         clknet_0_clk (net)
                  0.10    0.00   10.23 ^ clkbuf_2_2__f_clk/A (sky130_fd_sc_hd__clkbuf_16)
    14    0.05    0.11    0.28   10.50 ^ clkbuf_2_2__f_clk/X (sky130_fd_sc_hd__clkbuf_16)
                                         clknet_2_2__leaf_clk (net)
                  0.11    0.00   10.51 ^ _337_/CLK (sky130_fd_sc_hd__dfrtp_4)
                          0.00   10.51   clock reconvergence pessimism
                         -0.26   10.24   library setup time
                                 10.24   data required time
-----------------------------------------------------------------------------
                                 10.24   data required time
                                 -4.86   data arrival time
-----------------------------------------------------------------------------
                                  5.39   slack (MET)


Startpoint: _321_ (rising edge-triggered flip-flop clocked by core_clock)
Endpoint: _340_ (rising edge-triggered flip-flop clocked by core_clock)
Path Group: core_clock
Path Type: max
Corner: Slowest

Fanout     Cap    Slew   Delay    Time   Description
-----------------------------------------------------------------------------
                          0.00    0.00   clock core_clock (rise edge)
                          0.00    0.00   clock source latency
     1    0.02    0.00    0.00    0.00 ^ clk (in)
                                         clk (net)
                  0.00    0.00    0.00 ^ clkbuf_0_clk/A (sky130_fd_sc_hd__clkbuf_16)
     4    0.05    0.10    0.23    0.23 ^ clkbuf_0_clk/X (sky130_fd_sc_hd__clkbuf_16)
                                         clknet_0_clk (net)
                  0.10    0.00    0.23 ^ clkbuf_2_1__f_clk/A (sky130_fd_sc_hd__clkbuf_16)
    22    0.06    0.12    0.29    0.52 ^ clkbuf_2_1__f_clk/X (sky130_fd_sc_hd__clkbuf_16)
                                         clknet_2_1__leaf_clk (net)
                  0.12    0.00    0.52 ^ _321_/CLK (sky130_fd_sc_hd__dfrtp_4)
    10    0.04    0.25    0.99    1.51 ^ _321_/Q (sky130_fd_sc_hd__dfrtp_4)
                                         div.count[1] (net)
                  0.25    0.00    1.51 ^ _176_/B (sky130_fd_sc_hd__and4_1)
     1    0.01    0.25    0.58    2.09 ^ _176_/X (sky130_fd_sc_hd__and4_1)
                                         _089_ (net)
                  0.25    0.00    2.09 ^ _177_/A (sky130_fd_sc_hd__clkbuf_4)
    16    0.07    0.32    0.52    2.60 ^ _177_/X (sky130_fd_sc_hd__clkbuf_4)
                                         _090_ (net)
                  0.32    0.00    2.61 ^ _217_/A (sky130_fd_sc_hd__and4_1)
     1    0.02    0.28    0.60    3.21 ^ _217_/X (sky130_fd_sc_hd__and4_1)
                                         _117_ (net)
                  0.28    0.00    3.21 ^ _218_/A (sky130_fd_sc_hd__clkbuf_4)
    18    0.08    0.38    0.57    3.78 ^ _218_/X (sky130_fd_sc_hd__clkbuf_4)
                                         _118_ (net)
                  0.38    0.01    3.79 ^ _232_/B (sky130_fd_sc_hd__and3_2)
     8    0.05    0.40    0.74    4.53 ^ _232_/X (sky130_fd_sc_hd__and3_2)
                                         _128_ (net)
                  0.40    0.00    4.54 ^ _234_/A (sky130_fd_sc_hd__nor2_1)
     1    0.00    0.15    0.22    4.75 v _234_/Y (sky130_fd_sc_hd__nor2_1)
                                         _016_ (net)
                  0.15    0.00    4.75 v _340_/D (sky130_fd_sc_hd__dfrtp_4)
                                  4.75   data arrival time

                         10.00   10.00   clock core_clock (rise edge)
                          0.00   10.00   clock source latency
     1    0.02    0.00    0.00   10.00 ^ clk (in)
                                         clk (net)
                  0.00    0.00   10.00 ^ clkbuf_0_clk/A (sky130_fd_sc_hd__clkbuf_16)
     4    0.05    0.10    0.23   10.23 ^ clkbuf_0_clk/X (sky130_fd_sc_hd__clkbuf_16)
                                         clknet_0_clk (net)
                  0.10    0.00   10.23 ^ clkbuf_2_2__f_clk/A (sky130_fd_sc_hd__clkbuf_16)
    14    0.05    0.11    0.28   10.50 ^ clkbuf_2_2__f_clk/X (sky130_fd_sc_hd__clkbuf_16)
                                         clknet_2_2__leaf_clk (net)
                  0.11    0.00   10.51 ^ _340_/CLK (sky130_fd_sc_hd__dfrtp_4)
                          0.00   10.51   clock reconvergence pessimism
                         -0.30   10.21   library setup time
                                 10.21   data required time
-----------------------------------------------------------------------------
                                 10.21   data required time
                                 -4.75   data arrival time
-----------------------------------------------------------------------------
                                  5.46   slack (MET)


Startpoint: _321_ (rising edge-triggered flip-flop clocked by core_clock)
Endpoint: _332_ (rising edge-triggered flip-flop clocked by core_clock)
Path Group: core_clock
Path Type: max
Corner: Slowest

Fanout     Cap    Slew   Delay    Time   Description
-----------------------------------------------------------------------------
                          0.00    0.00   clock core_clock (rise edge)
                          0.00    0.00   clock source latency
     1    0.02    0.00    0.00    0.00 ^ clk (in)
                                         clk (net)
                  0.00    0.00    0.00 ^ clkbuf_0_clk/A (sky130_fd_sc_hd__clkbuf_16)
     4    0.05    0.10    0.23    0.23 ^ clkbuf_0_clk/X (sky130_fd_sc_hd__clkbuf_16)
                                         clknet_0_clk (net)
                  0.10    0.00    0.23 ^ clkbuf_2_1__f_clk/A (sky130_fd_sc_hd__clkbuf_16)
    22    0.06    0.12    0.29    0.52 ^ clkbuf_2_1__f_clk/X (sky130_fd_sc_hd__clkbuf_16)
                                         clknet_2_1__leaf_clk (net)
                  0.12    0.00    0.52 ^ _321_/CLK (sky130_fd_sc_hd__dfrtp_4)
    10    0.04    0.25    0.99    1.51 ^ _321_/Q (sky130_fd_sc_hd__dfrtp_4)
                                         div.count[1] (net)
                  0.25    0.00    1.51 ^ _176_/B (sky130_fd_sc_hd__and4_1)
     1    0.01    0.25    0.58    2.09 ^ _176_/X (sky130_fd_sc_hd__and4_1)
                                         _089_ (net)
                  0.25    0.00    2.09 ^ _177_/A (sky130_fd_sc_hd__clkbuf_4)
    16    0.07    0.32    0.52    2.60 ^ _177_/X (sky130_fd_sc_hd__clkbuf_4)
                                         _090_ (net)
                  0.32    0.00    2.60 ^ _195_/C (sky130_fd_sc_hd__and4_1)
     1    0.02    0.27    0.63    3.23 ^ _195_/X (sky130_fd_sc_hd__and4_1)
                                         _102_ (net)
                  0.27    0.00    3.23 ^ _196_/A (sky130_fd_sc_hd__clkbuf_4)
    12    0.06    0.31    0.51    3.74 ^ _196_/X (sky130_fd_sc_hd__clkbuf_4)
                                         _103_ (net)
                  0.31    0.00    3.75 ^ _205_/C (sky130_fd_sc_hd__nand3_2)
     4    0.03    0.46    0.50    4.25 v _205_/Y (sky130_fd_sc_hd__nand3_2)
                                         _110_ (net)
                  0.46    0.00    4.25 v _208_/B (sky130_fd_sc_hd__xnor2_1)
     1    0.01    0.43    0.57    4.81 ^ _208_/Y (sky130_fd_sc_hd__xnor2_1)
                                         _007_ (net)
                  0.43    0.00    4.81 ^ _332_/D (sky130_fd_sc_hd__dfrtp_4)
                                  4.81   data arrival time

                         10.00   10.00   clock core_clock (rise edge)
                          0.00   10.00   clock source latency
     1    0.02    0.00    0.00   10.00 ^ clk (in)
                                         clk (net)
                  0.00    0.00   10.00 ^ clkbuf_0_clk/A (sky130_fd_sc_hd__clkbuf_16)
     4    0.05    0.10    0.23   10.23 ^ clkbuf_0_clk/X (sky130_fd_sc_hd__clkbuf_16)
                                         clknet_0_clk (net)
                  0.10    0.00   10.23 ^ clkbuf_2_1__f_clk/A (sky130_fd_sc_hd__clkbuf_16)
    22    0.06    0.12    0.29   10.52 ^ clkbuf_2_1__f_clk/X (sky130_fd_sc_hd__clkbuf_16)
                                         clknet_2_1__leaf_clk (net)
                  0.12    0.00   10.52 ^ _332_/CLK (sky130_fd_sc_hd__dfrtp_4)
                          0.00   10.52   clock reconvergence pessimism
                         -0.22   10.30   library setup time
                                 10.30   data required time
-----------------------------------------------------------------------------
                                 10.30   data required time
                                 -4.81   data arrival time
-----------------------------------------------------------------------------
                                  5.48   slack (MET)


Startpoint: _321_ (rising edge-triggered flip-flop clocked by core_clock)
Endpoint: _333_ (rising edge-triggered flip-flop clocked by core_clock)
Path Group: core_clock
Path Type: max
Corner: Slowest

Fanout     Cap    Slew   Delay    Time   Description
-----------------------------------------------------------------------------
                          0.00    0.00   clock core_clock (rise edge)
                          0.00    0.00   clock source latency
     1    0.02    0.00    0.00    0.00 ^ clk (in)
                                         clk (net)
                  0.00    0.00    0.00 ^ clkbuf_0_clk/A (sky130_fd_sc_hd__clkbuf_16)
     4    0.05    0.10    0.23    0.23 ^ clkbuf_0_clk/X (sky130_fd_sc_hd__clkbuf_16)
                                         clknet_0_clk (net)
                  0.10    0.00    0.23 ^ clkbuf_2_1__f_clk/A (sky130_fd_sc_hd__clkbuf_16)
    22    0.06    0.12    0.29    0.52 ^ clkbuf_2_1__f_clk/X (sky130_fd_sc_hd__clkbuf_16)
                                         clknet_2_1__leaf_clk (net)
                  0.12    0.00    0.52 ^ _321_/CLK (sky130_fd_sc_hd__dfrtp_4)
    10    0.04    0.25    0.99    1.51 ^ _321_/Q (sky130_fd_sc_hd__dfrtp_4)
                                         div.count[1] (net)
                  0.25    0.00    1.51 ^ _176_/B (sky130_fd_sc_hd__and4_1)
     1    0.01    0.25    0.58    2.09 ^ _176_/X (sky130_fd_sc_hd__and4_1)
                                         _089_ (net)
                  0.25    0.00    2.09 ^ _177_/A (sky130_fd_sc_hd__clkbuf_4)
    16    0.07    0.32    0.52    2.60 ^ _177_/X (sky130_fd_sc_hd__clkbuf_4)
                                         _090_ (net)
                  0.32    0.00    2.60 ^ _195_/C (sky130_fd_sc_hd__and4_1)
     1    0.02    0.27    0.63    3.23 ^ _195_/X (sky130_fd_sc_hd__and4_1)
                                         _102_ (net)
                  0.27    0.00    3.23 ^ _196_/A (sky130_fd_sc_hd__clkbuf_4)
    12    0.06    0.31    0.51    3.74 ^ _196_/X (sky130_fd_sc_hd__clkbuf_4)
                                         _103_ (net)
                  0.31    0.00    3.75 ^ _211_/A (sky130_fd_sc_hd__and2_2)
     6    0.04    0.32    0.56    4.31 ^ _211_/X (sky130_fd_sc_hd__and2_2)
                                         _114_ (net)
                  0.32    0.00    4.31 ^ _212_/B1_N (sky130_fd_sc_hd__o21ba_1)
     1    0.01    0.08    0.38    4.69 v _212_/X (sky130_fd_sc_hd__o21ba_1)
                                         _008_ (net)
                  0.08    0.00    4.69 v _333_/D (sky130_fd_sc_hd__dfrtp_2)
                                  4.69   data arrival time

                         10.00   10.00   clock core_clock (rise edge)
                          0.00   10.00   clock source latency
     1    0.02    0.00    0.00   10.00 ^ clk (in)
                                         clk (net)
                  0.00    0.00   10.00 ^ clkbuf_0_clk/A (sky130_fd_sc_hd__clkbuf_16)
     4    0.05    0.10    0.23   10.23 ^ clkbuf_0_clk/X (sky130_fd_sc_hd__clkbuf_16)
                                         clknet_0_clk (net)
                  0.10    0.00   10.23 ^ clkbuf_2_1__f_clk/A (sky130_fd_sc_hd__clkbuf_16)
    22    0.06    0.12    0.29   10.52 ^ clkbuf_2_1__f_clk/X (sky130_fd_sc_hd__clkbuf_16)
                                         clknet_2_1__leaf_clk (net)
                  0.12    0.00   10.52 ^ _333_/CLK (sky130_fd_sc_hd__dfrtp_2)
                          0.00   10.52   clock reconvergence pessimism
                         -0.27   10.25   library setup time
                                 10.25   data required time
-----------------------------------------------------------------------------
                                 10.25   data required time
                                 -4.69   data arrival time
-----------------------------------------------------------------------------
                                  5.56   slack (MET)


Startpoint: _321_ (rising edge-triggered flip-flop clocked by core_clock)
Endpoint: _330_ (rising edge-triggered flip-flop clocked by core_clock)
Path Group: core_clock
Path Type: max
Corner: Slowest

Fanout     Cap    Slew   Delay    Time   Description
-----------------------------------------------------------------------------
                          0.00    0.00   clock core_clock (rise edge)
                          0.00    0.00   clock source latency
     1    0.02    0.00    0.00    0.00 ^ clk (in)
                                         clk (net)
                  0.00    0.00    0.00 ^ clkbuf_0_clk/A (sky130_fd_sc_hd__clkbuf_16)
     4    0.05    0.10    0.23    0.23 ^ clkbuf_0_clk/X (sky130_fd_sc_hd__clkbuf_16)
                                         clknet_0_clk (net)
                  0.10    0.00    0.23 ^ clkbuf_2_1__f_clk/A (sky130_fd_sc_hd__clkbuf_16)
    22    0.06    0.12    0.29    0.52 ^ clkbuf_2_1__f_clk/X (sky130_fd_sc_hd__clkbuf_16)
                                         clknet_2_1__leaf_clk (net)
                  0.12    0.00    0.52 ^ _321_/CLK (sky130_fd_sc_hd__dfrtp_4)
    10    0.04    0.25    0.99    1.51 ^ _321_/Q (sky130_fd_sc_hd__dfrtp_4)
                                         div.count[1] (net)
                  0.25    0.00    1.51 ^ _176_/B (sky130_fd_sc_hd__and4_1)
     1    0.01    0.25    0.58    2.09 ^ _176_/X (sky130_fd_sc_hd__and4_1)
                                         _089_ (net)
                  0.25    0.00    2.09 ^ _177_/A (sky130_fd_sc_hd__clkbuf_4)
    16    0.07    0.32    0.52    2.60 ^ _177_/X (sky130_fd_sc_hd__clkbuf_4)
                                         _090_ (net)
                  0.32    0.00    2.60 ^ _195_/C (sky130_fd_sc_hd__and4_1)
     1    0.02    0.27    0.63    3.23 ^ _195_/X (sky130_fd_sc_hd__and4_1)
                                         _102_ (net)
                  0.27    0.00    3.23 ^ _196_/A (sky130_fd_sc_hd__clkbuf_4)
    12    0.06    0.31    0.51    3.74 ^ _196_/X (sky130_fd_sc_hd__clkbuf_4)
                                         _103_ (net)
                  0.31    0.00    3.75 ^ _203_/B (sky130_fd_sc_hd__xor2_2)
     2    0.02    0.45    0.52    4.27 ^ _203_/X (sky130_fd_sc_hd__xor2_2)
                                         _005_ (net)
                  0.45    0.00    4.27 ^ _330_/D (sky130_fd_sc_hd__dfrtp_4)
                                  4.27   data arrival time

                         10.00   10.00   clock core_clock (rise edge)
                          0.00   10.00   clock source latency
     1    0.02    0.00    0.00   10.00 ^ clk (in)
                                         clk (net)
                  0.00    0.00   10.00 ^ clkbuf_0_clk/A (sky130_fd_sc_hd__clkbuf_16)
     4    0.05    0.10    0.23   10.23 ^ clkbuf_0_clk/X (sky130_fd_sc_hd__clkbuf_16)
                                         clknet_0_clk (net)
                  0.10    0.00   10.23 ^ clkbuf_2_2__f_clk/A (sky130_fd_sc_hd__clkbuf_16)
    14    0.05    0.11    0.28   10.50 ^ clkbuf_2_2__f_clk/X (sky130_fd_sc_hd__clkbuf_16)
                                         clknet_2_2__leaf_clk (net)
                  0.11    0.00   10.50 ^ _330_/CLK (sky130_fd_sc_hd__dfrtp_4)
                          0.00   10.50   clock reconvergence pessimism
                         -0.23   10.28   library setup time
                                 10.28   data required time
-----------------------------------------------------------------------------
                                 10.28   data required time
                                 -4.27   data arrival time
-----------------------------------------------------------------------------
                                  6.01   slack (MET)


Startpoint: _321_ (rising edge-triggered flip-flop clocked by core_clock)
Endpoint: _336_ (rising edge-triggered flip-flop clocked by core_clock)
Path Group: core_clock
Path Type: max
Corner: Slowest

Fanout     Cap    Slew   Delay    Time   Description
-----------------------------------------------------------------------------
                          0.00    0.00   clock core_clock (rise edge)
                          0.00    0.00   clock source latency
     1    0.02    0.00    0.00    0.00 ^ clk (in)
                                         clk (net)
                  0.00    0.00    0.00 ^ clkbuf_0_clk/A (sky130_fd_sc_hd__clkbuf_16)
     4    0.05    0.10    0.23    0.23 ^ clkbuf_0_clk/X (sky130_fd_sc_hd__clkbuf_16)
                                         clknet_0_clk (net)
                  0.10    0.00    0.23 ^ clkbuf_2_1__f_clk/A (sky130_fd_sc_hd__clkbuf_16)
    22    0.06    0.12    0.29    0.52 ^ clkbuf_2_1__f_clk/X (sky130_fd_sc_hd__clkbuf_16)
                                         clknet_2_1__leaf_clk (net)
                  0.12    0.00    0.52 ^ _321_/CLK (sky130_fd_sc_hd__dfrtp_4)
    10    0.04    0.25    0.99    1.51 ^ _321_/Q (sky130_fd_sc_hd__dfrtp_4)
                                         div.count[1] (net)
                  0.25    0.00    1.51 ^ _176_/B (sky130_fd_sc_hd__and4_1)
     1    0.01    0.25    0.58    2.09 ^ _176_/X (sky130_fd_sc_hd__and4_1)
                                         _089_ (net)
                  0.25    0.00    2.09 ^ _177_/A (sky130_fd_sc_hd__clkbuf_4)
    16    0.07    0.32    0.52    2.60 ^ _177_/X (sky130_fd_sc_hd__clkbuf_4)
                                         _090_ (net)
                  0.32    0.00    2.61 ^ _217_/A (sky130_fd_sc_hd__and4_1)
     1    0.02    0.28    0.60    3.21 ^ _217_/X (sky130_fd_sc_hd__and4_1)
                                         _117_ (net)
                  0.28    0.00    3.21 ^ _218_/A (sky130_fd_sc_hd__clkbuf_4)
    18    0.08    0.38    0.57    3.78 ^ _218_/X (sky130_fd_sc_hd__clkbuf_4)
                                         _118_ (net)
                  0.38    0.00    3.78 ^ _219_/B (sky130_fd_sc_hd__xor2_1)
     1    0.01    0.39    0.51    4.29 ^ _219_/X (sky130_fd_sc_hd__xor2_1)
                                         _011_ (net)
                  0.39    0.00    4.29 ^ _336_/D (sky130_fd_sc_hd__dfrtp_4)
                                  4.29   data arrival time

                         10.00   10.00   clock core_clock (rise edge)
                          0.00   10.00   clock source latency
     1    0.02    0.00    0.00   10.00 ^ clk (in)
                                         clk (net)
                  0.00    0.00   10.00 ^ clkbuf_0_clk/A (sky130_fd_sc_hd__clkbuf_16)
     4    0.05    0.10    0.23   10.23 ^ clkbuf_0_clk/X (sky130_fd_sc_hd__clkbuf_16)
                                         clknet_0_clk (net)
                  0.10    0.00   10.23 ^ clkbuf_2_0__f_clk/A (sky130_fd_sc_hd__clkbuf_16)
    18    0.05    0.11    0.28   10.51 ^ clkbuf_2_0__f_clk/X (sky130_fd_sc_hd__clkbuf_16)
                                         clknet_2_0__leaf_clk (net)
                  0.11    0.00   10.51 ^ _336_/CLK (sky130_fd_sc_hd__dfrtp_4)
                          0.00   10.51   clock reconvergence pessimism
                         -0.21   10.30   library setup time
                                 10.30   data required time
-----------------------------------------------------------------------------
                                 10.30   data required time
                                 -4.29   data arrival time
-----------------------------------------------------------------------------
                                  6.01   slack (MET)


Startpoint: _321_ (rising edge-triggered flip-flop clocked by core_clock)
Endpoint: _327_ (rising edge-triggered flip-flop clocked by core_clock)
Path Group: core_clock
Path Type: max
Corner: Slowest

Fanout     Cap    Slew   Delay    Time   Description
-----------------------------------------------------------------------------
                          0.00    0.00   clock core_clock (rise edge)
                          0.00    0.00   clock source latency
     1    0.02    0.00    0.00    0.00 ^ clk (in)
                                         clk (net)
                  0.00    0.00    0.00 ^ clkbuf_0_clk/A (sky130_fd_sc_hd__clkbuf_16)
     4    0.05    0.10    0.23    0.23 ^ clkbuf_0_clk/X (sky130_fd_sc_hd__clkbuf_16)
                                         clknet_0_clk (net)
                  0.10    0.00    0.23 ^ clkbuf_2_1__f_clk/A (sky130_fd_sc_hd__clkbuf_16)
    22    0.06    0.12    0.29    0.52 ^ clkbuf_2_1__f_clk/X (sky130_fd_sc_hd__clkbuf_16)
                                         clknet_2_1__leaf_clk (net)
                  0.12    0.00    0.52 ^ _321_/CLK (sky130_fd_sc_hd__dfrtp_4)
    10    0.04    0.25    0.99    1.51 ^ _321_/Q (sky130_fd_sc_hd__dfrtp_4)
                                         div.count[1] (net)
                  0.25    0.00    1.51 ^ _176_/B (sky130_fd_sc_hd__and4_1)
     1    0.01    0.25    0.58    2.09 ^ _176_/X (sky130_fd_sc_hd__and4_1)
                                         _089_ (net)
                  0.25    0.00    2.09 ^ _177_/A (sky130_fd_sc_hd__clkbuf_4)
    16    0.07    0.32    0.52    2.60 ^ _177_/X (sky130_fd_sc_hd__clkbuf_4)
                                         _090_ (net)
                  0.32    0.00    2.60 ^ _182_/C (sky130_fd_sc_hd__and3_2)
     6    0.03    0.30    0.65    3.25 ^ _182_/X (sky130_fd_sc_hd__and3_2)
                                         _093_ (net)
                  0.30    0.00    3.25 ^ _186_/B (sky130_fd_sc_hd__nand2_1)
     4    0.02    0.38    0.42    3.68 v _186_/Y (sky130_fd_sc_hd__nand2_1)
                                         _096_ (net)
                  0.38    0.00    3.68 v _192_/A2 (sky130_fd_sc_hd__a21oi_1)
     1    0.01    0.43    0.55    4.23 ^ _192_/Y (sky130_fd_sc_hd__a21oi_1)
                                         _033_ (net)
                  0.43    0.00    4.23 ^ _327_/D (sky130_fd_sc_hd__dfrtp_2)
                                  4.23   data arrival time

                         10.00   10.00   clock core_clock (rise edge)
                          0.00   10.00   clock source latency
     1    0.02    0.00    0.00   10.00 ^ clk (in)
                                         clk (net)
                  0.00    0.00   10.00 ^ clkbuf_0_clk/A (sky130_fd_sc_hd__clkbuf_16)
     4    0.05    0.10    0.23   10.23 ^ clkbuf_0_clk/X (sky130_fd_sc_hd__clkbuf_16)
                                         clknet_0_clk (net)
                  0.10    0.00   10.23 ^ clkbuf_2_2__f_clk/A (sky130_fd_sc_hd__clkbuf_16)
    14    0.05    0.11    0.28   10.50 ^ clkbuf_2_2__f_clk/X (sky130_fd_sc_hd__clkbuf_16)
                                         clknet_2_2__leaf_clk (net)
                  0.11    0.00   10.50 ^ _327_/CLK (sky130_fd_sc_hd__dfrtp_2)
                          0.00   10.50   clock reconvergence pessimism
                         -0.22   10.28   library setup time
                                 10.28   data required time
-----------------------------------------------------------------------------
                                 10.28   data required time
                                 -4.23   data arrival time
-----------------------------------------------------------------------------
                                  6.06   slack (MET)


Startpoint: _322_ (rising edge-triggered flip-flop clocked by core_clock)
Endpoint: _325_ (rising edge-triggered flip-flop clocked by core_clock)
Path Group: core_clock
Path Type: max
Corner: Slowest

Fanout     Cap    Slew   Delay    Time   Description
-----------------------------------------------------------------------------
                          0.00    0.00   clock core_clock (rise edge)
                          0.00    0.00   clock source latency
     1    0.02    0.00    0.00    0.00 ^ clk (in)
                                         clk (net)
                  0.00    0.00    0.00 ^ clkbuf_0_clk/A (sky130_fd_sc_hd__clkbuf_16)
     4    0.05    0.10    0.23    0.23 ^ clkbuf_0_clk/X (sky130_fd_sc_hd__clkbuf_16)
                                         clknet_0_clk (net)
                  0.10    0.00    0.23 ^ clkbuf_2_1__f_clk/A (sky130_fd_sc_hd__clkbuf_16)
    22    0.06    0.12    0.29    0.52 ^ clkbuf_2_1__f_clk/X (sky130_fd_sc_hd__clkbuf_16)
                                         clknet_2_1__leaf_clk (net)
                  0.12    0.00    0.52 ^ _322_/CLK (sky130_fd_sc_hd__dfrtp_4)
     8    0.04    0.20    1.13    1.65 v _322_/Q (sky130_fd_sc_hd__dfrtp_4)
                                         div.count[2] (net)
                  0.20    0.00    1.65 v _176_/C (sky130_fd_sc_hd__and4_1)
     1    0.01    0.16    0.54    2.19 v _176_/X (sky130_fd_sc_hd__and4_1)
                                         _089_ (net)
                  0.16    0.00    2.19 v _177_/A (sky130_fd_sc_hd__clkbuf_4)
    16    0.07    0.24    0.44    2.63 v _177_/X (sky130_fd_sc_hd__clkbuf_4)
                                         _090_ (net)
                  0.24    0.00    2.64 v _182_/C (sky130_fd_sc_hd__and3_2)
     6    0.03    0.19    0.66    3.30 v _182_/X (sky130_fd_sc_hd__and3_2)
                                         _093_ (net)
                  0.19    0.00    3.30 v _184_/A (sky130_fd_sc_hd__nor2_1)
     1    0.02    0.50    0.49    3.79 ^ _184_/Y (sky130_fd_sc_hd__nor2_1)
                                         _031_ (net)
                  0.50    0.00    3.79 ^ _325_/D (sky130_fd_sc_hd__dfrtp_4)
                                  3.79   data arrival time

                         10.00   10.00   clock core_clock (rise edge)
                          0.00   10.00   clock source latency
     1    0.02    0.00    0.00   10.00 ^ clk (in)
                                         clk (net)
                  0.00    0.00   10.00 ^ clkbuf_0_clk/A (sky130_fd_sc_hd__clkbuf_16)
     4    0.05    0.10    0.23   10.23 ^ clkbuf_0_clk/X (sky130_fd_sc_hd__clkbuf_16)
                                         clknet_0_clk (net)
                  0.10    0.00   10.23 ^ clkbuf_2_2__f_clk/A (sky130_fd_sc_hd__clkbuf_16)
    14    0.05    0.11    0.28   10.50 ^ clkbuf_2_2__f_clk/X (sky130_fd_sc_hd__clkbuf_16)
                                         clknet_2_2__leaf_clk (net)
                  0.11    0.00   10.50 ^ _325_/CLK (sky130_fd_sc_hd__dfrtp_4)
                          0.00   10.50   clock reconvergence pessimism
                         -0.24   10.26   library setup time
                                 10.26   data required time
-----------------------------------------------------------------------------
                                 10.26   data required time
                                 -3.79   data arrival time
-----------------------------------------------------------------------------
                                  6.47   slack (MET)


Startpoint: _321_ (rising edge-triggered flip-flop clocked by core_clock)
Endpoint: _323_ (rising edge-triggered flip-flop clocked by core_clock)
Path Group: core_clock
Path Type: max
Corner: Slowest

Fanout     Cap    Slew   Delay    Time   Description
-----------------------------------------------------------------------------
                          0.00    0.00   clock core_clock (rise edge)
                          0.00    0.00   clock source latency
     1    0.02    0.00    0.00    0.00 ^ clk (in)
                                         clk (net)
                  0.00    0.00    0.00 ^ clkbuf_0_clk/A (sky130_fd_sc_hd__clkbuf_16)
     4    0.05    0.10    0.23    0.23 ^ clkbuf_0_clk/X (sky130_fd_sc_hd__clkbuf_16)
                                         clknet_0_clk (net)
                  0.10    0.00    0.23 ^ clkbuf_2_1__f_clk/A (sky130_fd_sc_hd__clkbuf_16)
    22    0.06    0.12    0.29    0.52 ^ clkbuf_2_1__f_clk/X (sky130_fd_sc_hd__clkbuf_16)
                                         clknet_2_1__leaf_clk (net)
                  0.12    0.00    0.52 ^ _321_/CLK (sky130_fd_sc_hd__dfrtp_4)
    10    0.04    0.25    0.99    1.51 ^ _321_/Q (sky130_fd_sc_hd__dfrtp_4)
                                         div.count[1] (net)
                  0.25    0.00    1.51 ^ _176_/B (sky130_fd_sc_hd__and4_1)
     1    0.01    0.25    0.58    2.09 ^ _176_/X (sky130_fd_sc_hd__and4_1)
                                         _089_ (net)
                  0.25    0.00    2.09 ^ _177_/A (sky130_fd_sc_hd__clkbuf_4)
    16    0.07    0.32    0.52    2.60 ^ _177_/X (sky130_fd_sc_hd__clkbuf_4)
                                         _090_ (net)
                  0.32    0.00    2.60 ^ _179_/A_N (sky130_fd_sc_hd__and2b_1)
     2    0.02    0.18    0.56    3.16 v _179_/X (sky130_fd_sc_hd__and2b_1)
                                         _092_ (net)
                  0.18    0.00    3.17 v _180_/A (sky130_fd_sc_hd__buf_1)
     1    0.01    0.11    0.26    3.43 v _180_/X (sky130_fd_sc_hd__buf_1)
                                         _029_ (net)
                  0.11    0.00    3.43 v _323_/D (sky130_fd_sc_hd__dfrtp_2)
                                  3.43   data arrival time

                         10.00   10.00   clock core_clock (rise edge)
                          0.00   10.00   clock source latency
     1    0.02    0.00    0.00   10.00 ^ clk (in)
                                         clk (net)
                  0.00    0.00   10.00 ^ clkbuf_0_clk/A (sky130_fd_sc_hd__clkbuf_16)
     4    0.05    0.10    0.23   10.23 ^ clkbuf_0_clk/X (sky130_fd_sc_hd__clkbuf_16)
                                         clknet_0_clk (net)
                  0.10    0.00   10.23 ^ clkbuf_2_3__f_clk/A (sky130_fd_sc_hd__clkbuf_16)
    18    0.05    0.11    0.27   10.50 ^ clkbuf_2_3__f_clk/X (sky130_fd_sc_hd__clkbuf_16)
                                         clknet_2_3__leaf_clk (net)
                  0.11    0.00   10.50 ^ _323_/CLK (sky130_fd_sc_hd__dfrtp_2)
                          0.00   10.50   clock reconvergence pessimism
                         -0.29   10.22   library setup time
                                 10.22   data required time
-----------------------------------------------------------------------------
                                 10.22   data required time
                                 -3.43   data arrival time
-----------------------------------------------------------------------------
                                  6.79   slack (MET)


Startpoint: _320_ (rising edge-triggered flip-flop clocked by core_clock)
Endpoint: _321_ (rising edge-triggered flip-flop clocked by core_clock)
Path Group: core_clock
Path Type: max
Corner: Slowest

Fanout     Cap    Slew   Delay    Time   Description
-----------------------------------------------------------------------------
                          0.00    0.00   clock core_clock (rise edge)
                          0.00    0.00   clock source latency
     1    0.02    0.00    0.00    0.00 ^ clk (in)
                                         clk (net)
                  0.00    0.00    0.00 ^ clkbuf_0_clk/A (sky130_fd_sc_hd__clkbuf_16)
     4    0.05    0.10    0.23    0.23 ^ clkbuf_0_clk/X (sky130_fd_sc_hd__clkbuf_16)
                                         clknet_0_clk (net)
                  0.10    0.00    0.23 ^ clkbuf_2_0__f_clk/A (sky130_fd_sc_hd__clkbuf_16)
    18    0.05    0.11    0.28    0.51 ^ clkbuf_2_0__f_clk/X (sky130_fd_sc_hd__clkbuf_16)
                                         clknet_2_0__leaf_clk (net)
                  0.11    0.00    0.51 ^ _320_/CLK (sky130_fd_sc_hd__dfrtp_4)
    12    0.05    0.22    1.15    1.66 v _320_/Q (sky130_fd_sc_hd__dfrtp_4)
                                         div.count[0] (net)
                  0.22    0.00    1.66 v _171_/A (sky130_fd_sc_hd__or2_1)
     2    0.01    0.19    0.67    2.33 v _171_/X (sky130_fd_sc_hd__or2_1)
                                         _086_ (net)
                  0.19    0.00    2.33 v _173_/A (sky130_fd_sc_hd__and2_1)
     2    0.02    0.22    0.48    2.81 v _173_/X (sky130_fd_sc_hd__and2_1)
                                         _088_ (net)
                  0.22    0.00    2.81 v _174_/A (sky130_fd_sc_hd__buf_1)
     2    0.03    0.34    0.46    3.27 v _174_/X (sky130_fd_sc_hd__buf_1)
                                         _015_ (net)
                  0.34    0.00    3.27 v _321_/D (sky130_fd_sc_hd__dfrtp_4)
                                  3.27   data arrival time

                         10.00   10.00   clock core_clock (rise edge)
                          0.00   10.00   clock source latency
     1    0.02    0.00    0.00   10.00 ^ clk (in)
                                         clk (net)
                  0.00    0.00   10.00 ^ clkbuf_0_clk/A (sky130_fd_sc_hd__clkbuf_16)
     4    0.05    0.10    0.23   10.23 ^ clkbuf_0_clk/X (sky130_fd_sc_hd__clkbuf_16)
                                         clknet_0_clk (net)
                  0.10    0.00   10.23 ^ clkbuf_2_1__f_clk/A (sky130_fd_sc_hd__clkbuf_16)
    22    0.06    0.12    0.29   10.52 ^ clkbuf_2_1__f_clk/X (sky130_fd_sc_hd__clkbuf_16)
                                         clknet_2_1__leaf_clk (net)
                  0.12    0.00   10.52 ^ _321_/CLK (sky130_fd_sc_hd__dfrtp_4)
                          0.00   10.52   clock reconvergence pessimism
                         -0.37   10.14   library setup time
                                 10.14   data required time
-----------------------------------------------------------------------------
                                 10.14   data required time
                                 -3.27   data arrival time
-----------------------------------------------------------------------------
                                  6.87   slack (MET)


Startpoint: _322_ (rising edge-triggered flip-flop clocked by core_clock)
Endpoint: _324_ (rising edge-triggered flip-flop clocked by core_clock)
Path Group: core_clock
Path Type: max
Corner: Slowest

Fanout     Cap    Slew   Delay    Time   Description
-----------------------------------------------------------------------------
                          0.00    0.00   clock core_clock (rise edge)
                          0.00    0.00   clock source latency
     1    0.02    0.00    0.00    0.00 ^ clk (in)
                                         clk (net)
                  0.00    0.00    0.00 ^ clkbuf_0_clk/A (sky130_fd_sc_hd__clkbuf_16)
     4    0.05    0.10    0.23    0.23 ^ clkbuf_0_clk/X (sky130_fd_sc_hd__clkbuf_16)
                                         clknet_0_clk (net)
                  0.10    0.00    0.23 ^ clkbuf_2_1__f_clk/A (sky130_fd_sc_hd__clkbuf_16)
    22    0.06    0.12    0.29    0.52 ^ clkbuf_2_1__f_clk/X (sky130_fd_sc_hd__clkbuf_16)
                                         clknet_2_1__leaf_clk (net)
                  0.12    0.00    0.52 ^ _322_/CLK (sky130_fd_sc_hd__dfrtp_4)
     8    0.04    0.20    1.13    1.65 v _322_/Q (sky130_fd_sc_hd__dfrtp_4)
                                         div.count[2] (net)
                  0.20    0.00    1.65 v _176_/C (sky130_fd_sc_hd__and4_1)
     1    0.01    0.16    0.54    2.19 v _176_/X (sky130_fd_sc_hd__and4_1)
                                         _089_ (net)
                  0.16    0.00    2.19 v _177_/A (sky130_fd_sc_hd__clkbuf_4)
    16    0.07    0.24    0.44    2.63 v _177_/X (sky130_fd_sc_hd__clkbuf_4)
                                         _090_ (net)
                  0.24    0.00    2.64 v _181_/B (sky130_fd_sc_hd__xor2_1)
     1    0.01    0.19    0.38    3.02 v _181_/X (sky130_fd_sc_hd__xor2_1)
                                         _030_ (net)
                  0.19    0.00    3.02 v _324_/D (sky130_fd_sc_hd__dfrtp_4)
                                  3.02   data arrival time

                         10.00   10.00   clock core_clock (rise edge)
                          0.00   10.00   clock source latency
     1    0.02    0.00    0.00   10.00 ^ clk (in)
                                         clk (net)
                  0.00    0.00   10.00 ^ clkbuf_0_clk/A (sky130_fd_sc_hd__clkbuf_16)
     4    0.05    0.10    0.23   10.23 ^ clkbuf_0_clk/X (sky130_fd_sc_hd__clkbuf_16)
                                         clknet_0_clk (net)
                  0.10    0.00   10.23 ^ clkbuf_2_0__f_clk/A (sky130_fd_sc_hd__clkbuf_16)
    18    0.05    0.11    0.28   10.51 ^ clkbuf_2_0__f_clk/X (sky130_fd_sc_hd__clkbuf_16)
                                         clknet_2_0__leaf_clk (net)
                  0.11    0.00   10.51 ^ _324_/CLK (sky130_fd_sc_hd__dfrtp_4)
                          0.00   10.51   clock reconvergence pessimism
                         -0.31   10.19   library setup time
                                 10.19   data required time
-----------------------------------------------------------------------------
                                 10.19   data required time
                                 -3.02   data arrival time
-----------------------------------------------------------------------------
                                  7.18   slack (MET)


Startpoint: _320_ (rising edge-triggered flip-flop clocked by core_clock)
Endpoint: _322_ (rising edge-triggered flip-flop clocked by core_clock)
Path Group: core_clock
Path Type: max
Corner: Slowest

Fanout     Cap    Slew   Delay    Time   Description
-----------------------------------------------------------------------------
                          0.00    0.00   clock core_clock (rise edge)
                          0.00    0.00   clock source latency
     1    0.02    0.00    0.00    0.00 ^ clk (in)
                                         clk (net)
                  0.00    0.00    0.00 ^ clkbuf_0_clk/A (sky130_fd_sc_hd__clkbuf_16)
     4    0.05    0.10    0.23    0.23 ^ clkbuf_0_clk/X (sky130_fd_sc_hd__clkbuf_16)
                                         clknet_0_clk (net)
                  0.10    0.00    0.23 ^ clkbuf_2_0__f_clk/A (sky130_fd_sc_hd__clkbuf_16)
    18    0.05    0.11    0.28    0.51 ^ clkbuf_2_0__f_clk/X (sky130_fd_sc_hd__clkbuf_16)
                                         clknet_2_0__leaf_clk (net)
                  0.11    0.00    0.51 ^ _320_/CLK (sky130_fd_sc_hd__dfrtp_4)
    12    0.05    0.27    1.00    1.51 ^ _320_/Q (sky130_fd_sc_hd__dfrtp_4)
                                         div.count[0] (net)
                  0.27    0.00    1.51 ^ _172_/A (sky130_fd_sc_hd__nand2_2)
     4    0.03    0.25    0.30    1.82 v _172_/Y (sky130_fd_sc_hd__nand2_2)
                                         _087_ (net)
                  0.25    0.00    1.82 v _175_/B (sky130_fd_sc_hd__xnor2_1)
     2    0.02    0.75    0.71    2.53 ^ _175_/Y (sky130_fd_sc_hd__xnor2_1)
                                         _026_ (net)
                  0.75    0.00    2.53 ^ _322_/D (sky130_fd_sc_hd__dfrtp_4)
                                  2.53   data arrival time

                         10.00   10.00   clock core_clock (rise edge)
                          0.00   10.00   clock source latency
     1    0.02    0.00    0.00   10.00 ^ clk (in)
                                         clk (net)
                  0.00    0.00   10.00 ^ clkbuf_0_clk/A (sky130_fd_sc_hd__clkbuf_16)
     4    0.05    0.10    0.23   10.23 ^ clkbuf_0_clk/X (sky130_fd_sc_hd__clkbuf_16)
                                         clknet_0_clk (net)
                  0.10    0.00   10.23 ^ clkbuf_2_1__f_clk/A (sky130_fd_sc_hd__clkbuf_16)
    22    0.06    0.12    0.29   10.52 ^ clkbuf_2_1__f_clk/X (sky130_fd_sc_hd__clkbuf_16)
                                         clknet_2_1__leaf_clk (net)
                  0.12    0.00   10.52 ^ _322_/CLK (sky130_fd_sc_hd__dfrtp_4)
                          0.00   10.52   clock reconvergence pessimism
                         -0.30   10.22   library setup time
                                 10.22   data required time
-----------------------------------------------------------------------------
                                 10.22   data required time
                                 -2.53   data arrival time
-----------------------------------------------------------------------------
                                  7.69   slack (MET)



worst slack corner Slowest: 2.4249
======================= Typical Corner ===================================

Startpoint: _335_ (rising edge-triggered flip-flop clocked by core_clock)
Endpoint: _342_ (rising edge-triggered flip-flop clocked by core_clock)
Path Group: core_clock
Path Type: max
Corner: Typical

Fanout     Cap    Slew   Delay    Time   Description
-----------------------------------------------------------------------------
                          0.00    0.00   clock core_clock (rise edge)
                          0.00    0.00   clock source latency
     1    0.02    0.00    0.00    0.00 ^ clk (in)
                                         clk (net)
                  0.00    0.00    0.00 ^ clkbuf_0_clk/A (sky130_fd_sc_hd__clkbuf_16)
     4    0.05    0.07    0.13    0.13 ^ clkbuf_0_clk/X (sky130_fd_sc_hd__clkbuf_16)
                                         clknet_0_clk (net)
                  0.07    0.00    0.13 ^ clkbuf_2_3__f_clk/A (sky130_fd_sc_hd__clkbuf_16)
    18    0.05    0.07    0.16    0.29 ^ clkbuf_2_3__f_clk/X (sky130_fd_sc_hd__clkbuf_16)
                                         clknet_2_3__leaf_clk (net)
                  0.07    0.00    0.29 ^ _335_/CLK (sky130_fd_sc_hd__dfrtp_4)
     6    0.04    0.11    0.54    0.83 v _335_/Q (sky130_fd_sc_hd__dfrtp_4)
                                         div.count[15] (net)
                  0.11    0.00    0.83 v _157_/A (sky130_fd_sc_hd__or4b_2)
     2    0.03    0.19    0.82    1.65 v _157_/X (sky130_fd_sc_hd__or4b_2)
                                         _074_ (net)
                  0.19    0.00    1.65 v _161_/A (sky130_fd_sc_hd__or4_2)
     4    0.03    0.19    0.84    2.49 v _161_/X (sky130_fd_sc_hd__or4_2)
                                         _078_ (net)
                  0.19    0.00    2.49 v _167_/A (sky130_fd_sc_hd__or4_4)
    12    0.05    0.16    0.70    3.19 v _167_/X (sky130_fd_sc_hd__or4_4)
                                         _084_ (net)
                  0.16    0.00    3.19 v _238_/A (sky130_fd_sc_hd__and3_1)
     2    0.02    0.10    0.25    3.45 v _238_/X (sky130_fd_sc_hd__and3_1)
                                         _132_ (net)
                  0.10    0.00    3.45 v _239_/A (sky130_fd_sc_hd__buf_1)
     2    0.02    0.13    0.19    3.64 v _239_/X (sky130_fd_sc_hd__buf_1)
                                         _018_ (net)
                  0.13    0.00    3.64 v _342_/D (sky130_fd_sc_hd__dfrtp_4)
                                  3.64   data arrival time

                         10.00   10.00   clock core_clock (rise edge)
                          0.00   10.00   clock source latency
     1    0.02    0.00    0.00   10.00 ^ clk (in)
                                         clk (net)
                  0.00    0.00   10.00 ^ clkbuf_0_clk/A (sky130_fd_sc_hd__clkbuf_16)
     4    0.05    0.07    0.13   10.13 ^ clkbuf_0_clk/X (sky130_fd_sc_hd__clkbuf_16)
                                         clknet_0_clk (net)
                  0.07    0.00   10.13 ^ clkbuf_2_0__f_clk/A (sky130_fd_sc_hd__clkbuf_16)
    18    0.05    0.07    0.16   10.29 ^ clkbuf_2_0__f_clk/X (sky130_fd_sc_hd__clkbuf_16)
                                         clknet_2_0__leaf_clk (net)
                  0.07    0.00   10.29 ^ _342_/CLK (sky130_fd_sc_hd__dfrtp_4)
                          0.00   10.29   clock reconvergence pessimism
                         -0.14   10.15   library setup time
                                 10.15   data required time
-----------------------------------------------------------------------------
                                 10.15   data required time
                                 -3.64   data arrival time
-----------------------------------------------------------------------------
                                  6.50   slack (MET)


Startpoint: _335_ (rising edge-triggered flip-flop clocked by core_clock)
Endpoint: _326_ (rising edge-triggered flip-flop clocked by core_clock)
Path Group: core_clock
Path Type: max
Corner: Typical

Fanout     Cap    Slew   Delay    Time   Description
-----------------------------------------------------------------------------
                          0.00    0.00   clock core_clock (rise edge)
                          0.00    0.00   clock source latency
     1    0.02    0.00    0.00    0.00 ^ clk (in)
                                         clk (net)
                  0.00    0.00    0.00 ^ clkbuf_0_clk/A (sky130_fd_sc_hd__clkbuf_16)
     4    0.05    0.07    0.13    0.13 ^ clkbuf_0_clk/X (sky130_fd_sc_hd__clkbuf_16)
                                         clknet_0_clk (net)
                  0.07    0.00    0.13 ^ clkbuf_2_3__f_clk/A (sky130_fd_sc_hd__clkbuf_16)
    18    0.05    0.07    0.16    0.29 ^ clkbuf_2_3__f_clk/X (sky130_fd_sc_hd__clkbuf_16)
                                         clknet_2_3__leaf_clk (net)
                  0.07    0.00    0.29 ^ _335_/CLK (sky130_fd_sc_hd__dfrtp_4)
     6    0.04    0.11    0.54    0.83 v _335_/Q (sky130_fd_sc_hd__dfrtp_4)
                                         div.count[15] (net)
                  0.11    0.00    0.83 v _157_/A (sky130_fd_sc_hd__or4b_2)
     2    0.03    0.19    0.82    1.65 v _157_/X (sky130_fd_sc_hd__or4b_2)
                                         _074_ (net)
                  0.19    0.00    1.65 v _161_/A (sky130_fd_sc_hd__or4_2)
     4    0.03    0.19    0.84    2.49 v _161_/X (sky130_fd_sc_hd__or4_2)
                                         _078_ (net)
                  0.19    0.00    2.49 v _167_/A (sky130_fd_sc_hd__or4_4)
    12    0.05    0.16    0.70    3.19 v _167_/X (sky130_fd_sc_hd__or4_4)
                                         _084_ (net)
                  0.16    0.01    3.19 v _187_/A (sky130_fd_sc_hd__and3_1)
     2    0.02    0.13    0.28    3.47 v _187_/X (sky130_fd_sc_hd__and3_1)
                                         _097_ (net)
                  0.13    0.00    3.47 v _188_/A (sky130_fd_sc_hd__buf_1)
     1    0.02    0.09    0.18    3.65 v _188_/X (sky130_fd_sc_hd__buf_1)
                                         _032_ (net)
                  0.09    0.00    3.65 v _326_/D (sky130_fd_sc_hd__dfrtp_4)
                                  3.65   data arrival time

                         10.00   10.00   clock core_clock (rise edge)
                          0.00   10.00   clock source latency
     1    0.02    0.00    0.00   10.00 ^ clk (in)
                                         clk (net)
                  0.00    0.00   10.00 ^ clkbuf_0_clk/A (sky130_fd_sc_hd__clkbuf_16)
     4    0.05    0.07    0.13   10.13 ^ clkbuf_0_clk/X (sky130_fd_sc_hd__clkbuf_16)
                                         clknet_0_clk (net)
                  0.07    0.00   10.13 ^ clkbuf_2_1__f_clk/A (sky130_fd_sc_hd__clkbuf_16)
    22    0.06    0.08    0.16   10.30 ^ clkbuf_2_1__f_clk/X (sky130_fd_sc_hd__clkbuf_16)
                                         clknet_2_1__leaf_clk (net)
                  0.08    0.00   10.30 ^ _326_/CLK (sky130_fd_sc_hd__dfrtp_4)
                          0.00   10.30   clock reconvergence pessimism
                         -0.13   10.17   library setup time
                                 10.17   data required time
-----------------------------------------------------------------------------
                                 10.17   data required time
                                 -3.65   data arrival time
-----------------------------------------------------------------------------
                                  6.52   slack (MET)


Startpoint: _335_ (rising edge-triggered flip-flop clocked by core_clock)
Endpoint: _339_ (rising edge-triggered flip-flop clocked by core_clock)
Path Group: core_clock
Path Type: max
Corner: Typical

Fanout     Cap    Slew   Delay    Time   Description
-----------------------------------------------------------------------------
                          0.00    0.00   clock core_clock (rise edge)
                          0.00    0.00   clock source latency
     1    0.02    0.00    0.00    0.00 ^ clk (in)
                                         clk (net)
                  0.00    0.00    0.00 ^ clkbuf_0_clk/A (sky130_fd_sc_hd__clkbuf_16)
     4    0.05    0.07    0.13    0.13 ^ clkbuf_0_clk/X (sky130_fd_sc_hd__clkbuf_16)
                                         clknet_0_clk (net)
                  0.07    0.00    0.13 ^ clkbuf_2_3__f_clk/A (sky130_fd_sc_hd__clkbuf_16)
    18    0.05    0.07    0.16    0.29 ^ clkbuf_2_3__f_clk/X (sky130_fd_sc_hd__clkbuf_16)
                                         clknet_2_3__leaf_clk (net)
                  0.07    0.00    0.29 ^ _335_/CLK (sky130_fd_sc_hd__dfrtp_4)
     6    0.04    0.11    0.54    0.83 v _335_/Q (sky130_fd_sc_hd__dfrtp_4)
                                         div.count[15] (net)
                  0.11    0.00    0.83 v _157_/A (sky130_fd_sc_hd__or4b_2)
     2    0.03    0.19    0.82    1.65 v _157_/X (sky130_fd_sc_hd__or4b_2)
                                         _074_ (net)
                  0.19    0.00    1.65 v _161_/A (sky130_fd_sc_hd__or4_2)
     4    0.03    0.19    0.84    2.49 v _161_/X (sky130_fd_sc_hd__or4_2)
                                         _078_ (net)
                  0.19    0.00    2.49 v _167_/A (sky130_fd_sc_hd__or4_4)
    12    0.05    0.16    0.70    3.19 v _167_/X (sky130_fd_sc_hd__or4_4)
                                         _084_ (net)
                  0.16    0.00    3.19 v _230_/A (sky130_fd_sc_hd__and3_1)
     2    0.02    0.11    0.26    3.45 v _230_/X (sky130_fd_sc_hd__and3_1)
                                         _127_ (net)
                  0.11    0.00    3.45 v _231_/A (sky130_fd_sc_hd__buf_1)
     2    0.02    0.11    0.18    3.63 v _231_/X (sky130_fd_sc_hd__buf_1)
                                         _014_ (net)
                  0.11    0.00    3.63 v _339_/D (sky130_fd_sc_hd__dfrtp_4)
                                  3.63   data arrival time

                         10.00   10.00   clock core_clock (rise edge)
                          0.00   10.00   clock source latency
     1    0.02    0.00    0.00   10.00 ^ clk (in)
                                         clk (net)
                  0.00    0.00   10.00 ^ clkbuf_0_clk/A (sky130_fd_sc_hd__clkbuf_16)
     4    0.05    0.07    0.13   10.13 ^ clkbuf_0_clk/X (sky130_fd_sc_hd__clkbuf_16)
                                         clknet_0_clk (net)
                  0.07    0.00   10.13 ^ clkbuf_2_0__f_clk/A (sky130_fd_sc_hd__clkbuf_16)
    18    0.05    0.07    0.16   10.29 ^ clkbuf_2_0__f_clk/X (sky130_fd_sc_hd__clkbuf_16)
                                         clknet_2_0__leaf_clk (net)
                  0.07    0.00   10.29 ^ _339_/CLK (sky130_fd_sc_hd__dfrtp_4)
                          0.00   10.29   clock reconvergence pessimism
                         -0.14   10.16   library setup time
                                 10.16   data required time
-----------------------------------------------------------------------------
                                 10.16   data required time
                                 -3.63   data arrival time
-----------------------------------------------------------------------------
                                  6.53   slack (MET)


Startpoint: _335_ (rising edge-triggered flip-flop clocked by core_clock)
Endpoint: _320_ (rising edge-triggered flip-flop clocked by core_clock)
Path Group: core_clock
Path Type: max
Corner: Typical

Fanout     Cap    Slew   Delay    Time   Description
-----------------------------------------------------------------------------
                          0.00    0.00   clock core_clock (rise edge)
                          0.00    0.00   clock source latency
     1    0.02    0.00    0.00    0.00 ^ clk (in)
                                         clk (net)
                  0.00    0.00    0.00 ^ clkbuf_0_clk/A (sky130_fd_sc_hd__clkbuf_16)
     4    0.05    0.07    0.13    0.13 ^ clkbuf_0_clk/X (sky130_fd_sc_hd__clkbuf_16)
                                         clknet_0_clk (net)
                  0.07    0.00    0.13 ^ clkbuf_2_3__f_clk/A (sky130_fd_sc_hd__clkbuf_16)
    18    0.05    0.07    0.16    0.29 ^ clkbuf_2_3__f_clk/X (sky130_fd_sc_hd__clkbuf_16)
                                         clknet_2_3__leaf_clk (net)
                  0.07    0.00    0.29 ^ _335_/CLK (sky130_fd_sc_hd__dfrtp_4)
     6    0.04    0.11    0.54    0.83 v _335_/Q (sky130_fd_sc_hd__dfrtp_4)
                                         div.count[15] (net)
                  0.11    0.00    0.83 v _157_/A (sky130_fd_sc_hd__or4b_2)
     2    0.03    0.19    0.82    1.65 v _157_/X (sky130_fd_sc_hd__or4b_2)
                                         _074_ (net)
                  0.19    0.00    1.65 v _161_/A (sky130_fd_sc_hd__or4_2)
     4    0.03    0.19    0.84    2.49 v _161_/X (sky130_fd_sc_hd__or4_2)
                                         _078_ (net)
                  0.19    0.00    2.49 v _167_/A (sky130_fd_sc_hd__or4_4)
    12    0.05    0.16    0.70    3.19 v _167_/X (sky130_fd_sc_hd__or4_4)
                                         _084_ (net)
                  0.16    0.01    3.19 v _169_/B (sky130_fd_sc_hd__and2b_1)
     2    0.02    0.12    0.29    3.49 v _169_/X (sky130_fd_sc_hd__and2b_1)
                                         _085_ (net)
                  0.12    0.00    3.49 v _170_/A (sky130_fd_sc_hd__clkbuf_1)
     1    0.01    0.05    0.15    3.63 v _170_/X (sky130_fd_sc_hd__clkbuf_1)
                                         _004_ (net)
                  0.05    0.00    3.63 v _320_/D (sky130_fd_sc_hd__dfrtp_4)
                                  3.63   data arrival time

                         10.00   10.00   clock core_clock (rise edge)
                          0.00   10.00   clock source latency
     1    0.02    0.00    0.00   10.00 ^ clk (in)
                                         clk (net)
                  0.00    0.00   10.00 ^ clkbuf_0_clk/A (sky130_fd_sc_hd__clkbuf_16)
     4    0.05    0.07    0.13   10.13 ^ clkbuf_0_clk/X (sky130_fd_sc_hd__clkbuf_16)
                                         clknet_0_clk (net)
                  0.07    0.00   10.13 ^ clkbuf_2_0__f_clk/A (sky130_fd_sc_hd__clkbuf_16)
    18    0.05    0.07    0.16   10.29 ^ clkbuf_2_0__f_clk/X (sky130_fd_sc_hd__clkbuf_16)
                                         clknet_2_0__leaf_clk (net)
                  0.07    0.00   10.29 ^ _320_/CLK (sky130_fd_sc_hd__dfrtp_4)
                          0.00   10.29   clock reconvergence pessimism
                         -0.11   10.18   library setup time
                                 10.18   data required time
-----------------------------------------------------------------------------
                                 10.18   data required time
                                 -3.63   data arrival time
-----------------------------------------------------------------------------
                                  6.55   slack (MET)


Startpoint: _335_ (rising edge-triggered flip-flop clocked by core_clock)
Endpoint: _328_ (rising edge-triggered flip-flop clocked by core_clock)
Path Group: core_clock
Path Type: max
Corner: Typical

Fanout     Cap    Slew   Delay    Time   Description
-----------------------------------------------------------------------------
                          0.00    0.00   clock core_clock (rise edge)
                          0.00    0.00   clock source latency
     1    0.02    0.00    0.00    0.00 ^ clk (in)
                                         clk (net)
                  0.00    0.00    0.00 ^ clkbuf_0_clk/A (sky130_fd_sc_hd__clkbuf_16)
     4    0.05    0.07    0.13    0.13 ^ clkbuf_0_clk/X (sky130_fd_sc_hd__clkbuf_16)
                                         clknet_0_clk (net)
                  0.07    0.00    0.13 ^ clkbuf_2_3__f_clk/A (sky130_fd_sc_hd__clkbuf_16)
    18    0.05    0.07    0.16    0.29 ^ clkbuf_2_3__f_clk/X (sky130_fd_sc_hd__clkbuf_16)
                                         clknet_2_3__leaf_clk (net)
                  0.07    0.00    0.29 ^ _335_/CLK (sky130_fd_sc_hd__dfrtp_4)
     6    0.04    0.11    0.54    0.83 v _335_/Q (sky130_fd_sc_hd__dfrtp_4)
                                         div.count[15] (net)
                  0.11    0.00    0.83 v _157_/A (sky130_fd_sc_hd__or4b_2)
     2    0.03    0.19    0.82    1.65 v _157_/X (sky130_fd_sc_hd__or4b_2)
                                         _074_ (net)
                  0.19    0.00    1.65 v _161_/A (sky130_fd_sc_hd__or4_2)
     4    0.03    0.19    0.84    2.49 v _161_/X (sky130_fd_sc_hd__or4_2)
                                         _078_ (net)
                  0.19    0.00    2.49 v _167_/A (sky130_fd_sc_hd__or4_4)
    12    0.05    0.16    0.70    3.19 v _167_/X (sky130_fd_sc_hd__or4_4)
                                         _084_ (net)
                  0.16    0.00    3.19 v _193_/B1 (sky130_fd_sc_hd__o21ai_1)
     1    0.01    0.26    0.21    3.40 ^ _193_/Y (sky130_fd_sc_hd__o21ai_1)
                                         _101_ (net)
                  0.26    0.00    3.40 ^ _194_/B1 (sky130_fd_sc_hd__a21oi_1)
     1    0.01    0.08    0.10    3.50 v _194_/Y (sky130_fd_sc_hd__a21oi_1)
                                         _034_ (net)
                  0.08    0.00    3.50 v _328_/D (sky130_fd_sc_hd__dfrtp_4)
                                  3.50   data arrival time

                         10.00   10.00   clock core_clock (rise edge)
                          0.00   10.00   clock source latency
     1    0.02    0.00    0.00   10.00 ^ clk (in)
                                         clk (net)
                  0.00    0.00   10.00 ^ clkbuf_0_clk/A (sky130_fd_sc_hd__clkbuf_16)
     4    0.05    0.07    0.13   10.13 ^ clkbuf_0_clk/X (sky130_fd_sc_hd__clkbuf_16)
                                         clknet_0_clk (net)
                  0.07    0.00   10.13 ^ clkbuf_2_1__f_clk/A (sky130_fd_sc_hd__clkbuf_16)
    22    0.06    0.08    0.16   10.30 ^ clkbuf_2_1__f_clk/X (sky130_fd_sc_hd__clkbuf_16)
                                         clknet_2_1__leaf_clk (net)
                  0.08    0.00   10.30 ^ _328_/CLK (sky130_fd_sc_hd__dfrtp_4)
                          0.00   10.30   clock reconvergence pessimism
                         -0.12   10.17   library setup time
                                 10.17   data required time
-----------------------------------------------------------------------------
                                 10.17   data required time
                                 -3.50   data arrival time
-----------------------------------------------------------------------------
                                  6.68   slack (MET)


Startpoint: _335_ (rising edge-triggered flip-flop clocked by core_clock)
Endpoint: _356_ (rising edge-triggered flip-flop clocked by core_clock)
Path Group: core_clock
Path Type: max
Corner: Typical

Fanout     Cap    Slew   Delay    Time   Description
-----------------------------------------------------------------------------
                          0.00    0.00   clock core_clock (rise edge)
                          0.00    0.00   clock source latency
     1    0.02    0.00    0.00    0.00 ^ clk (in)
                                         clk (net)
                  0.00    0.00    0.00 ^ clkbuf_0_clk/A (sky130_fd_sc_hd__clkbuf_16)
     4    0.05    0.07    0.13    0.13 ^ clkbuf_0_clk/X (sky130_fd_sc_hd__clkbuf_16)
                                         clknet_0_clk (net)
                  0.07    0.00    0.13 ^ clkbuf_2_3__f_clk/A (sky130_fd_sc_hd__clkbuf_16)
    18    0.05    0.07    0.16    0.29 ^ clkbuf_2_3__f_clk/X (sky130_fd_sc_hd__clkbuf_16)
                                         clknet_2_3__leaf_clk (net)
                  0.07    0.00    0.29 ^ _335_/CLK (sky130_fd_sc_hd__dfrtp_4)
     6    0.04    0.11    0.54    0.83 v _335_/Q (sky130_fd_sc_hd__dfrtp_4)
                                         div.count[15] (net)
                  0.11    0.00    0.83 v _157_/A (sky130_fd_sc_hd__or4b_2)
     2    0.03    0.19    0.82    1.65 v _157_/X (sky130_fd_sc_hd__or4b_2)
                                         _074_ (net)
                  0.19    0.00    1.65 v _161_/A (sky130_fd_sc_hd__or4_2)
     4    0.03    0.19    0.84    2.49 v _161_/X (sky130_fd_sc_hd__or4_2)
                                         _078_ (net)
                  0.19    0.00    2.49 v _167_/A (sky130_fd_sc_hd__or4_4)
    12    0.05    0.16    0.70    3.19 v _167_/X (sky130_fd_sc_hd__or4_4)
                                         _084_ (net)
                  0.16    0.01    3.19 v _168_/B (sky130_fd_sc_hd__xnor2_1)
     1    0.01    0.25    0.28    3.47 ^ _168_/Y (sky130_fd_sc_hd__xnor2_1)
                                         _073_ (net)
                  0.25    0.00    3.47 ^ _356_/D (sky130_fd_sc_hd__dfrtp_4)
                                  3.47   data arrival time

                         10.00   10.00   clock core_clock (rise edge)
                          0.00   10.00   clock source latency
     1    0.02    0.00    0.00   10.00 ^ clk (in)
                                         clk (net)
                  0.00    0.00   10.00 ^ clkbuf_0_clk/A (sky130_fd_sc_hd__clkbuf_16)
     4    0.05    0.07    0.13   10.13 ^ clkbuf_0_clk/X (sky130_fd_sc_hd__clkbuf_16)
                                         clknet_0_clk (net)
                  0.07    0.00   10.13 ^ clkbuf_2_1__f_clk/A (sky130_fd_sc_hd__clkbuf_16)
    22    0.06    0.08    0.16   10.30 ^ clkbuf_2_1__f_clk/X (sky130_fd_sc_hd__clkbuf_16)
                                         clknet_2_1__leaf_clk (net)
                  0.08    0.00   10.30 ^ _356_/CLK (sky130_fd_sc_hd__dfrtp_4)
                          0.00   10.30   clock reconvergence pessimism
                         -0.11   10.19   library setup time
                                 10.19   data required time
-----------------------------------------------------------------------------
                                 10.19   data required time
                                 -3.47   data arrival time
-----------------------------------------------------------------------------
                                  6.72   slack (MET)


Startpoint: _335_ (rising edge-triggered flip-flop clocked by core_clock)
Endpoint: _331_ (rising edge-triggered flip-flop clocked by core_clock)
Path Group: core_clock
Path Type: max
Corner: Typical

Fanout     Cap    Slew   Delay    Time   Description
-----------------------------------------------------------------------------
                          0.00    0.00   clock core_clock (rise edge)
                          0.00    0.00   clock source latency
     1    0.02    0.00    0.00    0.00 ^ clk (in)
                                         clk (net)
                  0.00    0.00    0.00 ^ clkbuf_0_clk/A (sky130_fd_sc_hd__clkbuf_16)
     4    0.05    0.07    0.13    0.13 ^ clkbuf_0_clk/X (sky130_fd_sc_hd__clkbuf_16)
                                         clknet_0_clk (net)
                  0.07    0.00    0.13 ^ clkbuf_2_3__f_clk/A (sky130_fd_sc_hd__clkbuf_16)
    18    0.05    0.07    0.16    0.29 ^ clkbuf_2_3__f_clk/X (sky130_fd_sc_hd__clkbuf_16)
                                         clknet_2_3__leaf_clk (net)
                  0.07    0.00    0.29 ^ _335_/CLK (sky130_fd_sc_hd__dfrtp_4)
     6    0.04    0.11    0.54    0.83 v _335_/Q (sky130_fd_sc_hd__dfrtp_4)
                                         div.count[15] (net)
                  0.11    0.00    0.83 v _157_/A (sky130_fd_sc_hd__or4b_2)
     2    0.03    0.19    0.82    1.65 v _157_/X (sky130_fd_sc_hd__or4b_2)
                                         _074_ (net)
                  0.19    0.00    1.65 v _161_/A (sky130_fd_sc_hd__or4_2)
     4    0.03    0.19    0.84    2.49 v _161_/X (sky130_fd_sc_hd__or4_2)
                                         _078_ (net)
                  0.19    0.00    2.49 v _199_/A (sky130_fd_sc_hd__or3_4)
     8    0.04    0.12    0.51    3.00 v _199_/X (sky130_fd_sc_hd__or3_4)
                                         _106_ (net)
                  0.12    0.00    3.00 v _206_/A (sky130_fd_sc_hd__and3_1)
     2    0.03    0.17    0.30    3.30 v _206_/X (sky130_fd_sc_hd__and3_1)
                                         _111_ (net)
                  0.17    0.00    3.30 v _207_/A (sky130_fd_sc_hd__clkbuf_1)
     1    0.00    0.04    0.14    3.44 v _207_/X (sky130_fd_sc_hd__clkbuf_1)
                                         _006_ (net)
                  0.04    0.00    3.44 v _331_/D (sky130_fd_sc_hd__dfrtp_4)
                                  3.44   data arrival time

                         10.00   10.00   clock core_clock (rise edge)
                          0.00   10.00   clock source latency
     1    0.02    0.00    0.00   10.00 ^ clk (in)
                                         clk (net)
                  0.00    0.00   10.00 ^ clkbuf_0_clk/A (sky130_fd_sc_hd__clkbuf_16)
     4    0.05    0.07    0.13   10.13 ^ clkbuf_0_clk/X (sky130_fd_sc_hd__clkbuf_16)
                                         clknet_0_clk (net)
                  0.07    0.00   10.13 ^ clkbuf_2_3__f_clk/A (sky130_fd_sc_hd__clkbuf_16)
    18    0.05    0.07    0.16   10.29 ^ clkbuf_2_3__f_clk/X (sky130_fd_sc_hd__clkbuf_16)
                                         clknet_2_3__leaf_clk (net)
                  0.07    0.00   10.29 ^ _331_/CLK (sky130_fd_sc_hd__dfrtp_4)
                          0.00   10.29   clock reconvergence pessimism
                         -0.11   10.18   library setup time
                                 10.18   data required time
-----------------------------------------------------------------------------
                                 10.18   data required time
                                 -3.44   data arrival time
-----------------------------------------------------------------------------
                                  6.74   slack (MET)


Startpoint: _335_ (rising edge-triggered flip-flop clocked by core_clock)
Endpoint: _338_ (rising edge-triggered flip-flop clocked by core_clock)
Path Group: core_clock
Path Type: max
Corner: Typical

Fanout     Cap    Slew   Delay    Time   Description
-----------------------------------------------------------------------------
                          0.00    0.00   clock core_clock (rise edge)
                          0.00    0.00   clock source latency
     1    0.02    0.00    0.00    0.00 ^ clk (in)
                                         clk (net)
                  0.00    0.00    0.00 ^ clkbuf_0_clk/A (sky130_fd_sc_hd__clkbuf_16)
     4    0.05    0.07    0.13    0.13 ^ clkbuf_0_clk/X (sky130_fd_sc_hd__clkbuf_16)
                                         clknet_0_clk (net)
                  0.07    0.00    0.13 ^ clkbuf_2_3__f_clk/A (sky130_fd_sc_hd__clkbuf_16)
    18    0.05    0.07    0.16    0.29 ^ clkbuf_2_3__f_clk/X (sky130_fd_sc_hd__clkbuf_16)
                                         clknet_2_3__leaf_clk (net)
                  0.07    0.00    0.29 ^ _335_/CLK (sky130_fd_sc_hd__dfrtp_4)
     6    0.04    0.11    0.54    0.83 v _335_/Q (sky130_fd_sc_hd__dfrtp_4)
                                         div.count[15] (net)
                  0.11    0.00    0.83 v _157_/A (sky130_fd_sc_hd__or4b_2)
     2    0.03    0.19    0.82    1.65 v _157_/X (sky130_fd_sc_hd__or4b_2)
                                         _074_ (net)
                  0.19    0.00    1.65 v _161_/A (sky130_fd_sc_hd__or4_2)
     4    0.03    0.19    0.84    2.49 v _161_/X (sky130_fd_sc_hd__or4_2)
                                         _078_ (net)
                  0.19    0.00    2.49 v _199_/A (sky130_fd_sc_hd__or3_4)
     8    0.04    0.12    0.51    3.00 v _199_/X (sky130_fd_sc_hd__or3_4)
                                         _106_ (net)
                  0.12    0.00    3.01 v _225_/A (sky130_fd_sc_hd__and3_1)
     1    0.01    0.05    0.19    3.19 v _225_/X (sky130_fd_sc_hd__and3_1)
                                         _123_ (net)
                  0.05    0.00    3.19 v _226_/A (sky130_fd_sc_hd__buf_1)
     1    0.01    0.07    0.13    3.32 v _226_/X (sky130_fd_sc_hd__buf_1)
                                         _013_ (net)
                  0.07    0.00    3.32 v _338_/D (sky130_fd_sc_hd__dfrtp_4)
                                  3.32   data arrival time

                         10.00   10.00   clock core_clock (rise edge)
                          0.00   10.00   clock source latency
     1    0.02    0.00    0.00   10.00 ^ clk (in)
                                         clk (net)
                  0.00    0.00   10.00 ^ clkbuf_0_clk/A (sky130_fd_sc_hd__clkbuf_16)
     4    0.05    0.07    0.13   10.13 ^ clkbuf_0_clk/X (sky130_fd_sc_hd__clkbuf_16)
                                         clknet_0_clk (net)
                  0.07    0.00   10.13 ^ clkbuf_2_0__f_clk/A (sky130_fd_sc_hd__clkbuf_16)
    18    0.05    0.07    0.16   10.29 ^ clkbuf_2_0__f_clk/X (sky130_fd_sc_hd__clkbuf_16)
                                         clknet_2_0__leaf_clk (net)
                  0.07    0.00   10.29 ^ _338_/CLK (sky130_fd_sc_hd__dfrtp_4)
                          0.00   10.29   clock reconvergence pessimism
                         -0.12   10.17   library setup time
                                 10.17   data required time
-----------------------------------------------------------------------------
                                 10.17   data required time
                                 -3.32   data arrival time
-----------------------------------------------------------------------------
                                  6.85   slack (MET)


Startpoint: _335_ (rising edge-triggered flip-flop clocked by core_clock)
Endpoint: _329_ (rising edge-triggered flip-flop clocked by core_clock)
Path Group: core_clock
Path Type: max
Corner: Typical

Fanout     Cap    Slew   Delay    Time   Description
-----------------------------------------------------------------------------
                          0.00    0.00   clock core_clock (rise edge)
                          0.00    0.00   clock source latency
     1    0.02    0.00    0.00    0.00 ^ clk (in)
                                         clk (net)
                  0.00    0.00    0.00 ^ clkbuf_0_clk/A (sky130_fd_sc_hd__clkbuf_16)
     4    0.05    0.07    0.13    0.13 ^ clkbuf_0_clk/X (sky130_fd_sc_hd__clkbuf_16)
                                         clknet_0_clk (net)
                  0.07    0.00    0.13 ^ clkbuf_2_3__f_clk/A (sky130_fd_sc_hd__clkbuf_16)
    18    0.05    0.07    0.16    0.29 ^ clkbuf_2_3__f_clk/X (sky130_fd_sc_hd__clkbuf_16)
                                         clknet_2_3__leaf_clk (net)
                  0.07    0.00    0.29 ^ _335_/CLK (sky130_fd_sc_hd__dfrtp_4)
     6    0.04    0.11    0.54    0.83 v _335_/Q (sky130_fd_sc_hd__dfrtp_4)
                                         div.count[15] (net)
                  0.11    0.00    0.83 v _157_/A (sky130_fd_sc_hd__or4b_2)
     2    0.03    0.19    0.82    1.65 v _157_/X (sky130_fd_sc_hd__or4b_2)
                                         _074_ (net)
                  0.19    0.00    1.65 v _161_/A (sky130_fd_sc_hd__or4_2)
     4    0.03    0.19    0.84    2.49 v _161_/X (sky130_fd_sc_hd__or4_2)
                                         _078_ (net)
                  0.19    0.00    2.49 v _199_/A (sky130_fd_sc_hd__or3_4)
     8    0.04    0.12    0.51    3.00 v _199_/X (sky130_fd_sc_hd__or3_4)
                                         _106_ (net)
                  0.12    0.00    3.01 v _201_/A (sky130_fd_sc_hd__nand2_1)
     1    0.01    0.11    0.13    3.14 ^ _201_/Y (sky130_fd_sc_hd__nand2_1)
                                         _108_ (net)
                  0.11    0.00    3.14 ^ _202_/B (sky130_fd_sc_hd__nor2_1)
     1    0.01    0.08    0.09    3.23 v _202_/Y (sky130_fd_sc_hd__nor2_1)
                                         _035_ (net)
                  0.08    0.00    3.23 v _329_/D (sky130_fd_sc_hd__dfrtp_4)
                                  3.23   data arrival time

                         10.00   10.00   clock core_clock (rise edge)
                          0.00   10.00   clock source latency
     1    0.02    0.00    0.00   10.00 ^ clk (in)
                                         clk (net)
                  0.00    0.00   10.00 ^ clkbuf_0_clk/A (sky130_fd_sc_hd__clkbuf_16)
     4    0.05    0.07    0.13   10.13 ^ clkbuf_0_clk/X (sky130_fd_sc_hd__clkbuf_16)
                                         clknet_0_clk (net)
                  0.07    0.00   10.13 ^ clkbuf_2_1__f_clk/A (sky130_fd_sc_hd__clkbuf_16)
    22    0.06    0.08    0.16   10.30 ^ clkbuf_2_1__f_clk/X (sky130_fd_sc_hd__clkbuf_16)
                                         clknet_2_1__leaf_clk (net)
                  0.08    0.00   10.30 ^ _329_/CLK (sky130_fd_sc_hd__dfrtp_4)
                          0.00   10.30   clock reconvergence pessimism
                         -0.12   10.18   library setup time
                                 10.18   data required time
-----------------------------------------------------------------------------
                                 10.18   data required time
                                 -3.23   data arrival time
-----------------------------------------------------------------------------
                                  6.95   slack (MET)


Startpoint: _335_ (rising edge-triggered flip-flop clocked by core_clock)
Endpoint: _334_ (rising edge-triggered flip-flop clocked by core_clock)
Path Group: core_clock
Path Type: max
Corner: Typical

Fanout     Cap    Slew   Delay    Time   Description
-----------------------------------------------------------------------------
                          0.00    0.00   clock core_clock (rise edge)
                          0.00    0.00   clock source latency
     1    0.02    0.00    0.00    0.00 ^ clk (in)
                                         clk (net)
                  0.00    0.00    0.00 ^ clkbuf_0_clk/A (sky130_fd_sc_hd__clkbuf_16)
     4    0.05    0.07    0.13    0.13 ^ clkbuf_0_clk/X (sky130_fd_sc_hd__clkbuf_16)
                                         clknet_0_clk (net)
                  0.07    0.00    0.13 ^ clkbuf_2_3__f_clk/A (sky130_fd_sc_hd__clkbuf_16)
    18    0.05    0.07    0.16    0.29 ^ clkbuf_2_3__f_clk/X (sky130_fd_sc_hd__clkbuf_16)
                                         clknet_2_3__leaf_clk (net)
                  0.07    0.00    0.29 ^ _335_/CLK (sky130_fd_sc_hd__dfrtp_4)
     6    0.04    0.11    0.54    0.83 v _335_/Q (sky130_fd_sc_hd__dfrtp_4)
                                         div.count[15] (net)
                  0.11    0.00    0.83 v _157_/A (sky130_fd_sc_hd__or4b_2)
     2    0.03    0.19    0.82    1.65 v _157_/X (sky130_fd_sc_hd__or4b_2)
                                         _074_ (net)
                  0.19    0.00    1.65 v _161_/A (sky130_fd_sc_hd__or4_2)
     4    0.03    0.19    0.84    2.49 v _161_/X (sky130_fd_sc_hd__or4_2)
                                         _078_ (net)
                  0.19    0.00    2.49 v _199_/A (sky130_fd_sc_hd__or3_4)
     8    0.04    0.12    0.51    3.00 v _199_/X (sky130_fd_sc_hd__or3_4)
                                         _106_ (net)
                  0.12    0.00    3.01 v _214_/C1 (sky130_fd_sc_hd__o211a_1)
     1    0.00    0.04    0.14    3.14 v _214_/X (sky130_fd_sc_hd__o211a_1)
                                         _009_ (net)
                  0.04    0.00    3.14 v _334_/D (sky130_fd_sc_hd__dfrtp_2)
                                  3.14   data arrival time

                         10.00   10.00   clock core_clock (rise edge)
                          0.00   10.00   clock source latency
     1    0.02    0.00    0.00   10.00 ^ clk (in)
                                         clk (net)
                  0.00    0.00   10.00 ^ clkbuf_0_clk/A (sky130_fd_sc_hd__clkbuf_16)
     4    0.05    0.07    0.13   10.13 ^ clkbuf_0_clk/X (sky130_fd_sc_hd__clkbuf_16)
                                         clknet_0_clk (net)
                  0.07    0.00   10.13 ^ clkbuf_2_2__f_clk/A (sky130_fd_sc_hd__clkbuf_16)
    14    0.05    0.07    0.16   10.29 ^ clkbuf_2_2__f_clk/X (sky130_fd_sc_hd__clkbuf_16)
                                         clknet_2_2__leaf_clk (net)
                  0.07    0.00   10.29 ^ _334_/CLK (sky130_fd_sc_hd__dfrtp_2)
                          0.00   10.29   clock reconvergence pessimism
                         -0.11   10.18   library setup time
                                 10.18   data required time
-----------------------------------------------------------------------------
                                 10.18   data required time
                                 -3.14   data arrival time
-----------------------------------------------------------------------------
                                  7.04   slack (MET)


Startpoint: _321_ (rising edge-triggered flip-flop clocked by core_clock)
Endpoint: _343_ (rising edge-triggered flip-flop clocked by core_clock)
Path Group: core_clock
Path Type: max
Corner: Typical

Fanout     Cap    Slew   Delay    Time   Description
-----------------------------------------------------------------------------
                          0.00    0.00   clock core_clock (rise edge)
                          0.00    0.00   clock source latency
     1    0.02    0.00    0.00    0.00 ^ clk (in)
                                         clk (net)
                  0.00    0.00    0.00 ^ clkbuf_0_clk/A (sky130_fd_sc_hd__clkbuf_16)
     4    0.05    0.07    0.13    0.13 ^ clkbuf_0_clk/X (sky130_fd_sc_hd__clkbuf_16)
                                         clknet_0_clk (net)
                  0.07    0.00    0.13 ^ clkbuf_2_1__f_clk/A (sky130_fd_sc_hd__clkbuf_16)
    22    0.06    0.08    0.16    0.30 ^ clkbuf_2_1__f_clk/X (sky130_fd_sc_hd__clkbuf_16)
                                         clknet_2_1__leaf_clk (net)
                  0.08    0.00    0.30 ^ _321_/CLK (sky130_fd_sc_hd__dfrtp_4)
    10    0.04    0.15    0.50    0.80 ^ _321_/Q (sky130_fd_sc_hd__dfrtp_4)
                                         div.count[1] (net)
                  0.15    0.00    0.80 ^ _176_/B (sky130_fd_sc_hd__and4_1)
     1    0.01    0.15    0.28    1.09 ^ _176_/X (sky130_fd_sc_hd__and4_1)
                                         _089_ (net)
                  0.15    0.00    1.09 ^ _177_/A (sky130_fd_sc_hd__clkbuf_4)
    16    0.07    0.20    0.29    1.37 ^ _177_/X (sky130_fd_sc_hd__clkbuf_4)
                                         _090_ (net)
                  0.20    0.00    1.38 ^ _217_/A (sky130_fd_sc_hd__and4_1)
     1    0.02    0.17    0.31    1.68 ^ _217_/X (sky130_fd_sc_hd__and4_1)
                                         _117_ (net)
                  0.17    0.00    1.68 ^ _218_/A (sky130_fd_sc_hd__clkbuf_4)
    18    0.08    0.24    0.32    2.00 ^ _218_/X (sky130_fd_sc_hd__clkbuf_4)
                                         _118_ (net)
                  0.24    0.01    2.01 ^ _232_/B (sky130_fd_sc_hd__and3_2)
     8    0.05    0.25    0.38    2.39 ^ _232_/X (sky130_fd_sc_hd__and3_2)
                                         _128_ (net)
                  0.25    0.00    2.40 ^ _237_/C (sky130_fd_sc_hd__nand3_2)
     4    0.02    0.15    0.18    2.58 v _237_/Y (sky130_fd_sc_hd__nand3_2)
                                         _131_ (net)
                  0.15    0.00    2.58 v _240_/B (sky130_fd_sc_hd__xnor2_1)
     2    0.02    0.46    0.43    3.01 ^ _240_/Y (sky130_fd_sc_hd__xnor2_1)
                                         _019_ (net)
                  0.46    0.00    3.01 ^ _343_/D (sky130_fd_sc_hd__dfrtp_2)
                                  3.01   data arrival time

                         10.00   10.00   clock core_clock (rise edge)
                          0.00   10.00   clock source latency
     1    0.02    0.00    0.00   10.00 ^ clk (in)
                                         clk (net)
                  0.00    0.00   10.00 ^ clkbuf_0_clk/A (sky130_fd_sc_hd__clkbuf_16)
     4    0.05    0.07    0.13   10.13 ^ clkbuf_0_clk/X (sky130_fd_sc_hd__clkbuf_16)
                                         clknet_0_clk (net)
                  0.07    0.00   10.13 ^ clkbuf_2_1__f_clk/A (sky130_fd_sc_hd__clkbuf_16)
    22    0.06    0.08    0.16   10.30 ^ clkbuf_2_1__f_clk/X (sky130_fd_sc_hd__clkbuf_16)
                                         clknet_2_1__leaf_clk (net)
                  0.08    0.00   10.30 ^ _343_/CLK (sky130_fd_sc_hd__dfrtp_2)
                          0.00   10.30   clock reconvergence pessimism
                         -0.15   10.14   library setup time
                                 10.14   data required time
-----------------------------------------------------------------------------
                                 10.14   data required time
                                 -3.01   data arrival time
-----------------------------------------------------------------------------
                                  7.13   slack (MET)


Startpoint: _321_ (rising edge-triggered flip-flop clocked by core_clock)
Endpoint: _346_ (rising edge-triggered flip-flop clocked by core_clock)
Path Group: core_clock
Path Type: max
Corner: Typical

Fanout     Cap    Slew   Delay    Time   Description
-----------------------------------------------------------------------------
                          0.00    0.00   clock core_clock (rise edge)
                          0.00    0.00   clock source latency
     1    0.02    0.00    0.00    0.00 ^ clk (in)
                                         clk (net)
                  0.00    0.00    0.00 ^ clkbuf_0_clk/A (sky130_fd_sc_hd__clkbuf_16)
     4    0.05    0.07    0.13    0.13 ^ clkbuf_0_clk/X (sky130_fd_sc_hd__clkbuf_16)
                                         clknet_0_clk (net)
                  0.07    0.00    0.13 ^ clkbuf_2_1__f_clk/A (sky130_fd_sc_hd__clkbuf_16)
    22    0.06    0.08    0.16    0.30 ^ clkbuf_2_1__f_clk/X (sky130_fd_sc_hd__clkbuf_16)
                                         clknet_2_1__leaf_clk (net)
                  0.08    0.00    0.30 ^ _321_/CLK (sky130_fd_sc_hd__dfrtp_4)
    10    0.04    0.15    0.50    0.80 ^ _321_/Q (sky130_fd_sc_hd__dfrtp_4)
                                         div.count[1] (net)
                  0.15    0.00    0.80 ^ _176_/B (sky130_fd_sc_hd__and4_1)
     1    0.01    0.15    0.28    1.09 ^ _176_/X (sky130_fd_sc_hd__and4_1)
                                         _089_ (net)
                  0.15    0.00    1.09 ^ _177_/A (sky130_fd_sc_hd__clkbuf_4)
    16    0.07    0.20    0.29    1.37 ^ _177_/X (sky130_fd_sc_hd__clkbuf_4)
                                         _090_ (net)
                  0.20    0.00    1.38 ^ _217_/A (sky130_fd_sc_hd__and4_1)
     1    0.02    0.17    0.31    1.68 ^ _217_/X (sky130_fd_sc_hd__and4_1)
                                         _117_ (net)
                  0.17    0.00    1.68 ^ _218_/A (sky130_fd_sc_hd__clkbuf_4)
    18    0.08    0.24    0.32    2.00 ^ _218_/X (sky130_fd_sc_hd__clkbuf_4)
                                         _118_ (net)
                  0.24    0.01    2.01 ^ _243_/A (sky130_fd_sc_hd__and2_2)
     8    0.04    0.22    0.33    2.34 ^ _243_/X (sky130_fd_sc_hd__and2_2)
                                         _135_ (net)
                  0.22    0.00    2.34 ^ _246_/C (sky130_fd_sc_hd__and3_1)
     4    0.03    0.26    0.35    2.69 ^ _246_/X (sky130_fd_sc_hd__and3_1)
                                         _137_ (net)
                  0.26    0.00    2.69 ^ _248_/B (sky130_fd_sc_hd__xor2_1)
     1    0.01    0.21    0.24    2.93 ^ _248_/X (sky130_fd_sc_hd__xor2_1)
                                         _022_ (net)
                  0.21    0.00    2.93 ^ _346_/D (sky130_fd_sc_hd__dfrtp_2)
                                  2.93   data arrival time

                         10.00   10.00   clock core_clock (rise edge)
                          0.00   10.00   clock source latency
     1    0.02    0.00    0.00   10.00 ^ clk (in)
                                         clk (net)
                  0.00    0.00   10.00 ^ clkbuf_0_clk/A (sky130_fd_sc_hd__clkbuf_16)
     4    0.05    0.07    0.13   10.13 ^ clkbuf_0_clk/X (sky130_fd_sc_hd__clkbuf_16)
                                         clknet_0_clk (net)
                  0.07    0.00   10.13 ^ clkbuf_2_0__f_clk/A (sky130_fd_sc_hd__clkbuf_16)
    18    0.05    0.07    0.16   10.29 ^ clkbuf_2_0__f_clk/X (sky130_fd_sc_hd__clkbuf_16)
                                         clknet_2_0__leaf_clk (net)
                  0.07    0.00   10.29 ^ _346_/CLK (sky130_fd_sc_hd__dfrtp_2)
                          0.00   10.29   clock reconvergence pessimism
                         -0.10   10.20   library setup time
                                 10.20   data required time
-----------------------------------------------------------------------------
                                 10.20   data required time
                                 -2.93   data arrival time
-----------------------------------------------------------------------------
                                  7.26   slack (MET)


Startpoint: _321_ (rising edge-triggered flip-flop clocked by core_clock)
Endpoint: _345_ (rising edge-triggered flip-flop clocked by core_clock)
Path Group: core_clock
Path Type: max
Corner: Typical

Fanout     Cap    Slew   Delay    Time   Description
-----------------------------------------------------------------------------
                          0.00    0.00   clock core_clock (rise edge)
                          0.00    0.00   clock source latency
     1    0.02    0.00    0.00    0.00 ^ clk (in)
                                         clk (net)
                  0.00    0.00    0.00 ^ clkbuf_0_clk/A (sky130_fd_sc_hd__clkbuf_16)
     4    0.05    0.07    0.13    0.13 ^ clkbuf_0_clk/X (sky130_fd_sc_hd__clkbuf_16)
                                         clknet_0_clk (net)
                  0.07    0.00    0.13 ^ clkbuf_2_1__f_clk/A (sky130_fd_sc_hd__clkbuf_16)
    22    0.06    0.08    0.16    0.30 ^ clkbuf_2_1__f_clk/X (sky130_fd_sc_hd__clkbuf_16)
                                         clknet_2_1__leaf_clk (net)
                  0.08    0.00    0.30 ^ _321_/CLK (sky130_fd_sc_hd__dfrtp_4)
    10    0.04    0.15    0.50    0.80 ^ _321_/Q (sky130_fd_sc_hd__dfrtp_4)
                                         div.count[1] (net)
                  0.15    0.00    0.80 ^ _176_/B (sky130_fd_sc_hd__and4_1)
     1    0.01    0.15    0.28    1.09 ^ _176_/X (sky130_fd_sc_hd__and4_1)
                                         _089_ (net)
                  0.15    0.00    1.09 ^ _177_/A (sky130_fd_sc_hd__clkbuf_4)
    16    0.07    0.20    0.29    1.37 ^ _177_/X (sky130_fd_sc_hd__clkbuf_4)
                                         _090_ (net)
                  0.20    0.00    1.38 ^ _217_/A (sky130_fd_sc_hd__and4_1)
     1    0.02    0.17    0.31    1.68 ^ _217_/X (sky130_fd_sc_hd__and4_1)
                                         _117_ (net)
                  0.17    0.00    1.68 ^ _218_/A (sky130_fd_sc_hd__clkbuf_4)
    18    0.08    0.24    0.32    2.00 ^ _218_/X (sky130_fd_sc_hd__clkbuf_4)
                                         _118_ (net)
                  0.24    0.01    2.01 ^ _243_/A (sky130_fd_sc_hd__and2_2)
     8    0.04    0.22    0.33    2.34 ^ _243_/X (sky130_fd_sc_hd__and2_2)
                                         _135_ (net)
                  0.22    0.00    2.34 ^ _246_/C (sky130_fd_sc_hd__and3_1)
     4    0.03    0.26    0.35    2.69 ^ _246_/X (sky130_fd_sc_hd__and3_1)
                                         _137_ (net)
                  0.26    0.00    2.69 ^ _247_/B (sky130_fd_sc_hd__nor2_1)
     2    0.02    0.13    0.16    2.85 v _247_/Y (sky130_fd_sc_hd__nor2_1)
                                         _021_ (net)
                  0.13    0.00    2.85 v _345_/D (sky130_fd_sc_hd__dfrtp_2)
                                  2.85   data arrival time

                         10.00   10.00   clock core_clock (rise edge)
                          0.00   10.00   clock source latency
     1    0.02    0.00    0.00   10.00 ^ clk (in)
                                         clk (net)
                  0.00    0.00   10.00 ^ clkbuf_0_clk/A (sky130_fd_sc_hd__clkbuf_16)
     4    0.05    0.07    0.13   10.13 ^ clkbuf_0_clk/X (sky130_fd_sc_hd__clkbuf_16)
                                         clknet_0_clk (net)
                  0.07    0.00   10.13 ^ clkbuf_2_3__f_clk/A (sky130_fd_sc_hd__clkbuf_16)
    18    0.05    0.07    0.16   10.29 ^ clkbuf_2_3__f_clk/X (sky130_fd_sc_hd__clkbuf_16)
                                         clknet_2_3__leaf_clk (net)
                  0.07    0.00   10.29 ^ _345_/CLK (sky130_fd_sc_hd__dfrtp_2)
                          0.00   10.29   clock reconvergence pessimism
                         -0.15   10.14   library setup time
                                 10.14   data required time
-----------------------------------------------------------------------------
                                 10.14   data required time
                                 -2.85   data arrival time
-----------------------------------------------------------------------------
                                  7.29   slack (MET)


Startpoint: _321_ (rising edge-triggered flip-flop clocked by core_clock)
Endpoint: _349_ (rising edge-triggered flip-flop clocked by core_clock)
Path Group: core_clock
Path Type: max
Corner: Typical

Fanout     Cap    Slew   Delay    Time   Description
-----------------------------------------------------------------------------
                          0.00    0.00   clock core_clock (rise edge)
                          0.00    0.00   clock source latency
     1    0.02    0.00    0.00    0.00 ^ clk (in)
                                         clk (net)
                  0.00    0.00    0.00 ^ clkbuf_0_clk/A (sky130_fd_sc_hd__clkbuf_16)
     4    0.05    0.07    0.13    0.13 ^ clkbuf_0_clk/X (sky130_fd_sc_hd__clkbuf_16)
                                         clknet_0_clk (net)
                  0.07    0.00    0.13 ^ clkbuf_2_1__f_clk/A (sky130_fd_sc_hd__clkbuf_16)
    22    0.06    0.08    0.16    0.30 ^ clkbuf_2_1__f_clk/X (sky130_fd_sc_hd__clkbuf_16)
                                         clknet_2_1__leaf_clk (net)
                  0.08    0.00    0.30 ^ _321_/CLK (sky130_fd_sc_hd__dfrtp_4)
    10    0.04    0.15    0.50    0.80 ^ _321_/Q (sky130_fd_sc_hd__dfrtp_4)
                                         div.count[1] (net)
                  0.15    0.00    0.80 ^ _176_/B (sky130_fd_sc_hd__and4_1)
     1    0.01    0.15    0.28    1.09 ^ _176_/X (sky130_fd_sc_hd__and4_1)
                                         _089_ (net)
                  0.15    0.00    1.09 ^ _177_/A (sky130_fd_sc_hd__clkbuf_4)
    16    0.07    0.20    0.29    1.37 ^ _177_/X (sky130_fd_sc_hd__clkbuf_4)
                                         _090_ (net)
                  0.20    0.00    1.38 ^ _217_/A (sky130_fd_sc_hd__and4_1)
     1    0.02    0.17    0.31    1.68 ^ _217_/X (sky130_fd_sc_hd__and4_1)
                                         _117_ (net)
                  0.17    0.00    1.68 ^ _218_/A (sky130_fd_sc_hd__clkbuf_4)
    18    0.08    0.24    0.32    2.00 ^ _218_/X (sky130_fd_sc_hd__clkbuf_4)
                                         _118_ (net)
                  0.24    0.00    2.01 ^ _251_/A (sky130_fd_sc_hd__and3_2)
    10    0.04    0.22    0.37    2.38 ^ _251_/X (sky130_fd_sc_hd__and3_2)
                                         _140_ (net)
                  0.22    0.00    2.38 ^ _253_/B (sky130_fd_sc_hd__and2_1)
     2    0.01    0.15    0.23    2.61 ^ _253_/X (sky130_fd_sc_hd__and2_1)
                                         _141_ (net)
                  0.15    0.00    2.61 ^ _257_/A2 (sky130_fd_sc_hd__o21a_1)
     2    0.02    0.23    0.26    2.88 ^ _257_/X (sky130_fd_sc_hd__o21a_1)
                                         _025_ (net)
                  0.23    0.00    2.88 ^ _349_/D (sky130_fd_sc_hd__dfrtp_4)
                                  2.88   data arrival time

                         10.00   10.00   clock core_clock (rise edge)
                          0.00   10.00   clock source latency
     1    0.02    0.00    0.00   10.00 ^ clk (in)
                                         clk (net)
                  0.00    0.00   10.00 ^ clkbuf_0_clk/A (sky130_fd_sc_hd__clkbuf_16)
     4    0.05    0.07    0.13   10.13 ^ clkbuf_0_clk/X (sky130_fd_sc_hd__clkbuf_16)
                                         clknet_0_clk (net)
                  0.07    0.00   10.13 ^ clkbuf_2_3__f_clk/A (sky130_fd_sc_hd__clkbuf_16)
    18    0.05    0.07    0.16   10.29 ^ clkbuf_2_3__f_clk/X (sky130_fd_sc_hd__clkbuf_16)
                                         clknet_2_3__leaf_clk (net)
                  0.07    0.00   10.29 ^ _349_/CLK (sky130_fd_sc_hd__dfrtp_4)
                          0.00   10.29   clock reconvergence pessimism
                         -0.10   10.18   library setup time
                                 10.18   data required time
-----------------------------------------------------------------------------
                                 10.18   data required time
                                 -2.88   data arrival time
-----------------------------------------------------------------------------
                                  7.31   slack (MET)


Startpoint: _321_ (rising edge-triggered flip-flop clocked by core_clock)
Endpoint: _348_ (rising edge-triggered flip-flop clocked by core_clock)
Path Group: core_clock
Path Type: max
Corner: Typical

Fanout     Cap    Slew   Delay    Time   Description
-----------------------------------------------------------------------------
                          0.00    0.00   clock core_clock (rise edge)
                          0.00    0.00   clock source latency
     1    0.02    0.00    0.00    0.00 ^ clk (in)
                                         clk (net)
                  0.00    0.00    0.00 ^ clkbuf_0_clk/A (sky130_fd_sc_hd__clkbuf_16)
     4    0.05    0.07    0.13    0.13 ^ clkbuf_0_clk/X (sky130_fd_sc_hd__clkbuf_16)
                                         clknet_0_clk (net)
                  0.07    0.00    0.13 ^ clkbuf_2_1__f_clk/A (sky130_fd_sc_hd__clkbuf_16)
    22    0.06    0.08    0.16    0.30 ^ clkbuf_2_1__f_clk/X (sky130_fd_sc_hd__clkbuf_16)
                                         clknet_2_1__leaf_clk (net)
                  0.08    0.00    0.30 ^ _321_/CLK (sky130_fd_sc_hd__dfrtp_4)
    10    0.04    0.15    0.50    0.80 ^ _321_/Q (sky130_fd_sc_hd__dfrtp_4)
                                         div.count[1] (net)
                  0.15    0.00    0.80 ^ _176_/B (sky130_fd_sc_hd__and4_1)
     1    0.01    0.15    0.28    1.09 ^ _176_/X (sky130_fd_sc_hd__and4_1)
                                         _089_ (net)
                  0.15    0.00    1.09 ^ _177_/A (sky130_fd_sc_hd__clkbuf_4)
    16    0.07    0.20    0.29    1.37 ^ _177_/X (sky130_fd_sc_hd__clkbuf_4)
                                         _090_ (net)
                  0.20    0.00    1.38 ^ _217_/A (sky130_fd_sc_hd__and4_1)
     1    0.02    0.17    0.31    1.68 ^ _217_/X (sky130_fd_sc_hd__and4_1)
                                         _117_ (net)
                  0.17    0.00    1.68 ^ _218_/A (sky130_fd_sc_hd__clkbuf_4)
    18    0.08    0.24    0.32    2.00 ^ _218_/X (sky130_fd_sc_hd__clkbuf_4)
                                         _118_ (net)
                  0.24    0.00    2.01 ^ _251_/A (sky130_fd_sc_hd__and3_2)
    10    0.04    0.22    0.37    2.38 ^ _251_/X (sky130_fd_sc_hd__and3_2)
                                         _140_ (net)
                  0.22    0.00    2.38 ^ _254_/B (sky130_fd_sc_hd__nor2_1)
     2    0.03    0.13    0.17    2.55 v _254_/Y (sky130_fd_sc_hd__nor2_1)
                                         _142_ (net)
                  0.13    0.00    2.55 v _255_/B (sky130_fd_sc_hd__nor2_1)
     1    0.02    0.34    0.31    2.86 ^ _255_/Y (sky130_fd_sc_hd__nor2_1)
                                         _024_ (net)
                  0.34    0.00    2.86 ^ _348_/D (sky130_fd_sc_hd__dfrtp_4)
                                  2.86   data arrival time

                         10.00   10.00   clock core_clock (rise edge)
                          0.00   10.00   clock source latency
     1    0.02    0.00    0.00   10.00 ^ clk (in)
                                         clk (net)
                  0.00    0.00   10.00 ^ clkbuf_0_clk/A (sky130_fd_sc_hd__clkbuf_16)
     4    0.05    0.07    0.13   10.13 ^ clkbuf_0_clk/X (sky130_fd_sc_hd__clkbuf_16)
                                         clknet_0_clk (net)
                  0.07    0.00   10.13 ^ clkbuf_2_1__f_clk/A (sky130_fd_sc_hd__clkbuf_16)
    22    0.06    0.08    0.16   10.30 ^ clkbuf_2_1__f_clk/X (sky130_fd_sc_hd__clkbuf_16)
                                         clknet_2_1__leaf_clk (net)
                  0.08    0.00   10.30 ^ _348_/CLK (sky130_fd_sc_hd__dfrtp_4)
                          0.00   10.30   clock reconvergence pessimism
                         -0.13   10.17   library setup time
                                 10.17   data required time
-----------------------------------------------------------------------------
                                 10.17   data required time
                                 -2.86   data arrival time
-----------------------------------------------------------------------------
                                  7.31   slack (MET)


Startpoint: _321_ (rising edge-triggered flip-flop clocked by core_clock)
Endpoint: _351_ (rising edge-triggered flip-flop clocked by core_clock)
Path Group: core_clock
Path Type: max
Corner: Typical

Fanout     Cap    Slew   Delay    Time   Description
-----------------------------------------------------------------------------
                          0.00    0.00   clock core_clock (rise edge)
                          0.00    0.00   clock source latency
     1    0.02    0.00    0.00    0.00 ^ clk (in)
                                         clk (net)
                  0.00    0.00    0.00 ^ clkbuf_0_clk/A (sky130_fd_sc_hd__clkbuf_16)
     4    0.05    0.07    0.13    0.13 ^ clkbuf_0_clk/X (sky130_fd_sc_hd__clkbuf_16)
                                         clknet_0_clk (net)
                  0.07    0.00    0.13 ^ clkbuf_2_1__f_clk/A (sky130_fd_sc_hd__clkbuf_16)
    22    0.06    0.08    0.16    0.30 ^ clkbuf_2_1__f_clk/X (sky130_fd_sc_hd__clkbuf_16)
                                         clknet_2_1__leaf_clk (net)
                  0.08    0.00    0.30 ^ _321_/CLK (sky130_fd_sc_hd__dfrtp_4)
    10    0.04    0.15    0.50    0.80 ^ _321_/Q (sky130_fd_sc_hd__dfrtp_4)
                                         div.count[1] (net)
                  0.15    0.00    0.80 ^ _176_/B (sky130_fd_sc_hd__and4_1)
     1    0.01    0.15    0.28    1.09 ^ _176_/X (sky130_fd_sc_hd__and4_1)
                                         _089_ (net)
                  0.15    0.00    1.09 ^ _177_/A (sky130_fd_sc_hd__clkbuf_4)
    16    0.07    0.20    0.29    1.37 ^ _177_/X (sky130_fd_sc_hd__clkbuf_4)
                                         _090_ (net)
                  0.20    0.00    1.38 ^ _217_/A (sky130_fd_sc_hd__and4_1)
     1    0.02    0.17    0.31    1.68 ^ _217_/X (sky130_fd_sc_hd__and4_1)
                                         _117_ (net)
                  0.17    0.00    1.68 ^ _218_/A (sky130_fd_sc_hd__clkbuf_4)
    18    0.08    0.24    0.32    2.00 ^ _218_/X (sky130_fd_sc_hd__clkbuf_4)
                                         _118_ (net)
                  0.24    0.00    2.01 ^ _251_/A (sky130_fd_sc_hd__and3_2)
    10    0.04    0.22    0.37    2.38 ^ _251_/X (sky130_fd_sc_hd__and3_2)
                                         _140_ (net)
                  0.22    0.00    2.38 ^ _259_/D (sky130_fd_sc_hd__and4_1)
     1    0.01    0.10    0.26    2.64 ^ _259_/X (sky130_fd_sc_hd__and4_1)
                                         _144_ (net)
                  0.10    0.00    2.64 ^ _260_/B (sky130_fd_sc_hd__xor2_1)
     1    0.01    0.21    0.22    2.86 ^ _260_/X (sky130_fd_sc_hd__xor2_1)
                                         _028_ (net)
                  0.21    0.00    2.86 ^ _351_/D (sky130_fd_sc_hd__dfrtp_1)
                                  2.86   data arrival time

                         10.00   10.00   clock core_clock (rise edge)
                          0.00   10.00   clock source latency
     1    0.02    0.00    0.00   10.00 ^ clk (in)
                                         clk (net)
                  0.00    0.00   10.00 ^ clkbuf_0_clk/A (sky130_fd_sc_hd__clkbuf_16)
     4    0.05    0.07    0.13   10.13 ^ clkbuf_0_clk/X (sky130_fd_sc_hd__clkbuf_16)
                                         clknet_0_clk (net)
                  0.07    0.00   10.13 ^ clkbuf_2_3__f_clk/A (sky130_fd_sc_hd__clkbuf_16)
    18    0.05    0.07    0.16   10.29 ^ clkbuf_2_3__f_clk/X (sky130_fd_sc_hd__clkbuf_16)
                                         clknet_2_3__leaf_clk (net)
                  0.07    0.00   10.29 ^ _351_/CLK (sky130_fd_sc_hd__dfrtp_1)
                          0.00   10.29   clock reconvergence pessimism
                         -0.09   10.19   library setup time
                                 10.19   data required time
-----------------------------------------------------------------------------
                                 10.19   data required time
                                 -2.86   data arrival time
-----------------------------------------------------------------------------
                                  7.33   slack (MET)


Startpoint: _321_ (rising edge-triggered flip-flop clocked by core_clock)
Endpoint: _344_ (rising edge-triggered flip-flop clocked by core_clock)
Path Group: core_clock
Path Type: max
Corner: Typical

Fanout     Cap    Slew   Delay    Time   Description
-----------------------------------------------------------------------------
                          0.00    0.00   clock core_clock (rise edge)
                          0.00    0.00   clock source latency
     1    0.02    0.00    0.00    0.00 ^ clk (in)
                                         clk (net)
                  0.00    0.00    0.00 ^ clkbuf_0_clk/A (sky130_fd_sc_hd__clkbuf_16)
     4    0.05    0.07    0.13    0.13 ^ clkbuf_0_clk/X (sky130_fd_sc_hd__clkbuf_16)
                                         clknet_0_clk (net)
                  0.07    0.00    0.13 ^ clkbuf_2_1__f_clk/A (sky130_fd_sc_hd__clkbuf_16)
    22    0.06    0.08    0.16    0.30 ^ clkbuf_2_1__f_clk/X (sky130_fd_sc_hd__clkbuf_16)
                                         clknet_2_1__leaf_clk (net)
                  0.08    0.00    0.30 ^ _321_/CLK (sky130_fd_sc_hd__dfrtp_4)
    10    0.04    0.15    0.50    0.80 ^ _321_/Q (sky130_fd_sc_hd__dfrtp_4)
                                         div.count[1] (net)
                  0.15    0.00    0.80 ^ _176_/B (sky130_fd_sc_hd__and4_1)
     1    0.01    0.15    0.28    1.09 ^ _176_/X (sky130_fd_sc_hd__and4_1)
                                         _089_ (net)
                  0.15    0.00    1.09 ^ _177_/A (sky130_fd_sc_hd__clkbuf_4)
    16    0.07    0.20    0.29    1.37 ^ _177_/X (sky130_fd_sc_hd__clkbuf_4)
                                         _090_ (net)
                  0.20    0.00    1.38 ^ _217_/A (sky130_fd_sc_hd__and4_1)
     1    0.02    0.17    0.31    1.68 ^ _217_/X (sky130_fd_sc_hd__and4_1)
                                         _117_ (net)
                  0.17    0.00    1.68 ^ _218_/A (sky130_fd_sc_hd__clkbuf_4)
    18    0.08    0.24    0.32    2.00 ^ _218_/X (sky130_fd_sc_hd__clkbuf_4)
                                         _118_ (net)
                  0.24    0.01    2.01 ^ _243_/A (sky130_fd_sc_hd__and2_2)
     8    0.04    0.22    0.33    2.34 ^ _243_/X (sky130_fd_sc_hd__and2_2)
                                         _135_ (net)
                  0.22    0.00    2.34 ^ _244_/B (sky130_fd_sc_hd__xor2_1)
     2    0.02    0.46    0.42    2.76 ^ _244_/X (sky130_fd_sc_hd__xor2_1)
                                         _020_ (net)
                  0.46    0.00    2.76 ^ _344_/D (sky130_fd_sc_hd__dfrtp_4)
                                  2.76   data arrival time

                         10.00   10.00   clock core_clock (rise edge)
                          0.00   10.00   clock source latency
     1    0.02    0.00    0.00   10.00 ^ clk (in)
                                         clk (net)
                  0.00    0.00   10.00 ^ clkbuf_0_clk/A (sky130_fd_sc_hd__clkbuf_16)
     4    0.05    0.07    0.13   10.13 ^ clkbuf_0_clk/X (sky130_fd_sc_hd__clkbuf_16)
                                         clknet_0_clk (net)
                  0.07    0.00   10.13 ^ clkbuf_2_3__f_clk/A (sky130_fd_sc_hd__clkbuf_16)
    18    0.05    0.07    0.16   10.29 ^ clkbuf_2_3__f_clk/X (sky130_fd_sc_hd__clkbuf_16)
                                         clknet_2_3__leaf_clk (net)
                  0.07    0.00   10.29 ^ _344_/CLK (sky130_fd_sc_hd__dfrtp_4)
                          0.00   10.29   clock reconvergence pessimism
                         -0.16   10.13   library setup time
                                 10.13   data required time
-----------------------------------------------------------------------------
                                 10.13   data required time
                                 -2.76   data arrival time
-----------------------------------------------------------------------------
                                  7.37   slack (MET)


Startpoint: _321_ (rising edge-triggered flip-flop clocked by core_clock)
Endpoint: _335_ (rising edge-triggered flip-flop clocked by core_clock)
Path Group: core_clock
Path Type: max
Corner: Typical

Fanout     Cap    Slew   Delay    Time   Description
-----------------------------------------------------------------------------
                          0.00    0.00   clock core_clock (rise edge)
                          0.00    0.00   clock source latency
     1    0.02    0.00    0.00    0.00 ^ clk (in)
                                         clk (net)
                  0.00    0.00    0.00 ^ clkbuf_0_clk/A (sky130_fd_sc_hd__clkbuf_16)
     4    0.05    0.07    0.13    0.13 ^ clkbuf_0_clk/X (sky130_fd_sc_hd__clkbuf_16)
                                         clknet_0_clk (net)
                  0.07    0.00    0.13 ^ clkbuf_2_1__f_clk/A (sky130_fd_sc_hd__clkbuf_16)
    22    0.06    0.08    0.16    0.30 ^ clkbuf_2_1__f_clk/X (sky130_fd_sc_hd__clkbuf_16)
                                         clknet_2_1__leaf_clk (net)
                  0.08    0.00    0.30 ^ _321_/CLK (sky130_fd_sc_hd__dfrtp_4)
    10    0.04    0.15    0.50    0.80 ^ _321_/Q (sky130_fd_sc_hd__dfrtp_4)
                                         div.count[1] (net)
                  0.15    0.00    0.80 ^ _176_/B (sky130_fd_sc_hd__and4_1)
     1    0.01    0.15    0.28    1.09 ^ _176_/X (sky130_fd_sc_hd__and4_1)
                                         _089_ (net)
                  0.15    0.00    1.09 ^ _177_/A (sky130_fd_sc_hd__clkbuf_4)
    16    0.07    0.20    0.29    1.37 ^ _177_/X (sky130_fd_sc_hd__clkbuf_4)
                                         _090_ (net)
                  0.20    0.00    1.38 ^ _195_/C (sky130_fd_sc_hd__and4_1)
     1    0.02    0.17    0.31    1.68 ^ _195_/X (sky130_fd_sc_hd__and4_1)
                                         _102_ (net)
                  0.17    0.00    1.69 ^ _196_/A (sky130_fd_sc_hd__clkbuf_4)
    12    0.06    0.19    0.29    1.97 ^ _196_/X (sky130_fd_sc_hd__clkbuf_4)
                                         _103_ (net)
                  0.19    0.00    1.97 ^ _211_/A (sky130_fd_sc_hd__and2_2)
     6    0.04    0.20    0.30    2.27 ^ _211_/X (sky130_fd_sc_hd__and2_2)
                                         _114_ (net)
                  0.20    0.00    2.27 ^ _213_/B (sky130_fd_sc_hd__nand2_2)
     4    0.03    0.13    0.16    2.43 v _213_/Y (sky130_fd_sc_hd__nand2_2)
                                         _115_ (net)
                  0.13    0.00    2.43 v _215_/B (sky130_fd_sc_hd__xnor2_2)
     2    0.03    0.35    0.33    2.76 ^ _215_/Y (sky130_fd_sc_hd__xnor2_2)
                                         _010_ (net)
                  0.35    0.00    2.77 ^ _335_/D (sky130_fd_sc_hd__dfrtp_4)
                                  2.77   data arrival time

                         10.00   10.00   clock core_clock (rise edge)
                          0.00   10.00   clock source latency
     1    0.02    0.00    0.00   10.00 ^ clk (in)
                                         clk (net)
                  0.00    0.00   10.00 ^ clkbuf_0_clk/A (sky130_fd_sc_hd__clkbuf_16)
     4    0.05    0.07    0.13   10.13 ^ clkbuf_0_clk/X (sky130_fd_sc_hd__clkbuf_16)
                                         clknet_0_clk (net)
                  0.07    0.00   10.13 ^ clkbuf_2_3__f_clk/A (sky130_fd_sc_hd__clkbuf_16)
    18    0.05    0.07    0.16   10.29 ^ clkbuf_2_3__f_clk/X (sky130_fd_sc_hd__clkbuf_16)
                                         clknet_2_3__leaf_clk (net)
                  0.07    0.00   10.29 ^ _335_/CLK (sky130_fd_sc_hd__dfrtp_4)
                          0.00   10.29   clock reconvergence pessimism
                         -0.13   10.16   library setup time
                                 10.16   data required time
-----------------------------------------------------------------------------
                                 10.16   data required time
                                 -2.77   data arrival time
-----------------------------------------------------------------------------
                                  7.39   slack (MET)


Startpoint: _321_ (rising edge-triggered flip-flop clocked by core_clock)
Endpoint: _347_ (rising edge-triggered flip-flop clocked by core_clock)
Path Group: core_clock
Path Type: max
Corner: Typical

Fanout     Cap    Slew   Delay    Time   Description
-----------------------------------------------------------------------------
                          0.00    0.00   clock core_clock (rise edge)
                          0.00    0.00   clock source latency
     1    0.02    0.00    0.00    0.00 ^ clk (in)
                                         clk (net)
                  0.00    0.00    0.00 ^ clkbuf_0_clk/A (sky130_fd_sc_hd__clkbuf_16)
     4    0.05    0.07    0.13    0.13 ^ clkbuf_0_clk/X (sky130_fd_sc_hd__clkbuf_16)
                                         clknet_0_clk (net)
                  0.07    0.00    0.13 ^ clkbuf_2_1__f_clk/A (sky130_fd_sc_hd__clkbuf_16)
    22    0.06    0.08    0.16    0.30 ^ clkbuf_2_1__f_clk/X (sky130_fd_sc_hd__clkbuf_16)
                                         clknet_2_1__leaf_clk (net)
                  0.08    0.00    0.30 ^ _321_/CLK (sky130_fd_sc_hd__dfrtp_4)
    10    0.04    0.15    0.50    0.80 ^ _321_/Q (sky130_fd_sc_hd__dfrtp_4)
                                         div.count[1] (net)
                  0.15    0.00    0.80 ^ _176_/B (sky130_fd_sc_hd__and4_1)
     1    0.01    0.15    0.28    1.09 ^ _176_/X (sky130_fd_sc_hd__and4_1)
                                         _089_ (net)
                  0.15    0.00    1.09 ^ _177_/A (sky130_fd_sc_hd__clkbuf_4)
    16    0.07    0.20    0.29    1.37 ^ _177_/X (sky130_fd_sc_hd__clkbuf_4)
                                         _090_ (net)
                  0.20    0.00    1.38 ^ _217_/A (sky130_fd_sc_hd__and4_1)
     1    0.02    0.17    0.31    1.68 ^ _217_/X (sky130_fd_sc_hd__and4_1)
                                         _117_ (net)
                  0.17    0.00    1.68 ^ _218_/A (sky130_fd_sc_hd__clkbuf_4)
    18    0.08    0.24    0.32    2.00 ^ _218_/X (sky130_fd_sc_hd__clkbuf_4)
                                         _118_ (net)
                  0.24    0.01    2.01 ^ _243_/A (sky130_fd_sc_hd__and2_2)
     8    0.04    0.22    0.33    2.34 ^ _243_/X (sky130_fd_sc_hd__and2_2)
                                         _135_ (net)
                  0.22    0.00    2.34 ^ _249_/D (sky130_fd_sc_hd__and4_1)
     1    0.01    0.13    0.28    2.62 ^ _249_/X (sky130_fd_sc_hd__and4_1)
                                         _138_ (net)
                  0.13    0.00    2.63 ^ _252_/A2 (sky130_fd_sc_hd__o21ba_1)
     1    0.01    0.12    0.19    2.81 ^ _252_/X (sky130_fd_sc_hd__o21ba_1)
                                         _023_ (net)
                  0.12    0.00    2.81 ^ _347_/D (sky130_fd_sc_hd__dfrtp_1)
                                  2.81   data arrival time

                         10.00   10.00   clock core_clock (rise edge)
                          0.00   10.00   clock source latency
     1    0.02    0.00    0.00   10.00 ^ clk (in)
                                         clk (net)
                  0.00    0.00   10.00 ^ clkbuf_0_clk/A (sky130_fd_sc_hd__clkbuf_16)
     4    0.05    0.07    0.13   10.13 ^ clkbuf_0_clk/X (sky130_fd_sc_hd__clkbuf_16)
                                         clknet_0_clk (net)
                  0.07    0.00   10.13 ^ clkbuf_2_3__f_clk/A (sky130_fd_sc_hd__clkbuf_16)
    18    0.05    0.07    0.16   10.29 ^ clkbuf_2_3__f_clk/X (sky130_fd_sc_hd__clkbuf_16)
                                         clknet_2_3__leaf_clk (net)
                  0.07    0.00   10.29 ^ _347_/CLK (sky130_fd_sc_hd__dfrtp_1)
                          0.00   10.29   clock reconvergence pessimism
                         -0.07   10.21   library setup time
                                 10.21   data required time
-----------------------------------------------------------------------------
                                 10.21   data required time
                                 -2.81   data arrival time
-----------------------------------------------------------------------------
                                  7.40   slack (MET)


Startpoint: _321_ (rising edge-triggered flip-flop clocked by core_clock)
Endpoint: _341_ (rising edge-triggered flip-flop clocked by core_clock)
Path Group: core_clock
Path Type: max
Corner: Typical

Fanout     Cap    Slew   Delay    Time   Description
-----------------------------------------------------------------------------
                          0.00    0.00   clock core_clock (rise edge)
                          0.00    0.00   clock source latency
     1    0.02    0.00    0.00    0.00 ^ clk (in)
                                         clk (net)
                  0.00    0.00    0.00 ^ clkbuf_0_clk/A (sky130_fd_sc_hd__clkbuf_16)
     4    0.05    0.07    0.13    0.13 ^ clkbuf_0_clk/X (sky130_fd_sc_hd__clkbuf_16)
                                         clknet_0_clk (net)
                  0.07    0.00    0.13 ^ clkbuf_2_1__f_clk/A (sky130_fd_sc_hd__clkbuf_16)
    22    0.06    0.08    0.16    0.30 ^ clkbuf_2_1__f_clk/X (sky130_fd_sc_hd__clkbuf_16)
                                         clknet_2_1__leaf_clk (net)
                  0.08    0.00    0.30 ^ _321_/CLK (sky130_fd_sc_hd__dfrtp_4)
    10    0.04    0.15    0.50    0.80 ^ _321_/Q (sky130_fd_sc_hd__dfrtp_4)
                                         div.count[1] (net)
                  0.15    0.00    0.80 ^ _176_/B (sky130_fd_sc_hd__and4_1)
     1    0.01    0.15    0.28    1.09 ^ _176_/X (sky130_fd_sc_hd__and4_1)
                                         _089_ (net)
                  0.15    0.00    1.09 ^ _177_/A (sky130_fd_sc_hd__clkbuf_4)
    16    0.07    0.20    0.29    1.37 ^ _177_/X (sky130_fd_sc_hd__clkbuf_4)
                                         _090_ (net)
                  0.20    0.00    1.38 ^ _217_/A (sky130_fd_sc_hd__and4_1)
     1    0.02    0.17    0.31    1.68 ^ _217_/X (sky130_fd_sc_hd__and4_1)
                                         _117_ (net)
                  0.17    0.00    1.68 ^ _218_/A (sky130_fd_sc_hd__clkbuf_4)
    18    0.08    0.24    0.32    2.00 ^ _218_/X (sky130_fd_sc_hd__clkbuf_4)
                                         _118_ (net)
                  0.24    0.01    2.01 ^ _232_/B (sky130_fd_sc_hd__and3_2)
     8    0.05    0.25    0.38    2.39 ^ _232_/X (sky130_fd_sc_hd__and3_2)
                                         _128_ (net)
                  0.25    0.00    2.40 ^ _235_/B (sky130_fd_sc_hd__xor2_1)
     2    0.02    0.37    0.36    2.76 ^ _235_/X (sky130_fd_sc_hd__xor2_1)
                                         _017_ (net)
                  0.37    0.00    2.76 ^ _341_/D (sky130_fd_sc_hd__dfrtp_4)
                                  2.76   data arrival time

                         10.00   10.00   clock core_clock (rise edge)
                          0.00   10.00   clock source latency
     1    0.02    0.00    0.00   10.00 ^ clk (in)
                                         clk (net)
                  0.00    0.00   10.00 ^ clkbuf_0_clk/A (sky130_fd_sc_hd__clkbuf_16)
     4    0.05    0.07    0.13   10.13 ^ clkbuf_0_clk/X (sky130_fd_sc_hd__clkbuf_16)
                                         clknet_0_clk (net)
                  0.07    0.00   10.13 ^ clkbuf_2_1__f_clk/A (sky130_fd_sc_hd__clkbuf_16)
    22    0.06    0.08    0.16   10.30 ^ clkbuf_2_1__f_clk/X (sky130_fd_sc_hd__clkbuf_16)
                                         clknet_2_1__leaf_clk (net)
                  0.08    0.00   10.30 ^ _341_/CLK (sky130_fd_sc_hd__dfrtp_4)
                          0.00   10.30   clock reconvergence pessimism
                         -0.13   10.17   library setup time
                                 10.17   data required time
-----------------------------------------------------------------------------
                                 10.17   data required time
                                 -2.76   data arrival time
-----------------------------------------------------------------------------
                                  7.41   slack (MET)


Startpoint: _321_ (rising edge-triggered flip-flop clocked by core_clock)
Endpoint: _350_ (rising edge-triggered flip-flop clocked by core_clock)
Path Group: core_clock
Path Type: max
Corner: Typical

Fanout     Cap    Slew   Delay    Time   Description
-----------------------------------------------------------------------------
                          0.00    0.00   clock core_clock (rise edge)
                          0.00    0.00   clock source latency
     1    0.02    0.00    0.00    0.00 ^ clk (in)
                                         clk (net)
                  0.00    0.00    0.00 ^ clkbuf_0_clk/A (sky130_fd_sc_hd__clkbuf_16)
     4    0.05    0.07    0.13    0.13 ^ clkbuf_0_clk/X (sky130_fd_sc_hd__clkbuf_16)
                                         clknet_0_clk (net)
                  0.07    0.00    0.13 ^ clkbuf_2_1__f_clk/A (sky130_fd_sc_hd__clkbuf_16)
    22    0.06    0.08    0.16    0.30 ^ clkbuf_2_1__f_clk/X (sky130_fd_sc_hd__clkbuf_16)
                                         clknet_2_1__leaf_clk (net)
                  0.08    0.00    0.30 ^ _321_/CLK (sky130_fd_sc_hd__dfrtp_4)
    10    0.04    0.15    0.50    0.80 ^ _321_/Q (sky130_fd_sc_hd__dfrtp_4)
                                         div.count[1] (net)
                  0.15    0.00    0.80 ^ _176_/B (sky130_fd_sc_hd__and4_1)
     1    0.01    0.15    0.28    1.09 ^ _176_/X (sky130_fd_sc_hd__and4_1)
                                         _089_ (net)
                  0.15    0.00    1.09 ^ _177_/A (sky130_fd_sc_hd__clkbuf_4)
    16    0.07    0.20    0.29    1.37 ^ _177_/X (sky130_fd_sc_hd__clkbuf_4)
                                         _090_ (net)
                  0.20    0.00    1.38 ^ _217_/A (sky130_fd_sc_hd__and4_1)
     1    0.02    0.17    0.31    1.68 ^ _217_/X (sky130_fd_sc_hd__and4_1)
                                         _117_ (net)
                  0.17    0.00    1.68 ^ _218_/A (sky130_fd_sc_hd__clkbuf_4)
    18    0.08    0.24    0.32    2.00 ^ _218_/X (sky130_fd_sc_hd__clkbuf_4)
                                         _118_ (net)
                  0.24    0.00    2.01 ^ _251_/A (sky130_fd_sc_hd__and3_2)
    10    0.04    0.22    0.37    2.38 ^ _251_/X (sky130_fd_sc_hd__and3_2)
                                         _140_ (net)
                  0.22    0.00    2.38 ^ _256_/C (sky130_fd_sc_hd__nand3_2)
     4    0.03    0.17    0.19    2.57 v _256_/Y (sky130_fd_sc_hd__nand3_2)
                                         _143_ (net)
                  0.17    0.00    2.57 v _258_/B (sky130_fd_sc_hd__xnor2_1)
     1    0.00    0.06    0.17    2.74 v _258_/Y (sky130_fd_sc_hd__xnor2_1)
                                         _027_ (net)
                  0.06    0.00    2.74 v _350_/D (sky130_fd_sc_hd__dfrtp_2)
                                  2.74   data arrival time

                         10.00   10.00   clock core_clock (rise edge)
                          0.00   10.00   clock source latency
     1    0.02    0.00    0.00   10.00 ^ clk (in)
                                         clk (net)
                  0.00    0.00   10.00 ^ clkbuf_0_clk/A (sky130_fd_sc_hd__clkbuf_16)
     4    0.05    0.07    0.13   10.13 ^ clkbuf_0_clk/X (sky130_fd_sc_hd__clkbuf_16)
                                         clknet_0_clk (net)
                  0.07    0.00   10.13 ^ clkbuf_2_0__f_clk/A (sky130_fd_sc_hd__clkbuf_16)
    18    0.05    0.07    0.16   10.29 ^ clkbuf_2_0__f_clk/X (sky130_fd_sc_hd__clkbuf_16)
                                         clknet_2_0__leaf_clk (net)
                  0.07    0.00   10.29 ^ _350_/CLK (sky130_fd_sc_hd__dfrtp_2)
                          0.00   10.29   clock reconvergence pessimism
                         -0.12   10.18   library setup time
                                 10.18   data required time
-----------------------------------------------------------------------------
                                 10.18   data required time
                                 -2.74   data arrival time
-----------------------------------------------------------------------------
                                  7.43   slack (MET)


Startpoint: _322_ (rising edge-triggered flip-flop clocked by core_clock)
Endpoint: _337_ (rising edge-triggered flip-flop clocked by core_clock)
Path Group: core_clock
Path Type: max
Corner: Typical

Fanout     Cap    Slew   Delay    Time   Description
-----------------------------------------------------------------------------
                          0.00    0.00   clock core_clock (rise edge)
                          0.00    0.00   clock source latency
     1    0.02    0.00    0.00    0.00 ^ clk (in)
                                         clk (net)
                  0.00    0.00    0.00 ^ clkbuf_0_clk/A (sky130_fd_sc_hd__clkbuf_16)
     4    0.05    0.07    0.13    0.13 ^ clkbuf_0_clk/X (sky130_fd_sc_hd__clkbuf_16)
                                         clknet_0_clk (net)
                  0.07    0.00    0.13 ^ clkbuf_2_1__f_clk/A (sky130_fd_sc_hd__clkbuf_16)
    22    0.06    0.08    0.16    0.30 ^ clkbuf_2_1__f_clk/X (sky130_fd_sc_hd__clkbuf_16)
                                         clknet_2_1__leaf_clk (net)
                  0.08    0.00    0.30 ^ _322_/CLK (sky130_fd_sc_hd__dfrtp_4)
     8    0.04    0.11    0.54    0.84 v _322_/Q (sky130_fd_sc_hd__dfrtp_4)
                                         div.count[2] (net)
                  0.11    0.00    0.84 v _176_/C (sky130_fd_sc_hd__and4_1)
     1    0.01    0.08    0.26    1.10 v _176_/X (sky130_fd_sc_hd__and4_1)
                                         _089_ (net)
                  0.08    0.00    1.10 v _177_/A (sky130_fd_sc_hd__clkbuf_4)
    16    0.06    0.13    0.24    1.35 v _177_/X (sky130_fd_sc_hd__clkbuf_4)
                                         _090_ (net)
                  0.13    0.00    1.35 v _217_/A (sky130_fd_sc_hd__and4_1)
     1    0.02    0.09    0.24    1.59 v _217_/X (sky130_fd_sc_hd__and4_1)
                                         _117_ (net)
                  0.09    0.00    1.59 v _218_/A (sky130_fd_sc_hd__clkbuf_4)
    18    0.08    0.15    0.26    1.85 v _218_/X (sky130_fd_sc_hd__clkbuf_4)
                                         _118_ (net)
                  0.15    0.00    1.85 v _221_/C (sky130_fd_sc_hd__and3_2)
     4    0.04    0.11    0.34    2.20 v _221_/X (sky130_fd_sc_hd__and3_2)
                                         _120_ (net)
                  0.11    0.00    2.20 v _222_/B (sky130_fd_sc_hd__nor2_2)
     2    0.03    0.36    0.32    2.52 ^ _222_/Y (sky130_fd_sc_hd__nor2_2)
                                         _012_ (net)
                  0.36    0.00    2.52 ^ _337_/D (sky130_fd_sc_hd__dfrtp_4)
                                  2.52   data arrival time

                         10.00   10.00   clock core_clock (rise edge)
                          0.00   10.00   clock source latency
     1    0.02    0.00    0.00   10.00 ^ clk (in)
                                         clk (net)
                  0.00    0.00   10.00 ^ clkbuf_0_clk/A (sky130_fd_sc_hd__clkbuf_16)
     4    0.05    0.07    0.13   10.13 ^ clkbuf_0_clk/X (sky130_fd_sc_hd__clkbuf_16)
                                         clknet_0_clk (net)
                  0.07    0.00   10.13 ^ clkbuf_2_2__f_clk/A (sky130_fd_sc_hd__clkbuf_16)
    14    0.05    0.07    0.16   10.29 ^ clkbuf_2_2__f_clk/X (sky130_fd_sc_hd__clkbuf_16)
                                         clknet_2_2__leaf_clk (net)
                  0.07    0.00   10.29 ^ _337_/CLK (sky130_fd_sc_hd__dfrtp_4)
                          0.00   10.29   clock reconvergence pessimism
                         -0.13   10.16   library setup time
                                 10.16   data required time
-----------------------------------------------------------------------------
                                 10.16   data required time
                                 -2.52   data arrival time
-----------------------------------------------------------------------------
                                  7.64   slack (MET)


Startpoint: _321_ (rising edge-triggered flip-flop clocked by core_clock)
Endpoint: _340_ (rising edge-triggered flip-flop clocked by core_clock)
Path Group: core_clock
Path Type: max
Corner: Typical

Fanout     Cap    Slew   Delay    Time   Description
-----------------------------------------------------------------------------
                          0.00    0.00   clock core_clock (rise edge)
                          0.00    0.00   clock source latency
     1    0.02    0.00    0.00    0.00 ^ clk (in)
                                         clk (net)
                  0.00    0.00    0.00 ^ clkbuf_0_clk/A (sky130_fd_sc_hd__clkbuf_16)
     4    0.05    0.07    0.13    0.13 ^ clkbuf_0_clk/X (sky130_fd_sc_hd__clkbuf_16)
                                         clknet_0_clk (net)
                  0.07    0.00    0.13 ^ clkbuf_2_1__f_clk/A (sky130_fd_sc_hd__clkbuf_16)
    22    0.06    0.08    0.16    0.30 ^ clkbuf_2_1__f_clk/X (sky130_fd_sc_hd__clkbuf_16)
                                         clknet_2_1__leaf_clk (net)
                  0.08    0.00    0.30 ^ _321_/CLK (sky130_fd_sc_hd__dfrtp_4)
    10    0.04    0.15    0.50    0.80 ^ _321_/Q (sky130_fd_sc_hd__dfrtp_4)
                                         div.count[1] (net)
                  0.15    0.00    0.80 ^ _176_/B (sky130_fd_sc_hd__and4_1)
     1    0.01    0.15    0.28    1.09 ^ _176_/X (sky130_fd_sc_hd__and4_1)
                                         _089_ (net)
                  0.15    0.00    1.09 ^ _177_/A (sky130_fd_sc_hd__clkbuf_4)
    16    0.07    0.20    0.29    1.37 ^ _177_/X (sky130_fd_sc_hd__clkbuf_4)
                                         _090_ (net)
                  0.20    0.00    1.38 ^ _217_/A (sky130_fd_sc_hd__and4_1)
     1    0.02    0.17    0.31    1.68 ^ _217_/X (sky130_fd_sc_hd__and4_1)
                                         _117_ (net)
                  0.17    0.00    1.68 ^ _218_/A (sky130_fd_sc_hd__clkbuf_4)
    18    0.08    0.24    0.32    2.00 ^ _218_/X (sky130_fd_sc_hd__clkbuf_4)
                                         _118_ (net)
                  0.24    0.01    2.01 ^ _232_/B (sky130_fd_sc_hd__and3_2)
     8    0.05    0.25    0.38    2.39 ^ _232_/X (sky130_fd_sc_hd__and3_2)
                                         _128_ (net)
                  0.25    0.00    2.40 ^ _234_/A (sky130_fd_sc_hd__nor2_1)
     1    0.00    0.09    0.09    2.49 v _234_/Y (sky130_fd_sc_hd__nor2_1)
                                         _016_ (net)
                  0.09    0.00    2.49 v _340_/D (sky130_fd_sc_hd__dfrtp_4)
                                  2.49   data arrival time

                         10.00   10.00   clock core_clock (rise edge)
                          0.00   10.00   clock source latency
     1    0.02    0.00    0.00   10.00 ^ clk (in)
                                         clk (net)
                  0.00    0.00   10.00 ^ clkbuf_0_clk/A (sky130_fd_sc_hd__clkbuf_16)
     4    0.05    0.07    0.13   10.13 ^ clkbuf_0_clk/X (sky130_fd_sc_hd__clkbuf_16)
                                         clknet_0_clk (net)
                  0.07    0.00   10.13 ^ clkbuf_2_2__f_clk/A (sky130_fd_sc_hd__clkbuf_16)
    14    0.05    0.07    0.16   10.29 ^ clkbuf_2_2__f_clk/X (sky130_fd_sc_hd__clkbuf_16)
                                         clknet_2_2__leaf_clk (net)
                  0.07    0.00   10.29 ^ _340_/CLK (sky130_fd_sc_hd__dfrtp_4)
                          0.00   10.29   clock reconvergence pessimism
                         -0.13   10.16   library setup time
                                 10.16   data required time
-----------------------------------------------------------------------------
                                 10.16   data required time
                                 -2.49   data arrival time
-----------------------------------------------------------------------------
                                  7.67   slack (MET)


Startpoint: _321_ (rising edge-triggered flip-flop clocked by core_clock)
Endpoint: _332_ (rising edge-triggered flip-flop clocked by core_clock)
Path Group: core_clock
Path Type: max
Corner: Typical

Fanout     Cap    Slew   Delay    Time   Description
-----------------------------------------------------------------------------
                          0.00    0.00   clock core_clock (rise edge)
                          0.00    0.00   clock source latency
     1    0.02    0.00    0.00    0.00 ^ clk (in)
                                         clk (net)
                  0.00    0.00    0.00 ^ clkbuf_0_clk/A (sky130_fd_sc_hd__clkbuf_16)
     4    0.05    0.07    0.13    0.13 ^ clkbuf_0_clk/X (sky130_fd_sc_hd__clkbuf_16)
                                         clknet_0_clk (net)
                  0.07    0.00    0.13 ^ clkbuf_2_1__f_clk/A (sky130_fd_sc_hd__clkbuf_16)
    22    0.06    0.08    0.16    0.30 ^ clkbuf_2_1__f_clk/X (sky130_fd_sc_hd__clkbuf_16)
                                         clknet_2_1__leaf_clk (net)
                  0.08    0.00    0.30 ^ _321_/CLK (sky130_fd_sc_hd__dfrtp_4)
    10    0.04    0.15    0.50    0.80 ^ _321_/Q (sky130_fd_sc_hd__dfrtp_4)
                                         div.count[1] (net)
                  0.15    0.00    0.80 ^ _176_/B (sky130_fd_sc_hd__and4_1)
     1    0.01    0.15    0.28    1.09 ^ _176_/X (sky130_fd_sc_hd__and4_1)
                                         _089_ (net)
                  0.15    0.00    1.09 ^ _177_/A (sky130_fd_sc_hd__clkbuf_4)
    16    0.07    0.20    0.29    1.37 ^ _177_/X (sky130_fd_sc_hd__clkbuf_4)
                                         _090_ (net)
                  0.20    0.00    1.38 ^ _195_/C (sky130_fd_sc_hd__and4_1)
     1    0.02    0.17    0.31    1.68 ^ _195_/X (sky130_fd_sc_hd__and4_1)
                                         _102_ (net)
                  0.17    0.00    1.69 ^ _196_/A (sky130_fd_sc_hd__clkbuf_4)
    12    0.06    0.19    0.29    1.97 ^ _196_/X (sky130_fd_sc_hd__clkbuf_4)
                                         _103_ (net)
                  0.19    0.00    1.97 ^ _205_/C (sky130_fd_sc_hd__nand3_2)
     4    0.03    0.21    0.22    2.19 v _205_/Y (sky130_fd_sc_hd__nand3_2)
                                         _110_ (net)
                  0.21    0.00    2.19 v _208_/B (sky130_fd_sc_hd__xnor2_1)
     1    0.01    0.26    0.31    2.50 ^ _208_/Y (sky130_fd_sc_hd__xnor2_1)
                                         _007_ (net)
                  0.26    0.00    2.50 ^ _332_/D (sky130_fd_sc_hd__dfrtp_4)
                                  2.50   data arrival time

                         10.00   10.00   clock core_clock (rise edge)
                          0.00   10.00   clock source latency
     1    0.02    0.00    0.00   10.00 ^ clk (in)
                                         clk (net)
                  0.00    0.00   10.00 ^ clkbuf_0_clk/A (sky130_fd_sc_hd__clkbuf_16)
     4    0.05    0.07    0.13   10.13 ^ clkbuf_0_clk/X (sky130_fd_sc_hd__clkbuf_16)
                                         clknet_0_clk (net)
                  0.07    0.00   10.13 ^ clkbuf_2_1__f_clk/A (sky130_fd_sc_hd__clkbuf_16)
    22    0.06    0.08    0.16   10.30 ^ clkbuf_2_1__f_clk/X (sky130_fd_sc_hd__clkbuf_16)
                                         clknet_2_1__leaf_clk (net)
                  0.08    0.00   10.30 ^ _332_/CLK (sky130_fd_sc_hd__dfrtp_4)
                          0.00   10.30   clock reconvergence pessimism
                         -0.11   10.19   library setup time
                                 10.19   data required time
-----------------------------------------------------------------------------
                                 10.19   data required time
                                 -2.50   data arrival time
-----------------------------------------------------------------------------
                                  7.69   slack (MET)


Startpoint: _321_ (rising edge-triggered flip-flop clocked by core_clock)
Endpoint: _333_ (rising edge-triggered flip-flop clocked by core_clock)
Path Group: core_clock
Path Type: max
Corner: Typical

Fanout     Cap    Slew   Delay    Time   Description
-----------------------------------------------------------------------------
                          0.00    0.00   clock core_clock (rise edge)
                          0.00    0.00   clock source latency
     1    0.02    0.00    0.00    0.00 ^ clk (in)
                                         clk (net)
                  0.00    0.00    0.00 ^ clkbuf_0_clk/A (sky130_fd_sc_hd__clkbuf_16)
     4    0.05    0.07    0.13    0.13 ^ clkbuf_0_clk/X (sky130_fd_sc_hd__clkbuf_16)
                                         clknet_0_clk (net)
                  0.07    0.00    0.13 ^ clkbuf_2_1__f_clk/A (sky130_fd_sc_hd__clkbuf_16)
    22    0.06    0.08    0.16    0.30 ^ clkbuf_2_1__f_clk/X (sky130_fd_sc_hd__clkbuf_16)
                                         clknet_2_1__leaf_clk (net)
                  0.08    0.00    0.30 ^ _321_/CLK (sky130_fd_sc_hd__dfrtp_4)
    10    0.04    0.15    0.50    0.80 ^ _321_/Q (sky130_fd_sc_hd__dfrtp_4)
                                         div.count[1] (net)
                  0.15    0.00    0.80 ^ _176_/B (sky130_fd_sc_hd__and4_1)
     1    0.01    0.15    0.28    1.09 ^ _176_/X (sky130_fd_sc_hd__and4_1)
                                         _089_ (net)
                  0.15    0.00    1.09 ^ _177_/A (sky130_fd_sc_hd__clkbuf_4)
    16    0.07    0.20    0.29    1.37 ^ _177_/X (sky130_fd_sc_hd__clkbuf_4)
                                         _090_ (net)
                  0.20    0.00    1.38 ^ _195_/C (sky130_fd_sc_hd__and4_1)
     1    0.02    0.17    0.31    1.68 ^ _195_/X (sky130_fd_sc_hd__and4_1)
                                         _102_ (net)
                  0.17    0.00    1.69 ^ _196_/A (sky130_fd_sc_hd__clkbuf_4)
    12    0.06    0.19    0.29    1.97 ^ _196_/X (sky130_fd_sc_hd__clkbuf_4)
                                         _103_ (net)
                  0.19    0.00    1.97 ^ _211_/A (sky130_fd_sc_hd__and2_2)
     6    0.04    0.20    0.30    2.27 ^ _211_/X (sky130_fd_sc_hd__and2_2)
                                         _114_ (net)
                  0.20    0.00    2.27 ^ _212_/B1_N (sky130_fd_sc_hd__o21ba_1)
     1    0.01    0.05    0.19    2.46 v _212_/X (sky130_fd_sc_hd__o21ba_1)
                                         _008_ (net)
                  0.05    0.00    2.46 v _333_/D (sky130_fd_sc_hd__dfrtp_2)
                                  2.46   data arrival time

                         10.00   10.00   clock core_clock (rise edge)
                          0.00   10.00   clock source latency
     1    0.02    0.00    0.00   10.00 ^ clk (in)
                                         clk (net)
                  0.00    0.00   10.00 ^ clkbuf_0_clk/A (sky130_fd_sc_hd__clkbuf_16)
     4    0.05    0.07    0.13   10.13 ^ clkbuf_0_clk/X (sky130_fd_sc_hd__clkbuf_16)
                                         clknet_0_clk (net)
                  0.07    0.00   10.13 ^ clkbuf_2_1__f_clk/A (sky130_fd_sc_hd__clkbuf_16)
    22    0.06    0.08    0.16   10.30 ^ clkbuf_2_1__f_clk/X (sky130_fd_sc_hd__clkbuf_16)
                                         clknet_2_1__leaf_clk (net)
                  0.08    0.00   10.30 ^ _333_/CLK (sky130_fd_sc_hd__dfrtp_2)
                          0.00   10.30   clock reconvergence pessimism
                         -0.11   10.19   library setup time
                                 10.19   data required time
-----------------------------------------------------------------------------
                                 10.19   data required time
                                 -2.46   data arrival time
-----------------------------------------------------------------------------
                                  7.73   slack (MET)


Startpoint: _321_ (rising edge-triggered flip-flop clocked by core_clock)
Endpoint: _330_ (rising edge-triggered flip-flop clocked by core_clock)
Path Group: core_clock
Path Type: max
Corner: Typical

Fanout     Cap    Slew   Delay    Time   Description
-----------------------------------------------------------------------------
                          0.00    0.00   clock core_clock (rise edge)
                          0.00    0.00   clock source latency
     1    0.02    0.00    0.00    0.00 ^ clk (in)
                                         clk (net)
                  0.00    0.00    0.00 ^ clkbuf_0_clk/A (sky130_fd_sc_hd__clkbuf_16)
     4    0.05    0.07    0.13    0.13 ^ clkbuf_0_clk/X (sky130_fd_sc_hd__clkbuf_16)
                                         clknet_0_clk (net)
                  0.07    0.00    0.13 ^ clkbuf_2_1__f_clk/A (sky130_fd_sc_hd__clkbuf_16)
    22    0.06    0.08    0.16    0.30 ^ clkbuf_2_1__f_clk/X (sky130_fd_sc_hd__clkbuf_16)
                                         clknet_2_1__leaf_clk (net)
                  0.08    0.00    0.30 ^ _321_/CLK (sky130_fd_sc_hd__dfrtp_4)
    10    0.04    0.15    0.50    0.80 ^ _321_/Q (sky130_fd_sc_hd__dfrtp_4)
                                         div.count[1] (net)
                  0.15    0.00    0.80 ^ _176_/B (sky130_fd_sc_hd__and4_1)
     1    0.01    0.15    0.28    1.09 ^ _176_/X (sky130_fd_sc_hd__and4_1)
                                         _089_ (net)
                  0.15    0.00    1.09 ^ _177_/A (sky130_fd_sc_hd__clkbuf_4)
    16    0.07    0.20    0.29    1.37 ^ _177_/X (sky130_fd_sc_hd__clkbuf_4)
                                         _090_ (net)
                  0.20    0.00    1.38 ^ _195_/C (sky130_fd_sc_hd__and4_1)
     1    0.02    0.17    0.31    1.68 ^ _195_/X (sky130_fd_sc_hd__and4_1)
                                         _102_ (net)
                  0.17    0.00    1.69 ^ _196_/A (sky130_fd_sc_hd__clkbuf_4)
    12    0.06    0.19    0.29    1.97 ^ _196_/X (sky130_fd_sc_hd__clkbuf_4)
                                         _103_ (net)
                  0.19    0.00    1.97 ^ _203_/B (sky130_fd_sc_hd__xor2_2)
     2    0.02    0.29    0.29    2.26 ^ _203_/X (sky130_fd_sc_hd__xor2_2)
                                         _005_ (net)
                  0.29    0.00    2.27 ^ _330_/D (sky130_fd_sc_hd__dfrtp_4)
                                  2.27   data arrival time

                         10.00   10.00   clock core_clock (rise edge)
                          0.00   10.00   clock source latency
     1    0.02    0.00    0.00   10.00 ^ clk (in)
                                         clk (net)
                  0.00    0.00   10.00 ^ clkbuf_0_clk/A (sky130_fd_sc_hd__clkbuf_16)
     4    0.05    0.07    0.13   10.13 ^ clkbuf_0_clk/X (sky130_fd_sc_hd__clkbuf_16)
                                         clknet_0_clk (net)
                  0.07    0.00   10.13 ^ clkbuf_2_2__f_clk/A (sky130_fd_sc_hd__clkbuf_16)
    14    0.05    0.07    0.16   10.29 ^ clkbuf_2_2__f_clk/X (sky130_fd_sc_hd__clkbuf_16)
                                         clknet_2_2__leaf_clk (net)
                  0.07    0.00   10.29 ^ _330_/CLK (sky130_fd_sc_hd__dfrtp_4)
                          0.00   10.29   clock reconvergence pessimism
                         -0.12   10.17   library setup time
                                 10.17   data required time
-----------------------------------------------------------------------------
                                 10.17   data required time
                                 -2.27   data arrival time
-----------------------------------------------------------------------------
                                  7.91   slack (MET)


Startpoint: _321_ (rising edge-triggered flip-flop clocked by core_clock)
Endpoint: _336_ (rising edge-triggered flip-flop clocked by core_clock)
Path Group: core_clock
Path Type: max
Corner: Typical

Fanout     Cap    Slew   Delay    Time   Description
-----------------------------------------------------------------------------
                          0.00    0.00   clock core_clock (rise edge)
                          0.00    0.00   clock source latency
     1    0.02    0.00    0.00    0.00 ^ clk (in)
                                         clk (net)
                  0.00    0.00    0.00 ^ clkbuf_0_clk/A (sky130_fd_sc_hd__clkbuf_16)
     4    0.05    0.07    0.13    0.13 ^ clkbuf_0_clk/X (sky130_fd_sc_hd__clkbuf_16)
                                         clknet_0_clk (net)
                  0.07    0.00    0.13 ^ clkbuf_2_1__f_clk/A (sky130_fd_sc_hd__clkbuf_16)
    22    0.06    0.08    0.16    0.30 ^ clkbuf_2_1__f_clk/X (sky130_fd_sc_hd__clkbuf_16)
                                         clknet_2_1__leaf_clk (net)
                  0.08    0.00    0.30 ^ _321_/CLK (sky130_fd_sc_hd__dfrtp_4)
    10    0.04    0.15    0.50    0.80 ^ _321_/Q (sky130_fd_sc_hd__dfrtp_4)
                                         div.count[1] (net)
                  0.15    0.00    0.80 ^ _176_/B (sky130_fd_sc_hd__and4_1)
     1    0.01    0.15    0.28    1.09 ^ _176_/X (sky130_fd_sc_hd__and4_1)
                                         _089_ (net)
                  0.15    0.00    1.09 ^ _177_/A (sky130_fd_sc_hd__clkbuf_4)
    16    0.07    0.20    0.29    1.37 ^ _177_/X (sky130_fd_sc_hd__clkbuf_4)
                                         _090_ (net)
                  0.20    0.00    1.38 ^ _217_/A (sky130_fd_sc_hd__and4_1)
     1    0.02    0.17    0.31    1.68 ^ _217_/X (sky130_fd_sc_hd__and4_1)
                                         _117_ (net)
                  0.17    0.00    1.68 ^ _218_/A (sky130_fd_sc_hd__clkbuf_4)
    18    0.08    0.24    0.32    2.00 ^ _218_/X (sky130_fd_sc_hd__clkbuf_4)
                                         _118_ (net)
                  0.24    0.00    2.01 ^ _219_/B (sky130_fd_sc_hd__xor2_1)
     1    0.01    0.24    0.27    2.27 ^ _219_/X (sky130_fd_sc_hd__xor2_1)
                                         _011_ (net)
                  0.24    0.00    2.27 ^ _336_/D (sky130_fd_sc_hd__dfrtp_4)
                                  2.27   data arrival time

                         10.00   10.00   clock core_clock (rise edge)
                          0.00   10.00   clock source latency
     1    0.02    0.00    0.00   10.00 ^ clk (in)
                                         clk (net)
                  0.00    0.00   10.00 ^ clkbuf_0_clk/A (sky130_fd_sc_hd__clkbuf_16)
     4    0.05    0.07    0.13   10.13 ^ clkbuf_0_clk/X (sky130_fd_sc_hd__clkbuf_16)
                                         clknet_0_clk (net)
                  0.07    0.00   10.13 ^ clkbuf_2_0__f_clk/A (sky130_fd_sc_hd__clkbuf_16)
    18    0.05    0.07    0.16   10.29 ^ clkbuf_2_0__f_clk/X (sky130_fd_sc_hd__clkbuf_16)
                                         clknet_2_0__leaf_clk (net)
                  0.07    0.00   10.29 ^ _336_/CLK (sky130_fd_sc_hd__dfrtp_4)
                          0.00   10.29   clock reconvergence pessimism
                         -0.11   10.19   library setup time
                                 10.19   data required time
-----------------------------------------------------------------------------
                                 10.19   data required time
                                 -2.27   data arrival time
-----------------------------------------------------------------------------
                                  7.91   slack (MET)


Startpoint: _321_ (rising edge-triggered flip-flop clocked by core_clock)
Endpoint: _327_ (rising edge-triggered flip-flop clocked by core_clock)
Path Group: core_clock
Path Type: max
Corner: Typical

Fanout     Cap    Slew   Delay    Time   Description
-----------------------------------------------------------------------------
                          0.00    0.00   clock core_clock (rise edge)
                          0.00    0.00   clock source latency
     1    0.02    0.00    0.00    0.00 ^ clk (in)
                                         clk (net)
                  0.00    0.00    0.00 ^ clkbuf_0_clk/A (sky130_fd_sc_hd__clkbuf_16)
     4    0.05    0.07    0.13    0.13 ^ clkbuf_0_clk/X (sky130_fd_sc_hd__clkbuf_16)
                                         clknet_0_clk (net)
                  0.07    0.00    0.13 ^ clkbuf_2_1__f_clk/A (sky130_fd_sc_hd__clkbuf_16)
    22    0.06    0.08    0.16    0.30 ^ clkbuf_2_1__f_clk/X (sky130_fd_sc_hd__clkbuf_16)
                                         clknet_2_1__leaf_clk (net)
                  0.08    0.00    0.30 ^ _321_/CLK (sky130_fd_sc_hd__dfrtp_4)
    10    0.04    0.15    0.50    0.80 ^ _321_/Q (sky130_fd_sc_hd__dfrtp_4)
                                         div.count[1] (net)
                  0.15    0.00    0.80 ^ _176_/B (sky130_fd_sc_hd__and4_1)
     1    0.01    0.15    0.28    1.09 ^ _176_/X (sky130_fd_sc_hd__and4_1)
                                         _089_ (net)
                  0.15    0.00    1.09 ^ _177_/A (sky130_fd_sc_hd__clkbuf_4)
    16    0.07    0.20    0.29    1.37 ^ _177_/X (sky130_fd_sc_hd__clkbuf_4)
                                         _090_ (net)
                  0.20    0.00    1.38 ^ _182_/C (sky130_fd_sc_hd__and3_2)
     6    0.03    0.18    0.32    1.70 ^ _182_/X (sky130_fd_sc_hd__and3_2)
                                         _093_ (net)
                  0.18    0.00    1.70 ^ _186_/B (sky130_fd_sc_hd__nand2_1)
     4    0.02    0.17    0.19    1.89 v _186_/Y (sky130_fd_sc_hd__nand2_1)
                                         _096_ (net)
                  0.17    0.00    1.89 v _192_/A2 (sky130_fd_sc_hd__a21oi_1)
     1    0.01    0.27    0.31    2.20 ^ _192_/Y (sky130_fd_sc_hd__a21oi_1)
                                         _033_ (net)
                  0.27    0.00    2.20 ^ _327_/D (sky130_fd_sc_hd__dfrtp_2)
                                  2.20   data arrival time

                         10.00   10.00   clock core_clock (rise edge)
                          0.00   10.00   clock source latency
     1    0.02    0.00    0.00   10.00 ^ clk (in)
                                         clk (net)
                  0.00    0.00   10.00 ^ clkbuf_0_clk/A (sky130_fd_sc_hd__clkbuf_16)
     4    0.05    0.07    0.13   10.13 ^ clkbuf_0_clk/X (sky130_fd_sc_hd__clkbuf_16)
                                         clknet_0_clk (net)
                  0.07    0.00   10.13 ^ clkbuf_2_2__f_clk/A (sky130_fd_sc_hd__clkbuf_16)
    14    0.05    0.07    0.16   10.29 ^ clkbuf_2_2__f_clk/X (sky130_fd_sc_hd__clkbuf_16)
                                         clknet_2_2__leaf_clk (net)
                  0.07    0.00   10.29 ^ _327_/CLK (sky130_fd_sc_hd__dfrtp_2)
                          0.00   10.29   clock reconvergence pessimism
                         -0.11   10.18   library setup time
                                 10.18   data required time
-----------------------------------------------------------------------------
                                 10.18   data required time
                                 -2.20   data arrival time
-----------------------------------------------------------------------------
                                  7.98   slack (MET)


Startpoint: _322_ (rising edge-triggered flip-flop clocked by core_clock)
Endpoint: _325_ (rising edge-triggered flip-flop clocked by core_clock)
Path Group: core_clock
Path Type: max
Corner: Typical

Fanout     Cap    Slew   Delay    Time   Description
-----------------------------------------------------------------------------
                          0.00    0.00   clock core_clock (rise edge)
                          0.00    0.00   clock source latency
     1    0.02    0.00    0.00    0.00 ^ clk (in)
                                         clk (net)
                  0.00    0.00    0.00 ^ clkbuf_0_clk/A (sky130_fd_sc_hd__clkbuf_16)
     4    0.05    0.07    0.13    0.13 ^ clkbuf_0_clk/X (sky130_fd_sc_hd__clkbuf_16)
                                         clknet_0_clk (net)
                  0.07    0.00    0.13 ^ clkbuf_2_1__f_clk/A (sky130_fd_sc_hd__clkbuf_16)
    22    0.06    0.08    0.16    0.30 ^ clkbuf_2_1__f_clk/X (sky130_fd_sc_hd__clkbuf_16)
                                         clknet_2_1__leaf_clk (net)
                  0.08    0.00    0.30 ^ _322_/CLK (sky130_fd_sc_hd__dfrtp_4)
     8    0.04    0.11    0.54    0.84 v _322_/Q (sky130_fd_sc_hd__dfrtp_4)
                                         div.count[2] (net)
                  0.11    0.00    0.84 v _176_/C (sky130_fd_sc_hd__and4_1)
     1    0.01    0.08    0.26    1.10 v _176_/X (sky130_fd_sc_hd__and4_1)
                                         _089_ (net)
                  0.08    0.00    1.10 v _177_/A (sky130_fd_sc_hd__clkbuf_4)
    16    0.06    0.13    0.24    1.35 v _177_/X (sky130_fd_sc_hd__clkbuf_4)
                                         _090_ (net)
                  0.13    0.00    1.35 v _182_/C (sky130_fd_sc_hd__and3_2)
     6    0.03    0.11    0.32    1.67 v _182_/X (sky130_fd_sc_hd__and3_2)
                                         _093_ (net)
                  0.11    0.00    1.67 v _184_/A (sky130_fd_sc_hd__nor2_1)
     1    0.02    0.30    0.29    1.96 ^ _184_/Y (sky130_fd_sc_hd__nor2_1)
                                         _031_ (net)
                  0.30    0.00    1.96 ^ _325_/D (sky130_fd_sc_hd__dfrtp_4)
                                  1.96   data arrival time

                         10.00   10.00   clock core_clock (rise edge)
                          0.00   10.00   clock source latency
     1    0.02    0.00    0.00   10.00 ^ clk (in)
                                         clk (net)
                  0.00    0.00   10.00 ^ clkbuf_0_clk/A (sky130_fd_sc_hd__clkbuf_16)
     4    0.05    0.07    0.13   10.13 ^ clkbuf_0_clk/X (sky130_fd_sc_hd__clkbuf_16)
                                         clknet_0_clk (net)
                  0.07    0.00   10.13 ^ clkbuf_2_2__f_clk/A (sky130_fd_sc_hd__clkbuf_16)
    14    0.05    0.07    0.16   10.29 ^ clkbuf_2_2__f_clk/X (sky130_fd_sc_hd__clkbuf_16)
                                         clknet_2_2__leaf_clk (net)
                  0.07    0.00   10.29 ^ _325_/CLK (sky130_fd_sc_hd__dfrtp_4)
                          0.00   10.29   clock reconvergence pessimism
                         -0.12   10.17   library setup time
                                 10.17   data required time
-----------------------------------------------------------------------------
                                 10.17   data required time
                                 -1.96   data arrival time
-----------------------------------------------------------------------------
                                  8.21   slack (MET)


Startpoint: _322_ (rising edge-triggered flip-flop clocked by core_clock)
Endpoint: _323_ (rising edge-triggered flip-flop clocked by core_clock)
Path Group: core_clock
Path Type: max
Corner: Typical

Fanout     Cap    Slew   Delay    Time   Description
-----------------------------------------------------------------------------
                          0.00    0.00   clock core_clock (rise edge)
                          0.00    0.00   clock source latency
     1    0.02    0.00    0.00    0.00 ^ clk (in)
                                         clk (net)
                  0.00    0.00    0.00 ^ clkbuf_0_clk/A (sky130_fd_sc_hd__clkbuf_16)
     4    0.05    0.07    0.13    0.13 ^ clkbuf_0_clk/X (sky130_fd_sc_hd__clkbuf_16)
                                         clknet_0_clk (net)
                  0.07    0.00    0.13 ^ clkbuf_2_1__f_clk/A (sky130_fd_sc_hd__clkbuf_16)
    22    0.06    0.08    0.16    0.30 ^ clkbuf_2_1__f_clk/X (sky130_fd_sc_hd__clkbuf_16)
                                         clknet_2_1__leaf_clk (net)
                  0.08    0.00    0.30 ^ _322_/CLK (sky130_fd_sc_hd__dfrtp_4)
     8    0.04    0.11    0.54    0.84 v _322_/Q (sky130_fd_sc_hd__dfrtp_4)
                                         div.count[2] (net)
                  0.11    0.00    0.84 v _176_/C (sky130_fd_sc_hd__and4_1)
     1    0.01    0.08    0.26    1.10 v _176_/X (sky130_fd_sc_hd__and4_1)
                                         _089_ (net)
                  0.08    0.00    1.10 v _177_/A (sky130_fd_sc_hd__clkbuf_4)
    16    0.06    0.13    0.24    1.35 v _177_/X (sky130_fd_sc_hd__clkbuf_4)
                                         _090_ (net)
                  0.13    0.00    1.35 v _179_/A_N (sky130_fd_sc_hd__and2b_1)
     2    0.02    0.16    0.31    1.66 ^ _179_/X (sky130_fd_sc_hd__and2b_1)
                                         _092_ (net)
                  0.16    0.00    1.66 ^ _180_/A (sky130_fd_sc_hd__buf_1)
     1    0.01    0.11    0.16    1.82 ^ _180_/X (sky130_fd_sc_hd__buf_1)
                                         _029_ (net)
                  0.11    0.00    1.82 ^ _323_/D (sky130_fd_sc_hd__dfrtp_2)
                                  1.82   data arrival time

                         10.00   10.00   clock core_clock (rise edge)
                          0.00   10.00   clock source latency
     1    0.02    0.00    0.00   10.00 ^ clk (in)
                                         clk (net)
                  0.00    0.00   10.00 ^ clkbuf_0_clk/A (sky130_fd_sc_hd__clkbuf_16)
     4    0.05    0.07    0.13   10.13 ^ clkbuf_0_clk/X (sky130_fd_sc_hd__clkbuf_16)
                                         clknet_0_clk (net)
                  0.07    0.00   10.13 ^ clkbuf_2_3__f_clk/A (sky130_fd_sc_hd__clkbuf_16)
    18    0.05    0.07    0.16   10.29 ^ clkbuf_2_3__f_clk/X (sky130_fd_sc_hd__clkbuf_16)
                                         clknet_2_3__leaf_clk (net)
                  0.07    0.00   10.29 ^ _323_/CLK (sky130_fd_sc_hd__dfrtp_2)
                          0.00   10.29   clock reconvergence pessimism
                         -0.08   10.21   library setup time
                                 10.21   data required time
-----------------------------------------------------------------------------
                                 10.21   data required time
                                 -1.82   data arrival time
-----------------------------------------------------------------------------
                                  8.39   slack (MET)


Startpoint: _320_ (rising edge-triggered flip-flop clocked by core_clock)
Endpoint: _321_ (rising edge-triggered flip-flop clocked by core_clock)
Path Group: core_clock
Path Type: max
Corner: Typical

Fanout     Cap    Slew   Delay    Time   Description
-----------------------------------------------------------------------------
                          0.00    0.00   clock core_clock (rise edge)
                          0.00    0.00   clock source latency
     1    0.02    0.00    0.00    0.00 ^ clk (in)
                                         clk (net)
                  0.00    0.00    0.00 ^ clkbuf_0_clk/A (sky130_fd_sc_hd__clkbuf_16)
     4    0.05    0.07    0.13    0.13 ^ clkbuf_0_clk/X (sky130_fd_sc_hd__clkbuf_16)
                                         clknet_0_clk (net)
                  0.07    0.00    0.13 ^ clkbuf_2_0__f_clk/A (sky130_fd_sc_hd__clkbuf_16)
    18    0.05    0.07    0.16    0.29 ^ clkbuf_2_0__f_clk/X (sky130_fd_sc_hd__clkbuf_16)
                                         clknet_2_0__leaf_clk (net)
                  0.07    0.00    0.29 ^ _320_/CLK (sky130_fd_sc_hd__dfrtp_4)
    12    0.05    0.12    0.56    0.85 v _320_/Q (sky130_fd_sc_hd__dfrtp_4)
                                         div.count[0] (net)
                  0.12    0.00    0.85 v _171_/A (sky130_fd_sc_hd__or2_1)
     2    0.01    0.10    0.31    1.16 v _171_/X (sky130_fd_sc_hd__or2_1)
                                         _086_ (net)
                  0.10    0.00    1.16 v _173_/A (sky130_fd_sc_hd__and2_1)
     2    0.02    0.12    0.23    1.39 v _173_/X (sky130_fd_sc_hd__and2_1)
                                         _088_ (net)
                  0.12    0.00    1.39 v _174_/A (sky130_fd_sc_hd__buf_1)
     2    0.03    0.18    0.24    1.63 v _174_/X (sky130_fd_sc_hd__buf_1)
                                         _015_ (net)
                  0.18    0.00    1.63 v _321_/D (sky130_fd_sc_hd__dfrtp_4)
                                  1.63   data arrival time

                         10.00   10.00   clock core_clock (rise edge)
                          0.00   10.00   clock source latency
     1    0.02    0.00    0.00   10.00 ^ clk (in)
                                         clk (net)
                  0.00    0.00   10.00 ^ clkbuf_0_clk/A (sky130_fd_sc_hd__clkbuf_16)
     4    0.05    0.07    0.13   10.13 ^ clkbuf_0_clk/X (sky130_fd_sc_hd__clkbuf_16)
                                         clknet_0_clk (net)
                  0.07    0.00   10.13 ^ clkbuf_2_1__f_clk/A (sky130_fd_sc_hd__clkbuf_16)
    22    0.06    0.08    0.16   10.30 ^ clkbuf_2_1__f_clk/X (sky130_fd_sc_hd__clkbuf_16)
                                         clknet_2_1__leaf_clk (net)
                  0.08    0.00   10.30 ^ _321_/CLK (sky130_fd_sc_hd__dfrtp_4)
                          0.00   10.30   clock reconvergence pessimism
                         -0.16   10.14   library setup time
                                 10.14   data required time
-----------------------------------------------------------------------------
                                 10.14   data required time
                                 -1.63   data arrival time
-----------------------------------------------------------------------------
                                  8.51   slack (MET)


Startpoint: _321_ (rising edge-triggered flip-flop clocked by core_clock)
Endpoint: _324_ (rising edge-triggered flip-flop clocked by core_clock)
Path Group: core_clock
Path Type: max
Corner: Typical

Fanout     Cap    Slew   Delay    Time   Description
-----------------------------------------------------------------------------
                          0.00    0.00   clock core_clock (rise edge)
                          0.00    0.00   clock source latency
     1    0.02    0.00    0.00    0.00 ^ clk (in)
                                         clk (net)
                  0.00    0.00    0.00 ^ clkbuf_0_clk/A (sky130_fd_sc_hd__clkbuf_16)
     4    0.05    0.07    0.13    0.13 ^ clkbuf_0_clk/X (sky130_fd_sc_hd__clkbuf_16)
                                         clknet_0_clk (net)
                  0.07    0.00    0.13 ^ clkbuf_2_1__f_clk/A (sky130_fd_sc_hd__clkbuf_16)
    22    0.06    0.08    0.16    0.30 ^ clkbuf_2_1__f_clk/X (sky130_fd_sc_hd__clkbuf_16)
                                         clknet_2_1__leaf_clk (net)
                  0.08    0.00    0.30 ^ _321_/CLK (sky130_fd_sc_hd__dfrtp_4)
    10    0.04    0.15    0.50    0.80 ^ _321_/Q (sky130_fd_sc_hd__dfrtp_4)
                                         div.count[1] (net)
                  0.15    0.00    0.80 ^ _176_/B (sky130_fd_sc_hd__and4_1)
     1    0.01    0.15    0.28    1.09 ^ _176_/X (sky130_fd_sc_hd__and4_1)
                                         _089_ (net)
                  0.15    0.00    1.09 ^ _177_/A (sky130_fd_sc_hd__clkbuf_4)
    16    0.07    0.20    0.29    1.37 ^ _177_/X (sky130_fd_sc_hd__clkbuf_4)
                                         _090_ (net)
                  0.20    0.00    1.38 ^ _181_/B (sky130_fd_sc_hd__xor2_1)
     1    0.01    0.22    0.25    1.63 ^ _181_/X (sky130_fd_sc_hd__xor2_1)
                                         _030_ (net)
                  0.22    0.00    1.63 ^ _324_/D (sky130_fd_sc_hd__dfrtp_4)
                                  1.63   data arrival time

                         10.00   10.00   clock core_clock (rise edge)
                          0.00   10.00   clock source latency
     1    0.02    0.00    0.00   10.00 ^ clk (in)
                                         clk (net)
                  0.00    0.00   10.00 ^ clkbuf_0_clk/A (sky130_fd_sc_hd__clkbuf_16)
     4    0.05    0.07    0.13   10.13 ^ clkbuf_0_clk/X (sky130_fd_sc_hd__clkbuf_16)
                                         clknet_0_clk (net)
                  0.07    0.00   10.13 ^ clkbuf_2_0__f_clk/A (sky130_fd_sc_hd__clkbuf_16)
    18    0.05    0.07    0.16   10.29 ^ clkbuf_2_0__f_clk/X (sky130_fd_sc_hd__clkbuf_16)
                                         clknet_2_0__leaf_clk (net)
                  0.07    0.00   10.29 ^ _324_/CLK (sky130_fd_sc_hd__dfrtp_4)
                          0.00   10.29   clock reconvergence pessimism
                         -0.10   10.19   library setup time
                                 10.19   data required time
-----------------------------------------------------------------------------
                                 10.19   data required time
                                 -1.63   data arrival time
-----------------------------------------------------------------------------
                                  8.56   slack (MET)


Startpoint: _320_ (rising edge-triggered flip-flop clocked by core_clock)
Endpoint: _322_ (rising edge-triggered flip-flop clocked by core_clock)
Path Group: core_clock
Path Type: max
Corner: Typical

Fanout     Cap    Slew   Delay    Time   Description
-----------------------------------------------------------------------------
                          0.00    0.00   clock core_clock (rise edge)
                          0.00    0.00   clock source latency
     1    0.02    0.00    0.00    0.00 ^ clk (in)
                                         clk (net)
                  0.00    0.00    0.00 ^ clkbuf_0_clk/A (sky130_fd_sc_hd__clkbuf_16)
     4    0.05    0.07    0.13    0.13 ^ clkbuf_0_clk/X (sky130_fd_sc_hd__clkbuf_16)
                                         clknet_0_clk (net)
                  0.07    0.00    0.13 ^ clkbuf_2_0__f_clk/A (sky130_fd_sc_hd__clkbuf_16)
    18    0.05    0.07    0.16    0.29 ^ clkbuf_2_0__f_clk/X (sky130_fd_sc_hd__clkbuf_16)
                                         clknet_2_0__leaf_clk (net)
                  0.07    0.00    0.29 ^ _320_/CLK (sky130_fd_sc_hd__dfrtp_4)
    12    0.05    0.16    0.51    0.80 ^ _320_/Q (sky130_fd_sc_hd__dfrtp_4)
                                         div.count[0] (net)
                  0.16    0.00    0.80 ^ _172_/A (sky130_fd_sc_hd__nand2_2)
     4    0.03    0.12    0.14    0.94 v _172_/Y (sky130_fd_sc_hd__nand2_2)
                                         _087_ (net)
                  0.12    0.00    0.95 v _175_/B (sky130_fd_sc_hd__xnor2_1)
     2    0.02    0.46    0.41    1.36 ^ _175_/Y (sky130_fd_sc_hd__xnor2_1)
                                         _026_ (net)
                  0.46    0.00    1.36 ^ _322_/D (sky130_fd_sc_hd__dfrtp_4)
                                  1.36   data arrival time

                         10.00   10.00   clock core_clock (rise edge)
                          0.00   10.00   clock source latency
     1    0.02    0.00    0.00   10.00 ^ clk (in)
                                         clk (net)
                  0.00    0.00   10.00 ^ clkbuf_0_clk/A (sky130_fd_sc_hd__clkbuf_16)
     4    0.05    0.07    0.13   10.13 ^ clkbuf_0_clk/X (sky130_fd_sc_hd__clkbuf_16)
                                         clknet_0_clk (net)
                  0.07    0.00   10.13 ^ clkbuf_2_1__f_clk/A (sky130_fd_sc_hd__clkbuf_16)
    22    0.06    0.08    0.16   10.30 ^ clkbuf_2_1__f_clk/X (sky130_fd_sc_hd__clkbuf_16)
                                         clknet_2_1__leaf_clk (net)
                  0.08    0.00   10.30 ^ _322_/CLK (sky130_fd_sc_hd__dfrtp_4)
                          0.00   10.30   clock reconvergence pessimism
                         -0.15   10.14   library setup time
                                 10.14   data required time
-----------------------------------------------------------------------------
                                 10.14   data required time
                                 -1.36   data arrival time
-----------------------------------------------------------------------------
                                  8.78   slack (MET)



worst slack corner Typical: 6.5050
