
===========================================================================
report_checks -path_delay min (Hold)
============================================================================
======================= Typical Corner ===================================

Startpoint: _351_ (rising edge-triggered flip-flop clocked by core_clock)
Endpoint: _351_ (rising edge-triggered flip-flop clocked by core_clock)
Path Group: core_clock
Path Type: min

Fanout     Cap    Slew   Delay    Time   Description
-----------------------------------------------------------------------------
                          0.00    0.00   clock core_clock (rise edge)
                          0.00    0.00   clock source latency
     1    0.02    0.00    0.00    0.00 ^ clk (in)
                                         clk (net)
                  0.00    0.00    0.00 ^ clkbuf_0_clk/A (sky130_fd_sc_hd__clkbuf_16)
     4    0.04    0.06    0.13    0.13 ^ clkbuf_0_clk/X (sky130_fd_sc_hd__clkbuf_16)
                                         clknet_0_clk (net)
                  0.06    0.00    0.13 ^ clkbuf_2_3__f_clk/A (sky130_fd_sc_hd__clkbuf_16)
     9    0.03    0.05    0.14    0.27 ^ clkbuf_2_3__f_clk/X (sky130_fd_sc_hd__clkbuf_16)
                                         clknet_2_3__leaf_clk (net)
                  0.05    0.00    0.27 ^ _351_/CLK (sky130_fd_sc_hd__dfrtp_1)
     2    0.01    0.10    0.36    0.63 ^ _351_/Q (sky130_fd_sc_hd__dfrtp_1)
                                         div.count[31] (net)
                  0.10    0.00    0.63 ^ _260_/A (sky130_fd_sc_hd__xor2_1)
     1    0.00    0.04    0.08    0.72 v _260_/X (sky130_fd_sc_hd__xor2_1)
                                         _028_ (net)
                  0.04    0.00    0.72 v _351_/D (sky130_fd_sc_hd__dfrtp_1)
                                  0.72   data arrival time

                          0.00    0.00   clock core_clock (rise edge)
                          0.00    0.00   clock source latency
     1    0.02    0.00    0.00    0.00 ^ clk (in)
                                         clk (net)
                  0.00    0.00    0.00 ^ clkbuf_0_clk/A (sky130_fd_sc_hd__clkbuf_16)
     4    0.04    0.06    0.13    0.13 ^ clkbuf_0_clk/X (sky130_fd_sc_hd__clkbuf_16)
                                         clknet_0_clk (net)
                  0.06    0.00    0.13 ^ clkbuf_2_3__f_clk/A (sky130_fd_sc_hd__clkbuf_16)
     9    0.03    0.05    0.14    0.27 ^ clkbuf_2_3__f_clk/X (sky130_fd_sc_hd__clkbuf_16)
                                         clknet_2_3__leaf_clk (net)
                  0.05    0.00    0.27 ^ _351_/CLK (sky130_fd_sc_hd__dfrtp_1)
                          0.00    0.27   clock reconvergence pessimism
                         -0.04    0.22   library hold time
                                  0.22   data required time
-----------------------------------------------------------------------------
                                  0.22   data required time
                                 -0.72   data arrival time
-----------------------------------------------------------------------------
                                  0.49   slack (MET)


Startpoint: _350_ (rising edge-triggered flip-flop clocked by core_clock)
Endpoint: _350_ (rising edge-triggered flip-flop clocked by core_clock)
Path Group: core_clock
Path Type: min

Fanout     Cap    Slew   Delay    Time   Description
-----------------------------------------------------------------------------
                          0.00    0.00   clock core_clock (rise edge)
                          0.00    0.00   clock source latency
     1    0.02    0.00    0.00    0.00 ^ clk (in)
                                         clk (net)
                  0.00    0.00    0.00 ^ clkbuf_0_clk/A (sky130_fd_sc_hd__clkbuf_16)
     4    0.04    0.06    0.13    0.13 ^ clkbuf_0_clk/X (sky130_fd_sc_hd__clkbuf_16)
                                         clknet_0_clk (net)
                  0.06    0.00    0.13 ^ clkbuf_2_0__f_clk/A (sky130_fd_sc_hd__clkbuf_16)
     9    0.03    0.05    0.14    0.27 ^ clkbuf_2_0__f_clk/X (sky130_fd_sc_hd__clkbuf_16)
                                         clknet_2_0__leaf_clk (net)
                  0.05    0.00    0.27 ^ _350_/CLK (sky130_fd_sc_hd__dfrtp_2)
     3    0.02    0.11    0.40    0.67 ^ _350_/Q (sky130_fd_sc_hd__dfrtp_2)
                                         div.count[30] (net)
                  0.11    0.00    0.67 ^ _258_/A (sky130_fd_sc_hd__xnor2_1)
     1    0.00    0.04    0.08    0.75 v _258_/Y (sky130_fd_sc_hd__xnor2_1)
                                         _027_ (net)
                  0.04    0.00    0.75 v _350_/D (sky130_fd_sc_hd__dfrtp_2)
                                  0.75   data arrival time

                          0.00    0.00   clock core_clock (rise edge)
                          0.00    0.00   clock source latency
     1    0.02    0.00    0.00    0.00 ^ clk (in)
                                         clk (net)
                  0.00    0.00    0.00 ^ clkbuf_0_clk/A (sky130_fd_sc_hd__clkbuf_16)
     4    0.04    0.06    0.13    0.13 ^ clkbuf_0_clk/X (sky130_fd_sc_hd__clkbuf_16)
                                         clknet_0_clk (net)
                  0.06    0.00    0.13 ^ clkbuf_2_0__f_clk/A (sky130_fd_sc_hd__clkbuf_16)
     9    0.03    0.05    0.14    0.27 ^ clkbuf_2_0__f_clk/X (sky130_fd_sc_hd__clkbuf_16)
                                         clknet_2_0__leaf_clk (net)
                  0.05    0.00    0.27 ^ _350_/CLK (sky130_fd_sc_hd__dfrtp_2)
                          0.00    0.27   clock reconvergence pessimism
                         -0.04    0.23   library hold time
                                  0.23   data required time
-----------------------------------------------------------------------------
                                  0.23   data required time
                                 -0.75   data arrival time
-----------------------------------------------------------------------------
                                  0.52   slack (MET)


Startpoint: _346_ (rising edge-triggered flip-flop clocked by core_clock)
Endpoint: _346_ (rising edge-triggered flip-flop clocked by core_clock)
Path Group: core_clock
Path Type: min

Fanout     Cap    Slew   Delay    Time   Description
-----------------------------------------------------------------------------
                          0.00    0.00   clock core_clock (rise edge)
                          0.00    0.00   clock source latency
     1    0.02    0.00    0.00    0.00 ^ clk (in)
                                         clk (net)
                  0.00    0.00    0.00 ^ clkbuf_0_clk/A (sky130_fd_sc_hd__clkbuf_16)
     4    0.04    0.06    0.13    0.13 ^ clkbuf_0_clk/X (sky130_fd_sc_hd__clkbuf_16)
                                         clknet_0_clk (net)
                  0.06    0.00    0.13 ^ clkbuf_2_0__f_clk/A (sky130_fd_sc_hd__clkbuf_16)
     9    0.03    0.05    0.14    0.27 ^ clkbuf_2_0__f_clk/X (sky130_fd_sc_hd__clkbuf_16)
                                         clknet_2_0__leaf_clk (net)
                  0.05    0.00    0.27 ^ _346_/CLK (sky130_fd_sc_hd__dfrtp_2)
     4    0.02    0.12    0.41    0.67 ^ _346_/Q (sky130_fd_sc_hd__dfrtp_2)
                                         div.count[26] (net)
                  0.12    0.00    0.68 ^ _248_/A (sky130_fd_sc_hd__xor2_1)
     1    0.01    0.05    0.09    0.77 v _248_/X (sky130_fd_sc_hd__xor2_1)
                                         _022_ (net)
                  0.05    0.00    0.77 v _346_/D (sky130_fd_sc_hd__dfrtp_2)
                                  0.77   data arrival time

                          0.00    0.00   clock core_clock (rise edge)
                          0.00    0.00   clock source latency
     1    0.02    0.00    0.00    0.00 ^ clk (in)
                                         clk (net)
                  0.00    0.00    0.00 ^ clkbuf_0_clk/A (sky130_fd_sc_hd__clkbuf_16)
     4    0.04    0.06    0.13    0.13 ^ clkbuf_0_clk/X (sky130_fd_sc_hd__clkbuf_16)
                                         clknet_0_clk (net)
                  0.06    0.00    0.13 ^ clkbuf_2_0__f_clk/A (sky130_fd_sc_hd__clkbuf_16)
     9    0.03    0.05    0.14    0.27 ^ clkbuf_2_0__f_clk/X (sky130_fd_sc_hd__clkbuf_16)
                                         clknet_2_0__leaf_clk (net)
                  0.05    0.00    0.27 ^ _346_/CLK (sky130_fd_sc_hd__dfrtp_2)
                          0.00    0.27   clock reconvergence pessimism
                         -0.04    0.23   library hold time
                                  0.23   data required time
-----------------------------------------------------------------------------
                                  0.23   data required time
                                 -0.77   data arrival time
-----------------------------------------------------------------------------
                                  0.54   slack (MET)


Startpoint: _343_ (rising edge-triggered flip-flop clocked by core_clock)
Endpoint: _343_ (rising edge-triggered flip-flop clocked by core_clock)
Path Group: core_clock
Path Type: min

Fanout     Cap    Slew   Delay    Time   Description
-----------------------------------------------------------------------------
                          0.00    0.00   clock core_clock (rise edge)
                          0.00    0.00   clock source latency
     1    0.02    0.00    0.00    0.00 ^ clk (in)
                                         clk (net)
                  0.00    0.00    0.00 ^ clkbuf_0_clk/A (sky130_fd_sc_hd__clkbuf_16)
     4    0.04    0.06    0.13    0.13 ^ clkbuf_0_clk/X (sky130_fd_sc_hd__clkbuf_16)
                                         clknet_0_clk (net)
                  0.06    0.00    0.13 ^ clkbuf_2_1__f_clk/A (sky130_fd_sc_hd__clkbuf_16)
    11    0.04    0.06    0.14    0.27 ^ clkbuf_2_1__f_clk/X (sky130_fd_sc_hd__clkbuf_16)
                                         clknet_2_1__leaf_clk (net)
                  0.06    0.00    0.27 ^ _343_/CLK (sky130_fd_sc_hd__dfrtp_2)
     3    0.02    0.11    0.40    0.67 ^ _343_/Q (sky130_fd_sc_hd__dfrtp_2)
                                         div.count[23] (net)
                  0.11    0.00    0.67 ^ _240_/A (sky130_fd_sc_hd__xnor2_1)
     1    0.01    0.08    0.12    0.79 v _240_/Y (sky130_fd_sc_hd__xnor2_1)
                                         _019_ (net)
                  0.08    0.00    0.79 v _343_/D (sky130_fd_sc_hd__dfrtp_2)
                                  0.79   data arrival time

                          0.00    0.00   clock core_clock (rise edge)
                          0.00    0.00   clock source latency
     1    0.02    0.00    0.00    0.00 ^ clk (in)
                                         clk (net)
                  0.00    0.00    0.00 ^ clkbuf_0_clk/A (sky130_fd_sc_hd__clkbuf_16)
     4    0.04    0.06    0.13    0.13 ^ clkbuf_0_clk/X (sky130_fd_sc_hd__clkbuf_16)
                                         clknet_0_clk (net)
                  0.06    0.00    0.13 ^ clkbuf_2_1__f_clk/A (sky130_fd_sc_hd__clkbuf_16)
    11    0.04    0.06    0.14    0.27 ^ clkbuf_2_1__f_clk/X (sky130_fd_sc_hd__clkbuf_16)
                                         clknet_2_1__leaf_clk (net)
                  0.06    0.00    0.27 ^ _343_/CLK (sky130_fd_sc_hd__dfrtp_2)
                          0.00    0.27   clock reconvergence pessimism
                         -0.05    0.22   library hold time
                                  0.22   data required time
-----------------------------------------------------------------------------
                                  0.22   data required time
                                 -0.79   data arrival time
-----------------------------------------------------------------------------
                                  0.57   slack (MET)


Startpoint: _324_ (rising edge-triggered flip-flop clocked by core_clock)
Endpoint: _324_ (rising edge-triggered flip-flop clocked by core_clock)
Path Group: core_clock
Path Type: min

Fanout     Cap    Slew   Delay    Time   Description
-----------------------------------------------------------------------------
                          0.00    0.00   clock core_clock (rise edge)
                          0.00    0.00   clock source latency
     1    0.02    0.00    0.00    0.00 ^ clk (in)
                                         clk (net)
                  0.00    0.00    0.00 ^ clkbuf_0_clk/A (sky130_fd_sc_hd__clkbuf_16)
     4    0.04    0.06    0.13    0.13 ^ clkbuf_0_clk/X (sky130_fd_sc_hd__clkbuf_16)
                                         clknet_0_clk (net)
                  0.06    0.00    0.13 ^ clkbuf_2_0__f_clk/A (sky130_fd_sc_hd__clkbuf_16)
     9    0.03    0.05    0.14    0.27 ^ clkbuf_2_0__f_clk/X (sky130_fd_sc_hd__clkbuf_16)
                                         clknet_2_0__leaf_clk (net)
                  0.05    0.00    0.27 ^ _324_/CLK (sky130_fd_sc_hd__dfrtp_4)
     6    0.03    0.11    0.45    0.72 ^ _324_/Q (sky130_fd_sc_hd__dfrtp_4)
                                         div.count[4] (net)
                  0.11    0.00    0.72 ^ _181_/A (sky130_fd_sc_hd__xor2_1)
     1    0.01    0.05    0.09    0.81 v _181_/X (sky130_fd_sc_hd__xor2_1)
                                         _030_ (net)
                  0.05    0.00    0.81 v _324_/D (sky130_fd_sc_hd__dfrtp_4)
                                  0.81   data arrival time

                          0.00    0.00   clock core_clock (rise edge)
                          0.00    0.00   clock source latency
     1    0.02    0.00    0.00    0.00 ^ clk (in)
                                         clk (net)
                  0.00    0.00    0.00 ^ clkbuf_0_clk/A (sky130_fd_sc_hd__clkbuf_16)
     4    0.04    0.06    0.13    0.13 ^ clkbuf_0_clk/X (sky130_fd_sc_hd__clkbuf_16)
                                         clknet_0_clk (net)
                  0.06    0.00    0.13 ^ clkbuf_2_0__f_clk/A (sky130_fd_sc_hd__clkbuf_16)
     9    0.03    0.05    0.14    0.27 ^ clkbuf_2_0__f_clk/X (sky130_fd_sc_hd__clkbuf_16)
                                         clknet_2_0__leaf_clk (net)
                  0.05    0.00    0.27 ^ _324_/CLK (sky130_fd_sc_hd__dfrtp_4)
                          0.00    0.27   clock reconvergence pessimism
                         -0.04    0.23   library hold time
                                  0.23   data required time
-----------------------------------------------------------------------------
                                  0.23   data required time
                                 -0.81   data arrival time
-----------------------------------------------------------------------------
                                  0.58   slack (MET)


Startpoint: _333_ (rising edge-triggered flip-flop clocked by core_clock)
Endpoint: _333_ (rising edge-triggered flip-flop clocked by core_clock)
Path Group: core_clock
Path Type: min

Fanout     Cap    Slew   Delay    Time   Description
-----------------------------------------------------------------------------
                          0.00    0.00   clock core_clock (rise edge)
                          0.00    0.00   clock source latency
     1    0.02    0.00    0.00    0.00 ^ clk (in)
                                         clk (net)
                  0.00    0.00    0.00 ^ clkbuf_0_clk/A (sky130_fd_sc_hd__clkbuf_16)
     4    0.04    0.06    0.13    0.13 ^ clkbuf_0_clk/X (sky130_fd_sc_hd__clkbuf_16)
                                         clknet_0_clk (net)
                  0.06    0.00    0.13 ^ clkbuf_2_1__f_clk/A (sky130_fd_sc_hd__clkbuf_16)
    11    0.04    0.06    0.14    0.27 ^ clkbuf_2_1__f_clk/X (sky130_fd_sc_hd__clkbuf_16)
                                         clknet_2_1__leaf_clk (net)
                  0.06    0.00    0.27 ^ _333_/CLK (sky130_fd_sc_hd__dfrtp_2)
     3    0.02    0.12    0.41    0.68 ^ _333_/Q (sky130_fd_sc_hd__dfrtp_2)
                                         div.count[13] (net)
                  0.12    0.00    0.68 ^ _212_/A1 (sky130_fd_sc_hd__o21ba_1)
     1    0.00    0.05    0.15    0.83 ^ _212_/X (sky130_fd_sc_hd__o21ba_1)
                                         _008_ (net)
                  0.05    0.00    0.83 ^ _333_/D (sky130_fd_sc_hd__dfrtp_2)
                                  0.83   data arrival time

                          0.00    0.00   clock core_clock (rise edge)
                          0.00    0.00   clock source latency
     1    0.02    0.00    0.00    0.00 ^ clk (in)
                                         clk (net)
                  0.00    0.00    0.00 ^ clkbuf_0_clk/A (sky130_fd_sc_hd__clkbuf_16)
     4    0.04    0.06    0.13    0.13 ^ clkbuf_0_clk/X (sky130_fd_sc_hd__clkbuf_16)
                                         clknet_0_clk (net)
                  0.06    0.00    0.13 ^ clkbuf_2_1__f_clk/A (sky130_fd_sc_hd__clkbuf_16)
    11    0.04    0.06    0.14    0.27 ^ clkbuf_2_1__f_clk/X (sky130_fd_sc_hd__clkbuf_16)
                                         clknet_2_1__leaf_clk (net)
                  0.06    0.00    0.27 ^ _333_/CLK (sky130_fd_sc_hd__dfrtp_2)
                          0.00    0.27   clock reconvergence pessimism
                         -0.03    0.23   library hold time
                                  0.23   data required time
-----------------------------------------------------------------------------
                                  0.23   data required time
                                 -0.83   data arrival time
-----------------------------------------------------------------------------
                                  0.59   slack (MET)


Startpoint: _356_ (rising edge-triggered flip-flop clocked by core_clock)
Endpoint: _356_ (rising edge-triggered flip-flop clocked by core_clock)
Path Group: core_clock
Path Type: min

Fanout     Cap    Slew   Delay    Time   Description
-----------------------------------------------------------------------------
                          0.00    0.00   clock core_clock (rise edge)
                          0.00    0.00   clock source latency
     1    0.02    0.00    0.00    0.00 ^ clk (in)
                                         clk (net)
                  0.00    0.00    0.00 ^ clkbuf_0_clk/A (sky130_fd_sc_hd__clkbuf_16)
     4    0.04    0.06    0.13    0.13 ^ clkbuf_0_clk/X (sky130_fd_sc_hd__clkbuf_16)
                                         clknet_0_clk (net)
                  0.06    0.00    0.13 ^ clkbuf_2_1__f_clk/A (sky130_fd_sc_hd__clkbuf_16)
    11    0.04    0.06    0.14    0.27 ^ clkbuf_2_1__f_clk/X (sky130_fd_sc_hd__clkbuf_16)
                                         clknet_2_1__leaf_clk (net)
                  0.06    0.00    0.27 ^ _356_/CLK (sky130_fd_sc_hd__dfrtp_4)
     5    0.03    0.10    0.45    0.72 ^ _356_/Q (sky130_fd_sc_hd__dfrtp_4)
                                         counter.clk (net)
                  0.10    0.00    0.72 ^ _168_/A (sky130_fd_sc_hd__xnor2_1)
     1    0.01    0.06    0.10    0.82 v _168_/Y (sky130_fd_sc_hd__xnor2_1)
                                         _073_ (net)
                  0.06    0.00    0.82 v _356_/D (sky130_fd_sc_hd__dfrtp_4)
                                  0.82   data arrival time

                          0.00    0.00   clock core_clock (rise edge)
                          0.00    0.00   clock source latency
     1    0.02    0.00    0.00    0.00 ^ clk (in)
                                         clk (net)
                  0.00    0.00    0.00 ^ clkbuf_0_clk/A (sky130_fd_sc_hd__clkbuf_16)
     4    0.04    0.06    0.13    0.13 ^ clkbuf_0_clk/X (sky130_fd_sc_hd__clkbuf_16)
                                         clknet_0_clk (net)
                  0.06    0.00    0.13 ^ clkbuf_2_1__f_clk/A (sky130_fd_sc_hd__clkbuf_16)
    11    0.04    0.06    0.14    0.27 ^ clkbuf_2_1__f_clk/X (sky130_fd_sc_hd__clkbuf_16)
                                         clknet_2_1__leaf_clk (net)
                  0.06    0.00    0.27 ^ _356_/CLK (sky130_fd_sc_hd__dfrtp_4)
                          0.00    0.27   clock reconvergence pessimism
                         -0.04    0.23   library hold time
                                  0.23   data required time
-----------------------------------------------------------------------------
                                  0.23   data required time
                                 -0.82   data arrival time
-----------------------------------------------------------------------------
                                  0.59   slack (MET)


Startpoint: _336_ (rising edge-triggered flip-flop clocked by core_clock)
Endpoint: _336_ (rising edge-triggered flip-flop clocked by core_clock)
Path Group: core_clock
Path Type: min

Fanout     Cap    Slew   Delay    Time   Description
-----------------------------------------------------------------------------
                          0.00    0.00   clock core_clock (rise edge)
                          0.00    0.00   clock source latency
     1    0.02    0.00    0.00    0.00 ^ clk (in)
                                         clk (net)
                  0.00    0.00    0.00 ^ clkbuf_0_clk/A (sky130_fd_sc_hd__clkbuf_16)
     4    0.04    0.06    0.13    0.13 ^ clkbuf_0_clk/X (sky130_fd_sc_hd__clkbuf_16)
                                         clknet_0_clk (net)
                  0.06    0.00    0.13 ^ clkbuf_2_0__f_clk/A (sky130_fd_sc_hd__clkbuf_16)
     9    0.03    0.05    0.14    0.27 ^ clkbuf_2_0__f_clk/X (sky130_fd_sc_hd__clkbuf_16)
                                         clknet_2_0__leaf_clk (net)
                  0.05    0.00    0.27 ^ _336_/CLK (sky130_fd_sc_hd__dfrtp_4)
     6    0.03    0.11    0.46    0.72 ^ _336_/Q (sky130_fd_sc_hd__dfrtp_4)
                                         div.count[16] (net)
                  0.11    0.00    0.72 ^ _219_/A (sky130_fd_sc_hd__xor2_1)
     1    0.01    0.05    0.10    0.82 v _219_/X (sky130_fd_sc_hd__xor2_1)
                                         _011_ (net)
                  0.05    0.00    0.82 v _336_/D (sky130_fd_sc_hd__dfrtp_4)
                                  0.82   data arrival time

                          0.00    0.00   clock core_clock (rise edge)
                          0.00    0.00   clock source latency
     1    0.02    0.00    0.00    0.00 ^ clk (in)
                                         clk (net)
                  0.00    0.00    0.00 ^ clkbuf_0_clk/A (sky130_fd_sc_hd__clkbuf_16)
     4    0.04    0.06    0.13    0.13 ^ clkbuf_0_clk/X (sky130_fd_sc_hd__clkbuf_16)
                                         clknet_0_clk (net)
                  0.06    0.00    0.13 ^ clkbuf_2_0__f_clk/A (sky130_fd_sc_hd__clkbuf_16)
     9    0.03    0.05    0.14    0.27 ^ clkbuf_2_0__f_clk/X (sky130_fd_sc_hd__clkbuf_16)
                                         clknet_2_0__leaf_clk (net)
                  0.05    0.00    0.27 ^ _336_/CLK (sky130_fd_sc_hd__dfrtp_4)
                          0.00    0.27   clock reconvergence pessimism
                         -0.04    0.22   library hold time
                                  0.22   data required time
-----------------------------------------------------------------------------
                                  0.22   data required time
                                 -0.82   data arrival time
-----------------------------------------------------------------------------
                                  0.59   slack (MET)


Startpoint: _332_ (rising edge-triggered flip-flop clocked by core_clock)
Endpoint: _332_ (rising edge-triggered flip-flop clocked by core_clock)
Path Group: core_clock
Path Type: min

Fanout     Cap    Slew   Delay    Time   Description
-----------------------------------------------------------------------------
                          0.00    0.00   clock core_clock (rise edge)
                          0.00    0.00   clock source latency
     1    0.02    0.00    0.00    0.00 ^ clk (in)
                                         clk (net)
                  0.00    0.00    0.00 ^ clkbuf_0_clk/A (sky130_fd_sc_hd__clkbuf_16)
     4    0.04    0.06    0.13    0.13 ^ clkbuf_0_clk/X (sky130_fd_sc_hd__clkbuf_16)
                                         clknet_0_clk (net)
                  0.06    0.00    0.13 ^ clkbuf_2_1__f_clk/A (sky130_fd_sc_hd__clkbuf_16)
    11    0.04    0.06    0.14    0.27 ^ clkbuf_2_1__f_clk/X (sky130_fd_sc_hd__clkbuf_16)
                                         clknet_2_1__leaf_clk (net)
                  0.06    0.00    0.27 ^ _332_/CLK (sky130_fd_sc_hd__dfrtp_4)
     4    0.03    0.10    0.45    0.72 ^ _332_/Q (sky130_fd_sc_hd__dfrtp_4)
                                         div.count[12] (net)
                  0.10    0.00    0.72 ^ _208_/A (sky130_fd_sc_hd__xnor2_1)
     1    0.01    0.06    0.10    0.82 v _208_/Y (sky130_fd_sc_hd__xnor2_1)
                                         _007_ (net)
                  0.06    0.00    0.82 v _332_/D (sky130_fd_sc_hd__dfrtp_4)
                                  0.82   data arrival time

                          0.00    0.00   clock core_clock (rise edge)
                          0.00    0.00   clock source latency
     1    0.02    0.00    0.00    0.00 ^ clk (in)
                                         clk (net)
                  0.00    0.00    0.00 ^ clkbuf_0_clk/A (sky130_fd_sc_hd__clkbuf_16)
     4    0.04    0.06    0.13    0.13 ^ clkbuf_0_clk/X (sky130_fd_sc_hd__clkbuf_16)
                                         clknet_0_clk (net)
                  0.06    0.00    0.13 ^ clkbuf_2_1__f_clk/A (sky130_fd_sc_hd__clkbuf_16)
    11    0.04    0.06    0.14    0.27 ^ clkbuf_2_1__f_clk/X (sky130_fd_sc_hd__clkbuf_16)
                                         clknet_2_1__leaf_clk (net)
                  0.06    0.00    0.27 ^ _332_/CLK (sky130_fd_sc_hd__dfrtp_4)
                          0.00    0.27   clock reconvergence pessimism
                         -0.04    0.23   library hold time
                                  0.23   data required time
-----------------------------------------------------------------------------
                                  0.23   data required time
                                 -0.82   data arrival time
-----------------------------------------------------------------------------
                                  0.60   slack (MET)


Startpoint: _334_ (rising edge-triggered flip-flop clocked by core_clock)
Endpoint: _334_ (rising edge-triggered flip-flop clocked by core_clock)
Path Group: core_clock
Path Type: min

Fanout     Cap    Slew   Delay    Time   Description
-----------------------------------------------------------------------------
                          0.00    0.00   clock core_clock (rise edge)
                          0.00    0.00   clock source latency
     1    0.02    0.00    0.00    0.00 ^ clk (in)
                                         clk (net)
                  0.00    0.00    0.00 ^ clkbuf_0_clk/A (sky130_fd_sc_hd__clkbuf_16)
     4    0.04    0.06    0.13    0.13 ^ clkbuf_0_clk/X (sky130_fd_sc_hd__clkbuf_16)
                                         clknet_0_clk (net)
                  0.06    0.00    0.13 ^ clkbuf_2_2__f_clk/A (sky130_fd_sc_hd__clkbuf_16)
     7    0.03    0.05    0.14    0.27 ^ clkbuf_2_2__f_clk/X (sky130_fd_sc_hd__clkbuf_16)
                                         clknet_2_2__leaf_clk (net)
                  0.05    0.00    0.27 ^ _334_/CLK (sky130_fd_sc_hd__dfrtp_2)
     4    0.02    0.11    0.41    0.67 ^ _334_/Q (sky130_fd_sc_hd__dfrtp_2)
                                         div.count[14] (net)
                  0.11    0.00    0.67 ^ _214_/A1 (sky130_fd_sc_hd__o211a_1)
     1    0.00    0.04    0.16    0.83 ^ _214_/X (sky130_fd_sc_hd__o211a_1)
                                         _009_ (net)
                  0.04    0.00    0.83 ^ _334_/D (sky130_fd_sc_hd__dfrtp_2)
                                  0.83   data arrival time

                          0.00    0.00   clock core_clock (rise edge)
                          0.00    0.00   clock source latency
     1    0.02    0.00    0.00    0.00 ^ clk (in)
                                         clk (net)
                  0.00    0.00    0.00 ^ clkbuf_0_clk/A (sky130_fd_sc_hd__clkbuf_16)
     4    0.04    0.06    0.13    0.13 ^ clkbuf_0_clk/X (sky130_fd_sc_hd__clkbuf_16)
                                         clknet_0_clk (net)
                  0.06    0.00    0.13 ^ clkbuf_2_2__f_clk/A (sky130_fd_sc_hd__clkbuf_16)
     7    0.03    0.05    0.14    0.27 ^ clkbuf_2_2__f_clk/X (sky130_fd_sc_hd__clkbuf_16)
                                         clknet_2_2__leaf_clk (net)
                  0.05    0.00    0.27 ^ _334_/CLK (sky130_fd_sc_hd__dfrtp_2)
                          0.00    0.27   clock reconvergence pessimism
                         -0.03    0.23   library hold time
                                  0.23   data required time
-----------------------------------------------------------------------------
                                  0.23   data required time
                                 -0.83   data arrival time
-----------------------------------------------------------------------------
                                  0.60   slack (MET)


Startpoint: _328_ (rising edge-triggered flip-flop clocked by core_clock)
Endpoint: _328_ (rising edge-triggered flip-flop clocked by core_clock)
Path Group: core_clock
Path Type: min

Fanout     Cap    Slew   Delay    Time   Description
-----------------------------------------------------------------------------
                          0.00    0.00   clock core_clock (rise edge)
                          0.00    0.00   clock source latency
     1    0.02    0.00    0.00    0.00 ^ clk (in)
                                         clk (net)
                  0.00    0.00    0.00 ^ clkbuf_0_clk/A (sky130_fd_sc_hd__clkbuf_16)
     4    0.04    0.06    0.13    0.13 ^ clkbuf_0_clk/X (sky130_fd_sc_hd__clkbuf_16)
                                         clknet_0_clk (net)
                  0.06    0.00    0.13 ^ clkbuf_2_1__f_clk/A (sky130_fd_sc_hd__clkbuf_16)
    11    0.04    0.06    0.14    0.27 ^ clkbuf_2_1__f_clk/X (sky130_fd_sc_hd__clkbuf_16)
                                         clknet_2_1__leaf_clk (net)
                  0.06    0.00    0.27 ^ _328_/CLK (sky130_fd_sc_hd__dfrtp_4)
     6    0.04    0.13    0.47    0.74 ^ _328_/Q (sky130_fd_sc_hd__dfrtp_4)
                                         div.count[8] (net)
                  0.13    0.00    0.74 ^ _194_/A1 (sky130_fd_sc_hd__a21oi_1)
     1    0.00    0.05    0.09    0.83 v _194_/Y (sky130_fd_sc_hd__a21oi_1)
                                         _034_ (net)
                  0.05    0.00    0.83 v _328_/D (sky130_fd_sc_hd__dfrtp_4)
                                  0.83   data arrival time

                          0.00    0.00   clock core_clock (rise edge)
                          0.00    0.00   clock source latency
     1    0.02    0.00    0.00    0.00 ^ clk (in)
                                         clk (net)
                  0.00    0.00    0.00 ^ clkbuf_0_clk/A (sky130_fd_sc_hd__clkbuf_16)
     4    0.04    0.06    0.13    0.13 ^ clkbuf_0_clk/X (sky130_fd_sc_hd__clkbuf_16)
                                         clknet_0_clk (net)
                  0.06    0.00    0.13 ^ clkbuf_2_1__f_clk/A (sky130_fd_sc_hd__clkbuf_16)
    11    0.04    0.06    0.14    0.27 ^ clkbuf_2_1__f_clk/X (sky130_fd_sc_hd__clkbuf_16)
                                         clknet_2_1__leaf_clk (net)
                  0.06    0.00    0.27 ^ _328_/CLK (sky130_fd_sc_hd__dfrtp_4)
                          0.00    0.27   clock reconvergence pessimism
                         -0.04    0.23   library hold time
                                  0.23   data required time
-----------------------------------------------------------------------------
                                  0.23   data required time
                                 -0.83   data arrival time
-----------------------------------------------------------------------------
                                  0.60   slack (MET)


Startpoint: _335_ (rising edge-triggered flip-flop clocked by core_clock)
Endpoint: _335_ (rising edge-triggered flip-flop clocked by core_clock)
Path Group: core_clock
Path Type: min

Fanout     Cap    Slew   Delay    Time   Description
-----------------------------------------------------------------------------
                          0.00    0.00   clock core_clock (rise edge)
                          0.00    0.00   clock source latency
     1    0.02    0.00    0.00    0.00 ^ clk (in)
                                         clk (net)
                  0.00    0.00    0.00 ^ clkbuf_0_clk/A (sky130_fd_sc_hd__clkbuf_16)
     4    0.04    0.06    0.13    0.13 ^ clkbuf_0_clk/X (sky130_fd_sc_hd__clkbuf_16)
                                         clknet_0_clk (net)
                  0.06    0.00    0.13 ^ clkbuf_2_3__f_clk/A (sky130_fd_sc_hd__clkbuf_16)
     9    0.03    0.05    0.14    0.27 ^ clkbuf_2_3__f_clk/X (sky130_fd_sc_hd__clkbuf_16)
                                         clknet_2_3__leaf_clk (net)
                  0.05    0.00    0.27 ^ _335_/CLK (sky130_fd_sc_hd__dfrtp_4)
     3    0.02    0.10    0.45    0.71 ^ _335_/Q (sky130_fd_sc_hd__dfrtp_4)
                                         div.count[15] (net)
                  0.10    0.00    0.71 ^ _215_/A (sky130_fd_sc_hd__xnor2_2)
     1    0.01    0.07    0.11    0.82 v _215_/Y (sky130_fd_sc_hd__xnor2_2)
                                         _010_ (net)
                  0.07    0.00    0.82 v _335_/D (sky130_fd_sc_hd__dfrtp_4)
                                  0.82   data arrival time

                          0.00    0.00   clock core_clock (rise edge)
                          0.00    0.00   clock source latency
     1    0.02    0.00    0.00    0.00 ^ clk (in)
                                         clk (net)
                  0.00    0.00    0.00 ^ clkbuf_0_clk/A (sky130_fd_sc_hd__clkbuf_16)
     4    0.04    0.06    0.13    0.13 ^ clkbuf_0_clk/X (sky130_fd_sc_hd__clkbuf_16)
                                         clknet_0_clk (net)
                  0.06    0.00    0.13 ^ clkbuf_2_3__f_clk/A (sky130_fd_sc_hd__clkbuf_16)
     9    0.03    0.05    0.14    0.27 ^ clkbuf_2_3__f_clk/X (sky130_fd_sc_hd__clkbuf_16)
                                         clknet_2_3__leaf_clk (net)
                  0.05    0.00    0.27 ^ _335_/CLK (sky130_fd_sc_hd__dfrtp_4)
                          0.00    0.27   clock reconvergence pessimism
                         -0.05    0.21   library hold time
                                  0.21   data required time
-----------------------------------------------------------------------------
                                  0.21   data required time
                                 -0.82   data arrival time
-----------------------------------------------------------------------------
                                  0.61   slack (MET)


Startpoint: _341_ (rising edge-triggered flip-flop clocked by core_clock)
Endpoint: _341_ (rising edge-triggered flip-flop clocked by core_clock)
Path Group: core_clock
Path Type: min

Fanout     Cap    Slew   Delay    Time   Description
-----------------------------------------------------------------------------
                          0.00    0.00   clock core_clock (rise edge)
                          0.00    0.00   clock source latency
     1    0.02    0.00    0.00    0.00 ^ clk (in)
                                         clk (net)
                  0.00    0.00    0.00 ^ clkbuf_0_clk/A (sky130_fd_sc_hd__clkbuf_16)
     4    0.04    0.06    0.13    0.13 ^ clkbuf_0_clk/X (sky130_fd_sc_hd__clkbuf_16)
                                         clknet_0_clk (net)
                  0.06    0.00    0.13 ^ clkbuf_2_1__f_clk/A (sky130_fd_sc_hd__clkbuf_16)
    11    0.04    0.06    0.14    0.27 ^ clkbuf_2_1__f_clk/X (sky130_fd_sc_hd__clkbuf_16)
                                         clknet_2_1__leaf_clk (net)
                  0.06    0.00    0.27 ^ _341_/CLK (sky130_fd_sc_hd__dfrtp_4)
     5    0.03    0.11    0.46    0.73 ^ _341_/Q (sky130_fd_sc_hd__dfrtp_4)
                                         div.count[21] (net)
                  0.11    0.00    0.73 ^ _235_/A (sky130_fd_sc_hd__xor2_1)
     1    0.01    0.06    0.11    0.84 v _235_/X (sky130_fd_sc_hd__xor2_1)
                                         _017_ (net)
                  0.06    0.00    0.84 v _341_/D (sky130_fd_sc_hd__dfrtp_4)
                                  0.84   data arrival time

                          0.00    0.00   clock core_clock (rise edge)
                          0.00    0.00   clock source latency
     1    0.02    0.00    0.00    0.00 ^ clk (in)
                                         clk (net)
                  0.00    0.00    0.00 ^ clkbuf_0_clk/A (sky130_fd_sc_hd__clkbuf_16)
     4    0.04    0.06    0.13    0.13 ^ clkbuf_0_clk/X (sky130_fd_sc_hd__clkbuf_16)
                                         clknet_0_clk (net)
                  0.06    0.00    0.13 ^ clkbuf_2_1__f_clk/A (sky130_fd_sc_hd__clkbuf_16)
    11    0.04    0.06    0.14    0.27 ^ clkbuf_2_1__f_clk/X (sky130_fd_sc_hd__clkbuf_16)
                                         clknet_2_1__leaf_clk (net)
                  0.06    0.00    0.27 ^ _341_/CLK (sky130_fd_sc_hd__dfrtp_4)
                          0.00    0.27   clock reconvergence pessimism
                         -0.05    0.22   library hold time
                                  0.22   data required time
-----------------------------------------------------------------------------
                                  0.22   data required time
                                 -0.84   data arrival time
-----------------------------------------------------------------------------
                                  0.61   slack (MET)


Startpoint: _347_ (rising edge-triggered flip-flop clocked by core_clock)
Endpoint: _347_ (rising edge-triggered flip-flop clocked by core_clock)
Path Group: core_clock
Path Type: min

Fanout     Cap    Slew   Delay    Time   Description
-----------------------------------------------------------------------------
                          0.00    0.00   clock core_clock (rise edge)
                          0.00    0.00   clock source latency
     1    0.02    0.00    0.00    0.00 ^ clk (in)
                                         clk (net)
                  0.00    0.00    0.00 ^ clkbuf_0_clk/A (sky130_fd_sc_hd__clkbuf_16)
     4    0.04    0.06    0.13    0.13 ^ clkbuf_0_clk/X (sky130_fd_sc_hd__clkbuf_16)
                                         clknet_0_clk (net)
                  0.06    0.00    0.13 ^ clkbuf_2_3__f_clk/A (sky130_fd_sc_hd__clkbuf_16)
     9    0.03    0.05    0.14    0.27 ^ clkbuf_2_3__f_clk/X (sky130_fd_sc_hd__clkbuf_16)
                                         clknet_2_3__leaf_clk (net)
                  0.05    0.00    0.27 ^ _347_/CLK (sky130_fd_sc_hd__dfrtp_1)
     3    0.02    0.16    0.41    0.67 ^ _347_/Q (sky130_fd_sc_hd__dfrtp_1)
                                         div.count[27] (net)
                  0.16    0.00    0.67 ^ _252_/A1 (sky130_fd_sc_hd__o21ba_1)
     1    0.01    0.07    0.18    0.85 ^ _252_/X (sky130_fd_sc_hd__o21ba_1)
                                         _023_ (net)
                  0.07    0.00    0.85 ^ _347_/D (sky130_fd_sc_hd__dfrtp_1)
                                  0.85   data arrival time

                          0.00    0.00   clock core_clock (rise edge)
                          0.00    0.00   clock source latency
     1    0.02    0.00    0.00    0.00 ^ clk (in)
                                         clk (net)
                  0.00    0.00    0.00 ^ clkbuf_0_clk/A (sky130_fd_sc_hd__clkbuf_16)
     4    0.04    0.06    0.13    0.13 ^ clkbuf_0_clk/X (sky130_fd_sc_hd__clkbuf_16)
                                         clknet_0_clk (net)
                  0.06    0.00    0.13 ^ clkbuf_2_3__f_clk/A (sky130_fd_sc_hd__clkbuf_16)
     9    0.03    0.05    0.14    0.27 ^ clkbuf_2_3__f_clk/X (sky130_fd_sc_hd__clkbuf_16)
                                         clknet_2_3__leaf_clk (net)
                  0.05    0.00    0.27 ^ _347_/CLK (sky130_fd_sc_hd__dfrtp_1)
                          0.00    0.27   clock reconvergence pessimism
                         -0.04    0.23   library hold time
                                  0.23   data required time
-----------------------------------------------------------------------------
                                  0.23   data required time
                                 -0.85   data arrival time
-----------------------------------------------------------------------------
                                  0.62   slack (MET)


Startpoint: _344_ (rising edge-triggered flip-flop clocked by core_clock)
Endpoint: _344_ (rising edge-triggered flip-flop clocked by core_clock)
Path Group: core_clock
Path Type: min

Fanout     Cap    Slew   Delay    Time   Description
-----------------------------------------------------------------------------
                          0.00    0.00   clock core_clock (rise edge)
                          0.00    0.00   clock source latency
     1    0.02    0.00    0.00    0.00 ^ clk (in)
                                         clk (net)
                  0.00    0.00    0.00 ^ clkbuf_0_clk/A (sky130_fd_sc_hd__clkbuf_16)
     4    0.04    0.06    0.13    0.13 ^ clkbuf_0_clk/X (sky130_fd_sc_hd__clkbuf_16)
                                         clknet_0_clk (net)
                  0.06    0.00    0.13 ^ clkbuf_2_3__f_clk/A (sky130_fd_sc_hd__clkbuf_16)
     9    0.03    0.05    0.14    0.27 ^ clkbuf_2_3__f_clk/X (sky130_fd_sc_hd__clkbuf_16)
                                         clknet_2_3__leaf_clk (net)
                  0.05    0.00    0.27 ^ _344_/CLK (sky130_fd_sc_hd__dfrtp_4)
     6    0.03    0.11    0.46    0.72 ^ _344_/Q (sky130_fd_sc_hd__dfrtp_4)
                                         div.count[24] (net)
                  0.11    0.00    0.72 ^ _244_/A (sky130_fd_sc_hd__xor2_1)
     1    0.01    0.07    0.12    0.84 v _244_/X (sky130_fd_sc_hd__xor2_1)
                                         _020_ (net)
                  0.07    0.00    0.84 v _344_/D (sky130_fd_sc_hd__dfrtp_4)
                                  0.84   data arrival time

                          0.00    0.00   clock core_clock (rise edge)
                          0.00    0.00   clock source latency
     1    0.02    0.00    0.00    0.00 ^ clk (in)
                                         clk (net)
                  0.00    0.00    0.00 ^ clkbuf_0_clk/A (sky130_fd_sc_hd__clkbuf_16)
     4    0.04    0.06    0.13    0.13 ^ clkbuf_0_clk/X (sky130_fd_sc_hd__clkbuf_16)
                                         clknet_0_clk (net)
                  0.06    0.00    0.13 ^ clkbuf_2_3__f_clk/A (sky130_fd_sc_hd__clkbuf_16)
     9    0.03    0.05    0.14    0.27 ^ clkbuf_2_3__f_clk/X (sky130_fd_sc_hd__clkbuf_16)
                                         clknet_2_3__leaf_clk (net)
                  0.05    0.00    0.27 ^ _344_/CLK (sky130_fd_sc_hd__dfrtp_4)
                          0.00    0.27   clock reconvergence pessimism
                         -0.05    0.22   library hold time
                                  0.22   data required time
-----------------------------------------------------------------------------
                                  0.22   data required time
                                 -0.84   data arrival time
-----------------------------------------------------------------------------
                                  0.62   slack (MET)


Startpoint: _322_ (rising edge-triggered flip-flop clocked by core_clock)
Endpoint: _322_ (rising edge-triggered flip-flop clocked by core_clock)
Path Group: core_clock
Path Type: min

Fanout     Cap    Slew   Delay    Time   Description
-----------------------------------------------------------------------------
                          0.00    0.00   clock core_clock (rise edge)
                          0.00    0.00   clock source latency
     1    0.02    0.00    0.00    0.00 ^ clk (in)
                                         clk (net)
                  0.00    0.00    0.00 ^ clkbuf_0_clk/A (sky130_fd_sc_hd__clkbuf_16)
     4    0.04    0.06    0.13    0.13 ^ clkbuf_0_clk/X (sky130_fd_sc_hd__clkbuf_16)
                                         clknet_0_clk (net)
                  0.06    0.00    0.13 ^ clkbuf_2_1__f_clk/A (sky130_fd_sc_hd__clkbuf_16)
    11    0.04    0.06    0.14    0.27 ^ clkbuf_2_1__f_clk/X (sky130_fd_sc_hd__clkbuf_16)
                                         clknet_2_1__leaf_clk (net)
                  0.06    0.00    0.27 ^ _322_/CLK (sky130_fd_sc_hd__dfrtp_4)
     4    0.02    0.10    0.45    0.71 ^ _322_/Q (sky130_fd_sc_hd__dfrtp_4)
                                         div.count[2] (net)
                  0.10    0.00    0.72 ^ _175_/A (sky130_fd_sc_hd__xnor2_1)
     1    0.01    0.09    0.12    0.84 v _175_/Y (sky130_fd_sc_hd__xnor2_1)
                                         _026_ (net)
                  0.09    0.00    0.84 v _322_/D (sky130_fd_sc_hd__dfrtp_4)
                                  0.84   data arrival time

                          0.00    0.00   clock core_clock (rise edge)
                          0.00    0.00   clock source latency
     1    0.02    0.00    0.00    0.00 ^ clk (in)
                                         clk (net)
                  0.00    0.00    0.00 ^ clkbuf_0_clk/A (sky130_fd_sc_hd__clkbuf_16)
     4    0.04    0.06    0.13    0.13 ^ clkbuf_0_clk/X (sky130_fd_sc_hd__clkbuf_16)
                                         clknet_0_clk (net)
                  0.06    0.00    0.13 ^ clkbuf_2_1__f_clk/A (sky130_fd_sc_hd__clkbuf_16)
    11    0.04    0.06    0.14    0.27 ^ clkbuf_2_1__f_clk/X (sky130_fd_sc_hd__clkbuf_16)
                                         clknet_2_1__leaf_clk (net)
                  0.06    0.00    0.27 ^ _322_/CLK (sky130_fd_sc_hd__dfrtp_4)
                          0.00    0.27   clock reconvergence pessimism
                         -0.06    0.21   library hold time
                                  0.21   data required time
-----------------------------------------------------------------------------
                                  0.21   data required time
                                 -0.84   data arrival time
-----------------------------------------------------------------------------
                                  0.63   slack (MET)


Startpoint: _330_ (rising edge-triggered flip-flop clocked by core_clock)
Endpoint: _330_ (rising edge-triggered flip-flop clocked by core_clock)
Path Group: core_clock
Path Type: min

Fanout     Cap    Slew   Delay    Time   Description
-----------------------------------------------------------------------------
                          0.00    0.00   clock core_clock (rise edge)
                          0.00    0.00   clock source latency
     1    0.02    0.00    0.00    0.00 ^ clk (in)
                                         clk (net)
                  0.00    0.00    0.00 ^ clkbuf_0_clk/A (sky130_fd_sc_hd__clkbuf_16)
     4    0.04    0.06    0.13    0.13 ^ clkbuf_0_clk/X (sky130_fd_sc_hd__clkbuf_16)
                                         clknet_0_clk (net)
                  0.06    0.00    0.13 ^ clkbuf_2_2__f_clk/A (sky130_fd_sc_hd__clkbuf_16)
     7    0.03    0.05    0.14    0.27 ^ clkbuf_2_2__f_clk/X (sky130_fd_sc_hd__clkbuf_16)
                                         clknet_2_2__leaf_clk (net)
                  0.05    0.00    0.27 ^ _330_/CLK (sky130_fd_sc_hd__dfrtp_4)
     6    0.04    0.14    0.48    0.75 ^ _330_/Q (sky130_fd_sc_hd__dfrtp_4)
                                         div.count[10] (net)
                  0.14    0.00    0.75 ^ _203_/A (sky130_fd_sc_hd__xor2_2)
     1    0.01    0.05    0.11    0.86 v _203_/X (sky130_fd_sc_hd__xor2_2)
                                         _005_ (net)
                  0.05    0.00    0.86 v _330_/D (sky130_fd_sc_hd__dfrtp_4)
                                  0.86   data arrival time

                          0.00    0.00   clock core_clock (rise edge)
                          0.00    0.00   clock source latency
     1    0.02    0.00    0.00    0.00 ^ clk (in)
                                         clk (net)
                  0.00    0.00    0.00 ^ clkbuf_0_clk/A (sky130_fd_sc_hd__clkbuf_16)
     4    0.04    0.06    0.13    0.13 ^ clkbuf_0_clk/X (sky130_fd_sc_hd__clkbuf_16)
                                         clknet_0_clk (net)
                  0.06    0.00    0.13 ^ clkbuf_2_2__f_clk/A (sky130_fd_sc_hd__clkbuf_16)
     7    0.03    0.05    0.14    0.27 ^ clkbuf_2_2__f_clk/X (sky130_fd_sc_hd__clkbuf_16)
                                         clknet_2_2__leaf_clk (net)
                  0.05    0.00    0.27 ^ _330_/CLK (sky130_fd_sc_hd__dfrtp_4)
                          0.00    0.27   clock reconvergence pessimism
                         -0.04    0.22   library hold time
                                  0.22   data required time
-----------------------------------------------------------------------------
                                  0.22   data required time
                                 -0.86   data arrival time
-----------------------------------------------------------------------------
                                  0.64   slack (MET)


Startpoint: _327_ (rising edge-triggered flip-flop clocked by core_clock)
Endpoint: _327_ (rising edge-triggered flip-flop clocked by core_clock)
Path Group: core_clock
Path Type: min

Fanout     Cap    Slew   Delay    Time   Description
-----------------------------------------------------------------------------
                          0.00    0.00   clock core_clock (rise edge)
                          0.00    0.00   clock source latency
     1    0.02    0.00    0.00    0.00 ^ clk (in)
                                         clk (net)
                  0.00    0.00    0.00 ^ clkbuf_0_clk/A (sky130_fd_sc_hd__clkbuf_16)
     4    0.04    0.06    0.13    0.13 ^ clkbuf_0_clk/X (sky130_fd_sc_hd__clkbuf_16)
                                         clknet_0_clk (net)
                  0.06    0.00    0.13 ^ clkbuf_2_2__f_clk/A (sky130_fd_sc_hd__clkbuf_16)
     7    0.03    0.05    0.14    0.27 ^ clkbuf_2_2__f_clk/X (sky130_fd_sc_hd__clkbuf_16)
                                         clknet_2_2__leaf_clk (net)
                  0.05    0.00    0.27 ^ _327_/CLK (sky130_fd_sc_hd__dfrtp_2)
     4    0.02    0.08    0.44    0.71 v _327_/Q (sky130_fd_sc_hd__dfrtp_2)
                                         div.count[7] (net)
                  0.08    0.00    0.71 v _189_/A (sky130_fd_sc_hd__inv_2)
     1    0.01    0.06    0.08    0.79 ^ _189_/Y (sky130_fd_sc_hd__inv_2)
                                         _098_ (net)
                  0.06    0.00    0.79 ^ _192_/A1 (sky130_fd_sc_hd__a21oi_1)
     1    0.01    0.05    0.08    0.87 v _192_/Y (sky130_fd_sc_hd__a21oi_1)
                                         _033_ (net)
                  0.05    0.00    0.87 v _327_/D (sky130_fd_sc_hd__dfrtp_2)
                                  0.87   data arrival time

                          0.00    0.00   clock core_clock (rise edge)
                          0.00    0.00   clock source latency
     1    0.02    0.00    0.00    0.00 ^ clk (in)
                                         clk (net)
                  0.00    0.00    0.00 ^ clkbuf_0_clk/A (sky130_fd_sc_hd__clkbuf_16)
     4    0.04    0.06    0.13    0.13 ^ clkbuf_0_clk/X (sky130_fd_sc_hd__clkbuf_16)
                                         clknet_0_clk (net)
                  0.06    0.00    0.13 ^ clkbuf_2_2__f_clk/A (sky130_fd_sc_hd__clkbuf_16)
     7    0.03    0.05    0.14    0.27 ^ clkbuf_2_2__f_clk/X (sky130_fd_sc_hd__clkbuf_16)
                                         clknet_2_2__leaf_clk (net)
                  0.05    0.00    0.27 ^ _327_/CLK (sky130_fd_sc_hd__dfrtp_2)
                          0.00    0.27   clock reconvergence pessimism
                         -0.04    0.22   library hold time
                                  0.22   data required time
-----------------------------------------------------------------------------
                                  0.22   data required time
                                 -0.87   data arrival time
-----------------------------------------------------------------------------
                                  0.64   slack (MET)


Startpoint: _340_ (rising edge-triggered flip-flop clocked by core_clock)
Endpoint: _340_ (rising edge-triggered flip-flop clocked by core_clock)
Path Group: core_clock
Path Type: min

Fanout     Cap    Slew   Delay    Time   Description
-----------------------------------------------------------------------------
                          0.00    0.00   clock core_clock (rise edge)
                          0.00    0.00   clock source latency
     1    0.02    0.00    0.00    0.00 ^ clk (in)
                                         clk (net)
                  0.00    0.00    0.00 ^ clkbuf_0_clk/A (sky130_fd_sc_hd__clkbuf_16)
     4    0.04    0.06    0.13    0.13 ^ clkbuf_0_clk/X (sky130_fd_sc_hd__clkbuf_16)
                                         clknet_0_clk (net)
                  0.06    0.00    0.13 ^ clkbuf_2_2__f_clk/A (sky130_fd_sc_hd__clkbuf_16)
     7    0.03    0.05    0.14    0.27 ^ clkbuf_2_2__f_clk/X (sky130_fd_sc_hd__clkbuf_16)
                                         clknet_2_2__leaf_clk (net)
                  0.05    0.00    0.27 ^ _340_/CLK (sky130_fd_sc_hd__dfrtp_4)
     4    0.02    0.10    0.45    0.71 ^ _340_/Q (sky130_fd_sc_hd__dfrtp_4)
                                         div.count[20] (net)
                  0.10    0.00    0.71 ^ _233_/B1 (sky130_fd_sc_hd__a21oi_1)
     1    0.01    0.06    0.08    0.79 v _233_/Y (sky130_fd_sc_hd__a21oi_1)
                                         _129_ (net)
                  0.06    0.00    0.79 v _234_/B (sky130_fd_sc_hd__nor2_1)
     1    0.00    0.09    0.10    0.89 ^ _234_/Y (sky130_fd_sc_hd__nor2_1)
                                         _016_ (net)
                  0.09    0.00    0.89 ^ _340_/D (sky130_fd_sc_hd__dfrtp_4)
                                  0.89   data arrival time

                          0.00    0.00   clock core_clock (rise edge)
                          0.00    0.00   clock source latency
     1    0.02    0.00    0.00    0.00 ^ clk (in)
                                         clk (net)
                  0.00    0.00    0.00 ^ clkbuf_0_clk/A (sky130_fd_sc_hd__clkbuf_16)
     4    0.04    0.06    0.13    0.13 ^ clkbuf_0_clk/X (sky130_fd_sc_hd__clkbuf_16)
                                         clknet_0_clk (net)
                  0.06    0.00    0.13 ^ clkbuf_2_2__f_clk/A (sky130_fd_sc_hd__clkbuf_16)
     7    0.03    0.05    0.14    0.27 ^ clkbuf_2_2__f_clk/X (sky130_fd_sc_hd__clkbuf_16)
                                         clknet_2_2__leaf_clk (net)
                  0.05    0.00    0.27 ^ _340_/CLK (sky130_fd_sc_hd__dfrtp_4)
                          0.00    0.27   clock reconvergence pessimism
                         -0.04    0.22   library hold time
                                  0.22   data required time
-----------------------------------------------------------------------------
                                  0.22   data required time
                                 -0.89   data arrival time
-----------------------------------------------------------------------------
                                  0.67   slack (MET)


Startpoint: _349_ (rising edge-triggered flip-flop clocked by core_clock)
Endpoint: _349_ (rising edge-triggered flip-flop clocked by core_clock)
Path Group: core_clock
Path Type: min

Fanout     Cap    Slew   Delay    Time   Description
-----------------------------------------------------------------------------
                          0.00    0.00   clock core_clock (rise edge)
                          0.00    0.00   clock source latency
     1    0.02    0.00    0.00    0.00 ^ clk (in)
                                         clk (net)
                  0.00    0.00    0.00 ^ clkbuf_0_clk/A (sky130_fd_sc_hd__clkbuf_16)
     4    0.04    0.06    0.13    0.13 ^ clkbuf_0_clk/X (sky130_fd_sc_hd__clkbuf_16)
                                         clknet_0_clk (net)
                  0.06    0.00    0.13 ^ clkbuf_2_3__f_clk/A (sky130_fd_sc_hd__clkbuf_16)
     9    0.03    0.05    0.14    0.27 ^ clkbuf_2_3__f_clk/X (sky130_fd_sc_hd__clkbuf_16)
                                         clknet_2_3__leaf_clk (net)
                  0.05    0.00    0.27 ^ _349_/CLK (sky130_fd_sc_hd__dfrtp_4)
     4    0.02    0.10    0.45    0.71 ^ _349_/Q (sky130_fd_sc_hd__dfrtp_4)
                                         div.count[29] (net)
                  0.10    0.00    0.71 ^ _257_/A1 (sky130_fd_sc_hd__o21a_1)
     1    0.01    0.13    0.20    0.91 ^ _257_/X (sky130_fd_sc_hd__o21a_1)
                                         _025_ (net)
                  0.13    0.00    0.91 ^ _349_/D (sky130_fd_sc_hd__dfrtp_4)
                                  0.91   data arrival time

                          0.00    0.00   clock core_clock (rise edge)
                          0.00    0.00   clock source latency
     1    0.02    0.00    0.00    0.00 ^ clk (in)
                                         clk (net)
                  0.00    0.00    0.00 ^ clkbuf_0_clk/A (sky130_fd_sc_hd__clkbuf_16)
     4    0.04    0.06    0.13    0.13 ^ clkbuf_0_clk/X (sky130_fd_sc_hd__clkbuf_16)
                                         clknet_0_clk (net)
                  0.06    0.00    0.13 ^ clkbuf_2_3__f_clk/A (sky130_fd_sc_hd__clkbuf_16)
     9    0.03    0.05    0.14    0.27 ^ clkbuf_2_3__f_clk/X (sky130_fd_sc_hd__clkbuf_16)
                                         clknet_2_3__leaf_clk (net)
                  0.05    0.00    0.27 ^ _349_/CLK (sky130_fd_sc_hd__dfrtp_4)
                          0.00    0.27   clock reconvergence pessimism
                         -0.05    0.21   library hold time
                                  0.21   data required time
-----------------------------------------------------------------------------
                                  0.21   data required time
                                 -0.91   data arrival time
-----------------------------------------------------------------------------
                                  0.70   slack (MET)


Startpoint: _345_ (rising edge-triggered flip-flop clocked by core_clock)
Endpoint: _345_ (rising edge-triggered flip-flop clocked by core_clock)
Path Group: core_clock
Path Type: min

Fanout     Cap    Slew   Delay    Time   Description
-----------------------------------------------------------------------------
                          0.00    0.00   clock core_clock (rise edge)
                          0.00    0.00   clock source latency
     1    0.02    0.00    0.00    0.00 ^ clk (in)
                                         clk (net)
                  0.00    0.00    0.00 ^ clkbuf_0_clk/A (sky130_fd_sc_hd__clkbuf_16)
     4    0.04    0.06    0.13    0.13 ^ clkbuf_0_clk/X (sky130_fd_sc_hd__clkbuf_16)
                                         clknet_0_clk (net)
                  0.06    0.00    0.13 ^ clkbuf_2_3__f_clk/A (sky130_fd_sc_hd__clkbuf_16)
     9    0.03    0.05    0.14    0.27 ^ clkbuf_2_3__f_clk/X (sky130_fd_sc_hd__clkbuf_16)
                                         clknet_2_3__leaf_clk (net)
                  0.05    0.00    0.27 ^ _345_/CLK (sky130_fd_sc_hd__dfrtp_2)
     5    0.02    0.11    0.41    0.67 ^ _345_/Q (sky130_fd_sc_hd__dfrtp_2)
                                         div.count[25] (net)
                  0.11    0.00    0.67 ^ _245_/B1 (sky130_fd_sc_hd__a21oi_2)
     1    0.01    0.05    0.06    0.73 v _245_/Y (sky130_fd_sc_hd__a21oi_2)
                                         _136_ (net)
                  0.05    0.00    0.73 v _247_/A (sky130_fd_sc_hd__nor2_1)
     1    0.01    0.19    0.18    0.92 ^ _247_/Y (sky130_fd_sc_hd__nor2_1)
                                         _021_ (net)
                  0.19    0.00    0.92 ^ _345_/D (sky130_fd_sc_hd__dfrtp_2)
                                  0.92   data arrival time

                          0.00    0.00   clock core_clock (rise edge)
                          0.00    0.00   clock source latency
     1    0.02    0.00    0.00    0.00 ^ clk (in)
                                         clk (net)
                  0.00    0.00    0.00 ^ clkbuf_0_clk/A (sky130_fd_sc_hd__clkbuf_16)
     4    0.04    0.06    0.13    0.13 ^ clkbuf_0_clk/X (sky130_fd_sc_hd__clkbuf_16)
                                         clknet_0_clk (net)
                  0.06    0.00    0.13 ^ clkbuf_2_3__f_clk/A (sky130_fd_sc_hd__clkbuf_16)
     9    0.03    0.05    0.14    0.27 ^ clkbuf_2_3__f_clk/X (sky130_fd_sc_hd__clkbuf_16)
                                         clknet_2_3__leaf_clk (net)
                  0.05    0.00    0.27 ^ _345_/CLK (sky130_fd_sc_hd__dfrtp_2)
                          0.00    0.27   clock reconvergence pessimism
                         -0.06    0.20   library hold time
                                  0.20   data required time
-----------------------------------------------------------------------------
                                  0.20   data required time
                                 -0.92   data arrival time
-----------------------------------------------------------------------------
                                  0.71   slack (MET)


Startpoint: _325_ (rising edge-triggered flip-flop clocked by core_clock)
Endpoint: _325_ (rising edge-triggered flip-flop clocked by core_clock)
Path Group: core_clock
Path Type: min

Fanout     Cap    Slew   Delay    Time   Description
-----------------------------------------------------------------------------
                          0.00    0.00   clock core_clock (rise edge)
                          0.00    0.00   clock source latency
     1    0.02    0.00    0.00    0.00 ^ clk (in)
                                         clk (net)
                  0.00    0.00    0.00 ^ clkbuf_0_clk/A (sky130_fd_sc_hd__clkbuf_16)
     4    0.04    0.06    0.13    0.13 ^ clkbuf_0_clk/X (sky130_fd_sc_hd__clkbuf_16)
                                         clknet_0_clk (net)
                  0.06    0.00    0.13 ^ clkbuf_2_2__f_clk/A (sky130_fd_sc_hd__clkbuf_16)
     7    0.03    0.05    0.14    0.27 ^ clkbuf_2_2__f_clk/X (sky130_fd_sc_hd__clkbuf_16)
                                         clknet_2_2__leaf_clk (net)
                  0.05    0.00    0.27 ^ _325_/CLK (sky130_fd_sc_hd__dfrtp_4)
     5    0.02    0.10    0.44    0.71 ^ _325_/Q (sky130_fd_sc_hd__dfrtp_4)
                                         div.count[5] (net)
                  0.10    0.00    0.71 ^ _183_/B1 (sky130_fd_sc_hd__a21oi_1)
     1    0.01    0.06    0.08    0.79 v _183_/Y (sky130_fd_sc_hd__a21oi_1)
                                         _094_ (net)
                  0.06    0.00    0.79 v _184_/B (sky130_fd_sc_hd__nor2_1)
     1    0.01    0.18    0.16    0.95 ^ _184_/Y (sky130_fd_sc_hd__nor2_1)
                                         _031_ (net)
                  0.18    0.00    0.95 ^ _325_/D (sky130_fd_sc_hd__dfrtp_4)
                                  0.95   data arrival time

                          0.00    0.00   clock core_clock (rise edge)
                          0.00    0.00   clock source latency
     1    0.02    0.00    0.00    0.00 ^ clk (in)
                                         clk (net)
                  0.00    0.00    0.00 ^ clkbuf_0_clk/A (sky130_fd_sc_hd__clkbuf_16)
     4    0.04    0.06    0.13    0.13 ^ clkbuf_0_clk/X (sky130_fd_sc_hd__clkbuf_16)
                                         clknet_0_clk (net)
                  0.06    0.00    0.13 ^ clkbuf_2_2__f_clk/A (sky130_fd_sc_hd__clkbuf_16)
     7    0.03    0.05    0.14    0.27 ^ clkbuf_2_2__f_clk/X (sky130_fd_sc_hd__clkbuf_16)
                                         clknet_2_2__leaf_clk (net)
                  0.05    0.00    0.27 ^ _325_/CLK (sky130_fd_sc_hd__dfrtp_4)
                          0.00    0.27   clock reconvergence pessimism
                         -0.06    0.20   library hold time
                                  0.20   data required time
-----------------------------------------------------------------------------
                                  0.20   data required time
                                 -0.95   data arrival time
-----------------------------------------------------------------------------
                                  0.75   slack (MET)


Startpoint: _337_ (rising edge-triggered flip-flop clocked by core_clock)
Endpoint: _337_ (rising edge-triggered flip-flop clocked by core_clock)
Path Group: core_clock
Path Type: min

Fanout     Cap    Slew   Delay    Time   Description
-----------------------------------------------------------------------------
                          0.00    0.00   clock core_clock (rise edge)
                          0.00    0.00   clock source latency
     1    0.02    0.00    0.00    0.00 ^ clk (in)
                                         clk (net)
                  0.00    0.00    0.00 ^ clkbuf_0_clk/A (sky130_fd_sc_hd__clkbuf_16)
     4    0.04    0.06    0.13    0.13 ^ clkbuf_0_clk/X (sky130_fd_sc_hd__clkbuf_16)
                                         clknet_0_clk (net)
                  0.06    0.00    0.13 ^ clkbuf_2_2__f_clk/A (sky130_fd_sc_hd__clkbuf_16)
     7    0.03    0.05    0.14    0.27 ^ clkbuf_2_2__f_clk/X (sky130_fd_sc_hd__clkbuf_16)
                                         clknet_2_2__leaf_clk (net)
                  0.05    0.00    0.27 ^ _337_/CLK (sky130_fd_sc_hd__dfrtp_4)
     5    0.03    0.11    0.45    0.72 ^ _337_/Q (sky130_fd_sc_hd__dfrtp_4)
                                         div.count[17] (net)
                  0.11    0.00    0.72 ^ _220_/B1 (sky130_fd_sc_hd__a21oi_1)
     1    0.01    0.05    0.07    0.79 v _220_/Y (sky130_fd_sc_hd__a21oi_1)
                                         _119_ (net)
                  0.05    0.00    0.79 v _222_/A (sky130_fd_sc_hd__nor2_2)
     1    0.02    0.19    0.19    0.98 ^ _222_/Y (sky130_fd_sc_hd__nor2_2)
                                         _012_ (net)
                  0.19    0.00    0.98 ^ _337_/D (sky130_fd_sc_hd__dfrtp_4)
                                  0.98   data arrival time

                          0.00    0.00   clock core_clock (rise edge)
                          0.00    0.00   clock source latency
     1    0.02    0.00    0.00    0.00 ^ clk (in)
                                         clk (net)
                  0.00    0.00    0.00 ^ clkbuf_0_clk/A (sky130_fd_sc_hd__clkbuf_16)
     4    0.04    0.06    0.13    0.13 ^ clkbuf_0_clk/X (sky130_fd_sc_hd__clkbuf_16)
                                         clknet_0_clk (net)
                  0.06    0.00    0.13 ^ clkbuf_2_2__f_clk/A (sky130_fd_sc_hd__clkbuf_16)
     7    0.03    0.05    0.14    0.27 ^ clkbuf_2_2__f_clk/X (sky130_fd_sc_hd__clkbuf_16)
                                         clknet_2_2__leaf_clk (net)
                  0.05    0.00    0.27 ^ _337_/CLK (sky130_fd_sc_hd__dfrtp_4)
                          0.00    0.27   clock reconvergence pessimism
                         -0.06    0.20   library hold time
                                  0.20   data required time
-----------------------------------------------------------------------------
                                  0.20   data required time
                                 -0.98   data arrival time
-----------------------------------------------------------------------------
                                  0.78   slack (MET)


Startpoint: _348_ (rising edge-triggered flip-flop clocked by core_clock)
Endpoint: _348_ (rising edge-triggered flip-flop clocked by core_clock)
Path Group: core_clock
Path Type: min

Fanout     Cap    Slew   Delay    Time   Description
-----------------------------------------------------------------------------
                          0.00    0.00   clock core_clock (rise edge)
                          0.00    0.00   clock source latency
     1    0.02    0.00    0.00    0.00 ^ clk (in)
                                         clk (net)
                  0.00    0.00    0.00 ^ clkbuf_0_clk/A (sky130_fd_sc_hd__clkbuf_16)
     4    0.04    0.06    0.13    0.13 ^ clkbuf_0_clk/X (sky130_fd_sc_hd__clkbuf_16)
                                         clknet_0_clk (net)
                  0.06    0.00    0.13 ^ clkbuf_2_1__f_clk/A (sky130_fd_sc_hd__clkbuf_16)
    11    0.04    0.06    0.14    0.27 ^ clkbuf_2_1__f_clk/X (sky130_fd_sc_hd__clkbuf_16)
                                         clknet_2_1__leaf_clk (net)
                  0.06    0.00    0.27 ^ _348_/CLK (sky130_fd_sc_hd__dfrtp_4)
     6    0.03    0.13    0.47    0.74 ^ _348_/Q (sky130_fd_sc_hd__dfrtp_4)
                                         div.count[28] (net)
                  0.13    0.00    0.74 ^ _253_/A (sky130_fd_sc_hd__and2_1)
     2    0.01    0.11    0.19    0.93 ^ _253_/X (sky130_fd_sc_hd__and2_1)
                                         _141_ (net)
                  0.11    0.00    0.93 ^ _255_/A (sky130_fd_sc_hd__nor2_1)
     1    0.01    0.05    0.08    1.01 v _255_/Y (sky130_fd_sc_hd__nor2_1)
                                         _024_ (net)
                  0.05    0.00    1.01 v _348_/D (sky130_fd_sc_hd__dfrtp_4)
                                  1.01   data arrival time

                          0.00    0.00   clock core_clock (rise edge)
                          0.00    0.00   clock source latency
     1    0.02    0.00    0.00    0.00 ^ clk (in)
                                         clk (net)
                  0.00    0.00    0.00 ^ clkbuf_0_clk/A (sky130_fd_sc_hd__clkbuf_16)
     4    0.04    0.06    0.13    0.13 ^ clkbuf_0_clk/X (sky130_fd_sc_hd__clkbuf_16)
                                         clknet_0_clk (net)
                  0.06    0.00    0.13 ^ clkbuf_2_1__f_clk/A (sky130_fd_sc_hd__clkbuf_16)
    11    0.04    0.06    0.14    0.27 ^ clkbuf_2_1__f_clk/X (sky130_fd_sc_hd__clkbuf_16)
                                         clknet_2_1__leaf_clk (net)
                  0.06    0.00    0.27 ^ _348_/CLK (sky130_fd_sc_hd__dfrtp_4)
                          0.00    0.27   clock reconvergence pessimism
                         -0.04    0.23   library hold time
                                  0.23   data required time
-----------------------------------------------------------------------------
                                  0.23   data required time
                                 -1.01   data arrival time
-----------------------------------------------------------------------------
                                  0.78   slack (MET)


Startpoint: _320_ (rising edge-triggered flip-flop clocked by core_clock)
Endpoint: _320_ (rising edge-triggered flip-flop clocked by core_clock)
Path Group: core_clock
Path Type: min

Fanout     Cap    Slew   Delay    Time   Description
-----------------------------------------------------------------------------
                          0.00    0.00   clock core_clock (rise edge)
                          0.00    0.00   clock source latency
     1    0.02    0.00    0.00    0.00 ^ clk (in)
                                         clk (net)
                  0.00    0.00    0.00 ^ clkbuf_0_clk/A (sky130_fd_sc_hd__clkbuf_16)
     4    0.04    0.06    0.13    0.13 ^ clkbuf_0_clk/X (sky130_fd_sc_hd__clkbuf_16)
                                         clknet_0_clk (net)
                  0.06    0.00    0.13 ^ clkbuf_2_0__f_clk/A (sky130_fd_sc_hd__clkbuf_16)
     9    0.03    0.05    0.14    0.27 ^ clkbuf_2_0__f_clk/X (sky130_fd_sc_hd__clkbuf_16)
                                         clknet_2_0__leaf_clk (net)
                  0.05    0.00    0.27 ^ _320_/CLK (sky130_fd_sc_hd__dfrtp_4)
     6    0.03    0.11    0.45    0.72 ^ _320_/Q (sky130_fd_sc_hd__dfrtp_4)
                                         div.count[0] (net)
                  0.11    0.00    0.72 ^ _169_/A_N (sky130_fd_sc_hd__and2b_1)
     1    0.01    0.07    0.22    0.94 v _169_/X (sky130_fd_sc_hd__and2b_1)
                                         _085_ (net)
                  0.07    0.00    0.94 v _170_/A (sky130_fd_sc_hd__clkbuf_1)
     1    0.00    0.04    0.10    1.05 v _170_/X (sky130_fd_sc_hd__clkbuf_1)
                                         _004_ (net)
                  0.04    0.00    1.05 v _320_/D (sky130_fd_sc_hd__dfrtp_4)
                                  1.05   data arrival time

                          0.00    0.00   clock core_clock (rise edge)
                          0.00    0.00   clock source latency
     1    0.02    0.00    0.00    0.00 ^ clk (in)
                                         clk (net)
                  0.00    0.00    0.00 ^ clkbuf_0_clk/A (sky130_fd_sc_hd__clkbuf_16)
     4    0.04    0.06    0.13    0.13 ^ clkbuf_0_clk/X (sky130_fd_sc_hd__clkbuf_16)
                                         clknet_0_clk (net)
                  0.06    0.00    0.13 ^ clkbuf_2_0__f_clk/A (sky130_fd_sc_hd__clkbuf_16)
     9    0.03    0.05    0.14    0.27 ^ clkbuf_2_0__f_clk/X (sky130_fd_sc_hd__clkbuf_16)
                                         clknet_2_0__leaf_clk (net)
                  0.05    0.00    0.27 ^ _320_/CLK (sky130_fd_sc_hd__dfrtp_4)
                          0.00    0.27   clock reconvergence pessimism
                         -0.04    0.23   library hold time
                                  0.23   data required time
-----------------------------------------------------------------------------
                                  0.23   data required time
                                 -1.05   data arrival time
-----------------------------------------------------------------------------
                                  0.82   slack (MET)


Startpoint: _323_ (rising edge-triggered flip-flop clocked by core_clock)
Endpoint: _323_ (rising edge-triggered flip-flop clocked by core_clock)
Path Group: core_clock
Path Type: min

Fanout     Cap    Slew   Delay    Time   Description
-----------------------------------------------------------------------------
                          0.00    0.00   clock core_clock (rise edge)
                          0.00    0.00   clock source latency
     1    0.02    0.00    0.00    0.00 ^ clk (in)
                                         clk (net)
                  0.00    0.00    0.00 ^ clkbuf_0_clk/A (sky130_fd_sc_hd__clkbuf_16)
     4    0.04    0.06    0.13    0.13 ^ clkbuf_0_clk/X (sky130_fd_sc_hd__clkbuf_16)
                                         clknet_0_clk (net)
                  0.06    0.00    0.13 ^ clkbuf_2_3__f_clk/A (sky130_fd_sc_hd__clkbuf_16)
     9    0.03    0.05    0.14    0.27 ^ clkbuf_2_3__f_clk/X (sky130_fd_sc_hd__clkbuf_16)
                                         clknet_2_3__leaf_clk (net)
                  0.05    0.00    0.27 ^ _323_/CLK (sky130_fd_sc_hd__dfrtp_2)
     3    0.02    0.10    0.39    0.66 ^ _323_/Q (sky130_fd_sc_hd__dfrtp_2)
                                         div.count[3] (net)
                  0.10    0.00    0.66 ^ _178_/B1 (sky130_fd_sc_hd__a31o_1)
     1    0.01    0.08    0.14    0.79 ^ _178_/X (sky130_fd_sc_hd__a31o_1)
                                         _091_ (net)
                  0.08    0.00    0.79 ^ _179_/B (sky130_fd_sc_hd__and2b_1)
     1    0.01    0.09    0.17    0.96 ^ _179_/X (sky130_fd_sc_hd__and2b_1)
                                         _092_ (net)
                  0.09    0.00    0.96 ^ _180_/A (sky130_fd_sc_hd__buf_1)
     1    0.01    0.09    0.12    1.08 ^ _180_/X (sky130_fd_sc_hd__buf_1)
                                         _029_ (net)
                  0.09    0.00    1.08 ^ _323_/D (sky130_fd_sc_hd__dfrtp_2)
                                  1.08   data arrival time

                          0.00    0.00   clock core_clock (rise edge)
                          0.00    0.00   clock source latency
     1    0.02    0.00    0.00    0.00 ^ clk (in)
                                         clk (net)
                  0.00    0.00    0.00 ^ clkbuf_0_clk/A (sky130_fd_sc_hd__clkbuf_16)
     4    0.04    0.06    0.13    0.13 ^ clkbuf_0_clk/X (sky130_fd_sc_hd__clkbuf_16)
                                         clknet_0_clk (net)
                  0.06    0.00    0.13 ^ clkbuf_2_3__f_clk/A (sky130_fd_sc_hd__clkbuf_16)
     9    0.03    0.05    0.14    0.27 ^ clkbuf_2_3__f_clk/X (sky130_fd_sc_hd__clkbuf_16)
                                         clknet_2_3__leaf_clk (net)
                  0.05    0.00    0.27 ^ _323_/CLK (sky130_fd_sc_hd__dfrtp_2)
                          0.00    0.27   clock reconvergence pessimism
                         -0.04    0.22   library hold time
                                  0.22   data required time
-----------------------------------------------------------------------------
                                  0.22   data required time
                                 -1.08   data arrival time
-----------------------------------------------------------------------------
                                  0.86   slack (MET)


Startpoint: _329_ (rising edge-triggered flip-flop clocked by core_clock)
Endpoint: _329_ (rising edge-triggered flip-flop clocked by core_clock)
Path Group: core_clock
Path Type: min

Fanout     Cap    Slew   Delay    Time   Description
-----------------------------------------------------------------------------
                          0.00    0.00   clock core_clock (rise edge)
                          0.00    0.00   clock source latency
     1    0.02    0.00    0.00    0.00 ^ clk (in)
                                         clk (net)
                  0.00    0.00    0.00 ^ clkbuf_0_clk/A (sky130_fd_sc_hd__clkbuf_16)
     4    0.04    0.06    0.13    0.13 ^ clkbuf_0_clk/X (sky130_fd_sc_hd__clkbuf_16)
                                         clknet_0_clk (net)
                  0.06    0.00    0.13 ^ clkbuf_2_1__f_clk/A (sky130_fd_sc_hd__clkbuf_16)
    11    0.04    0.06    0.14    0.27 ^ clkbuf_2_1__f_clk/X (sky130_fd_sc_hd__clkbuf_16)
                                         clknet_2_1__leaf_clk (net)
                  0.06    0.00    0.27 ^ _329_/CLK (sky130_fd_sc_hd__dfrtp_4)
     4    0.03    0.12    0.46    0.73 ^ _329_/Q (sky130_fd_sc_hd__dfrtp_4)
                                         div.count[9] (net)
                  0.12    0.00    0.73 ^ _200_/B1 (sky130_fd_sc_hd__a31o_1)
     1    0.01    0.10    0.16    0.89 ^ _200_/X (sky130_fd_sc_hd__a31o_1)
                                         _107_ (net)
                  0.10    0.00    0.89 ^ _201_/B (sky130_fd_sc_hd__nand2_1)
     1    0.01    0.05    0.08    0.97 v _201_/Y (sky130_fd_sc_hd__nand2_1)
                                         _108_ (net)
                  0.05    0.00    0.97 v _202_/B (sky130_fd_sc_hd__nor2_1)
     1    0.01    0.14    0.13    1.10 ^ _202_/Y (sky130_fd_sc_hd__nor2_1)
                                         _035_ (net)
                  0.14    0.00    1.10 ^ _329_/D (sky130_fd_sc_hd__dfrtp_4)
                                  1.10   data arrival time

                          0.00    0.00   clock core_clock (rise edge)
                          0.00    0.00   clock source latency
     1    0.02    0.00    0.00    0.00 ^ clk (in)
                                         clk (net)
                  0.00    0.00    0.00 ^ clkbuf_0_clk/A (sky130_fd_sc_hd__clkbuf_16)
     4    0.04    0.06    0.13    0.13 ^ clkbuf_0_clk/X (sky130_fd_sc_hd__clkbuf_16)
                                         clknet_0_clk (net)
                  0.06    0.00    0.13 ^ clkbuf_2_1__f_clk/A (sky130_fd_sc_hd__clkbuf_16)
    11    0.04    0.06    0.14    0.27 ^ clkbuf_2_1__f_clk/X (sky130_fd_sc_hd__clkbuf_16)
                                         clknet_2_1__leaf_clk (net)
                  0.06    0.00    0.27 ^ _329_/CLK (sky130_fd_sc_hd__dfrtp_4)
                          0.00    0.27   clock reconvergence pessimism
                         -0.05    0.22   library hold time
                                  0.22   data required time
-----------------------------------------------------------------------------
                                  0.22   data required time
                                 -1.10   data arrival time
-----------------------------------------------------------------------------
                                  0.89   slack (MET)


Startpoint: _338_ (rising edge-triggered flip-flop clocked by core_clock)
Endpoint: _338_ (rising edge-triggered flip-flop clocked by core_clock)
Path Group: core_clock
Path Type: min

Fanout     Cap    Slew   Delay    Time   Description
-----------------------------------------------------------------------------
                          0.00    0.00   clock core_clock (rise edge)
                          0.00    0.00   clock source latency
     1    0.02    0.00    0.00    0.00 ^ clk (in)
                                         clk (net)
                  0.00    0.00    0.00 ^ clkbuf_0_clk/A (sky130_fd_sc_hd__clkbuf_16)
     4    0.04    0.06    0.13    0.13 ^ clkbuf_0_clk/X (sky130_fd_sc_hd__clkbuf_16)
                                         clknet_0_clk (net)
                  0.06    0.00    0.13 ^ clkbuf_2_0__f_clk/A (sky130_fd_sc_hd__clkbuf_16)
     9    0.03    0.05    0.14    0.27 ^ clkbuf_2_0__f_clk/X (sky130_fd_sc_hd__clkbuf_16)
                                         clknet_2_0__leaf_clk (net)
                  0.05    0.00    0.27 ^ _338_/CLK (sky130_fd_sc_hd__dfrtp_4)
     4    0.03    0.11    0.46    0.73 ^ _338_/Q (sky130_fd_sc_hd__dfrtp_4)
                                         div.count[18] (net)
                  0.11    0.00    0.73 ^ _223_/A (sky130_fd_sc_hd__or2_1)
     1    0.00    0.05    0.12    0.85 ^ _223_/X (sky130_fd_sc_hd__or2_1)
                                         _121_ (net)
                  0.05    0.00    0.85 ^ _225_/B (sky130_fd_sc_hd__and3_1)
     1    0.00    0.06    0.15    1.00 ^ _225_/X (sky130_fd_sc_hd__and3_1)
                                         _123_ (net)
                  0.06    0.00    1.00 ^ _226_/A (sky130_fd_sc_hd__buf_1)
     1    0.01    0.10    0.12    1.12 ^ _226_/X (sky130_fd_sc_hd__buf_1)
                                         _013_ (net)
                  0.10    0.00    1.12 ^ _338_/D (sky130_fd_sc_hd__dfrtp_4)
                                  1.12   data arrival time

                          0.00    0.00   clock core_clock (rise edge)
                          0.00    0.00   clock source latency
     1    0.02    0.00    0.00    0.00 ^ clk (in)
                                         clk (net)
                  0.00    0.00    0.00 ^ clkbuf_0_clk/A (sky130_fd_sc_hd__clkbuf_16)
     4    0.04    0.06    0.13    0.13 ^ clkbuf_0_clk/X (sky130_fd_sc_hd__clkbuf_16)
                                         clknet_0_clk (net)
                  0.06    0.00    0.13 ^ clkbuf_2_0__f_clk/A (sky130_fd_sc_hd__clkbuf_16)
     9    0.03    0.05    0.14    0.27 ^ clkbuf_2_0__f_clk/X (sky130_fd_sc_hd__clkbuf_16)
                                         clknet_2_0__leaf_clk (net)
                  0.05    0.00    0.27 ^ _338_/CLK (sky130_fd_sc_hd__dfrtp_4)
                          0.00    0.27   clock reconvergence pessimism
                         -0.04    0.22   library hold time
                                  0.22   data required time
-----------------------------------------------------------------------------
                                  0.22   data required time
                                 -1.12   data arrival time
-----------------------------------------------------------------------------
                                  0.90   slack (MET)


Startpoint: _321_ (rising edge-triggered flip-flop clocked by core_clock)
Endpoint: _321_ (rising edge-triggered flip-flop clocked by core_clock)
Path Group: core_clock
Path Type: min

Fanout     Cap    Slew   Delay    Time   Description
-----------------------------------------------------------------------------
                          0.00    0.00   clock core_clock (rise edge)
                          0.00    0.00   clock source latency
     1    0.02    0.00    0.00    0.00 ^ clk (in)
                                         clk (net)
                  0.00    0.00    0.00 ^ clkbuf_0_clk/A (sky130_fd_sc_hd__clkbuf_16)
     4    0.04    0.06    0.13    0.13 ^ clkbuf_0_clk/X (sky130_fd_sc_hd__clkbuf_16)
                                         clknet_0_clk (net)
                  0.06    0.00    0.13 ^ clkbuf_2_1__f_clk/A (sky130_fd_sc_hd__clkbuf_16)
    11    0.04    0.06    0.14    0.27 ^ clkbuf_2_1__f_clk/X (sky130_fd_sc_hd__clkbuf_16)
                                         clknet_2_1__leaf_clk (net)
                  0.06    0.00    0.27 ^ _321_/CLK (sky130_fd_sc_hd__dfrtp_4)
     5    0.02    0.10    0.45    0.72 ^ _321_/Q (sky130_fd_sc_hd__dfrtp_4)
                                         div.count[1] (net)
                  0.10    0.00    0.72 ^ _172_/B (sky130_fd_sc_hd__nand2_2)
     2    0.02    0.07    0.10    0.81 v _172_/Y (sky130_fd_sc_hd__nand2_2)
                                         _087_ (net)
                  0.07    0.00    0.81 v _173_/B (sky130_fd_sc_hd__and2_1)
     1    0.01    0.07    0.20    1.01 v _173_/X (sky130_fd_sc_hd__and2_1)
                                         _088_ (net)
                  0.07    0.00    1.01 v _174_/A (sky130_fd_sc_hd__buf_1)
     1    0.01    0.08    0.15    1.16 v _174_/X (sky130_fd_sc_hd__buf_1)
                                         _015_ (net)
                  0.08    0.00    1.16 v _321_/D (sky130_fd_sc_hd__dfrtp_4)
                                  1.16   data arrival time

                          0.00    0.00   clock core_clock (rise edge)
                          0.00    0.00   clock source latency
     1    0.02    0.00    0.00    0.00 ^ clk (in)
                                         clk (net)
                  0.00    0.00    0.00 ^ clkbuf_0_clk/A (sky130_fd_sc_hd__clkbuf_16)
     4    0.04    0.06    0.13    0.13 ^ clkbuf_0_clk/X (sky130_fd_sc_hd__clkbuf_16)
                                         clknet_0_clk (net)
                  0.06    0.00    0.13 ^ clkbuf_2_1__f_clk/A (sky130_fd_sc_hd__clkbuf_16)
    11    0.04    0.06    0.14    0.27 ^ clkbuf_2_1__f_clk/X (sky130_fd_sc_hd__clkbuf_16)
                                         clknet_2_1__leaf_clk (net)
                  0.06    0.00    0.27 ^ _321_/CLK (sky130_fd_sc_hd__dfrtp_4)
                          0.00    0.27   clock reconvergence pessimism
                         -0.06    0.21   library hold time
                                  0.21   data required time
-----------------------------------------------------------------------------
                                  0.21   data required time
                                 -1.16   data arrival time
-----------------------------------------------------------------------------
                                  0.95   slack (MET)


Startpoint: _342_ (rising edge-triggered flip-flop clocked by core_clock)
Endpoint: _342_ (rising edge-triggered flip-flop clocked by core_clock)
Path Group: core_clock
Path Type: min

Fanout     Cap    Slew   Delay    Time   Description
-----------------------------------------------------------------------------
                          0.00    0.00   clock core_clock (rise edge)
                          0.00    0.00   clock source latency
     1    0.02    0.00    0.00    0.00 ^ clk (in)
                                         clk (net)
                  0.00    0.00    0.00 ^ clkbuf_0_clk/A (sky130_fd_sc_hd__clkbuf_16)
     4    0.04    0.06    0.13    0.13 ^ clkbuf_0_clk/X (sky130_fd_sc_hd__clkbuf_16)
                                         clknet_0_clk (net)
                  0.06    0.00    0.13 ^ clkbuf_2_0__f_clk/A (sky130_fd_sc_hd__clkbuf_16)
     9    0.03    0.05    0.14    0.27 ^ clkbuf_2_0__f_clk/X (sky130_fd_sc_hd__clkbuf_16)
                                         clknet_2_0__leaf_clk (net)
                  0.05    0.00    0.27 ^ _342_/CLK (sky130_fd_sc_hd__dfrtp_4)
     4    0.02    0.10    0.44    0.71 ^ _342_/Q (sky130_fd_sc_hd__dfrtp_4)
                                         div.count[22] (net)
                  0.10    0.00    0.71 ^ _236_/B1 (sky130_fd_sc_hd__a21o_1)
     1    0.01    0.06    0.11    0.82 ^ _236_/X (sky130_fd_sc_hd__a21o_1)
                                         _130_ (net)
                  0.06    0.00    0.82 ^ _238_/B (sky130_fd_sc_hd__and3_1)
     1    0.01    0.11    0.20    1.02 ^ _238_/X (sky130_fd_sc_hd__and3_1)
                                         _132_ (net)
                  0.11    0.00    1.02 ^ _239_/A (sky130_fd_sc_hd__buf_1)
     1    0.01    0.15    0.17    1.19 ^ _239_/X (sky130_fd_sc_hd__buf_1)
                                         _018_ (net)
                  0.15    0.00    1.19 ^ _342_/D (sky130_fd_sc_hd__dfrtp_4)
                                  1.19   data arrival time

                          0.00    0.00   clock core_clock (rise edge)
                          0.00    0.00   clock source latency
     1    0.02    0.00    0.00    0.00 ^ clk (in)
                                         clk (net)
                  0.00    0.00    0.00 ^ clkbuf_0_clk/A (sky130_fd_sc_hd__clkbuf_16)
     4    0.04    0.06    0.13    0.13 ^ clkbuf_0_clk/X (sky130_fd_sc_hd__clkbuf_16)
                                         clknet_0_clk (net)
                  0.06    0.00    0.13 ^ clkbuf_2_0__f_clk/A (sky130_fd_sc_hd__clkbuf_16)
     9    0.03    0.05    0.14    0.27 ^ clkbuf_2_0__f_clk/X (sky130_fd_sc_hd__clkbuf_16)
                                         clknet_2_0__leaf_clk (net)
                  0.05    0.00    0.27 ^ _342_/CLK (sky130_fd_sc_hd__dfrtp_4)
                          0.00    0.27   clock reconvergence pessimism
                         -0.06    0.21   library hold time
                                  0.21   data required time
-----------------------------------------------------------------------------
                                  0.21   data required time
                                 -1.19   data arrival time
-----------------------------------------------------------------------------
                                  0.98   slack (MET)


Startpoint: _326_ (rising edge-triggered flip-flop clocked by core_clock)
Endpoint: _326_ (rising edge-triggered flip-flop clocked by core_clock)
Path Group: core_clock
Path Type: min

Fanout     Cap    Slew   Delay    Time   Description
-----------------------------------------------------------------------------
                          0.00    0.00   clock core_clock (rise edge)
                          0.00    0.00   clock source latency
     1    0.02    0.00    0.00    0.00 ^ clk (in)
                                         clk (net)
                  0.00    0.00    0.00 ^ clkbuf_0_clk/A (sky130_fd_sc_hd__clkbuf_16)
     4    0.04    0.06    0.13    0.13 ^ clkbuf_0_clk/X (sky130_fd_sc_hd__clkbuf_16)
                                         clknet_0_clk (net)
                  0.06    0.00    0.13 ^ clkbuf_2_1__f_clk/A (sky130_fd_sc_hd__clkbuf_16)
    11    0.04    0.06    0.14    0.27 ^ clkbuf_2_1__f_clk/X (sky130_fd_sc_hd__clkbuf_16)
                                         clknet_2_1__leaf_clk (net)
                  0.06    0.00    0.27 ^ _326_/CLK (sky130_fd_sc_hd__dfrtp_4)
     5    0.03    0.11    0.45    0.72 ^ _326_/Q (sky130_fd_sc_hd__dfrtp_4)
                                         div.count[6] (net)
                  0.11    0.00    0.72 ^ _186_/A (sky130_fd_sc_hd__nand2_1)
     2    0.01    0.10    0.12    0.84 v _186_/Y (sky130_fd_sc_hd__nand2_1)
                                         _096_ (net)
                  0.10    0.00    0.84 v _187_/C (sky130_fd_sc_hd__and3_1)
     1    0.01    0.08    0.25    1.09 v _187_/X (sky130_fd_sc_hd__and3_1)
                                         _097_ (net)
                  0.08    0.00    1.09 v _188_/A (sky130_fd_sc_hd__buf_1)
     1    0.01    0.06    0.13    1.22 v _188_/X (sky130_fd_sc_hd__buf_1)
                                         _032_ (net)
                  0.06    0.00    1.22 v _326_/D (sky130_fd_sc_hd__dfrtp_4)
                                  1.22   data arrival time

                          0.00    0.00   clock core_clock (rise edge)
                          0.00    0.00   clock source latency
     1    0.02    0.00    0.00    0.00 ^ clk (in)
                                         clk (net)
                  0.00    0.00    0.00 ^ clkbuf_0_clk/A (sky130_fd_sc_hd__clkbuf_16)
     4    0.04    0.06    0.13    0.13 ^ clkbuf_0_clk/X (sky130_fd_sc_hd__clkbuf_16)
                                         clknet_0_clk (net)
                  0.06    0.00    0.13 ^ clkbuf_2_1__f_clk/A (sky130_fd_sc_hd__clkbuf_16)
    11    0.04    0.06    0.14    0.27 ^ clkbuf_2_1__f_clk/X (sky130_fd_sc_hd__clkbuf_16)
                                         clknet_2_1__leaf_clk (net)
                  0.06    0.00    0.27 ^ _326_/CLK (sky130_fd_sc_hd__dfrtp_4)
                          0.00    0.27   clock reconvergence pessimism
                         -0.04    0.23   library hold time
                                  0.23   data required time
-----------------------------------------------------------------------------
                                  0.23   data required time
                                 -1.22   data arrival time
-----------------------------------------------------------------------------
                                  0.99   slack (MET)


Startpoint: _339_ (rising edge-triggered flip-flop clocked by core_clock)
Endpoint: _339_ (rising edge-triggered flip-flop clocked by core_clock)
Path Group: core_clock
Path Type: min

Fanout     Cap    Slew   Delay    Time   Description
-----------------------------------------------------------------------------
                          0.00    0.00   clock core_clock (rise edge)
                          0.00    0.00   clock source latency
     1    0.02    0.00    0.00    0.00 ^ clk (in)
                                         clk (net)
                  0.00    0.00    0.00 ^ clkbuf_0_clk/A (sky130_fd_sc_hd__clkbuf_16)
     4    0.04    0.06    0.13    0.13 ^ clkbuf_0_clk/X (sky130_fd_sc_hd__clkbuf_16)
                                         clknet_0_clk (net)
                  0.06    0.00    0.13 ^ clkbuf_2_0__f_clk/A (sky130_fd_sc_hd__clkbuf_16)
     9    0.03    0.05    0.14    0.27 ^ clkbuf_2_0__f_clk/X (sky130_fd_sc_hd__clkbuf_16)
                                         clknet_2_0__leaf_clk (net)
                  0.05    0.00    0.27 ^ _339_/CLK (sky130_fd_sc_hd__dfrtp_4)
     3    0.02    0.10    0.45    0.71 ^ _339_/Q (sky130_fd_sc_hd__dfrtp_4)
                                         div.count[19] (net)
                  0.10    0.00    0.72 ^ _227_/A (sky130_fd_sc_hd__or2b_1)
     1    0.01    0.09    0.14    0.86 ^ _227_/X (sky130_fd_sc_hd__or2b_1)
                                         _124_ (net)
                  0.09    0.00    0.86 ^ _230_/B (sky130_fd_sc_hd__and3_1)
     1    0.01    0.11    0.20    1.07 ^ _230_/X (sky130_fd_sc_hd__and3_1)
                                         _127_ (net)
                  0.11    0.00    1.07 ^ _231_/A (sky130_fd_sc_hd__buf_1)
     1    0.01    0.12    0.15    1.22 ^ _231_/X (sky130_fd_sc_hd__buf_1)
                                         _014_ (net)
                  0.12    0.00    1.22 ^ _339_/D (sky130_fd_sc_hd__dfrtp_4)
                                  1.22   data arrival time

                          0.00    0.00   clock core_clock (rise edge)
                          0.00    0.00   clock source latency
     1    0.02    0.00    0.00    0.00 ^ clk (in)
                                         clk (net)
                  0.00    0.00    0.00 ^ clkbuf_0_clk/A (sky130_fd_sc_hd__clkbuf_16)
     4    0.04    0.06    0.13    0.13 ^ clkbuf_0_clk/X (sky130_fd_sc_hd__clkbuf_16)
                                         clknet_0_clk (net)
                  0.06    0.00    0.13 ^ clkbuf_2_0__f_clk/A (sky130_fd_sc_hd__clkbuf_16)
     9    0.03    0.05    0.14    0.27 ^ clkbuf_2_0__f_clk/X (sky130_fd_sc_hd__clkbuf_16)
                                         clknet_2_0__leaf_clk (net)
                  0.05    0.00    0.27 ^ _339_/CLK (sky130_fd_sc_hd__dfrtp_4)
                          0.00    0.27   clock reconvergence pessimism
                         -0.05    0.22   library hold time
                                  0.22   data required time
-----------------------------------------------------------------------------
                                  0.22   data required time
                                 -1.22   data arrival time
-----------------------------------------------------------------------------
                                  1.00   slack (MET)


Startpoint: _331_ (rising edge-triggered flip-flop clocked by core_clock)
Endpoint: _331_ (rising edge-triggered flip-flop clocked by core_clock)
Path Group: core_clock
Path Type: min

Fanout     Cap    Slew   Delay    Time   Description
-----------------------------------------------------------------------------
                          0.00    0.00   clock core_clock (rise edge)
                          0.00    0.00   clock source latency
     1    0.02    0.00    0.00    0.00 ^ clk (in)
                                         clk (net)
                  0.00    0.00    0.00 ^ clkbuf_0_clk/A (sky130_fd_sc_hd__clkbuf_16)
     4    0.04    0.06    0.13    0.13 ^ clkbuf_0_clk/X (sky130_fd_sc_hd__clkbuf_16)
                                         clknet_0_clk (net)
                  0.06    0.00    0.13 ^ clkbuf_2_3__f_clk/A (sky130_fd_sc_hd__clkbuf_16)
     9    0.03    0.05    0.14    0.27 ^ clkbuf_2_3__f_clk/X (sky130_fd_sc_hd__clkbuf_16)
                                         clknet_2_3__leaf_clk (net)
                  0.05    0.00    0.27 ^ _331_/CLK (sky130_fd_sc_hd__dfrtp_4)
     5    0.03    0.12    0.47    0.73 ^ _331_/Q (sky130_fd_sc_hd__dfrtp_4)
                                         div.count[11] (net)
                  0.12    0.00    0.73 ^ _205_/B (sky130_fd_sc_hd__nand3_2)
     2    0.02    0.12    0.15    0.88 v _205_/Y (sky130_fd_sc_hd__nand3_2)
                                         _110_ (net)
                  0.12    0.00    0.88 v _206_/C (sky130_fd_sc_hd__and3_1)
     1    0.01    0.08    0.26    1.14 v _206_/X (sky130_fd_sc_hd__and3_1)
                                         _111_ (net)
                  0.08    0.00    1.14 v _207_/A (sky130_fd_sc_hd__clkbuf_1)
     1    0.00    0.03    0.11    1.25 v _207_/X (sky130_fd_sc_hd__clkbuf_1)
                                         _006_ (net)
                  0.03    0.00    1.25 v _331_/D (sky130_fd_sc_hd__dfrtp_4)
                                  1.25   data arrival time

                          0.00    0.00   clock core_clock (rise edge)
                          0.00    0.00   clock source latency
     1    0.02    0.00    0.00    0.00 ^ clk (in)
                                         clk (net)
                  0.00    0.00    0.00 ^ clkbuf_0_clk/A (sky130_fd_sc_hd__clkbuf_16)
     4    0.04    0.06    0.13    0.13 ^ clkbuf_0_clk/X (sky130_fd_sc_hd__clkbuf_16)
                                         clknet_0_clk (net)
                  0.06    0.00    0.13 ^ clkbuf_2_3__f_clk/A (sky130_fd_sc_hd__clkbuf_16)
     9    0.03    0.05    0.14    0.27 ^ clkbuf_2_3__f_clk/X (sky130_fd_sc_hd__clkbuf_16)
                                         clknet_2_3__leaf_clk (net)
                  0.05    0.00    0.27 ^ _331_/CLK (sky130_fd_sc_hd__dfrtp_4)
                          0.00    0.27   clock reconvergence pessimism
                         -0.03    0.23   library hold time
                                  0.23   data required time
-----------------------------------------------------------------------------
                                  0.23   data required time
                                 -1.25   data arrival time
-----------------------------------------------------------------------------
                                  1.02   slack (MET)



worst slack corner Typical: 0.4935
