OpenROAD b16bda7e82721d10566ff7e2b68f1ff0be9f9e38 
Features included (+) or not (-): +Charts +GPU +GUI +Python
This program is licensed under the BSD-3 license. See the LICENSE file for details.
Components of this program may be licensed under more restrictive licenses which must be honored.
define_corners Typical
read_liberty -corner Typical /Users/nigiri/.volare/sky130A/libs.ref/sky130_fd_sc_hd/lib/sky130_fd_sc_hd__tt_025C_1v80.lib
Using 1e-12 for capacitance...
Using 1e+03 for resistance...
Using 1e-09 for time...
Using 1e+00 for voltage...
Using 1e-03 for current...
Using 1e-09 for power...
Using 1e-06 for distance...
[INFO]: Reading ODB at '/openlane/designs/lab3/runs/RUN_2025.05.25_20.36.00/results/placement/lab3.odb'…
Reading design constraints file at '/openlane/designs/lab3/src/lab3.sdc'…
[INFO]: Setting RC values...
min_report

===========================================================================
report_checks -path_delay min (Hold)
============================================================================
======================= Typical Corner ===================================

Startpoint: _351_ (rising edge-triggered flip-flop clocked by core_clock)
Endpoint: _351_ (rising edge-triggered flip-flop clocked by core_clock)
Path Group: core_clock
Path Type: min

Fanout     Cap    Slew   Delay    Time   Description
-----------------------------------------------------------------------------
                  0.00    0.00    0.00   clock core_clock (rise edge)
                          0.00    0.00   clock network delay (ideal)
                  0.00    0.00    0.00 ^ _351_/CLK (sky130_fd_sc_hd__dfrtp_1)
     2    0.01    0.10    0.35    0.35 ^ _351_/Q (sky130_fd_sc_hd__dfrtp_1)
                                         div.count[31] (net)
                  0.10    0.00    0.35 ^ _260_/A (sky130_fd_sc_hd__xor2_1)
     1    0.00    0.04    0.08    0.43 v _260_/X (sky130_fd_sc_hd__xor2_1)
                                         _028_ (net)
                  0.04    0.00    0.43 v _351_/D (sky130_fd_sc_hd__dfrtp_1)
                                  0.43   data arrival time

                  0.00    0.00    0.00   clock core_clock (rise edge)
                          0.00    0.00   clock network delay (ideal)
                          0.00    0.00   clock reconvergence pessimism
                                  0.00 ^ _351_/CLK (sky130_fd_sc_hd__dfrtp_1)
                         -0.06   -0.06   library hold time
                                 -0.06   data required time
-----------------------------------------------------------------------------
                                 -0.06   data required time
                                 -0.43   data arrival time
-----------------------------------------------------------------------------
                                  0.49   slack (MET)


Startpoint: _350_ (rising edge-triggered flip-flop clocked by core_clock)
Endpoint: _350_ (rising edge-triggered flip-flop clocked by core_clock)
Path Group: core_clock
Path Type: min

Fanout     Cap    Slew   Delay    Time   Description
-----------------------------------------------------------------------------
                  0.00    0.00    0.00   clock core_clock (rise edge)
                          0.00    0.00   clock network delay (ideal)
                  0.00    0.00    0.00 ^ _350_/CLK (sky130_fd_sc_hd__dfrtp_2)
     3    0.02    0.11    0.38    0.38 ^ _350_/Q (sky130_fd_sc_hd__dfrtp_2)
                                         div.count[30] (net)
                  0.11    0.00    0.38 ^ _258_/A (sky130_fd_sc_hd__xnor2_1)
     1    0.00    0.04    0.08    0.46 v _258_/Y (sky130_fd_sc_hd__xnor2_1)
                                         _027_ (net)
                  0.04    0.00    0.46 v _350_/D (sky130_fd_sc_hd__dfrtp_2)
                                  0.46   data arrival time

                  0.00    0.00    0.00   clock core_clock (rise edge)
                          0.00    0.00   clock network delay (ideal)
                          0.00    0.00   clock reconvergence pessimism
                                  0.00 ^ _350_/CLK (sky130_fd_sc_hd__dfrtp_2)
                         -0.05   -0.05   library hold time
                                 -0.05   data required time
-----------------------------------------------------------------------------
                                 -0.05   data required time
                                 -0.46   data arrival time
-----------------------------------------------------------------------------
                                  0.51   slack (MET)


Startpoint: _346_ (rising edge-triggered flip-flop clocked by core_clock)
Endpoint: _346_ (rising edge-triggered flip-flop clocked by core_clock)
Path Group: core_clock
Path Type: min

Fanout     Cap    Slew   Delay    Time   Description
-----------------------------------------------------------------------------
                  0.00    0.00    0.00   clock core_clock (rise edge)
                          0.00    0.00   clock network delay (ideal)
                  0.00    0.00    0.00 ^ _346_/CLK (sky130_fd_sc_hd__dfrtp_2)
     4    0.02    0.12    0.39    0.39 ^ _346_/Q (sky130_fd_sc_hd__dfrtp_2)
                                         div.count[26] (net)
                  0.12    0.00    0.39 ^ _248_/A (sky130_fd_sc_hd__xor2_1)
     1    0.01    0.05    0.10    0.48 v _248_/X (sky130_fd_sc_hd__xor2_1)
                                         _022_ (net)
                  0.05    0.00    0.48 v _346_/D (sky130_fd_sc_hd__dfrtp_2)
                                  0.48   data arrival time

                  0.00    0.00    0.00   clock core_clock (rise edge)
                          0.00    0.00   clock network delay (ideal)
                          0.00    0.00   clock reconvergence pessimism
                                  0.00 ^ _346_/CLK (sky130_fd_sc_hd__dfrtp_2)
                         -0.05   -0.05   library hold time
                                 -0.05   data required time
-----------------------------------------------------------------------------
                                 -0.05   data required time
                                 -0.48   data arrival time
-----------------------------------------------------------------------------
                                  0.54   slack (MET)


Startpoint: _343_ (rising edge-triggered flip-flop clocked by core_clock)
Endpoint: _343_ (rising edge-triggered flip-flop clocked by core_clock)
Path Group: core_clock
Path Type: min

Fanout     Cap    Slew   Delay    Time   Description
-----------------------------------------------------------------------------
                  0.00    0.00    0.00   clock core_clock (rise edge)
                          0.00    0.00   clock network delay (ideal)
                  0.00    0.00    0.00 ^ _343_/CLK (sky130_fd_sc_hd__dfrtp_2)
     3    0.02    0.11    0.38    0.38 ^ _343_/Q (sky130_fd_sc_hd__dfrtp_2)
                                         div.count[23] (net)
                  0.11    0.00    0.38 ^ _240_/A (sky130_fd_sc_hd__xnor2_1)
     1    0.01    0.08    0.12    0.50 v _240_/Y (sky130_fd_sc_hd__xnor2_1)
                                         _019_ (net)
                  0.08    0.00    0.50 v _343_/D (sky130_fd_sc_hd__dfrtp_2)
                                  0.50   data arrival time

                  0.00    0.00    0.00   clock core_clock (rise edge)
                          0.00    0.00   clock network delay (ideal)
                          0.00    0.00   clock reconvergence pessimism
                                  0.00 ^ _343_/CLK (sky130_fd_sc_hd__dfrtp_2)
                         -0.07   -0.07   library hold time
                                 -0.07   data required time
-----------------------------------------------------------------------------
                                 -0.07   data required time
                                 -0.50   data arrival time
-----------------------------------------------------------------------------
                                  0.57   slack (MET)


Startpoint: _324_ (rising edge-triggered flip-flop clocked by core_clock)
Endpoint: _324_ (rising edge-triggered flip-flop clocked by core_clock)
Path Group: core_clock
Path Type: min

Fanout     Cap    Slew   Delay    Time   Description
-----------------------------------------------------------------------------
                  0.00    0.00    0.00   clock core_clock (rise edge)
                          0.00    0.00   clock network delay (ideal)
                  0.00    0.00    0.00 ^ _324_/CLK (sky130_fd_sc_hd__dfrtp_4)
     6    0.03    0.11    0.43    0.43 ^ _324_/Q (sky130_fd_sc_hd__dfrtp_4)
                                         div.count[4] (net)
                  0.11    0.00    0.44 ^ _181_/A (sky130_fd_sc_hd__xor2_1)
     1    0.01    0.05    0.09    0.52 v _181_/X (sky130_fd_sc_hd__xor2_1)
                                         _030_ (net)
                  0.05    0.00    0.52 v _324_/D (sky130_fd_sc_hd__dfrtp_4)
                                  0.52   data arrival time

                  0.00    0.00    0.00   clock core_clock (rise edge)
                          0.00    0.00   clock network delay (ideal)
                          0.00    0.00   clock reconvergence pessimism
                                  0.00 ^ _324_/CLK (sky130_fd_sc_hd__dfrtp_4)
                         -0.05   -0.05   library hold time
                                 -0.05   data required time
-----------------------------------------------------------------------------
                                 -0.05   data required time
                                 -0.52   data arrival time
-----------------------------------------------------------------------------
                                  0.58   slack (MET)


Startpoint: _333_ (rising edge-triggered flip-flop clocked by core_clock)
Endpoint: _333_ (rising edge-triggered flip-flop clocked by core_clock)
Path Group: core_clock
Path Type: min

Fanout     Cap    Slew   Delay    Time   Description
-----------------------------------------------------------------------------
                  0.00    0.00    0.00   clock core_clock (rise edge)
                          0.00    0.00   clock network delay (ideal)
                  0.00    0.00    0.00 ^ _333_/CLK (sky130_fd_sc_hd__dfrtp_2)
     3    0.02    0.12    0.39    0.39 ^ _333_/Q (sky130_fd_sc_hd__dfrtp_2)
                                         div.count[13] (net)
                  0.12    0.00    0.39 ^ _212_/A1 (sky130_fd_sc_hd__o21ba_1)
     1    0.00    0.05    0.15    0.54 ^ _212_/X (sky130_fd_sc_hd__o21ba_1)
                                         _008_ (net)
                  0.05    0.00    0.54 ^ _333_/D (sky130_fd_sc_hd__dfrtp_2)
                                  0.54   data arrival time

                  0.00    0.00    0.00   clock core_clock (rise edge)
                          0.00    0.00   clock network delay (ideal)
                          0.00    0.00   clock reconvergence pessimism
                                  0.00 ^ _333_/CLK (sky130_fd_sc_hd__dfrtp_2)
                         -0.04   -0.04   library hold time
                                 -0.04   data required time
-----------------------------------------------------------------------------
                                 -0.04   data required time
                                 -0.54   data arrival time
-----------------------------------------------------------------------------
                                  0.58   slack (MET)


Startpoint: _334_ (rising edge-triggered flip-flop clocked by core_clock)
Endpoint: _334_ (rising edge-triggered flip-flop clocked by core_clock)
Path Group: core_clock
Path Type: min

Fanout     Cap    Slew   Delay    Time   Description
-----------------------------------------------------------------------------
                  0.00    0.00    0.00   clock core_clock (rise edge)
                          0.00    0.00   clock network delay (ideal)
                  0.00    0.00    0.00 ^ _334_/CLK (sky130_fd_sc_hd__dfrtp_2)
     4    0.02    0.11    0.39    0.39 ^ _334_/Q (sky130_fd_sc_hd__dfrtp_2)
                                         div.count[14] (net)
                  0.11    0.00    0.39 ^ _214_/A1 (sky130_fd_sc_hd__o211a_1)
     1    0.00    0.04    0.16    0.55 ^ _214_/X (sky130_fd_sc_hd__o211a_1)
                                         _009_ (net)
                  0.04    0.00    0.55 ^ _334_/D (sky130_fd_sc_hd__dfrtp_2)
                                  0.55   data arrival time

                  0.00    0.00    0.00   clock core_clock (rise edge)
                          0.00    0.00   clock network delay (ideal)
                          0.00    0.00   clock reconvergence pessimism
                                  0.00 ^ _334_/CLK (sky130_fd_sc_hd__dfrtp_2)
                         -0.04   -0.04   library hold time
                                 -0.04   data required time
-----------------------------------------------------------------------------
                                 -0.04   data required time
                                 -0.55   data arrival time
-----------------------------------------------------------------------------
                                  0.59   slack (MET)


Startpoint: _356_ (rising edge-triggered flip-flop clocked by core_clock)
Endpoint: _356_ (rising edge-triggered flip-flop clocked by core_clock)
Path Group: core_clock
Path Type: min

Fanout     Cap    Slew   Delay    Time   Description
-----------------------------------------------------------------------------
                  0.00    0.00    0.00   clock core_clock (rise edge)
                          0.00    0.00   clock network delay (ideal)
                  0.00    0.00    0.00 ^ _356_/CLK (sky130_fd_sc_hd__dfrtp_4)
     5    0.03    0.10    0.43    0.43 ^ _356_/Q (sky130_fd_sc_hd__dfrtp_4)
                                         counter.clk (net)
                  0.10    0.00    0.43 ^ _168_/A (sky130_fd_sc_hd__xnor2_1)
     1    0.01    0.06    0.10    0.53 v _168_/Y (sky130_fd_sc_hd__xnor2_1)
                                         _073_ (net)
                  0.06    0.00    0.53 v _356_/D (sky130_fd_sc_hd__dfrtp_4)
                                  0.53   data arrival time

                  0.00    0.00    0.00   clock core_clock (rise edge)
                          0.00    0.00   clock network delay (ideal)
                          0.00    0.00   clock reconvergence pessimism
                                  0.00 ^ _356_/CLK (sky130_fd_sc_hd__dfrtp_4)
                         -0.06   -0.06   library hold time
                                 -0.06   data required time
-----------------------------------------------------------------------------
                                 -0.06   data required time
                                 -0.53   data arrival time
-----------------------------------------------------------------------------
                                  0.59   slack (MET)


Startpoint: _332_ (rising edge-triggered flip-flop clocked by core_clock)
Endpoint: _332_ (rising edge-triggered flip-flop clocked by core_clock)
Path Group: core_clock
Path Type: min

Fanout     Cap    Slew   Delay    Time   Description
-----------------------------------------------------------------------------
                  0.00    0.00    0.00   clock core_clock (rise edge)
                          0.00    0.00   clock network delay (ideal)
                  0.00    0.00    0.00 ^ _332_/CLK (sky130_fd_sc_hd__dfrtp_4)
     4    0.03    0.10    0.43    0.43 ^ _332_/Q (sky130_fd_sc_hd__dfrtp_4)
                                         div.count[12] (net)
                  0.10    0.00    0.43 ^ _208_/A (sky130_fd_sc_hd__xnor2_1)
     1    0.01    0.06    0.10    0.53 v _208_/Y (sky130_fd_sc_hd__xnor2_1)
                                         _007_ (net)
                  0.06    0.00    0.53 v _332_/D (sky130_fd_sc_hd__dfrtp_4)
                                  0.53   data arrival time

                  0.00    0.00    0.00   clock core_clock (rise edge)
                          0.00    0.00   clock network delay (ideal)
                          0.00    0.00   clock reconvergence pessimism
                                  0.00 ^ _332_/CLK (sky130_fd_sc_hd__dfrtp_4)
                         -0.06   -0.06   library hold time
                                 -0.06   data required time
-----------------------------------------------------------------------------
                                 -0.06   data required time
                                 -0.53   data arrival time
-----------------------------------------------------------------------------
                                  0.59   slack (MET)


Startpoint: _336_ (rising edge-triggered flip-flop clocked by core_clock)
Endpoint: _336_ (rising edge-triggered flip-flop clocked by core_clock)
Path Group: core_clock
Path Type: min

Fanout     Cap    Slew   Delay    Time   Description
-----------------------------------------------------------------------------
                  0.00    0.00    0.00   clock core_clock (rise edge)
                          0.00    0.00   clock network delay (ideal)
                  0.00    0.00    0.00 ^ _336_/CLK (sky130_fd_sc_hd__dfrtp_4)
     6    0.03    0.11    0.44    0.44 ^ _336_/Q (sky130_fd_sc_hd__dfrtp_4)
                                         div.count[16] (net)
                  0.11    0.00    0.44 ^ _219_/A (sky130_fd_sc_hd__xor2_1)
     1    0.01    0.05    0.10    0.53 v _219_/X (sky130_fd_sc_hd__xor2_1)
                                         _011_ (net)
                  0.05    0.00    0.53 v _336_/D (sky130_fd_sc_hd__dfrtp_4)
                                  0.53   data arrival time

                  0.00    0.00    0.00   clock core_clock (rise edge)
                          0.00    0.00   clock network delay (ideal)
                          0.00    0.00   clock reconvergence pessimism
                                  0.00 ^ _336_/CLK (sky130_fd_sc_hd__dfrtp_4)
                         -0.05   -0.05   library hold time
                                 -0.05   data required time
-----------------------------------------------------------------------------
                                 -0.05   data required time
                                 -0.53   data arrival time
-----------------------------------------------------------------------------
                                  0.59   slack (MET)


Startpoint: _328_ (rising edge-triggered flip-flop clocked by core_clock)
Endpoint: _328_ (rising edge-triggered flip-flop clocked by core_clock)
Path Group: core_clock
Path Type: min

Fanout     Cap    Slew   Delay    Time   Description
-----------------------------------------------------------------------------
                  0.00    0.00    0.00   clock core_clock (rise edge)
                          0.00    0.00   clock network delay (ideal)
                  0.00    0.00    0.00 ^ _328_/CLK (sky130_fd_sc_hd__dfrtp_4)
     6    0.04    0.13    0.45    0.45 ^ _328_/Q (sky130_fd_sc_hd__dfrtp_4)
                                         div.count[8] (net)
                  0.13    0.00    0.45 ^ _194_/A1 (sky130_fd_sc_hd__a21oi_1)
     1    0.00    0.05    0.09    0.54 v _194_/Y (sky130_fd_sc_hd__a21oi_1)
                                         _034_ (net)
                  0.05    0.00    0.54 v _328_/D (sky130_fd_sc_hd__dfrtp_4)
                                  0.54   data arrival time

                  0.00    0.00    0.00   clock core_clock (rise edge)
                          0.00    0.00   clock network delay (ideal)
                          0.00    0.00   clock reconvergence pessimism
                                  0.00 ^ _328_/CLK (sky130_fd_sc_hd__dfrtp_4)
                         -0.05   -0.05   library hold time
                                 -0.05   data required time
-----------------------------------------------------------------------------
                                 -0.05   data required time
                                 -0.54   data arrival time
-----------------------------------------------------------------------------
                                  0.60   slack (MET)


Startpoint: _335_ (rising edge-triggered flip-flop clocked by core_clock)
Endpoint: _335_ (rising edge-triggered flip-flop clocked by core_clock)
Path Group: core_clock
Path Type: min

Fanout     Cap    Slew   Delay    Time   Description
-----------------------------------------------------------------------------
                  0.00    0.00    0.00   clock core_clock (rise edge)
                          0.00    0.00   clock network delay (ideal)
                  0.00    0.00    0.00 ^ _335_/CLK (sky130_fd_sc_hd__dfrtp_4)
     3    0.02    0.10    0.43    0.43 ^ _335_/Q (sky130_fd_sc_hd__dfrtp_4)
                                         div.count[15] (net)
                  0.10    0.00    0.43 ^ _215_/A (sky130_fd_sc_hd__xnor2_2)
     1    0.01    0.07    0.11    0.54 v _215_/Y (sky130_fd_sc_hd__xnor2_2)
                                         _010_ (net)
                  0.07    0.00    0.54 v _335_/D (sky130_fd_sc_hd__dfrtp_4)
                                  0.54   data arrival time

                  0.00    0.00    0.00   clock core_clock (rise edge)
                          0.00    0.00   clock network delay (ideal)
                          0.00    0.00   clock reconvergence pessimism
                                  0.00 ^ _335_/CLK (sky130_fd_sc_hd__dfrtp_4)
                         -0.06   -0.06   library hold time
                                 -0.06   data required time
-----------------------------------------------------------------------------
                                 -0.06   data required time
                                 -0.54   data arrival time
-----------------------------------------------------------------------------
                                  0.60   slack (MET)


Startpoint: _341_ (rising edge-triggered flip-flop clocked by core_clock)
Endpoint: _341_ (rising edge-triggered flip-flop clocked by core_clock)
Path Group: core_clock
Path Type: min

Fanout     Cap    Slew   Delay    Time   Description
-----------------------------------------------------------------------------
                  0.00    0.00    0.00   clock core_clock (rise edge)
                          0.00    0.00   clock network delay (ideal)
                  0.00    0.00    0.00 ^ _341_/CLK (sky130_fd_sc_hd__dfrtp_4)
     5    0.03    0.11    0.44    0.44 ^ _341_/Q (sky130_fd_sc_hd__dfrtp_4)
                                         div.count[21] (net)
                  0.11    0.00    0.44 ^ _235_/A (sky130_fd_sc_hd__xor2_1)
     1    0.01    0.06    0.11    0.55 v _235_/X (sky130_fd_sc_hd__xor2_1)
                                         _017_ (net)
                  0.06    0.00    0.55 v _341_/D (sky130_fd_sc_hd__dfrtp_4)
                                  0.55   data arrival time

                  0.00    0.00    0.00   clock core_clock (rise edge)
                          0.00    0.00   clock network delay (ideal)
                          0.00    0.00   clock reconvergence pessimism
                                  0.00 ^ _341_/CLK (sky130_fd_sc_hd__dfrtp_4)
                         -0.06   -0.06   library hold time
                                 -0.06   data required time
-----------------------------------------------------------------------------
                                 -0.06   data required time
                                 -0.55   data arrival time
-----------------------------------------------------------------------------
                                  0.61   slack (MET)


Startpoint: _347_ (rising edge-triggered flip-flop clocked by core_clock)
Endpoint: _347_ (rising edge-triggered flip-flop clocked by core_clock)
Path Group: core_clock
Path Type: min

Fanout     Cap    Slew   Delay    Time   Description
-----------------------------------------------------------------------------
                  0.00    0.00    0.00   clock core_clock (rise edge)
                          0.00    0.00   clock network delay (ideal)
                  0.00    0.00    0.00 ^ _347_/CLK (sky130_fd_sc_hd__dfrtp_1)
     3    0.02    0.15    0.39    0.39 ^ _347_/Q (sky130_fd_sc_hd__dfrtp_1)
                                         div.count[27] (net)
                  0.15    0.00    0.39 ^ _252_/A1 (sky130_fd_sc_hd__o21ba_1)
     1    0.01    0.07    0.17    0.56 ^ _252_/X (sky130_fd_sc_hd__o21ba_1)
                                         _023_ (net)
                  0.07    0.00    0.56 ^ _347_/D (sky130_fd_sc_hd__dfrtp_1)
                                  0.56   data arrival time

                  0.00    0.00    0.00   clock core_clock (rise edge)
                          0.00    0.00   clock network delay (ideal)
                          0.00    0.00   clock reconvergence pessimism
                                  0.00 ^ _347_/CLK (sky130_fd_sc_hd__dfrtp_1)
                         -0.05   -0.05   library hold time
                                 -0.05   data required time
-----------------------------------------------------------------------------
                                 -0.05   data required time
                                 -0.56   data arrival time
-----------------------------------------------------------------------------
                                  0.61   slack (MET)


Startpoint: _344_ (rising edge-triggered flip-flop clocked by core_clock)
Endpoint: _344_ (rising edge-triggered flip-flop clocked by core_clock)
Path Group: core_clock
Path Type: min

Fanout     Cap    Slew   Delay    Time   Description
-----------------------------------------------------------------------------
                  0.00    0.00    0.00   clock core_clock (rise edge)
                          0.00    0.00   clock network delay (ideal)
                  0.00    0.00    0.00 ^ _344_/CLK (sky130_fd_sc_hd__dfrtp_4)
     6    0.03    0.11    0.44    0.44 ^ _344_/Q (sky130_fd_sc_hd__dfrtp_4)
                                         div.count[24] (net)
                  0.11    0.00    0.44 ^ _244_/A (sky130_fd_sc_hd__xor2_1)
     1    0.01    0.07    0.12    0.56 v _244_/X (sky130_fd_sc_hd__xor2_1)
                                         _020_ (net)
                  0.07    0.00    0.56 v _344_/D (sky130_fd_sc_hd__dfrtp_4)
                                  0.56   data arrival time

                  0.00    0.00    0.00   clock core_clock (rise edge)
                          0.00    0.00   clock network delay (ideal)
                          0.00    0.00   clock reconvergence pessimism
                                  0.00 ^ _344_/CLK (sky130_fd_sc_hd__dfrtp_4)
                         -0.06   -0.06   library hold time
                                 -0.06   data required time
-----------------------------------------------------------------------------
                                 -0.06   data required time
                                 -0.56   data arrival time
-----------------------------------------------------------------------------
                                  0.62   slack (MET)


Startpoint: _322_ (rising edge-triggered flip-flop clocked by core_clock)
Endpoint: _322_ (rising edge-triggered flip-flop clocked by core_clock)
Path Group: core_clock
Path Type: min

Fanout     Cap    Slew   Delay    Time   Description
-----------------------------------------------------------------------------
                  0.00    0.00    0.00   clock core_clock (rise edge)
                          0.00    0.00   clock network delay (ideal)
                  0.00    0.00    0.00 ^ _322_/CLK (sky130_fd_sc_hd__dfrtp_4)
     4    0.02    0.10    0.43    0.43 ^ _322_/Q (sky130_fd_sc_hd__dfrtp_4)
                                         div.count[2] (net)
                  0.10    0.00    0.43 ^ _175_/A (sky130_fd_sc_hd__xnor2_1)
     1    0.01    0.09    0.12    0.55 v _175_/Y (sky130_fd_sc_hd__xnor2_1)
                                         _026_ (net)
                  0.09    0.00    0.55 v _322_/D (sky130_fd_sc_hd__dfrtp_4)
                                  0.55   data arrival time

                  0.00    0.00    0.00   clock core_clock (rise edge)
                          0.00    0.00   clock network delay (ideal)
                          0.00    0.00   clock reconvergence pessimism
                                  0.00 ^ _322_/CLK (sky130_fd_sc_hd__dfrtp_4)
                         -0.07   -0.07   library hold time
                                 -0.07   data required time
-----------------------------------------------------------------------------
                                 -0.07   data required time
                                 -0.55   data arrival time
-----------------------------------------------------------------------------
                                  0.62   slack (MET)


Startpoint: _330_ (rising edge-triggered flip-flop clocked by core_clock)
Endpoint: _330_ (rising edge-triggered flip-flop clocked by core_clock)
Path Group: core_clock
Path Type: min

Fanout     Cap    Slew   Delay    Time   Description
-----------------------------------------------------------------------------
                  0.00    0.00    0.00   clock core_clock (rise edge)
                          0.00    0.00   clock network delay (ideal)
                  0.00    0.00    0.00 ^ _330_/CLK (sky130_fd_sc_hd__dfrtp_4)
     6    0.04    0.14    0.46    0.46 ^ _330_/Q (sky130_fd_sc_hd__dfrtp_4)
                                         div.count[10] (net)
                  0.14    0.00    0.47 ^ _203_/A (sky130_fd_sc_hd__xor2_2)
     1    0.01    0.05    0.11    0.57 v _203_/X (sky130_fd_sc_hd__xor2_2)
                                         _005_ (net)
                  0.05    0.00    0.57 v _330_/D (sky130_fd_sc_hd__dfrtp_4)
                                  0.57   data arrival time

                  0.00    0.00    0.00   clock core_clock (rise edge)
                          0.00    0.00   clock network delay (ideal)
                          0.00    0.00   clock reconvergence pessimism
                                  0.00 ^ _330_/CLK (sky130_fd_sc_hd__dfrtp_4)
                         -0.05   -0.05   library hold time
                                 -0.05   data required time
-----------------------------------------------------------------------------
                                 -0.05   data required time
                                 -0.57   data arrival time
-----------------------------------------------------------------------------
                                  0.63   slack (MET)


Startpoint: _327_ (rising edge-triggered flip-flop clocked by core_clock)
Endpoint: _327_ (rising edge-triggered flip-flop clocked by core_clock)
Path Group: core_clock
Path Type: min

Fanout     Cap    Slew   Delay    Time   Description
-----------------------------------------------------------------------------
                  0.00    0.00    0.00   clock core_clock (rise edge)
                          0.00    0.00   clock network delay (ideal)
                  0.00    0.00    0.00 ^ _327_/CLK (sky130_fd_sc_hd__dfrtp_2)
     4    0.02    0.08    0.42    0.42 v _327_/Q (sky130_fd_sc_hd__dfrtp_2)
                                         div.count[7] (net)
                  0.08    0.00    0.42 v _189_/A (sky130_fd_sc_hd__inv_2)
     1    0.01    0.06    0.08    0.50 ^ _189_/Y (sky130_fd_sc_hd__inv_2)
                                         _098_ (net)
                  0.06    0.00    0.50 ^ _192_/A1 (sky130_fd_sc_hd__a21oi_1)
     1    0.01    0.05    0.08    0.58 v _192_/Y (sky130_fd_sc_hd__a21oi_1)
                                         _033_ (net)
                  0.05    0.00    0.58 v _327_/D (sky130_fd_sc_hd__dfrtp_2)
                                  0.58   data arrival time

                  0.00    0.00    0.00   clock core_clock (rise edge)
                          0.00    0.00   clock network delay (ideal)
                          0.00    0.00   clock reconvergence pessimism
                                  0.00 ^ _327_/CLK (sky130_fd_sc_hd__dfrtp_2)
                         -0.06   -0.06   library hold time
                                 -0.06   data required time
-----------------------------------------------------------------------------
                                 -0.06   data required time
                                 -0.58   data arrival time
-----------------------------------------------------------------------------
                                  0.64   slack (MET)


Startpoint: _340_ (rising edge-triggered flip-flop clocked by core_clock)
Endpoint: _340_ (rising edge-triggered flip-flop clocked by core_clock)
Path Group: core_clock
Path Type: min

Fanout     Cap    Slew   Delay    Time   Description
-----------------------------------------------------------------------------
                  0.00    0.00    0.00   clock core_clock (rise edge)
                          0.00    0.00   clock network delay (ideal)
                  0.00    0.00    0.00 ^ _340_/CLK (sky130_fd_sc_hd__dfrtp_4)
     4    0.02    0.10    0.43    0.43 ^ _340_/Q (sky130_fd_sc_hd__dfrtp_4)
                                         div.count[20] (net)
                  0.10    0.00    0.43 ^ _233_/B1 (sky130_fd_sc_hd__a21oi_1)
     1    0.01    0.06    0.08    0.51 v _233_/Y (sky130_fd_sc_hd__a21oi_1)
                                         _129_ (net)
                  0.06    0.00    0.51 v _234_/B (sky130_fd_sc_hd__nor2_1)
     1    0.00    0.09    0.10    0.60 ^ _234_/Y (sky130_fd_sc_hd__nor2_1)
                                         _016_ (net)
                  0.09    0.00    0.60 ^ _340_/D (sky130_fd_sc_hd__dfrtp_4)
                                  0.60   data arrival time

                  0.00    0.00    0.00   clock core_clock (rise edge)
                          0.00    0.00   clock network delay (ideal)
                          0.00    0.00   clock reconvergence pessimism
                                  0.00 ^ _340_/CLK (sky130_fd_sc_hd__dfrtp_4)
                         -0.05   -0.05   library hold time
                                 -0.05   data required time
-----------------------------------------------------------------------------
                                 -0.05   data required time
                                 -0.60   data arrival time
-----------------------------------------------------------------------------
                                  0.65   slack (MET)


Startpoint: _349_ (rising edge-triggered flip-flop clocked by core_clock)
Endpoint: _349_ (rising edge-triggered flip-flop clocked by core_clock)
Path Group: core_clock
Path Type: min

Fanout     Cap    Slew   Delay    Time   Description
-----------------------------------------------------------------------------
                  0.00    0.00    0.00   clock core_clock (rise edge)
                          0.00    0.00   clock network delay (ideal)
                  0.00    0.00    0.00 ^ _349_/CLK (sky130_fd_sc_hd__dfrtp_4)
     4    0.02    0.10    0.43    0.43 ^ _349_/Q (sky130_fd_sc_hd__dfrtp_4)
                                         div.count[29] (net)
                  0.10    0.00    0.43 ^ _257_/A1 (sky130_fd_sc_hd__o21a_1)
     1    0.01    0.13    0.20    0.63 ^ _257_/X (sky130_fd_sc_hd__o21a_1)
                                         _025_ (net)
                  0.13    0.00    0.63 ^ _349_/D (sky130_fd_sc_hd__dfrtp_4)
                                  0.63   data arrival time

                  0.00    0.00    0.00   clock core_clock (rise edge)
                          0.00    0.00   clock network delay (ideal)
                          0.00    0.00   clock reconvergence pessimism
                                  0.00 ^ _349_/CLK (sky130_fd_sc_hd__dfrtp_4)
                         -0.06   -0.06   library hold time
                                 -0.06   data required time
-----------------------------------------------------------------------------
                                 -0.06   data required time
                                 -0.63   data arrival time
-----------------------------------------------------------------------------
                                  0.69   slack (MET)


Startpoint: _345_ (rising edge-triggered flip-flop clocked by core_clock)
Endpoint: _345_ (rising edge-triggered flip-flop clocked by core_clock)
Path Group: core_clock
Path Type: min

Fanout     Cap    Slew   Delay    Time   Description
-----------------------------------------------------------------------------
                  0.00    0.00    0.00   clock core_clock (rise edge)
                          0.00    0.00   clock network delay (ideal)
                  0.00    0.00    0.00 ^ _345_/CLK (sky130_fd_sc_hd__dfrtp_2)
     5    0.02    0.11    0.39    0.39 ^ _345_/Q (sky130_fd_sc_hd__dfrtp_2)
                                         div.count[25] (net)
                  0.11    0.00    0.39 ^ _245_/B1 (sky130_fd_sc_hd__a21oi_2)
     1    0.01    0.05    0.06    0.45 v _245_/Y (sky130_fd_sc_hd__a21oi_2)
                                         _136_ (net)
                  0.05    0.00    0.45 v _247_/A (sky130_fd_sc_hd__nor2_1)
     1    0.01    0.19    0.18    0.63 ^ _247_/Y (sky130_fd_sc_hd__nor2_1)
                                         _021_ (net)
                  0.19    0.00    0.63 ^ _345_/D (sky130_fd_sc_hd__dfrtp_2)
                                  0.63   data arrival time

                  0.00    0.00    0.00   clock core_clock (rise edge)
                          0.00    0.00   clock network delay (ideal)
                          0.00    0.00   clock reconvergence pessimism
                                  0.00 ^ _345_/CLK (sky130_fd_sc_hd__dfrtp_2)
                         -0.07   -0.07   library hold time
                                 -0.07   data required time
-----------------------------------------------------------------------------
                                 -0.07   data required time
                                 -0.63   data arrival time
-----------------------------------------------------------------------------
                                  0.70   slack (MET)


Startpoint: _325_ (rising edge-triggered flip-flop clocked by core_clock)
Endpoint: _325_ (rising edge-triggered flip-flop clocked by core_clock)
Path Group: core_clock
Path Type: min

Fanout     Cap    Slew   Delay    Time   Description
-----------------------------------------------------------------------------
                  0.00    0.00    0.00   clock core_clock (rise edge)
                          0.00    0.00   clock network delay (ideal)
                  0.00    0.00    0.00 ^ _325_/CLK (sky130_fd_sc_hd__dfrtp_4)
     5    0.02    0.09    0.42    0.42 ^ _325_/Q (sky130_fd_sc_hd__dfrtp_4)
                                         div.count[5] (net)
                  0.09    0.00    0.42 ^ _183_/B1 (sky130_fd_sc_hd__a21oi_1)
     1    0.01    0.06    0.08    0.50 v _183_/Y (sky130_fd_sc_hd__a21oi_1)
                                         _094_ (net)
                  0.06    0.00    0.50 v _184_/B (sky130_fd_sc_hd__nor2_1)
     1    0.01    0.18    0.16    0.67 ^ _184_/Y (sky130_fd_sc_hd__nor2_1)
                                         _031_ (net)
                  0.18    0.00    0.67 ^ _325_/D (sky130_fd_sc_hd__dfrtp_4)
                                  0.67   data arrival time

                  0.00    0.00    0.00   clock core_clock (rise edge)
                          0.00    0.00   clock network delay (ideal)
                          0.00    0.00   clock reconvergence pessimism
                                  0.00 ^ _325_/CLK (sky130_fd_sc_hd__dfrtp_4)
                         -0.07   -0.07   library hold time
                                 -0.07   data required time
-----------------------------------------------------------------------------
                                 -0.07   data required time
                                 -0.67   data arrival time
-----------------------------------------------------------------------------
                                  0.73   slack (MET)


Startpoint: _337_ (rising edge-triggered flip-flop clocked by core_clock)
Endpoint: _337_ (rising edge-triggered flip-flop clocked by core_clock)
Path Group: core_clock
Path Type: min

Fanout     Cap    Slew   Delay    Time   Description
-----------------------------------------------------------------------------
                  0.00    0.00    0.00   clock core_clock (rise edge)
                          0.00    0.00   clock network delay (ideal)
                  0.00    0.00    0.00 ^ _337_/CLK (sky130_fd_sc_hd__dfrtp_4)
     5    0.03    0.11    0.43    0.43 ^ _337_/Q (sky130_fd_sc_hd__dfrtp_4)
                                         div.count[17] (net)
                  0.11    0.00    0.43 ^ _220_/B1 (sky130_fd_sc_hd__a21oi_1)
     1    0.01    0.05    0.07    0.50 v _220_/Y (sky130_fd_sc_hd__a21oi_1)
                                         _119_ (net)
                  0.05    0.00    0.50 v _222_/A (sky130_fd_sc_hd__nor2_2)
     1    0.02    0.19    0.19    0.70 ^ _222_/Y (sky130_fd_sc_hd__nor2_2)
                                         _012_ (net)
                  0.19    0.00    0.70 ^ _337_/D (sky130_fd_sc_hd__dfrtp_4)
                                  0.70   data arrival time

                  0.00    0.00    0.00   clock core_clock (rise edge)
                          0.00    0.00   clock network delay (ideal)
                          0.00    0.00   clock reconvergence pessimism
                                  0.00 ^ _337_/CLK (sky130_fd_sc_hd__dfrtp_4)
                         -0.07   -0.07   library hold time
                                 -0.07   data required time
-----------------------------------------------------------------------------
                                 -0.07   data required time
                                 -0.70   data arrival time
-----------------------------------------------------------------------------
                                  0.77   slack (MET)


Startpoint: _348_ (rising edge-triggered flip-flop clocked by core_clock)
Endpoint: _348_ (rising edge-triggered flip-flop clocked by core_clock)
Path Group: core_clock
Path Type: min

Fanout     Cap    Slew   Delay    Time   Description
-----------------------------------------------------------------------------
                  0.00    0.00    0.00   clock core_clock (rise edge)
                          0.00    0.00   clock network delay (ideal)
                  0.00    0.00    0.00 ^ _348_/CLK (sky130_fd_sc_hd__dfrtp_4)
     6    0.03    0.13    0.45    0.45 ^ _348_/Q (sky130_fd_sc_hd__dfrtp_4)
                                         div.count[28] (net)
                  0.13    0.00    0.45 ^ _253_/A (sky130_fd_sc_hd__and2_1)
     2    0.01    0.11    0.19    0.64 ^ _253_/X (sky130_fd_sc_hd__and2_1)
                                         _141_ (net)
                  0.11    0.00    0.64 ^ _255_/A (sky130_fd_sc_hd__nor2_1)
     1    0.01    0.05    0.08    0.72 v _255_/Y (sky130_fd_sc_hd__nor2_1)
                                         _024_ (net)
                  0.05    0.00    0.72 v _348_/D (sky130_fd_sc_hd__dfrtp_4)
                                  0.72   data arrival time

                  0.00    0.00    0.00   clock core_clock (rise edge)
                          0.00    0.00   clock network delay (ideal)
                          0.00    0.00   clock reconvergence pessimism
                                  0.00 ^ _348_/CLK (sky130_fd_sc_hd__dfrtp_4)
                         -0.06   -0.06   library hold time
                                 -0.06   data required time
-----------------------------------------------------------------------------
                                 -0.06   data required time
                                 -0.72   data arrival time
-----------------------------------------------------------------------------
                                  0.78   slack (MET)


Startpoint: _320_ (rising edge-triggered flip-flop clocked by core_clock)
Endpoint: _320_ (rising edge-triggered flip-flop clocked by core_clock)
Path Group: core_clock
Path Type: min

Fanout     Cap    Slew   Delay    Time   Description
-----------------------------------------------------------------------------
                  0.00    0.00    0.00   clock core_clock (rise edge)
                          0.00    0.00   clock network delay (ideal)
                  0.00    0.00    0.00 ^ _320_/CLK (sky130_fd_sc_hd__dfrtp_4)
     6    0.03    0.11    0.44    0.44 ^ _320_/Q (sky130_fd_sc_hd__dfrtp_4)
                                         div.count[0] (net)
                  0.11    0.00    0.44 ^ _169_/A_N (sky130_fd_sc_hd__and2b_1)
     1    0.01    0.07    0.22    0.66 v _169_/X (sky130_fd_sc_hd__and2b_1)
                                         _085_ (net)
                  0.07    0.00    0.66 v _170_/A (sky130_fd_sc_hd__clkbuf_1)
     1    0.00    0.04    0.10    0.76 v _170_/X (sky130_fd_sc_hd__clkbuf_1)
                                         _004_ (net)
                  0.04    0.00    0.76 v _320_/D (sky130_fd_sc_hd__dfrtp_4)
                                  0.76   data arrival time

                  0.00    0.00    0.00   clock core_clock (rise edge)
                          0.00    0.00   clock network delay (ideal)
                          0.00    0.00   clock reconvergence pessimism
                                  0.00 ^ _320_/CLK (sky130_fd_sc_hd__dfrtp_4)
                         -0.05   -0.05   library hold time
                                 -0.05   data required time
-----------------------------------------------------------------------------
                                 -0.05   data required time
                                 -0.76   data arrival time
-----------------------------------------------------------------------------
                                  0.81   slack (MET)


Startpoint: _323_ (rising edge-triggered flip-flop clocked by core_clock)
Endpoint: _323_ (rising edge-triggered flip-flop clocked by core_clock)
Path Group: core_clock
Path Type: min

Fanout     Cap    Slew   Delay    Time   Description
-----------------------------------------------------------------------------
                  0.00    0.00    0.00   clock core_clock (rise edge)
                          0.00    0.00   clock network delay (ideal)
                  0.00    0.00    0.00 ^ _323_/CLK (sky130_fd_sc_hd__dfrtp_2)
     3    0.02    0.10    0.37    0.37 ^ _323_/Q (sky130_fd_sc_hd__dfrtp_2)
                                         div.count[3] (net)
                  0.10    0.00    0.37 ^ _178_/B1 (sky130_fd_sc_hd__a31o_1)
     1    0.01    0.08    0.14    0.51 ^ _178_/X (sky130_fd_sc_hd__a31o_1)
                                         _091_ (net)
                  0.08    0.00    0.51 ^ _179_/B (sky130_fd_sc_hd__and2b_1)
     1    0.01    0.09    0.17    0.67 ^ _179_/X (sky130_fd_sc_hd__and2b_1)
                                         _092_ (net)
                  0.09    0.00    0.67 ^ _180_/A (sky130_fd_sc_hd__buf_1)
     1    0.01    0.09    0.12    0.80 ^ _180_/X (sky130_fd_sc_hd__buf_1)
                                         _029_ (net)
                  0.09    0.00    0.80 ^ _323_/D (sky130_fd_sc_hd__dfrtp_2)
                                  0.80   data arrival time

                  0.00    0.00    0.00   clock core_clock (rise edge)
                          0.00    0.00   clock network delay (ideal)
                          0.00    0.00   clock reconvergence pessimism
                                  0.00 ^ _323_/CLK (sky130_fd_sc_hd__dfrtp_2)
                         -0.05   -0.05   library hold time
                                 -0.05   data required time
-----------------------------------------------------------------------------
                                 -0.05   data required time
                                 -0.80   data arrival time
-----------------------------------------------------------------------------
                                  0.85   slack (MET)


Startpoint: _329_ (rising edge-triggered flip-flop clocked by core_clock)
Endpoint: _329_ (rising edge-triggered flip-flop clocked by core_clock)
Path Group: core_clock
Path Type: min

Fanout     Cap    Slew   Delay    Time   Description
-----------------------------------------------------------------------------
                  0.00    0.00    0.00   clock core_clock (rise edge)
                          0.00    0.00   clock network delay (ideal)
                  0.00    0.00    0.00 ^ _329_/CLK (sky130_fd_sc_hd__dfrtp_4)
     4    0.03    0.12    0.44    0.44 ^ _329_/Q (sky130_fd_sc_hd__dfrtp_4)
                                         div.count[9] (net)
                  0.12    0.00    0.44 ^ _200_/B1 (sky130_fd_sc_hd__a31o_1)
     1    0.01    0.10    0.16    0.60 ^ _200_/X (sky130_fd_sc_hd__a31o_1)
                                         _107_ (net)
                  0.10    0.00    0.60 ^ _201_/B (sky130_fd_sc_hd__nand2_1)
     1    0.01    0.05    0.08    0.68 v _201_/Y (sky130_fd_sc_hd__nand2_1)
                                         _108_ (net)
                  0.05    0.00    0.68 v _202_/B (sky130_fd_sc_hd__nor2_1)
     1    0.01    0.14    0.13    0.81 ^ _202_/Y (sky130_fd_sc_hd__nor2_1)
                                         _035_ (net)
                  0.14    0.00    0.81 ^ _329_/D (sky130_fd_sc_hd__dfrtp_4)
                                  0.81   data arrival time

                  0.00    0.00    0.00   clock core_clock (rise edge)
                          0.00    0.00   clock network delay (ideal)
                          0.00    0.00   clock reconvergence pessimism
                                  0.00 ^ _329_/CLK (sky130_fd_sc_hd__dfrtp_4)
                         -0.06   -0.06   library hold time
                                 -0.06   data required time
-----------------------------------------------------------------------------
                                 -0.06   data required time
                                 -0.81   data arrival time
-----------------------------------------------------------------------------
                                  0.87   slack (MET)


Startpoint: _338_ (rising edge-triggered flip-flop clocked by core_clock)
Endpoint: _338_ (rising edge-triggered flip-flop clocked by core_clock)
Path Group: core_clock
Path Type: min

Fanout     Cap    Slew   Delay    Time   Description
-----------------------------------------------------------------------------
                  0.00    0.00    0.00   clock core_clock (rise edge)
                          0.00    0.00   clock network delay (ideal)
                  0.00    0.00    0.00 ^ _338_/CLK (sky130_fd_sc_hd__dfrtp_4)
     4    0.03    0.11    0.44    0.44 ^ _338_/Q (sky130_fd_sc_hd__dfrtp_4)
                                         div.count[18] (net)
                  0.11    0.00    0.44 ^ _223_/A (sky130_fd_sc_hd__or2_1)
     1    0.00    0.05    0.12    0.56 ^ _223_/X (sky130_fd_sc_hd__or2_1)
                                         _121_ (net)
                  0.05    0.00    0.56 ^ _225_/B (sky130_fd_sc_hd__and3_1)
     1    0.00    0.06    0.15    0.71 ^ _225_/X (sky130_fd_sc_hd__and3_1)
                                         _123_ (net)
                  0.06    0.00    0.71 ^ _226_/A (sky130_fd_sc_hd__buf_1)
     1    0.01    0.10    0.12    0.83 ^ _226_/X (sky130_fd_sc_hd__buf_1)
                                         _013_ (net)
                  0.10    0.00    0.83 ^ _338_/D (sky130_fd_sc_hd__dfrtp_4)
                                  0.83   data arrival time

                  0.00    0.00    0.00   clock core_clock (rise edge)
                          0.00    0.00   clock network delay (ideal)
                          0.00    0.00   clock reconvergence pessimism
                                  0.00 ^ _338_/CLK (sky130_fd_sc_hd__dfrtp_4)
                         -0.05   -0.05   library hold time
                                 -0.05   data required time
-----------------------------------------------------------------------------
                                 -0.05   data required time
                                 -0.83   data arrival time
-----------------------------------------------------------------------------
                                  0.89   slack (MET)


Startpoint: _321_ (rising edge-triggered flip-flop clocked by core_clock)
Endpoint: _321_ (rising edge-triggered flip-flop clocked by core_clock)
Path Group: core_clock
Path Type: min

Fanout     Cap    Slew   Delay    Time   Description
-----------------------------------------------------------------------------
                  0.00    0.00    0.00   clock core_clock (rise edge)
                          0.00    0.00   clock network delay (ideal)
                  0.00    0.00    0.00 ^ _321_/CLK (sky130_fd_sc_hd__dfrtp_4)
     5    0.02    0.10    0.43    0.43 ^ _321_/Q (sky130_fd_sc_hd__dfrtp_4)
                                         div.count[1] (net)
                  0.10    0.00    0.43 ^ _172_/B (sky130_fd_sc_hd__nand2_2)
     2    0.02    0.07    0.10    0.52 v _172_/Y (sky130_fd_sc_hd__nand2_2)
                                         _087_ (net)
                  0.07    0.00    0.52 v _173_/B (sky130_fd_sc_hd__and2_1)
     1    0.01    0.07    0.20    0.72 v _173_/X (sky130_fd_sc_hd__and2_1)
                                         _088_ (net)
                  0.07    0.00    0.72 v _174_/A (sky130_fd_sc_hd__buf_1)
     1    0.01    0.08    0.15    0.87 v _174_/X (sky130_fd_sc_hd__buf_1)
                                         _015_ (net)
                  0.08    0.00    0.87 v _321_/D (sky130_fd_sc_hd__dfrtp_4)
                                  0.87   data arrival time

                  0.00    0.00    0.00   clock core_clock (rise edge)
                          0.00    0.00   clock network delay (ideal)
                          0.00    0.00   clock reconvergence pessimism
                                  0.00 ^ _321_/CLK (sky130_fd_sc_hd__dfrtp_4)
                         -0.07   -0.07   library hold time
                                 -0.07   data required time
-----------------------------------------------------------------------------
                                 -0.07   data required time
                                 -0.87   data arrival time
-----------------------------------------------------------------------------
                                  0.94   slack (MET)


Startpoint: _342_ (rising edge-triggered flip-flop clocked by core_clock)
Endpoint: _342_ (rising edge-triggered flip-flop clocked by core_clock)
Path Group: core_clock
Path Type: min

Fanout     Cap    Slew   Delay    Time   Description
-----------------------------------------------------------------------------
                  0.00    0.00    0.00   clock core_clock (rise edge)
                          0.00    0.00   clock network delay (ideal)
                  0.00    0.00    0.00 ^ _342_/CLK (sky130_fd_sc_hd__dfrtp_4)
     4    0.02    0.10    0.42    0.42 ^ _342_/Q (sky130_fd_sc_hd__dfrtp_4)
                                         div.count[22] (net)
                  0.10    0.00    0.43 ^ _236_/B1 (sky130_fd_sc_hd__a21o_1)
     1    0.01    0.06    0.11    0.54 ^ _236_/X (sky130_fd_sc_hd__a21o_1)
                                         _130_ (net)
                  0.06    0.00    0.54 ^ _238_/B (sky130_fd_sc_hd__and3_1)
     1    0.01    0.11    0.20    0.74 ^ _238_/X (sky130_fd_sc_hd__and3_1)
                                         _132_ (net)
                  0.11    0.00    0.74 ^ _239_/A (sky130_fd_sc_hd__buf_1)
     1    0.01    0.15    0.17    0.91 ^ _239_/X (sky130_fd_sc_hd__buf_1)
                                         _018_ (net)
                  0.15    0.00    0.91 ^ _342_/D (sky130_fd_sc_hd__dfrtp_4)
                                  0.91   data arrival time

                  0.00    0.00    0.00   clock core_clock (rise edge)
                          0.00    0.00   clock network delay (ideal)
                          0.00    0.00   clock reconvergence pessimism
                                  0.00 ^ _342_/CLK (sky130_fd_sc_hd__dfrtp_4)
                         -0.06   -0.06   library hold time
                                 -0.06   data required time
-----------------------------------------------------------------------------
                                 -0.06   data required time
                                 -0.91   data arrival time
-----------------------------------------------------------------------------
                                  0.97   slack (MET)


Startpoint: _326_ (rising edge-triggered flip-flop clocked by core_clock)
Endpoint: _326_ (rising edge-triggered flip-flop clocked by core_clock)
Path Group: core_clock
Path Type: min

Fanout     Cap    Slew   Delay    Time   Description
-----------------------------------------------------------------------------
                  0.00    0.00    0.00   clock core_clock (rise edge)
                          0.00    0.00   clock network delay (ideal)
                  0.00    0.00    0.00 ^ _326_/CLK (sky130_fd_sc_hd__dfrtp_4)
     5    0.03    0.11    0.43    0.43 ^ _326_/Q (sky130_fd_sc_hd__dfrtp_4)
                                         div.count[6] (net)
                  0.11    0.00    0.43 ^ _186_/A (sky130_fd_sc_hd__nand2_1)
     2    0.01    0.10    0.12    0.55 v _186_/Y (sky130_fd_sc_hd__nand2_1)
                                         _096_ (net)
                  0.10    0.00    0.55 v _187_/C (sky130_fd_sc_hd__and3_1)
     1    0.01    0.08    0.25    0.80 v _187_/X (sky130_fd_sc_hd__and3_1)
                                         _097_ (net)
                  0.08    0.00    0.80 v _188_/A (sky130_fd_sc_hd__buf_1)
     1    0.01    0.06    0.13    0.93 v _188_/X (sky130_fd_sc_hd__buf_1)
                                         _032_ (net)
                  0.06    0.00    0.93 v _326_/D (sky130_fd_sc_hd__dfrtp_4)
                                  0.93   data arrival time

                  0.00    0.00    0.00   clock core_clock (rise edge)
                          0.00    0.00   clock network delay (ideal)
                          0.00    0.00   clock reconvergence pessimism
                                  0.00 ^ _326_/CLK (sky130_fd_sc_hd__dfrtp_4)
                         -0.06   -0.06   library hold time
                                 -0.06   data required time
-----------------------------------------------------------------------------
                                 -0.06   data required time
                                 -0.93   data arrival time
-----------------------------------------------------------------------------
                                  0.98   slack (MET)


Startpoint: _339_ (rising edge-triggered flip-flop clocked by core_clock)
Endpoint: _339_ (rising edge-triggered flip-flop clocked by core_clock)
Path Group: core_clock
Path Type: min

Fanout     Cap    Slew   Delay    Time   Description
-----------------------------------------------------------------------------
                  0.00    0.00    0.00   clock core_clock (rise edge)
                          0.00    0.00   clock network delay (ideal)
                  0.00    0.00    0.00 ^ _339_/CLK (sky130_fd_sc_hd__dfrtp_4)
     3    0.02    0.10    0.43    0.43 ^ _339_/Q (sky130_fd_sc_hd__dfrtp_4)
                                         div.count[19] (net)
                  0.10    0.00    0.43 ^ _227_/A (sky130_fd_sc_hd__or2b_1)
     1    0.01    0.09    0.14    0.57 ^ _227_/X (sky130_fd_sc_hd__or2b_1)
                                         _124_ (net)
                  0.09    0.00    0.58 ^ _230_/B (sky130_fd_sc_hd__and3_1)
     1    0.01    0.11    0.20    0.78 ^ _230_/X (sky130_fd_sc_hd__and3_1)
                                         _127_ (net)
                  0.11    0.00    0.78 ^ _231_/A (sky130_fd_sc_hd__buf_1)
     1    0.01    0.12    0.15    0.93 ^ _231_/X (sky130_fd_sc_hd__buf_1)
                                         _014_ (net)
                  0.12    0.00    0.93 ^ _339_/D (sky130_fd_sc_hd__dfrtp_4)
                                  0.93   data arrival time

                  0.00    0.00    0.00   clock core_clock (rise edge)
                          0.00    0.00   clock network delay (ideal)
                          0.00    0.00   clock reconvergence pessimism
                                  0.00 ^ _339_/CLK (sky130_fd_sc_hd__dfrtp_4)
                         -0.06   -0.06   library hold time
                                 -0.06   data required time
-----------------------------------------------------------------------------
                                 -0.06   data required time
                                 -0.93   data arrival time
-----------------------------------------------------------------------------
                                  0.99   slack (MET)


Startpoint: _331_ (rising edge-triggered flip-flop clocked by core_clock)
Endpoint: _331_ (rising edge-triggered flip-flop clocked by core_clock)
Path Group: core_clock
Path Type: min

Fanout     Cap    Slew   Delay    Time   Description
-----------------------------------------------------------------------------
                  0.00    0.00    0.00   clock core_clock (rise edge)
                          0.00    0.00   clock network delay (ideal)
                  0.00    0.00    0.00 ^ _331_/CLK (sky130_fd_sc_hd__dfrtp_4)
     5    0.03    0.12    0.45    0.45 ^ _331_/Q (sky130_fd_sc_hd__dfrtp_4)
                                         div.count[11] (net)
                  0.12    0.00    0.45 ^ _205_/B (sky130_fd_sc_hd__nand3_2)
     2    0.02    0.12    0.15    0.60 v _205_/Y (sky130_fd_sc_hd__nand3_2)
                                         _110_ (net)
                  0.12    0.00    0.60 v _206_/C (sky130_fd_sc_hd__and3_1)
     1    0.01    0.08    0.26    0.86 v _206_/X (sky130_fd_sc_hd__and3_1)
                                         _111_ (net)
                  0.08    0.00    0.86 v _207_/A (sky130_fd_sc_hd__clkbuf_1)
     1    0.00    0.03    0.11    0.96 v _207_/X (sky130_fd_sc_hd__clkbuf_1)
                                         _006_ (net)
                  0.03    0.00    0.96 v _331_/D (sky130_fd_sc_hd__dfrtp_4)
                                  0.96   data arrival time

                  0.00    0.00    0.00   clock core_clock (rise edge)
                          0.00    0.00   clock network delay (ideal)
                          0.00    0.00   clock reconvergence pessimism
                                  0.00 ^ _331_/CLK (sky130_fd_sc_hd__dfrtp_4)
                         -0.05   -0.05   library hold time
                                 -0.05   data required time
-----------------------------------------------------------------------------
                                 -0.05   data required time
                                 -0.96   data arrival time
-----------------------------------------------------------------------------
                                  1.01   slack (MET)



worst slack corner Typical: 0.4868
min_report_end
max_report

===========================================================================
report_checks -path_delay max (Setup)
============================================================================
======================= Typical Corner ===================================

Startpoint: _335_ (rising edge-triggered flip-flop clocked by core_clock)
Endpoint: _326_ (rising edge-triggered flip-flop clocked by core_clock)
Path Group: core_clock
Path Type: max

Fanout     Cap    Slew   Delay    Time   Description
-----------------------------------------------------------------------------
                  0.00    0.00    0.00   clock core_clock (rise edge)
                          0.00    0.00   clock network delay (ideal)
                  0.00    0.00    0.00 ^ _335_/CLK (sky130_fd_sc_hd__dfrtp_4)
     3    0.02    0.08    0.49    0.49 v _335_/Q (sky130_fd_sc_hd__dfrtp_4)
                                         div.count[15] (net)
                  0.08    0.00    0.49 v _157_/A (sky130_fd_sc_hd__or4b_2)
     1    0.01    0.14    0.74    1.23 v _157_/X (sky130_fd_sc_hd__or4b_2)
                                         _074_ (net)
                  0.14    0.00    1.23 v _161_/A (sky130_fd_sc_hd__or4_2)
     2    0.02    0.15    0.77    2.00 v _161_/X (sky130_fd_sc_hd__or4_2)
                                         _078_ (net)
                  0.15    0.00    2.00 v _167_/A (sky130_fd_sc_hd__or4_4)
     6    0.03    0.13    0.64    2.63 v _167_/X (sky130_fd_sc_hd__or4_4)
                                         _084_ (net)
                  0.13    0.00    2.64 v _187_/A (sky130_fd_sc_hd__and3_1)
     1    0.01    0.08    0.22    2.86 v _187_/X (sky130_fd_sc_hd__and3_1)
                                         _097_ (net)
                  0.08    0.00    2.86 v _188_/A (sky130_fd_sc_hd__buf_1)
     1    0.01    0.06    0.13    2.99 v _188_/X (sky130_fd_sc_hd__buf_1)
                                         _032_ (net)
                  0.06    0.00    2.99 v _326_/D (sky130_fd_sc_hd__dfrtp_4)
                                  2.99   data arrival time

                  0.00   10.00   10.00   clock core_clock (rise edge)
                          0.00   10.00   clock network delay (ideal)
                          0.00   10.00   clock reconvergence pessimism
                                 10.00 ^ _326_/CLK (sky130_fd_sc_hd__dfrtp_4)
                         -0.13    9.87   library setup time
                                  9.87   data required time
-----------------------------------------------------------------------------
                                  9.87   data required time
                                 -2.99   data arrival time
-----------------------------------------------------------------------------
                                  6.88   slack (MET)


Startpoint: _335_ (rising edge-triggered flip-flop clocked by core_clock)
Endpoint: _342_ (rising edge-triggered flip-flop clocked by core_clock)
Path Group: core_clock
Path Type: max

Fanout     Cap    Slew   Delay    Time   Description
-----------------------------------------------------------------------------
                  0.00    0.00    0.00   clock core_clock (rise edge)
                          0.00    0.00   clock network delay (ideal)
                  0.00    0.00    0.00 ^ _335_/CLK (sky130_fd_sc_hd__dfrtp_4)
     3    0.02    0.08    0.49    0.49 v _335_/Q (sky130_fd_sc_hd__dfrtp_4)
                                         div.count[15] (net)
                  0.08    0.00    0.49 v _157_/A (sky130_fd_sc_hd__or4b_2)
     1    0.01    0.14    0.74    1.23 v _157_/X (sky130_fd_sc_hd__or4b_2)
                                         _074_ (net)
                  0.14    0.00    1.23 v _161_/A (sky130_fd_sc_hd__or4_2)
     2    0.02    0.15    0.77    2.00 v _161_/X (sky130_fd_sc_hd__or4_2)
                                         _078_ (net)
                  0.15    0.00    2.00 v _167_/A (sky130_fd_sc_hd__or4_4)
     6    0.03    0.13    0.64    2.63 v _167_/X (sky130_fd_sc_hd__or4_4)
                                         _084_ (net)
                  0.13    0.00    2.64 v _238_/A (sky130_fd_sc_hd__and3_1)
     1    0.01    0.07    0.21    2.84 v _238_/X (sky130_fd_sc_hd__and3_1)
                                         _132_ (net)
                  0.07    0.00    2.84 v _239_/A (sky130_fd_sc_hd__buf_1)
     1    0.01    0.07    0.14    2.98 v _239_/X (sky130_fd_sc_hd__buf_1)
                                         _018_ (net)
                  0.07    0.00    2.98 v _342_/D (sky130_fd_sc_hd__dfrtp_4)
                                  2.98   data arrival time

                  0.00   10.00   10.00   clock core_clock (rise edge)
                          0.00   10.00   clock network delay (ideal)
                          0.00   10.00   clock reconvergence pessimism
                                 10.00 ^ _342_/CLK (sky130_fd_sc_hd__dfrtp_4)
                         -0.14    9.86   library setup time
                                  9.86   data required time
-----------------------------------------------------------------------------
                                  9.86   data required time
                                 -2.98   data arrival time
-----------------------------------------------------------------------------
                                  6.88   slack (MET)


Startpoint: _335_ (rising edge-triggered flip-flop clocked by core_clock)
Endpoint: _339_ (rising edge-triggered flip-flop clocked by core_clock)
Path Group: core_clock
Path Type: max

Fanout     Cap    Slew   Delay    Time   Description
-----------------------------------------------------------------------------
                  0.00    0.00    0.00   clock core_clock (rise edge)
                          0.00    0.00   clock network delay (ideal)
                  0.00    0.00    0.00 ^ _335_/CLK (sky130_fd_sc_hd__dfrtp_4)
     3    0.02    0.08    0.49    0.49 v _335_/Q (sky130_fd_sc_hd__dfrtp_4)
                                         div.count[15] (net)
                  0.08    0.00    0.49 v _157_/A (sky130_fd_sc_hd__or4b_2)
     1    0.01    0.14    0.74    1.23 v _157_/X (sky130_fd_sc_hd__or4b_2)
                                         _074_ (net)
                  0.14    0.00    1.23 v _161_/A (sky130_fd_sc_hd__or4_2)
     2    0.02    0.15    0.77    2.00 v _161_/X (sky130_fd_sc_hd__or4_2)
                                         _078_ (net)
                  0.15    0.00    2.00 v _167_/A (sky130_fd_sc_hd__or4_4)
     6    0.03    0.13    0.64    2.63 v _167_/X (sky130_fd_sc_hd__or4_4)
                                         _084_ (net)
                  0.13    0.00    2.64 v _230_/A (sky130_fd_sc_hd__and3_1)
     1    0.01    0.06    0.21    2.84 v _230_/X (sky130_fd_sc_hd__and3_1)
                                         _127_ (net)
                  0.06    0.00    2.84 v _231_/A (sky130_fd_sc_hd__buf_1)
     1    0.01    0.06    0.13    2.97 v _231_/X (sky130_fd_sc_hd__buf_1)
                                         _014_ (net)
                  0.06    0.00    2.97 v _339_/D (sky130_fd_sc_hd__dfrtp_4)
                                  2.97   data arrival time

                  0.00   10.00   10.00   clock core_clock (rise edge)
                          0.00   10.00   clock network delay (ideal)
                          0.00   10.00   clock reconvergence pessimism
                                 10.00 ^ _339_/CLK (sky130_fd_sc_hd__dfrtp_4)
                         -0.13    9.87   library setup time
                                  9.87   data required time
-----------------------------------------------------------------------------
                                  9.87   data required time
                                 -2.97   data arrival time
-----------------------------------------------------------------------------
                                  6.90   slack (MET)


Startpoint: _335_ (rising edge-triggered flip-flop clocked by core_clock)
Endpoint: _320_ (rising edge-triggered flip-flop clocked by core_clock)
Path Group: core_clock
Path Type: max

Fanout     Cap    Slew   Delay    Time   Description
-----------------------------------------------------------------------------
                  0.00    0.00    0.00   clock core_clock (rise edge)
                          0.00    0.00   clock network delay (ideal)
                  0.00    0.00    0.00 ^ _335_/CLK (sky130_fd_sc_hd__dfrtp_4)
     3    0.02    0.08    0.49    0.49 v _335_/Q (sky130_fd_sc_hd__dfrtp_4)
                                         div.count[15] (net)
                  0.08    0.00    0.49 v _157_/A (sky130_fd_sc_hd__or4b_2)
     1    0.01    0.14    0.74    1.23 v _157_/X (sky130_fd_sc_hd__or4b_2)
                                         _074_ (net)
                  0.14    0.00    1.23 v _161_/A (sky130_fd_sc_hd__or4_2)
     2    0.02    0.15    0.77    2.00 v _161_/X (sky130_fd_sc_hd__or4_2)
                                         _078_ (net)
                  0.15    0.00    2.00 v _167_/A (sky130_fd_sc_hd__or4_4)
     6    0.03    0.13    0.64    2.63 v _167_/X (sky130_fd_sc_hd__or4_4)
                                         _084_ (net)
                  0.13    0.00    2.64 v _169_/B (sky130_fd_sc_hd__and2b_1)
     1    0.01    0.07    0.22    2.86 v _169_/X (sky130_fd_sc_hd__and2b_1)
                                         _085_ (net)
                  0.07    0.00    2.86 v _170_/A (sky130_fd_sc_hd__clkbuf_1)
     1    0.00    0.04    0.10    2.97 v _170_/X (sky130_fd_sc_hd__clkbuf_1)
                                         _004_ (net)
                  0.04    0.00    2.97 v _320_/D (sky130_fd_sc_hd__dfrtp_4)
                                  2.97   data arrival time

                  0.00   10.00   10.00   clock core_clock (rise edge)
                          0.00   10.00   clock network delay (ideal)
                          0.00   10.00   clock reconvergence pessimism
                                 10.00 ^ _320_/CLK (sky130_fd_sc_hd__dfrtp_4)
                         -0.12    9.88   library setup time
                                  9.88   data required time
-----------------------------------------------------------------------------
                                  9.88   data required time
                                 -2.97   data arrival time
-----------------------------------------------------------------------------
                                  6.91   slack (MET)


Startpoint: _335_ (rising edge-triggered flip-flop clocked by core_clock)
Endpoint: _328_ (rising edge-triggered flip-flop clocked by core_clock)
Path Group: core_clock
Path Type: max

Fanout     Cap    Slew   Delay    Time   Description
-----------------------------------------------------------------------------
                  0.00    0.00    0.00   clock core_clock (rise edge)
                          0.00    0.00   clock network delay (ideal)
                  0.00    0.00    0.00 ^ _335_/CLK (sky130_fd_sc_hd__dfrtp_4)
     3    0.02    0.08    0.49    0.49 v _335_/Q (sky130_fd_sc_hd__dfrtp_4)
                                         div.count[15] (net)
                  0.08    0.00    0.49 v _157_/A (sky130_fd_sc_hd__or4b_2)
     1    0.01    0.14    0.74    1.23 v _157_/X (sky130_fd_sc_hd__or4b_2)
                                         _074_ (net)
                  0.14    0.00    1.23 v _161_/A (sky130_fd_sc_hd__or4_2)
     2    0.02    0.15    0.77    2.00 v _161_/X (sky130_fd_sc_hd__or4_2)
                                         _078_ (net)
                  0.15    0.00    2.00 v _167_/A (sky130_fd_sc_hd__or4_4)
     6    0.03    0.13    0.64    2.63 v _167_/X (sky130_fd_sc_hd__or4_4)
                                         _084_ (net)
                  0.13    0.00    2.64 v _193_/B1 (sky130_fd_sc_hd__o21ai_1)
     1    0.01    0.18    0.15    2.78 ^ _193_/Y (sky130_fd_sc_hd__o21ai_1)
                                         _101_ (net)
                  0.18    0.00    2.78 ^ _194_/B1 (sky130_fd_sc_hd__a21oi_1)
     1    0.00    0.06    0.07    2.85 v _194_/Y (sky130_fd_sc_hd__a21oi_1)
                                         _034_ (net)
                  0.06    0.00    2.85 v _328_/D (sky130_fd_sc_hd__dfrtp_4)
                                  2.85   data arrival time

                  0.00   10.00   10.00   clock core_clock (rise edge)
                          0.00   10.00   clock network delay (ideal)
                          0.00   10.00   clock reconvergence pessimism
                                 10.00 ^ _328_/CLK (sky130_fd_sc_hd__dfrtp_4)
                         -0.13    9.87   library setup time
                                  9.87   data required time
-----------------------------------------------------------------------------
                                  9.87   data required time
                                 -2.85   data arrival time
-----------------------------------------------------------------------------
                                  7.02   slack (MET)


Startpoint: _335_ (rising edge-triggered flip-flop clocked by core_clock)
Endpoint: _356_ (rising edge-triggered flip-flop clocked by core_clock)
Path Group: core_clock
Path Type: max

Fanout     Cap    Slew   Delay    Time   Description
-----------------------------------------------------------------------------
                  0.00    0.00    0.00   clock core_clock (rise edge)
                          0.00    0.00   clock network delay (ideal)
                  0.00    0.00    0.00 ^ _335_/CLK (sky130_fd_sc_hd__dfrtp_4)
     3    0.02    0.08    0.49    0.49 v _335_/Q (sky130_fd_sc_hd__dfrtp_4)
                                         div.count[15] (net)
                  0.08    0.00    0.49 v _157_/A (sky130_fd_sc_hd__or4b_2)
     1    0.01    0.14    0.74    1.23 v _157_/X (sky130_fd_sc_hd__or4b_2)
                                         _074_ (net)
                  0.14    0.00    1.23 v _161_/A (sky130_fd_sc_hd__or4_2)
     2    0.02    0.15    0.77    2.00 v _161_/X (sky130_fd_sc_hd__or4_2)
                                         _078_ (net)
                  0.15    0.00    2.00 v _167_/A (sky130_fd_sc_hd__or4_4)
     6    0.03    0.13    0.64    2.63 v _167_/X (sky130_fd_sc_hd__or4_4)
                                         _084_ (net)
                  0.13    0.00    2.64 v _168_/B (sky130_fd_sc_hd__xnor2_1)
     1    0.01    0.17    0.20    2.84 ^ _168_/Y (sky130_fd_sc_hd__xnor2_1)
                                         _073_ (net)
                  0.17    0.00    2.84 ^ _356_/D (sky130_fd_sc_hd__dfrtp_4)
                                  2.84   data arrival time

                  0.00   10.00   10.00   clock core_clock (rise edge)
                          0.00   10.00   clock network delay (ideal)
                          0.00   10.00   clock reconvergence pessimism
                                 10.00 ^ _356_/CLK (sky130_fd_sc_hd__dfrtp_4)
                         -0.10    9.90   library setup time
                                  9.90   data required time
-----------------------------------------------------------------------------
                                  9.90   data required time
                                 -2.84   data arrival time
-----------------------------------------------------------------------------
                                  7.06   slack (MET)


Startpoint: _335_ (rising edge-triggered flip-flop clocked by core_clock)
Endpoint: _331_ (rising edge-triggered flip-flop clocked by core_clock)
Path Group: core_clock
Path Type: max

Fanout     Cap    Slew   Delay    Time   Description
-----------------------------------------------------------------------------
                  0.00    0.00    0.00   clock core_clock (rise edge)
                          0.00    0.00   clock network delay (ideal)
                  0.00    0.00    0.00 ^ _335_/CLK (sky130_fd_sc_hd__dfrtp_4)
     3    0.02    0.08    0.49    0.49 v _335_/Q (sky130_fd_sc_hd__dfrtp_4)
                                         div.count[15] (net)
                  0.08    0.00    0.49 v _157_/A (sky130_fd_sc_hd__or4b_2)
     1    0.01    0.14    0.74    1.23 v _157_/X (sky130_fd_sc_hd__or4b_2)
                                         _074_ (net)
                  0.14    0.00    1.23 v _161_/A (sky130_fd_sc_hd__or4_2)
     2    0.02    0.15    0.77    2.00 v _161_/X (sky130_fd_sc_hd__or4_2)
                                         _078_ (net)
                  0.15    0.00    2.00 v _199_/A (sky130_fd_sc_hd__or3_4)
     4    0.02    0.09    0.46    2.46 v _199_/X (sky130_fd_sc_hd__or3_4)
                                         _106_ (net)
                  0.09    0.00    2.46 v _206_/A (sky130_fd_sc_hd__and3_1)
     1    0.01    0.08    0.21    2.67 v _206_/X (sky130_fd_sc_hd__and3_1)
                                         _111_ (net)
                  0.08    0.00    2.67 v _207_/A (sky130_fd_sc_hd__clkbuf_1)
     1    0.00    0.03    0.11    2.78 v _207_/X (sky130_fd_sc_hd__clkbuf_1)
                                         _006_ (net)
                  0.03    0.00    2.78 v _331_/D (sky130_fd_sc_hd__dfrtp_4)
                                  2.78   data arrival time

                  0.00   10.00   10.00   clock core_clock (rise edge)
                          0.00   10.00   clock network delay (ideal)
                          0.00   10.00   clock reconvergence pessimism
                                 10.00 ^ _331_/CLK (sky130_fd_sc_hd__dfrtp_4)
                         -0.12    9.88   library setup time
                                  9.88   data required time
-----------------------------------------------------------------------------
                                  9.88   data required time
                                 -2.78   data arrival time
-----------------------------------------------------------------------------
                                  7.10   slack (MET)


Startpoint: _335_ (rising edge-triggered flip-flop clocked by core_clock)
Endpoint: _338_ (rising edge-triggered flip-flop clocked by core_clock)
Path Group: core_clock
Path Type: max

Fanout     Cap    Slew   Delay    Time   Description
-----------------------------------------------------------------------------
                  0.00    0.00    0.00   clock core_clock (rise edge)
                          0.00    0.00   clock network delay (ideal)
                  0.00    0.00    0.00 ^ _335_/CLK (sky130_fd_sc_hd__dfrtp_4)
     3    0.02    0.08    0.49    0.49 v _335_/Q (sky130_fd_sc_hd__dfrtp_4)
                                         div.count[15] (net)
                  0.08    0.00    0.49 v _157_/A (sky130_fd_sc_hd__or4b_2)
     1    0.01    0.14    0.74    1.23 v _157_/X (sky130_fd_sc_hd__or4b_2)
                                         _074_ (net)
                  0.14    0.00    1.23 v _161_/A (sky130_fd_sc_hd__or4_2)
     2    0.02    0.15    0.77    2.00 v _161_/X (sky130_fd_sc_hd__or4_2)
                                         _078_ (net)
                  0.15    0.00    2.00 v _199_/A (sky130_fd_sc_hd__or3_4)
     4    0.02    0.09    0.46    2.46 v _199_/X (sky130_fd_sc_hd__or3_4)
                                         _106_ (net)
                  0.09    0.00    2.46 v _225_/A (sky130_fd_sc_hd__and3_1)
     1    0.00    0.04    0.17    2.63 v _225_/X (sky130_fd_sc_hd__and3_1)
                                         _123_ (net)
                  0.04    0.00    2.63 v _226_/A (sky130_fd_sc_hd__buf_1)
     1    0.01    0.05    0.11    2.73 v _226_/X (sky130_fd_sc_hd__buf_1)
                                         _013_ (net)
                  0.05    0.00    2.73 v _338_/D (sky130_fd_sc_hd__dfrtp_4)
                                  2.73   data arrival time

                  0.00   10.00   10.00   clock core_clock (rise edge)
                          0.00   10.00   clock network delay (ideal)
                          0.00   10.00   clock reconvergence pessimism
                                 10.00 ^ _338_/CLK (sky130_fd_sc_hd__dfrtp_4)
                         -0.13    9.87   library setup time
                                  9.87   data required time
-----------------------------------------------------------------------------
                                  9.87   data required time
                                 -2.73   data arrival time
-----------------------------------------------------------------------------
                                  7.14   slack (MET)


Startpoint: _335_ (rising edge-triggered flip-flop clocked by core_clock)
Endpoint: _329_ (rising edge-triggered flip-flop clocked by core_clock)
Path Group: core_clock
Path Type: max

Fanout     Cap    Slew   Delay    Time   Description
-----------------------------------------------------------------------------
                  0.00    0.00    0.00   clock core_clock (rise edge)
                          0.00    0.00   clock network delay (ideal)
                  0.00    0.00    0.00 ^ _335_/CLK (sky130_fd_sc_hd__dfrtp_4)
     3    0.02    0.08    0.49    0.49 v _335_/Q (sky130_fd_sc_hd__dfrtp_4)
                                         div.count[15] (net)
                  0.08    0.00    0.49 v _157_/A (sky130_fd_sc_hd__or4b_2)
     1    0.01    0.14    0.74    1.23 v _157_/X (sky130_fd_sc_hd__or4b_2)
                                         _074_ (net)
                  0.14    0.00    1.23 v _161_/A (sky130_fd_sc_hd__or4_2)
     2    0.02    0.15    0.77    2.00 v _161_/X (sky130_fd_sc_hd__or4_2)
                                         _078_ (net)
                  0.15    0.00    2.00 v _199_/A (sky130_fd_sc_hd__or3_4)
     4    0.02    0.09    0.46    2.46 v _199_/X (sky130_fd_sc_hd__or3_4)
                                         _106_ (net)
                  0.09    0.00    2.46 v _201_/A (sky130_fd_sc_hd__nand2_1)
     1    0.01    0.07    0.09    2.55 ^ _201_/Y (sky130_fd_sc_hd__nand2_1)
                                         _108_ (net)
                  0.07    0.00    2.55 ^ _202_/B (sky130_fd_sc_hd__nor2_1)
     1    0.01    0.05    0.06    2.61 v _202_/Y (sky130_fd_sc_hd__nor2_1)
                                         _035_ (net)
                  0.05    0.00    2.61 v _329_/D (sky130_fd_sc_hd__dfrtp_4)
                                  2.61   data arrival time

                  0.00   10.00   10.00   clock core_clock (rise edge)
                          0.00   10.00   clock network delay (ideal)
                          0.00   10.00   clock reconvergence pessimism
                                 10.00 ^ _329_/CLK (sky130_fd_sc_hd__dfrtp_4)
                         -0.13    9.87   library setup time
                                  9.87   data required time
-----------------------------------------------------------------------------
                                  9.87   data required time
                                 -2.61   data arrival time
-----------------------------------------------------------------------------
                                  7.26   slack (MET)


Startpoint: _335_ (rising edge-triggered flip-flop clocked by core_clock)
Endpoint: _334_ (rising edge-triggered flip-flop clocked by core_clock)
Path Group: core_clock
Path Type: max

Fanout     Cap    Slew   Delay    Time   Description
-----------------------------------------------------------------------------
                  0.00    0.00    0.00   clock core_clock (rise edge)
                          0.00    0.00   clock network delay (ideal)
                  0.00    0.00    0.00 ^ _335_/CLK (sky130_fd_sc_hd__dfrtp_4)
     3    0.02    0.08    0.49    0.49 v _335_/Q (sky130_fd_sc_hd__dfrtp_4)
                                         div.count[15] (net)
                  0.08    0.00    0.49 v _157_/A (sky130_fd_sc_hd__or4b_2)
     1    0.01    0.14    0.74    1.23 v _157_/X (sky130_fd_sc_hd__or4b_2)
                                         _074_ (net)
                  0.14    0.00    1.23 v _161_/A (sky130_fd_sc_hd__or4_2)
     2    0.02    0.15    0.77    2.00 v _161_/X (sky130_fd_sc_hd__or4_2)
                                         _078_ (net)
                  0.15    0.00    2.00 v _199_/A (sky130_fd_sc_hd__or3_4)
     4    0.02    0.09    0.46    2.46 v _199_/X (sky130_fd_sc_hd__or3_4)
                                         _106_ (net)
                  0.09    0.00    2.46 v _214_/C1 (sky130_fd_sc_hd__o211a_1)
     1    0.00    0.04    0.12    2.58 v _214_/X (sky130_fd_sc_hd__o211a_1)
                                         _009_ (net)
                  0.04    0.00    2.58 v _334_/D (sky130_fd_sc_hd__dfrtp_2)
                                  2.58   data arrival time

                  0.00   10.00   10.00   clock core_clock (rise edge)
                          0.00   10.00   clock network delay (ideal)
                          0.00   10.00   clock reconvergence pessimism
                                 10.00 ^ _334_/CLK (sky130_fd_sc_hd__dfrtp_2)
                         -0.12    9.88   library setup time
                                  9.88   data required time
-----------------------------------------------------------------------------
                                  9.88   data required time
                                 -2.58   data arrival time
-----------------------------------------------------------------------------
                                  7.29   slack (MET)


Startpoint: _322_ (rising edge-triggered flip-flop clocked by core_clock)
Endpoint: _346_ (rising edge-triggered flip-flop clocked by core_clock)
Path Group: core_clock
Path Type: max

Fanout     Cap    Slew   Delay    Time   Description
-----------------------------------------------------------------------------
                  0.00    0.00    0.00   clock core_clock (rise edge)
                          0.00    0.00   clock network delay (ideal)
                  0.00    0.00    0.00 ^ _322_/CLK (sky130_fd_sc_hd__dfrtp_4)
     4    0.02    0.10    0.43    0.43 ^ _322_/Q (sky130_fd_sc_hd__dfrtp_4)
                                         div.count[2] (net)
                  0.10    0.00    0.43 ^ _176_/C (sky130_fd_sc_hd__and4_1)
     1    0.01    0.10    0.23    0.66 ^ _176_/X (sky130_fd_sc_hd__and4_1)
                                         _089_ (net)
                  0.10    0.00    0.66 ^ _177_/A (sky130_fd_sc_hd__clkbuf_4)
     8    0.04    0.13    0.21    0.87 ^ _177_/X (sky130_fd_sc_hd__clkbuf_4)
                                         _090_ (net)
                  0.13    0.00    0.87 ^ _217_/A (sky130_fd_sc_hd__and4_1)
     1    0.01    0.10    0.23    1.10 ^ _217_/X (sky130_fd_sc_hd__and4_1)
                                         _117_ (net)
                  0.10    0.00    1.11 ^ _218_/A (sky130_fd_sc_hd__clkbuf_4)
     9    0.05    0.14    0.23    1.33 ^ _218_/X (sky130_fd_sc_hd__clkbuf_4)
                                         _118_ (net)
                  0.14    0.00    1.34 ^ _243_/A (sky130_fd_sc_hd__and2_2)
     4    0.03    0.14    0.24    1.58 ^ _243_/X (sky130_fd_sc_hd__and2_2)
                                         _135_ (net)
                  0.14    0.00    1.58 ^ _246_/C (sky130_fd_sc_hd__and3_1)
     2    0.02    0.16    0.26    1.84 ^ _246_/X (sky130_fd_sc_hd__and3_1)
                                         _137_ (net)
                  0.16    0.00    1.84 ^ _248_/B (sky130_fd_sc_hd__xor2_1)
     1    0.01    0.17    0.20    2.04 ^ _248_/X (sky130_fd_sc_hd__xor2_1)
                                         _022_ (net)
                  0.17    0.00    2.04 ^ _346_/D (sky130_fd_sc_hd__dfrtp_2)
                                  2.04   data arrival time

                  0.00   10.00   10.00   clock core_clock (rise edge)
                          0.00   10.00   clock network delay (ideal)
                          0.00   10.00   clock reconvergence pessimism
                                 10.00 ^ _346_/CLK (sky130_fd_sc_hd__dfrtp_2)
                         -0.10    9.90   library setup time
                                  9.90   data required time
-----------------------------------------------------------------------------
                                  9.90   data required time
                                 -2.04   data arrival time
-----------------------------------------------------------------------------
                                  7.86   slack (MET)


Startpoint: _322_ (rising edge-triggered flip-flop clocked by core_clock)
Endpoint: _343_ (rising edge-triggered flip-flop clocked by core_clock)
Path Group: core_clock
Path Type: max

Fanout     Cap    Slew   Delay    Time   Description
-----------------------------------------------------------------------------
                  0.00    0.00    0.00   clock core_clock (rise edge)
                          0.00    0.00   clock network delay (ideal)
                  0.00    0.00    0.00 ^ _322_/CLK (sky130_fd_sc_hd__dfrtp_4)
     4    0.02    0.10    0.43    0.43 ^ _322_/Q (sky130_fd_sc_hd__dfrtp_4)
                                         div.count[2] (net)
                  0.10    0.00    0.43 ^ _176_/C (sky130_fd_sc_hd__and4_1)
     1    0.01    0.10    0.23    0.66 ^ _176_/X (sky130_fd_sc_hd__and4_1)
                                         _089_ (net)
                  0.10    0.00    0.66 ^ _177_/A (sky130_fd_sc_hd__clkbuf_4)
     8    0.04    0.13    0.21    0.87 ^ _177_/X (sky130_fd_sc_hd__clkbuf_4)
                                         _090_ (net)
                  0.13    0.00    0.87 ^ _217_/A (sky130_fd_sc_hd__and4_1)
     1    0.01    0.10    0.23    1.10 ^ _217_/X (sky130_fd_sc_hd__and4_1)
                                         _117_ (net)
                  0.10    0.00    1.11 ^ _218_/A (sky130_fd_sc_hd__clkbuf_4)
     9    0.05    0.14    0.23    1.33 ^ _218_/X (sky130_fd_sc_hd__clkbuf_4)
                                         _118_ (net)
                  0.14    0.00    1.34 ^ _232_/B (sky130_fd_sc_hd__and3_2)
     4    0.03    0.15    0.29    1.63 ^ _232_/X (sky130_fd_sc_hd__and3_2)
                                         _128_ (net)
                  0.15    0.00    1.63 ^ _237_/C (sky130_fd_sc_hd__nand3_2)
     2    0.01    0.10    0.13    1.76 v _237_/Y (sky130_fd_sc_hd__nand3_2)
                                         _131_ (net)
                  0.10    0.00    1.76 v _240_/B (sky130_fd_sc_hd__xnor2_1)
     1    0.01    0.24    0.25    2.01 ^ _240_/Y (sky130_fd_sc_hd__xnor2_1)
                                         _019_ (net)
                  0.24    0.00    2.01 ^ _343_/D (sky130_fd_sc_hd__dfrtp_2)
                                  2.01   data arrival time

                  0.00   10.00   10.00   clock core_clock (rise edge)
                          0.00   10.00   clock network delay (ideal)
                          0.00   10.00   clock reconvergence pessimism
                                 10.00 ^ _343_/CLK (sky130_fd_sc_hd__dfrtp_2)
                         -0.12    9.88   library setup time
                                  9.88   data required time
-----------------------------------------------------------------------------
                                  9.88   data required time
                                 -2.01   data arrival time
-----------------------------------------------------------------------------
                                  7.87   slack (MET)


Startpoint: _322_ (rising edge-triggered flip-flop clocked by core_clock)
Endpoint: _349_ (rising edge-triggered flip-flop clocked by core_clock)
Path Group: core_clock
Path Type: max

Fanout     Cap    Slew   Delay    Time   Description
-----------------------------------------------------------------------------
                  0.00    0.00    0.00   clock core_clock (rise edge)
                          0.00    0.00   clock network delay (ideal)
                  0.00    0.00    0.00 ^ _322_/CLK (sky130_fd_sc_hd__dfrtp_4)
     4    0.02    0.08    0.49    0.49 v _322_/Q (sky130_fd_sc_hd__dfrtp_4)
                                         div.count[2] (net)
                  0.08    0.00    0.49 v _176_/C (sky130_fd_sc_hd__and4_1)
     1    0.01    0.06    0.23    0.71 v _176_/X (sky130_fd_sc_hd__and4_1)
                                         _089_ (net)
                  0.06    0.00    0.71 v _177_/A (sky130_fd_sc_hd__clkbuf_4)
     8    0.04    0.09    0.19    0.91 v _177_/X (sky130_fd_sc_hd__clkbuf_4)
                                         _090_ (net)
                  0.09    0.00    0.91 v _217_/A (sky130_fd_sc_hd__and4_1)
     1    0.01    0.06    0.19    1.10 v _217_/X (sky130_fd_sc_hd__and4_1)
                                         _117_ (net)
                  0.06    0.00    1.10 v _218_/A (sky130_fd_sc_hd__clkbuf_4)
     9    0.04    0.10    0.20    1.30 v _218_/X (sky130_fd_sc_hd__clkbuf_4)
                                         _118_ (net)
                  0.10    0.00    1.30 v _251_/A (sky130_fd_sc_hd__and3_2)
     5    0.02    0.08    0.25    1.55 v _251_/X (sky130_fd_sc_hd__and3_2)
                                         _140_ (net)
                  0.08    0.00    1.55 v _253_/B (sky130_fd_sc_hd__and2_1)
     2    0.01    0.06    0.20    1.75 v _253_/X (sky130_fd_sc_hd__and2_1)
                                         _141_ (net)
                  0.06    0.00    1.75 v _257_/A2 (sky130_fd_sc_hd__o21a_1)
     1    0.01    0.08    0.22    1.96 v _257_/X (sky130_fd_sc_hd__o21a_1)
                                         _025_ (net)
                  0.08    0.00    1.96 v _349_/D (sky130_fd_sc_hd__dfrtp_4)
                                  1.96   data arrival time

                  0.00   10.00   10.00   clock core_clock (rise edge)
                          0.00   10.00   clock network delay (ideal)
                          0.00   10.00   clock reconvergence pessimism
                                 10.00 ^ _349_/CLK (sky130_fd_sc_hd__dfrtp_4)
                         -0.14    9.86   library setup time
                                  9.86   data required time
-----------------------------------------------------------------------------
                                  9.86   data required time
                                 -1.96   data arrival time
-----------------------------------------------------------------------------
                                  7.90   slack (MET)


Startpoint: _322_ (rising edge-triggered flip-flop clocked by core_clock)
Endpoint: _351_ (rising edge-triggered flip-flop clocked by core_clock)
Path Group: core_clock
Path Type: max

Fanout     Cap    Slew   Delay    Time   Description
-----------------------------------------------------------------------------
                  0.00    0.00    0.00   clock core_clock (rise edge)
                          0.00    0.00   clock network delay (ideal)
                  0.00    0.00    0.00 ^ _322_/CLK (sky130_fd_sc_hd__dfrtp_4)
     4    0.02    0.10    0.43    0.43 ^ _322_/Q (sky130_fd_sc_hd__dfrtp_4)
                                         div.count[2] (net)
                  0.10    0.00    0.43 ^ _176_/C (sky130_fd_sc_hd__and4_1)
     1    0.01    0.10    0.23    0.66 ^ _176_/X (sky130_fd_sc_hd__and4_1)
                                         _089_ (net)
                  0.10    0.00    0.66 ^ _177_/A (sky130_fd_sc_hd__clkbuf_4)
     8    0.04    0.13    0.21    0.87 ^ _177_/X (sky130_fd_sc_hd__clkbuf_4)
                                         _090_ (net)
                  0.13    0.00    0.87 ^ _217_/A (sky130_fd_sc_hd__and4_1)
     1    0.01    0.10    0.23    1.10 ^ _217_/X (sky130_fd_sc_hd__and4_1)
                                         _117_ (net)
                  0.10    0.00    1.11 ^ _218_/A (sky130_fd_sc_hd__clkbuf_4)
     9    0.05    0.14    0.23    1.33 ^ _218_/X (sky130_fd_sc_hd__clkbuf_4)
                                         _118_ (net)
                  0.14    0.00    1.34 ^ _251_/A (sky130_fd_sc_hd__and3_2)
     5    0.02    0.14    0.27    1.61 ^ _251_/X (sky130_fd_sc_hd__and3_2)
                                         _140_ (net)
                  0.14    0.00    1.61 ^ _259_/D (sky130_fd_sc_hd__and4_1)
     1    0.01    0.08    0.23    1.84 ^ _259_/X (sky130_fd_sc_hd__and4_1)
                                         _144_ (net)
                  0.08    0.00    1.84 ^ _260_/B (sky130_fd_sc_hd__xor2_1)
     1    0.00    0.15    0.17    2.01 ^ _260_/X (sky130_fd_sc_hd__xor2_1)
                                         _028_ (net)
                  0.15    0.00    2.01 ^ _351_/D (sky130_fd_sc_hd__dfrtp_1)
                                  2.01   data arrival time

                  0.00   10.00   10.00   clock core_clock (rise edge)
                          0.00   10.00   clock network delay (ideal)
                          0.00   10.00   clock reconvergence pessimism
                                 10.00 ^ _351_/CLK (sky130_fd_sc_hd__dfrtp_1)
                         -0.09    9.91   library setup time
                                  9.91   data required time
-----------------------------------------------------------------------------
                                  9.91   data required time
                                 -2.01   data arrival time
-----------------------------------------------------------------------------
                                  7.90   slack (MET)


Startpoint: _322_ (rising edge-triggered flip-flop clocked by core_clock)
Endpoint: _347_ (rising edge-triggered flip-flop clocked by core_clock)
Path Group: core_clock
Path Type: max

Fanout     Cap    Slew   Delay    Time   Description
-----------------------------------------------------------------------------
                  0.00    0.00    0.00   clock core_clock (rise edge)
                          0.00    0.00   clock network delay (ideal)
                  0.00    0.00    0.00 ^ _322_/CLK (sky130_fd_sc_hd__dfrtp_4)
     4    0.02    0.08    0.49    0.49 v _322_/Q (sky130_fd_sc_hd__dfrtp_4)
                                         div.count[2] (net)
                  0.08    0.00    0.49 v _176_/C (sky130_fd_sc_hd__and4_1)
     1    0.01    0.06    0.23    0.71 v _176_/X (sky130_fd_sc_hd__and4_1)
                                         _089_ (net)
                  0.06    0.00    0.71 v _177_/A (sky130_fd_sc_hd__clkbuf_4)
     8    0.04    0.09    0.19    0.91 v _177_/X (sky130_fd_sc_hd__clkbuf_4)
                                         _090_ (net)
                  0.09    0.00    0.91 v _217_/A (sky130_fd_sc_hd__and4_1)
     1    0.01    0.06    0.19    1.10 v _217_/X (sky130_fd_sc_hd__and4_1)
                                         _117_ (net)
                  0.06    0.00    1.10 v _218_/A (sky130_fd_sc_hd__clkbuf_4)
     9    0.04    0.10    0.20    1.30 v _218_/X (sky130_fd_sc_hd__clkbuf_4)
                                         _118_ (net)
                  0.10    0.00    1.30 v _243_/A (sky130_fd_sc_hd__and2_2)
     4    0.02    0.08    0.24    1.54 v _243_/X (sky130_fd_sc_hd__and2_2)
                                         _135_ (net)
                  0.08    0.00    1.54 v _249_/D (sky130_fd_sc_hd__and4_1)
     1    0.01    0.06    0.23    1.78 v _249_/X (sky130_fd_sc_hd__and4_1)
                                         _138_ (net)
                  0.06    0.00    1.78 v _252_/A2 (sky130_fd_sc_hd__o21ba_1)
     1    0.01    0.05    0.19    1.96 v _252_/X (sky130_fd_sc_hd__o21ba_1)
                                         _023_ (net)
                  0.05    0.00    1.96 v _347_/D (sky130_fd_sc_hd__dfrtp_1)
                                  1.96   data arrival time

                  0.00   10.00   10.00   clock core_clock (rise edge)
                          0.00   10.00   clock network delay (ideal)
                          0.00   10.00   clock reconvergence pessimism
                                 10.00 ^ _347_/CLK (sky130_fd_sc_hd__dfrtp_1)
                         -0.13    9.87   library setup time
                                  9.87   data required time
-----------------------------------------------------------------------------
                                  9.87   data required time
                                 -1.96   data arrival time
-----------------------------------------------------------------------------
                                  7.91   slack (MET)


Startpoint: _322_ (rising edge-triggered flip-flop clocked by core_clock)
Endpoint: _345_ (rising edge-triggered flip-flop clocked by core_clock)
Path Group: core_clock
Path Type: max

Fanout     Cap    Slew   Delay    Time   Description
-----------------------------------------------------------------------------
                  0.00    0.00    0.00   clock core_clock (rise edge)
                          0.00    0.00   clock network delay (ideal)
                  0.00    0.00    0.00 ^ _322_/CLK (sky130_fd_sc_hd__dfrtp_4)
     4    0.02    0.08    0.49    0.49 v _322_/Q (sky130_fd_sc_hd__dfrtp_4)
                                         div.count[2] (net)
                  0.08    0.00    0.49 v _176_/C (sky130_fd_sc_hd__and4_1)
     1    0.01    0.06    0.23    0.71 v _176_/X (sky130_fd_sc_hd__and4_1)
                                         _089_ (net)
                  0.06    0.00    0.71 v _177_/A (sky130_fd_sc_hd__clkbuf_4)
     8    0.04    0.09    0.19    0.91 v _177_/X (sky130_fd_sc_hd__clkbuf_4)
                                         _090_ (net)
                  0.09    0.00    0.91 v _217_/A (sky130_fd_sc_hd__and4_1)
     1    0.01    0.06    0.19    1.10 v _217_/X (sky130_fd_sc_hd__and4_1)
                                         _117_ (net)
                  0.06    0.00    1.10 v _218_/A (sky130_fd_sc_hd__clkbuf_4)
     9    0.04    0.10    0.20    1.30 v _218_/X (sky130_fd_sc_hd__clkbuf_4)
                                         _118_ (net)
                  0.10    0.00    1.30 v _243_/A (sky130_fd_sc_hd__and2_2)
     4    0.02    0.08    0.24    1.54 v _243_/X (sky130_fd_sc_hd__and2_2)
                                         _135_ (net)
                  0.08    0.00    1.55 v _246_/C (sky130_fd_sc_hd__and3_1)
     2    0.01    0.09    0.24    1.79 v _246_/X (sky130_fd_sc_hd__and3_1)
                                         _137_ (net)
                  0.09    0.00    1.79 v _247_/B (sky130_fd_sc_hd__nor2_1)
     1    0.01    0.19    0.18    1.97 ^ _247_/Y (sky130_fd_sc_hd__nor2_1)
                                         _021_ (net)
                  0.19    0.00    1.97 ^ _345_/D (sky130_fd_sc_hd__dfrtp_2)
                                  1.97   data arrival time

                  0.00   10.00   10.00   clock core_clock (rise edge)
                          0.00   10.00   clock network delay (ideal)
                          0.00   10.00   clock reconvergence pessimism
                                 10.00 ^ _345_/CLK (sky130_fd_sc_hd__dfrtp_2)
                         -0.10    9.90   library setup time
                                  9.90   data required time
-----------------------------------------------------------------------------
                                  9.90   data required time
                                 -1.97   data arrival time
-----------------------------------------------------------------------------
                                  7.93   slack (MET)


Startpoint: _322_ (rising edge-triggered flip-flop clocked by core_clock)
Endpoint: _348_ (rising edge-triggered flip-flop clocked by core_clock)
Path Group: core_clock
Path Type: max

Fanout     Cap    Slew   Delay    Time   Description
-----------------------------------------------------------------------------
                  0.00    0.00    0.00   clock core_clock (rise edge)
                          0.00    0.00   clock network delay (ideal)
                  0.00    0.00    0.00 ^ _322_/CLK (sky130_fd_sc_hd__dfrtp_4)
     4    0.02    0.08    0.49    0.49 v _322_/Q (sky130_fd_sc_hd__dfrtp_4)
                                         div.count[2] (net)
                  0.08    0.00    0.49 v _176_/C (sky130_fd_sc_hd__and4_1)
     1    0.01    0.06    0.23    0.71 v _176_/X (sky130_fd_sc_hd__and4_1)
                                         _089_ (net)
                  0.06    0.00    0.71 v _177_/A (sky130_fd_sc_hd__clkbuf_4)
     8    0.04    0.09    0.19    0.91 v _177_/X (sky130_fd_sc_hd__clkbuf_4)
                                         _090_ (net)
                  0.09    0.00    0.91 v _217_/A (sky130_fd_sc_hd__and4_1)
     1    0.01    0.06    0.19    1.10 v _217_/X (sky130_fd_sc_hd__and4_1)
                                         _117_ (net)
                  0.06    0.00    1.10 v _218_/A (sky130_fd_sc_hd__clkbuf_4)
     9    0.04    0.10    0.20    1.30 v _218_/X (sky130_fd_sc_hd__clkbuf_4)
                                         _118_ (net)
                  0.10    0.00    1.30 v _251_/A (sky130_fd_sc_hd__and3_2)
     5    0.02    0.08    0.25    1.55 v _251_/X (sky130_fd_sc_hd__and3_2)
                                         _140_ (net)
                  0.08    0.00    1.55 v _254_/B (sky130_fd_sc_hd__nor2_1)
     1    0.01    0.26    0.23    1.78 ^ _254_/Y (sky130_fd_sc_hd__nor2_1)
                                         _142_ (net)
                  0.26    0.00    1.78 ^ _255_/B (sky130_fd_sc_hd__nor2_1)
     1    0.01    0.08    0.11    1.89 v _255_/Y (sky130_fd_sc_hd__nor2_1)
                                         _024_ (net)
                  0.08    0.00    1.89 v _348_/D (sky130_fd_sc_hd__dfrtp_4)
                                  1.89   data arrival time

                  0.00   10.00   10.00   clock core_clock (rise edge)
                          0.00   10.00   clock network delay (ideal)
                          0.00   10.00   clock reconvergence pessimism
                                 10.00 ^ _348_/CLK (sky130_fd_sc_hd__dfrtp_4)
                         -0.14    9.86   library setup time
                                  9.86   data required time
-----------------------------------------------------------------------------
                                  9.86   data required time
                                 -1.89   data arrival time
-----------------------------------------------------------------------------
                                  7.97   slack (MET)


Startpoint: _322_ (rising edge-triggered flip-flop clocked by core_clock)
Endpoint: _350_ (rising edge-triggered flip-flop clocked by core_clock)
Path Group: core_clock
Path Type: max

Fanout     Cap    Slew   Delay    Time   Description
-----------------------------------------------------------------------------
                  0.00    0.00    0.00   clock core_clock (rise edge)
                          0.00    0.00   clock network delay (ideal)
                  0.00    0.00    0.00 ^ _322_/CLK (sky130_fd_sc_hd__dfrtp_4)
     4    0.02    0.10    0.43    0.43 ^ _322_/Q (sky130_fd_sc_hd__dfrtp_4)
                                         div.count[2] (net)
                  0.10    0.00    0.43 ^ _176_/C (sky130_fd_sc_hd__and4_1)
     1    0.01    0.10    0.23    0.66 ^ _176_/X (sky130_fd_sc_hd__and4_1)
                                         _089_ (net)
                  0.10    0.00    0.66 ^ _177_/A (sky130_fd_sc_hd__clkbuf_4)
     8    0.04    0.13    0.21    0.87 ^ _177_/X (sky130_fd_sc_hd__clkbuf_4)
                                         _090_ (net)
                  0.13    0.00    0.87 ^ _217_/A (sky130_fd_sc_hd__and4_1)
     1    0.01    0.10    0.23    1.10 ^ _217_/X (sky130_fd_sc_hd__and4_1)
                                         _117_ (net)
                  0.10    0.00    1.11 ^ _218_/A (sky130_fd_sc_hd__clkbuf_4)
     9    0.05    0.14    0.23    1.33 ^ _218_/X (sky130_fd_sc_hd__clkbuf_4)
                                         _118_ (net)
                  0.14    0.00    1.34 ^ _251_/A (sky130_fd_sc_hd__and3_2)
     5    0.02    0.14    0.27    1.61 ^ _251_/X (sky130_fd_sc_hd__and3_2)
                                         _140_ (net)
                  0.14    0.00    1.61 ^ _256_/C (sky130_fd_sc_hd__nand3_2)
     2    0.01    0.10    0.13    1.74 v _256_/Y (sky130_fd_sc_hd__nand3_2)
                                         _143_ (net)
                  0.10    0.00    1.74 v _258_/B (sky130_fd_sc_hd__xnor2_1)
     1    0.00    0.05    0.14    1.88 v _258_/Y (sky130_fd_sc_hd__xnor2_1)
                                         _027_ (net)
                  0.05    0.00    1.88 v _350_/D (sky130_fd_sc_hd__dfrtp_2)
                                  1.88   data arrival time

                  0.00   10.00   10.00   clock core_clock (rise edge)
                          0.00   10.00   clock network delay (ideal)
                          0.00   10.00   clock reconvergence pessimism
                                 10.00 ^ _350_/CLK (sky130_fd_sc_hd__dfrtp_2)
                         -0.13    9.87   library setup time
                                  9.87   data required time
-----------------------------------------------------------------------------
                                  9.87   data required time
                                 -1.88   data arrival time
-----------------------------------------------------------------------------
                                  7.99   slack (MET)


Startpoint: _322_ (rising edge-triggered flip-flop clocked by core_clock)
Endpoint: _335_ (rising edge-triggered flip-flop clocked by core_clock)
Path Group: core_clock
Path Type: max

Fanout     Cap    Slew   Delay    Time   Description
-----------------------------------------------------------------------------
                  0.00    0.00    0.00   clock core_clock (rise edge)
                          0.00    0.00   clock network delay (ideal)
                  0.00    0.00    0.00 ^ _322_/CLK (sky130_fd_sc_hd__dfrtp_4)
     4    0.02    0.10    0.43    0.43 ^ _322_/Q (sky130_fd_sc_hd__dfrtp_4)
                                         div.count[2] (net)
                  0.10    0.00    0.43 ^ _176_/C (sky130_fd_sc_hd__and4_1)
     1    0.01    0.10    0.23    0.66 ^ _176_/X (sky130_fd_sc_hd__and4_1)
                                         _089_ (net)
                  0.10    0.00    0.66 ^ _177_/A (sky130_fd_sc_hd__clkbuf_4)
     8    0.04    0.13    0.21    0.87 ^ _177_/X (sky130_fd_sc_hd__clkbuf_4)
                                         _090_ (net)
                  0.13    0.00    0.87 ^ _195_/C (sky130_fd_sc_hd__and4_1)
     1    0.01    0.11    0.25    1.12 ^ _195_/X (sky130_fd_sc_hd__and4_1)
                                         _102_ (net)
                  0.11    0.00    1.12 ^ _196_/A (sky130_fd_sc_hd__clkbuf_4)
     6    0.04    0.13    0.22    1.34 ^ _196_/X (sky130_fd_sc_hd__clkbuf_4)
                                         _103_ (net)
                  0.13    0.00    1.34 ^ _211_/A (sky130_fd_sc_hd__and2_2)
     3    0.02    0.12    0.23    1.56 ^ _211_/X (sky130_fd_sc_hd__and2_2)
                                         _114_ (net)
                  0.12    0.00    1.56 ^ _213_/B (sky130_fd_sc_hd__nand2_2)
     2    0.02    0.09    0.11    1.67 v _213_/Y (sky130_fd_sc_hd__nand2_2)
                                         _115_ (net)
                  0.09    0.00    1.68 v _215_/B (sky130_fd_sc_hd__xnor2_2)
     1    0.01    0.21    0.21    1.89 ^ _215_/Y (sky130_fd_sc_hd__xnor2_2)
                                         _010_ (net)
                  0.21    0.00    1.89 ^ _335_/D (sky130_fd_sc_hd__dfrtp_4)
                                  1.89   data arrival time

                  0.00   10.00   10.00   clock core_clock (rise edge)
                          0.00   10.00   clock network delay (ideal)
                          0.00   10.00   clock reconvergence pessimism
                                 10.00 ^ _335_/CLK (sky130_fd_sc_hd__dfrtp_4)
                         -0.11    9.89   library setup time
                                  9.89   data required time
-----------------------------------------------------------------------------
                                  9.89   data required time
                                 -1.89   data arrival time
-----------------------------------------------------------------------------
                                  8.00   slack (MET)


Startpoint: _322_ (rising edge-triggered flip-flop clocked by core_clock)
Endpoint: _341_ (rising edge-triggered flip-flop clocked by core_clock)
Path Group: core_clock
Path Type: max

Fanout     Cap    Slew   Delay    Time   Description
-----------------------------------------------------------------------------
                  0.00    0.00    0.00   clock core_clock (rise edge)
                          0.00    0.00   clock network delay (ideal)
                  0.00    0.00    0.00 ^ _322_/CLK (sky130_fd_sc_hd__dfrtp_4)
     4    0.02    0.10    0.43    0.43 ^ _322_/Q (sky130_fd_sc_hd__dfrtp_4)
                                         div.count[2] (net)
                  0.10    0.00    0.43 ^ _176_/C (sky130_fd_sc_hd__and4_1)
     1    0.01    0.10    0.23    0.66 ^ _176_/X (sky130_fd_sc_hd__and4_1)
                                         _089_ (net)
                  0.10    0.00    0.66 ^ _177_/A (sky130_fd_sc_hd__clkbuf_4)
     8    0.04    0.13    0.21    0.87 ^ _177_/X (sky130_fd_sc_hd__clkbuf_4)
                                         _090_ (net)
                  0.13    0.00    0.87 ^ _217_/A (sky130_fd_sc_hd__and4_1)
     1    0.01    0.10    0.23    1.10 ^ _217_/X (sky130_fd_sc_hd__and4_1)
                                         _117_ (net)
                  0.10    0.00    1.11 ^ _218_/A (sky130_fd_sc_hd__clkbuf_4)
     9    0.05    0.14    0.23    1.33 ^ _218_/X (sky130_fd_sc_hd__clkbuf_4)
                                         _118_ (net)
                  0.14    0.00    1.34 ^ _232_/B (sky130_fd_sc_hd__and3_2)
     4    0.03    0.15    0.29    1.63 ^ _232_/X (sky130_fd_sc_hd__and3_2)
                                         _128_ (net)
                  0.15    0.00    1.63 ^ _235_/B (sky130_fd_sc_hd__xor2_1)
     1    0.01    0.22    0.24    1.87 ^ _235_/X (sky130_fd_sc_hd__xor2_1)
                                         _017_ (net)
                  0.22    0.00    1.87 ^ _341_/D (sky130_fd_sc_hd__dfrtp_4)
                                  1.87   data arrival time

                  0.00   10.00   10.00   clock core_clock (rise edge)
                          0.00   10.00   clock network delay (ideal)
                          0.00   10.00   clock reconvergence pessimism
                                 10.00 ^ _341_/CLK (sky130_fd_sc_hd__dfrtp_4)
                         -0.11    9.89   library setup time
                                  9.89   data required time
-----------------------------------------------------------------------------
                                  9.89   data required time
                                 -1.87   data arrival time
-----------------------------------------------------------------------------
                                  8.02   slack (MET)


Startpoint: _322_ (rising edge-triggered flip-flop clocked by core_clock)
Endpoint: _344_ (rising edge-triggered flip-flop clocked by core_clock)
Path Group: core_clock
Path Type: max

Fanout     Cap    Slew   Delay    Time   Description
-----------------------------------------------------------------------------
                  0.00    0.00    0.00   clock core_clock (rise edge)
                          0.00    0.00   clock network delay (ideal)
                  0.00    0.00    0.00 ^ _322_/CLK (sky130_fd_sc_hd__dfrtp_4)
     4    0.02    0.10    0.43    0.43 ^ _322_/Q (sky130_fd_sc_hd__dfrtp_4)
                                         div.count[2] (net)
                  0.10    0.00    0.43 ^ _176_/C (sky130_fd_sc_hd__and4_1)
     1    0.01    0.10    0.23    0.66 ^ _176_/X (sky130_fd_sc_hd__and4_1)
                                         _089_ (net)
                  0.10    0.00    0.66 ^ _177_/A (sky130_fd_sc_hd__clkbuf_4)
     8    0.04    0.13    0.21    0.87 ^ _177_/X (sky130_fd_sc_hd__clkbuf_4)
                                         _090_ (net)
                  0.13    0.00    0.87 ^ _217_/A (sky130_fd_sc_hd__and4_1)
     1    0.01    0.10    0.23    1.10 ^ _217_/X (sky130_fd_sc_hd__and4_1)
                                         _117_ (net)
                  0.10    0.00    1.11 ^ _218_/A (sky130_fd_sc_hd__clkbuf_4)
     9    0.05    0.14    0.23    1.33 ^ _218_/X (sky130_fd_sc_hd__clkbuf_4)
                                         _118_ (net)
                  0.14    0.00    1.34 ^ _243_/A (sky130_fd_sc_hd__and2_2)
     4    0.03    0.14    0.24    1.58 ^ _243_/X (sky130_fd_sc_hd__and2_2)
                                         _135_ (net)
                  0.14    0.00    1.58 ^ _244_/B (sky130_fd_sc_hd__xor2_1)
     1    0.01    0.25    0.26    1.84 ^ _244_/X (sky130_fd_sc_hd__xor2_1)
                                         _020_ (net)
                  0.25    0.00    1.84 ^ _344_/D (sky130_fd_sc_hd__dfrtp_4)
                                  1.84   data arrival time

                  0.00   10.00   10.00   clock core_clock (rise edge)
                          0.00   10.00   clock network delay (ideal)
                          0.00   10.00   clock reconvergence pessimism
                                 10.00 ^ _344_/CLK (sky130_fd_sc_hd__dfrtp_4)
                         -0.12    9.88   library setup time
                                  9.88   data required time
-----------------------------------------------------------------------------
                                  9.88   data required time
                                 -1.84   data arrival time
-----------------------------------------------------------------------------
                                  8.04   slack (MET)


Startpoint: _322_ (rising edge-triggered flip-flop clocked by core_clock)
Endpoint: _337_ (rising edge-triggered flip-flop clocked by core_clock)
Path Group: core_clock
Path Type: max

Fanout     Cap    Slew   Delay    Time   Description
-----------------------------------------------------------------------------
                  0.00    0.00    0.00   clock core_clock (rise edge)
                          0.00    0.00   clock network delay (ideal)
                  0.00    0.00    0.00 ^ _322_/CLK (sky130_fd_sc_hd__dfrtp_4)
     4    0.02    0.08    0.49    0.49 v _322_/Q (sky130_fd_sc_hd__dfrtp_4)
                                         div.count[2] (net)
                  0.08    0.00    0.49 v _176_/C (sky130_fd_sc_hd__and4_1)
     1    0.01    0.06    0.23    0.71 v _176_/X (sky130_fd_sc_hd__and4_1)
                                         _089_ (net)
                  0.06    0.00    0.71 v _177_/A (sky130_fd_sc_hd__clkbuf_4)
     8    0.04    0.09    0.19    0.91 v _177_/X (sky130_fd_sc_hd__clkbuf_4)
                                         _090_ (net)
                  0.09    0.00    0.91 v _217_/A (sky130_fd_sc_hd__and4_1)
     1    0.01    0.06    0.19    1.10 v _217_/X (sky130_fd_sc_hd__and4_1)
                                         _117_ (net)
                  0.06    0.00    1.10 v _218_/A (sky130_fd_sc_hd__clkbuf_4)
     9    0.04    0.10    0.20    1.30 v _218_/X (sky130_fd_sc_hd__clkbuf_4)
                                         _118_ (net)
                  0.10    0.00    1.30 v _221_/C (sky130_fd_sc_hd__and3_2)
     2    0.02    0.08    0.28    1.58 v _221_/X (sky130_fd_sc_hd__and3_2)
                                         _120_ (net)
                  0.08    0.00    1.58 v _222_/B (sky130_fd_sc_hd__nor2_2)
     1    0.02    0.19    0.18    1.76 ^ _222_/Y (sky130_fd_sc_hd__nor2_2)
                                         _012_ (net)
                  0.19    0.00    1.76 ^ _337_/D (sky130_fd_sc_hd__dfrtp_4)
                                  1.76   data arrival time

                  0.00   10.00   10.00   clock core_clock (rise edge)
                          0.00   10.00   clock network delay (ideal)
                          0.00   10.00   clock reconvergence pessimism
                                 10.00 ^ _337_/CLK (sky130_fd_sc_hd__dfrtp_4)
                         -0.10    9.90   library setup time
                                  9.90   data required time
-----------------------------------------------------------------------------
                                  9.90   data required time
                                 -1.76   data arrival time
-----------------------------------------------------------------------------
                                  8.14   slack (MET)


Startpoint: _322_ (rising edge-triggered flip-flop clocked by core_clock)
Endpoint: _333_ (rising edge-triggered flip-flop clocked by core_clock)
Path Group: core_clock
Path Type: max

Fanout     Cap    Slew   Delay    Time   Description
-----------------------------------------------------------------------------
                  0.00    0.00    0.00   clock core_clock (rise edge)
                          0.00    0.00   clock network delay (ideal)
                  0.00    0.00    0.00 ^ _322_/CLK (sky130_fd_sc_hd__dfrtp_4)
     4    0.02    0.08    0.49    0.49 v _322_/Q (sky130_fd_sc_hd__dfrtp_4)
                                         div.count[2] (net)
                  0.08    0.00    0.49 v _176_/C (sky130_fd_sc_hd__and4_1)
     1    0.01    0.06    0.23    0.71 v _176_/X (sky130_fd_sc_hd__and4_1)
                                         _089_ (net)
                  0.06    0.00    0.71 v _177_/A (sky130_fd_sc_hd__clkbuf_4)
     8    0.04    0.09    0.19    0.91 v _177_/X (sky130_fd_sc_hd__clkbuf_4)
                                         _090_ (net)
                  0.09    0.00    0.91 v _195_/C (sky130_fd_sc_hd__and4_1)
     1    0.01    0.06    0.23    1.14 v _195_/X (sky130_fd_sc_hd__and4_1)
                                         _102_ (net)
                  0.06    0.00    1.14 v _196_/A (sky130_fd_sc_hd__clkbuf_4)
     6    0.04    0.09    0.20    1.33 v _196_/X (sky130_fd_sc_hd__clkbuf_4)
                                         _103_ (net)
                  0.09    0.00    1.33 v _209_/D (sky130_fd_sc_hd__and4_1)
     1    0.01    0.06    0.23    1.57 v _209_/X (sky130_fd_sc_hd__and4_1)
                                         _112_ (net)
                  0.06    0.00    1.57 v _212_/A2 (sky130_fd_sc_hd__o21ba_1)
     1    0.00    0.04    0.17    1.74 v _212_/X (sky130_fd_sc_hd__o21ba_1)
                                         _008_ (net)
                  0.04    0.00    1.74 v _333_/D (sky130_fd_sc_hd__dfrtp_2)
                                  1.74   data arrival time

                  0.00   10.00   10.00   clock core_clock (rise edge)
                          0.00   10.00   clock network delay (ideal)
                          0.00   10.00   clock reconvergence pessimism
                                 10.00 ^ _333_/CLK (sky130_fd_sc_hd__dfrtp_2)
                         -0.12    9.88   library setup time
                                  9.88   data required time
-----------------------------------------------------------------------------
                                  9.88   data required time
                                 -1.74   data arrival time
-----------------------------------------------------------------------------
                                  8.14   slack (MET)


Startpoint: _322_ (rising edge-triggered flip-flop clocked by core_clock)
Endpoint: _340_ (rising edge-triggered flip-flop clocked by core_clock)
Path Group: core_clock
Path Type: max

Fanout     Cap    Slew   Delay    Time   Description
-----------------------------------------------------------------------------
                  0.00    0.00    0.00   clock core_clock (rise edge)
                          0.00    0.00   clock network delay (ideal)
                  0.00    0.00    0.00 ^ _322_/CLK (sky130_fd_sc_hd__dfrtp_4)
     4    0.02    0.10    0.43    0.43 ^ _322_/Q (sky130_fd_sc_hd__dfrtp_4)
                                         div.count[2] (net)
                  0.10    0.00    0.43 ^ _176_/C (sky130_fd_sc_hd__and4_1)
     1    0.01    0.10    0.23    0.66 ^ _176_/X (sky130_fd_sc_hd__and4_1)
                                         _089_ (net)
                  0.10    0.00    0.66 ^ _177_/A (sky130_fd_sc_hd__clkbuf_4)
     8    0.04    0.13    0.21    0.87 ^ _177_/X (sky130_fd_sc_hd__clkbuf_4)
                                         _090_ (net)
                  0.13    0.00    0.87 ^ _217_/A (sky130_fd_sc_hd__and4_1)
     1    0.01    0.10    0.23    1.10 ^ _217_/X (sky130_fd_sc_hd__and4_1)
                                         _117_ (net)
                  0.10    0.00    1.11 ^ _218_/A (sky130_fd_sc_hd__clkbuf_4)
     9    0.05    0.14    0.23    1.33 ^ _218_/X (sky130_fd_sc_hd__clkbuf_4)
                                         _118_ (net)
                  0.14    0.00    1.34 ^ _232_/B (sky130_fd_sc_hd__and3_2)
     4    0.03    0.15    0.29    1.63 ^ _232_/X (sky130_fd_sc_hd__and3_2)
                                         _128_ (net)
                  0.15    0.00    1.63 ^ _234_/A (sky130_fd_sc_hd__nor2_1)
     1    0.00    0.06    0.07    1.70 v _234_/Y (sky130_fd_sc_hd__nor2_1)
                                         _016_ (net)
                  0.06    0.00    1.70 v _340_/D (sky130_fd_sc_hd__dfrtp_4)
                                  1.70   data arrival time

                  0.00   10.00   10.00   clock core_clock (rise edge)
                          0.00   10.00   clock network delay (ideal)
                          0.00   10.00   clock reconvergence pessimism
                                 10.00 ^ _340_/CLK (sky130_fd_sc_hd__dfrtp_4)
                         -0.13    9.87   library setup time
                                  9.87   data required time
-----------------------------------------------------------------------------
                                  9.87   data required time
                                 -1.70   data arrival time
-----------------------------------------------------------------------------
                                  8.17   slack (MET)


Startpoint: _322_ (rising edge-triggered flip-flop clocked by core_clock)
Endpoint: _332_ (rising edge-triggered flip-flop clocked by core_clock)
Path Group: core_clock
Path Type: max

Fanout     Cap    Slew   Delay    Time   Description
-----------------------------------------------------------------------------
                  0.00    0.00    0.00   clock core_clock (rise edge)
                          0.00    0.00   clock network delay (ideal)
                  0.00    0.00    0.00 ^ _322_/CLK (sky130_fd_sc_hd__dfrtp_4)
     4    0.02    0.10    0.43    0.43 ^ _322_/Q (sky130_fd_sc_hd__dfrtp_4)
                                         div.count[2] (net)
                  0.10    0.00    0.43 ^ _176_/C (sky130_fd_sc_hd__and4_1)
     1    0.01    0.10    0.23    0.66 ^ _176_/X (sky130_fd_sc_hd__and4_1)
                                         _089_ (net)
                  0.10    0.00    0.66 ^ _177_/A (sky130_fd_sc_hd__clkbuf_4)
     8    0.04    0.13    0.21    0.87 ^ _177_/X (sky130_fd_sc_hd__clkbuf_4)
                                         _090_ (net)
                  0.13    0.00    0.87 ^ _195_/C (sky130_fd_sc_hd__and4_1)
     1    0.01    0.11    0.25    1.12 ^ _195_/X (sky130_fd_sc_hd__and4_1)
                                         _102_ (net)
                  0.11    0.00    1.12 ^ _196_/A (sky130_fd_sc_hd__clkbuf_4)
     6    0.04    0.13    0.22    1.34 ^ _196_/X (sky130_fd_sc_hd__clkbuf_4)
                                         _103_ (net)
                  0.13    0.00    1.34 ^ _205_/C (sky130_fd_sc_hd__nand3_2)
     2    0.02    0.13    0.15    1.48 v _205_/Y (sky130_fd_sc_hd__nand3_2)
                                         _110_ (net)
                  0.13    0.00    1.48 v _208_/B (sky130_fd_sc_hd__xnor2_1)
     1    0.01    0.17    0.21    1.69 ^ _208_/Y (sky130_fd_sc_hd__xnor2_1)
                                         _007_ (net)
                  0.17    0.00    1.69 ^ _332_/D (sky130_fd_sc_hd__dfrtp_4)
                                  1.69   data arrival time

                  0.00   10.00   10.00   clock core_clock (rise edge)
                          0.00   10.00   clock network delay (ideal)
                          0.00   10.00   clock reconvergence pessimism
                                 10.00 ^ _332_/CLK (sky130_fd_sc_hd__dfrtp_4)
                         -0.10    9.90   library setup time
                                  9.90   data required time
-----------------------------------------------------------------------------
                                  9.90   data required time
                                 -1.69   data arrival time
-----------------------------------------------------------------------------
                                  8.21   slack (MET)


Startpoint: _322_ (rising edge-triggered flip-flop clocked by core_clock)
Endpoint: _330_ (rising edge-triggered flip-flop clocked by core_clock)
Path Group: core_clock
Path Type: max

Fanout     Cap    Slew   Delay    Time   Description
-----------------------------------------------------------------------------
                  0.00    0.00    0.00   clock core_clock (rise edge)
                          0.00    0.00   clock network delay (ideal)
                  0.00    0.00    0.00 ^ _322_/CLK (sky130_fd_sc_hd__dfrtp_4)
     4    0.02    0.08    0.49    0.49 v _322_/Q (sky130_fd_sc_hd__dfrtp_4)
                                         div.count[2] (net)
                  0.08    0.00    0.49 v _176_/C (sky130_fd_sc_hd__and4_1)
     1    0.01    0.06    0.23    0.71 v _176_/X (sky130_fd_sc_hd__and4_1)
                                         _089_ (net)
                  0.06    0.00    0.71 v _177_/A (sky130_fd_sc_hd__clkbuf_4)
     8    0.04    0.09    0.19    0.91 v _177_/X (sky130_fd_sc_hd__clkbuf_4)
                                         _090_ (net)
                  0.09    0.00    0.91 v _195_/C (sky130_fd_sc_hd__and4_1)
     1    0.01    0.06    0.23    1.14 v _195_/X (sky130_fd_sc_hd__and4_1)
                                         _102_ (net)
                  0.06    0.00    1.14 v _196_/A (sky130_fd_sc_hd__clkbuf_4)
     6    0.04    0.09    0.20    1.33 v _196_/X (sky130_fd_sc_hd__clkbuf_4)
                                         _103_ (net)
                  0.09    0.00    1.34 v _203_/B (sky130_fd_sc_hd__xor2_2)
     1    0.01    0.07    0.17    1.51 v _203_/X (sky130_fd_sc_hd__xor2_2)
                                         _005_ (net)
                  0.07    0.00    1.51 v _330_/D (sky130_fd_sc_hd__dfrtp_4)
                                  1.51   data arrival time

                  0.00   10.00   10.00   clock core_clock (rise edge)
                          0.00   10.00   clock network delay (ideal)
                          0.00   10.00   clock reconvergence pessimism
                                 10.00 ^ _330_/CLK (sky130_fd_sc_hd__dfrtp_4)
                         -0.14    9.86   library setup time
                                  9.86   data required time
-----------------------------------------------------------------------------
                                  9.86   data required time
                                 -1.51   data arrival time
-----------------------------------------------------------------------------
                                  8.35   slack (MET)


Startpoint: _322_ (rising edge-triggered flip-flop clocked by core_clock)
Endpoint: _336_ (rising edge-triggered flip-flop clocked by core_clock)
Path Group: core_clock
Path Type: max

Fanout     Cap    Slew   Delay    Time   Description
-----------------------------------------------------------------------------
                  0.00    0.00    0.00   clock core_clock (rise edge)
                          0.00    0.00   clock network delay (ideal)
                  0.00    0.00    0.00 ^ _322_/CLK (sky130_fd_sc_hd__dfrtp_4)
     4    0.02    0.10    0.43    0.43 ^ _322_/Q (sky130_fd_sc_hd__dfrtp_4)
                                         div.count[2] (net)
                  0.10    0.00    0.43 ^ _176_/C (sky130_fd_sc_hd__and4_1)
     1    0.01    0.10    0.23    0.66 ^ _176_/X (sky130_fd_sc_hd__and4_1)
                                         _089_ (net)
                  0.10    0.00    0.66 ^ _177_/A (sky130_fd_sc_hd__clkbuf_4)
     8    0.04    0.13    0.21    0.87 ^ _177_/X (sky130_fd_sc_hd__clkbuf_4)
                                         _090_ (net)
                  0.13    0.00    0.87 ^ _217_/A (sky130_fd_sc_hd__and4_1)
     1    0.01    0.10    0.23    1.10 ^ _217_/X (sky130_fd_sc_hd__and4_1)
                                         _117_ (net)
                  0.10    0.00    1.11 ^ _218_/A (sky130_fd_sc_hd__clkbuf_4)
     9    0.05    0.14    0.23    1.33 ^ _218_/X (sky130_fd_sc_hd__clkbuf_4)
                                         _118_ (net)
                  0.14    0.00    1.33 ^ _219_/B (sky130_fd_sc_hd__xor2_1)
     1    0.01    0.17    0.20    1.54 ^ _219_/X (sky130_fd_sc_hd__xor2_1)
                                         _011_ (net)
                  0.17    0.00    1.54 ^ _336_/D (sky130_fd_sc_hd__dfrtp_4)
                                  1.54   data arrival time

                  0.00   10.00   10.00   clock core_clock (rise edge)
                          0.00   10.00   clock network delay (ideal)
                          0.00   10.00   clock reconvergence pessimism
                                 10.00 ^ _336_/CLK (sky130_fd_sc_hd__dfrtp_4)
                         -0.10    9.90   library setup time
                                  9.90   data required time
-----------------------------------------------------------------------------
                                  9.90   data required time
                                 -1.54   data arrival time
-----------------------------------------------------------------------------
                                  8.36   slack (MET)


Startpoint: _322_ (rising edge-triggered flip-flop clocked by core_clock)
Endpoint: _327_ (rising edge-triggered flip-flop clocked by core_clock)
Path Group: core_clock
Path Type: max

Fanout     Cap    Slew   Delay    Time   Description
-----------------------------------------------------------------------------
                  0.00    0.00    0.00   clock core_clock (rise edge)
                          0.00    0.00   clock network delay (ideal)
                  0.00    0.00    0.00 ^ _322_/CLK (sky130_fd_sc_hd__dfrtp_4)
     4    0.02    0.10    0.43    0.43 ^ _322_/Q (sky130_fd_sc_hd__dfrtp_4)
                                         div.count[2] (net)
                  0.10    0.00    0.43 ^ _176_/C (sky130_fd_sc_hd__and4_1)
     1    0.01    0.10    0.23    0.66 ^ _176_/X (sky130_fd_sc_hd__and4_1)
                                         _089_ (net)
                  0.10    0.00    0.66 ^ _177_/A (sky130_fd_sc_hd__clkbuf_4)
     8    0.04    0.13    0.21    0.87 ^ _177_/X (sky130_fd_sc_hd__clkbuf_4)
                                         _090_ (net)
                  0.13    0.00    0.87 ^ _182_/C (sky130_fd_sc_hd__and3_2)
     3    0.02    0.11    0.25    1.13 ^ _182_/X (sky130_fd_sc_hd__and3_2)
                                         _093_ (net)
                  0.11    0.00    1.13 ^ _186_/B (sky130_fd_sc_hd__nand2_1)
     2    0.01    0.10    0.12    1.25 v _186_/Y (sky130_fd_sc_hd__nand2_1)
                                         _096_ (net)
                  0.10    0.00    1.25 v _192_/A2 (sky130_fd_sc_hd__a21oi_1)
     1    0.01    0.18    0.21    1.46 ^ _192_/Y (sky130_fd_sc_hd__a21oi_1)
                                         _033_ (net)
                  0.18    0.00    1.46 ^ _327_/D (sky130_fd_sc_hd__dfrtp_2)
                                  1.46   data arrival time

                  0.00   10.00   10.00   clock core_clock (rise edge)
                          0.00   10.00   clock network delay (ideal)
                          0.00   10.00   clock reconvergence pessimism
                                 10.00 ^ _327_/CLK (sky130_fd_sc_hd__dfrtp_2)
                         -0.10    9.90   library setup time
                                  9.90   data required time
-----------------------------------------------------------------------------
                                  9.90   data required time
                                 -1.46   data arrival time
-----------------------------------------------------------------------------
                                  8.44   slack (MET)


Startpoint: _322_ (rising edge-triggered flip-flop clocked by core_clock)
Endpoint: _325_ (rising edge-triggered flip-flop clocked by core_clock)
Path Group: core_clock
Path Type: max

Fanout     Cap    Slew   Delay    Time   Description
-----------------------------------------------------------------------------
                  0.00    0.00    0.00   clock core_clock (rise edge)
                          0.00    0.00   clock network delay (ideal)
                  0.00    0.00    0.00 ^ _322_/CLK (sky130_fd_sc_hd__dfrtp_4)
     4    0.02    0.08    0.49    0.49 v _322_/Q (sky130_fd_sc_hd__dfrtp_4)
                                         div.count[2] (net)
                  0.08    0.00    0.49 v _176_/C (sky130_fd_sc_hd__and4_1)
     1    0.01    0.06    0.23    0.71 v _176_/X (sky130_fd_sc_hd__and4_1)
                                         _089_ (net)
                  0.06    0.00    0.71 v _177_/A (sky130_fd_sc_hd__clkbuf_4)
     8    0.04    0.09    0.19    0.91 v _177_/X (sky130_fd_sc_hd__clkbuf_4)
                                         _090_ (net)
                  0.09    0.00    0.91 v _182_/C (sky130_fd_sc_hd__and3_2)
     3    0.02    0.07    0.27    1.17 v _182_/X (sky130_fd_sc_hd__and3_2)
                                         _093_ (net)
                  0.07    0.00    1.18 v _184_/A (sky130_fd_sc_hd__nor2_1)
     1    0.01    0.18    0.18    1.36 ^ _184_/Y (sky130_fd_sc_hd__nor2_1)
                                         _031_ (net)
                  0.18    0.00    1.36 ^ _325_/D (sky130_fd_sc_hd__dfrtp_4)
                                  1.36   data arrival time

                  0.00   10.00   10.00   clock core_clock (rise edge)
                          0.00   10.00   clock network delay (ideal)
                          0.00   10.00   clock reconvergence pessimism
                                 10.00 ^ _325_/CLK (sky130_fd_sc_hd__dfrtp_4)
                         -0.10    9.90   library setup time
                                  9.90   data required time
-----------------------------------------------------------------------------
                                  9.90   data required time
                                 -1.36   data arrival time
-----------------------------------------------------------------------------
                                  8.54   slack (MET)


Startpoint: _322_ (rising edge-triggered flip-flop clocked by core_clock)
Endpoint: _323_ (rising edge-triggered flip-flop clocked by core_clock)
Path Group: core_clock
Path Type: max

Fanout     Cap    Slew   Delay    Time   Description
-----------------------------------------------------------------------------
                  0.00    0.00    0.00   clock core_clock (rise edge)
                          0.00    0.00   clock network delay (ideal)
                  0.00    0.00    0.00 ^ _322_/CLK (sky130_fd_sc_hd__dfrtp_4)
     4    0.02    0.08    0.49    0.49 v _322_/Q (sky130_fd_sc_hd__dfrtp_4)
                                         div.count[2] (net)
                  0.08    0.00    0.49 v _176_/C (sky130_fd_sc_hd__and4_1)
     1    0.01    0.06    0.23    0.71 v _176_/X (sky130_fd_sc_hd__and4_1)
                                         _089_ (net)
                  0.06    0.00    0.71 v _177_/A (sky130_fd_sc_hd__clkbuf_4)
     8    0.04    0.09    0.19    0.91 v _177_/X (sky130_fd_sc_hd__clkbuf_4)
                                         _090_ (net)
                  0.09    0.00    0.91 v _179_/A_N (sky130_fd_sc_hd__and2b_1)
     1    0.01    0.09    0.24    1.15 ^ _179_/X (sky130_fd_sc_hd__and2b_1)
                                         _092_ (net)
                  0.09    0.00    1.15 ^ _180_/A (sky130_fd_sc_hd__buf_1)
     1    0.01    0.09    0.12    1.27 ^ _180_/X (sky130_fd_sc_hd__buf_1)
                                         _029_ (net)
                  0.09    0.00    1.28 ^ _323_/D (sky130_fd_sc_hd__dfrtp_2)
                                  1.28   data arrival time

                  0.00   10.00   10.00   clock core_clock (rise edge)
                          0.00   10.00   clock network delay (ideal)
                          0.00   10.00   clock reconvergence pessimism
                                 10.00 ^ _323_/CLK (sky130_fd_sc_hd__dfrtp_2)
                         -0.08    9.92   library setup time
                                  9.92   data required time
-----------------------------------------------------------------------------
                                  9.92   data required time
                                 -1.28   data arrival time
-----------------------------------------------------------------------------
                                  8.64   slack (MET)


Startpoint: _320_ (rising edge-triggered flip-flop clocked by core_clock)
Endpoint: _321_ (rising edge-triggered flip-flop clocked by core_clock)
Path Group: core_clock
Path Type: max

Fanout     Cap    Slew   Delay    Time   Description
-----------------------------------------------------------------------------
                  0.00    0.00    0.00   clock core_clock (rise edge)
                          0.00    0.00   clock network delay (ideal)
                  0.00    0.00    0.00 ^ _320_/CLK (sky130_fd_sc_hd__dfrtp_4)
     6    0.03    0.09    0.49    0.49 v _320_/Q (sky130_fd_sc_hd__dfrtp_4)
                                         div.count[0] (net)
                  0.09    0.00    0.49 v _171_/A (sky130_fd_sc_hd__or2_1)
     1    0.01    0.08    0.28    0.77 v _171_/X (sky130_fd_sc_hd__or2_1)
                                         _086_ (net)
                  0.08    0.00    0.77 v _173_/A (sky130_fd_sc_hd__and2_1)
     1    0.01    0.07    0.18    0.96 v _173_/X (sky130_fd_sc_hd__and2_1)
                                         _088_ (net)
                  0.07    0.00    0.96 v _174_/A (sky130_fd_sc_hd__buf_1)
     1    0.01    0.08    0.15    1.10 v _174_/X (sky130_fd_sc_hd__buf_1)
                                         _015_ (net)
                  0.08    0.00    1.10 v _321_/D (sky130_fd_sc_hd__dfrtp_4)
                                  1.10   data arrival time

                  0.00   10.00   10.00   clock core_clock (rise edge)
                          0.00   10.00   clock network delay (ideal)
                          0.00   10.00   clock reconvergence pessimism
                                 10.00 ^ _321_/CLK (sky130_fd_sc_hd__dfrtp_4)
                         -0.14    9.86   library setup time
                                  9.86   data required time
-----------------------------------------------------------------------------
                                  9.86   data required time
                                 -1.10   data arrival time
-----------------------------------------------------------------------------
                                  8.75   slack (MET)


Startpoint: _322_ (rising edge-triggered flip-flop clocked by core_clock)
Endpoint: _324_ (rising edge-triggered flip-flop clocked by core_clock)
Path Group: core_clock
Path Type: max

Fanout     Cap    Slew   Delay    Time   Description
-----------------------------------------------------------------------------
                  0.00    0.00    0.00   clock core_clock (rise edge)
                          0.00    0.00   clock network delay (ideal)
                  0.00    0.00    0.00 ^ _322_/CLK (sky130_fd_sc_hd__dfrtp_4)
     4    0.02    0.08    0.49    0.49 v _322_/Q (sky130_fd_sc_hd__dfrtp_4)
                                         div.count[2] (net)
                  0.08    0.00    0.49 v _176_/C (sky130_fd_sc_hd__and4_1)
     1    0.01    0.06    0.23    0.71 v _176_/X (sky130_fd_sc_hd__and4_1)
                                         _089_ (net)
                  0.06    0.00    0.71 v _177_/A (sky130_fd_sc_hd__clkbuf_4)
     8    0.04    0.09    0.19    0.91 v _177_/X (sky130_fd_sc_hd__clkbuf_4)
                                         _090_ (net)
                  0.09    0.00    0.91 v _181_/B (sky130_fd_sc_hd__xor2_1)
     1    0.01    0.06    0.16    1.07 v _181_/X (sky130_fd_sc_hd__xor2_1)
                                         _030_ (net)
                  0.06    0.00    1.07 v _324_/D (sky130_fd_sc_hd__dfrtp_4)
                                  1.07   data arrival time

                  0.00   10.00   10.00   clock core_clock (rise edge)
                          0.00   10.00   clock network delay (ideal)
                          0.00   10.00   clock reconvergence pessimism
                                 10.00 ^ _324_/CLK (sky130_fd_sc_hd__dfrtp_4)
                         -0.13    9.87   library setup time
                                  9.87   data required time
-----------------------------------------------------------------------------
                                  9.87   data required time
                                 -1.07   data arrival time
-----------------------------------------------------------------------------
                                  8.80   slack (MET)


Startpoint: _321_ (rising edge-triggered flip-flop clocked by core_clock)
Endpoint: _322_ (rising edge-triggered flip-flop clocked by core_clock)
Path Group: core_clock
Path Type: max

Fanout     Cap    Slew   Delay    Time   Description
-----------------------------------------------------------------------------
                  0.00    0.00    0.00   clock core_clock (rise edge)
                          0.00    0.00   clock network delay (ideal)
                  0.00    0.00    0.00 ^ _321_/CLK (sky130_fd_sc_hd__dfrtp_4)
     5    0.02    0.08    0.49    0.49 v _321_/Q (sky130_fd_sc_hd__dfrtp_4)
                                         div.count[1] (net)
                  0.08    0.00    0.49 v _172_/B (sky130_fd_sc_hd__nand2_2)
     2    0.02    0.10    0.12    0.61 ^ _172_/Y (sky130_fd_sc_hd__nand2_2)
                                         _087_ (net)
                  0.10    0.00    0.61 ^ _175_/B (sky130_fd_sc_hd__xnor2_1)
     1    0.01    0.27    0.18    0.79 ^ _175_/Y (sky130_fd_sc_hd__xnor2_1)
                                         _026_ (net)
                  0.27    0.00    0.79 ^ _322_/D (sky130_fd_sc_hd__dfrtp_4)
                                  0.79   data arrival time

                  0.00   10.00   10.00   clock core_clock (rise edge)
                          0.00   10.00   clock network delay (ideal)
                          0.00   10.00   clock reconvergence pessimism
                                 10.00 ^ _322_/CLK (sky130_fd_sc_hd__dfrtp_4)
                         -0.12    9.88   library setup time
                                  9.88   data required time
-----------------------------------------------------------------------------
                                  9.88   data required time
                                 -0.79   data arrival time
-----------------------------------------------------------------------------
                                  9.09   slack (MET)



worst slack corner Typical: 6.8770
max_report_end
checks_report

===========================================================================
report_checks -unconstrained
===========================================================================
======================= Typical Corner ===================================

Startpoint: _335_ (rising edge-triggered flip-flop clocked by core_clock)
Endpoint: _326_ (rising edge-triggered flip-flop clocked by core_clock)
Path Group: core_clock
Path Type: max

Fanout     Cap    Slew   Delay    Time   Description
-----------------------------------------------------------------------------
                  0.00    0.00    0.00   clock core_clock (rise edge)
                          0.00    0.00   clock network delay (ideal)
                  0.00    0.00    0.00 ^ _335_/CLK (sky130_fd_sc_hd__dfrtp_4)
     3    0.02    0.08    0.49    0.49 v _335_/Q (sky130_fd_sc_hd__dfrtp_4)
                                         div.count[15] (net)
                  0.08    0.00    0.49 v _157_/A (sky130_fd_sc_hd__or4b_2)
     1    0.01    0.14    0.74    1.23 v _157_/X (sky130_fd_sc_hd__or4b_2)
                                         _074_ (net)
                  0.14    0.00    1.23 v _161_/A (sky130_fd_sc_hd__or4_2)
     2    0.02    0.15    0.77    2.00 v _161_/X (sky130_fd_sc_hd__or4_2)
                                         _078_ (net)
                  0.15    0.00    2.00 v _167_/A (sky130_fd_sc_hd__or4_4)
     6    0.03    0.13    0.64    2.63 v _167_/X (sky130_fd_sc_hd__or4_4)
                                         _084_ (net)
                  0.13    0.00    2.64 v _187_/A (sky130_fd_sc_hd__and3_1)
     1    0.01    0.08    0.22    2.86 v _187_/X (sky130_fd_sc_hd__and3_1)
                                         _097_ (net)
                  0.08    0.00    2.86 v _188_/A (sky130_fd_sc_hd__buf_1)
     1    0.01    0.06    0.13    2.99 v _188_/X (sky130_fd_sc_hd__buf_1)
                                         _032_ (net)
                  0.06    0.00    2.99 v _326_/D (sky130_fd_sc_hd__dfrtp_4)
                                  2.99   data arrival time

                  0.00   10.00   10.00   clock core_clock (rise edge)
                          0.00   10.00   clock network delay (ideal)
                          0.00   10.00   clock reconvergence pessimism
                                 10.00 ^ _326_/CLK (sky130_fd_sc_hd__dfrtp_4)
                         -0.13    9.87   library setup time
                                  9.87   data required time
-----------------------------------------------------------------------------
                                  9.87   data required time
                                 -2.99   data arrival time
-----------------------------------------------------------------------------
                                  6.88   slack (MET)




===========================================================================
report_checks --slack_max -0.01
============================================================================
======================= Typical Corner ===================================

No paths found.


===========================================================================
 report_check_types -max_slew -max_cap -max_fanout -violators
============================================================================
======================= Typical Corner ===================================


max slew violations count Typical: 0
max fanout violations count Typical: 0
max cap violations count Typical: 0

===========================================================================
report_parasitic_annotation -report_unannotated
============================================================================
Found 5 unannotated drivers.
 clk
 lab3_10/LO
 lab3_11/LO
 lab3_8/HI
 lab3_9/LO
Found 0 partially unannotated drivers.

===========================================================================
max slew violation count 0
max fanout violation count 0
max cap violation count 0
============================================================================

===========================================================================
check_setup -verbose -unconstrained_endpoints -multiple_clock -no_clock -no_input_delay -loops -generated_clocks
===========================================================================
Warning: There is 1 input port missing set_input_delay.
  rst_button
Warning: There are 4 unclocked register/latch pins.
  _352_/CLK
  _353_/CLK
  _354_/CLK
  _355_/CLK
Warning: There are 15 unconstrained endpoints.
  an[0]
  an[1]
  an[2]
  an[3]
  seg[0]
  seg[1]
  seg[2]
  seg[3]
  seg[4]
  seg[5]
  seg[6]
  _352_/D
  _353_/D
  _354_/D
  _355_/D
checks_report_end
power_report

===========================================================================
 report_power
============================================================================
======================= Typical Corner ===================================

Group                  Internal  Switching    Leakage      Total
                          Power      Power      Power      Power (Watts)
----------------------------------------------------------------
Sequential             1.36e-04   0.00e+00   4.37e-10   1.36e-04 100.0%
Combinational          3.10e-14   9.74e-14   6.72e-10   6.72e-10   0.0%
Clock                  0.00e+00   0.00e+00   3.05e-10   3.05e-10   0.0%
Macro                  0.00e+00   0.00e+00   0.00e+00   0.00e+00   0.0%
Pad                    0.00e+00   0.00e+00   0.00e+00   0.00e+00   0.0%
----------------------------------------------------------------
Total                  1.36e-04   9.74e-14   1.41e-09   1.36e-04 100.0%
                         100.0%       0.0%       0.0%

power_report_end
skew_report

===========================================================================
report_clock_skew
============================================================================
Clock core_clock
   0.00 source latency _320_/CLK ^
   0.00 target latency _320_/CLK ^
   0.00 CRPR
--------------
   0.00 setup skew

skew_report_end
summary_report

===========================================================================
report_tns
============================================================================
tns 0.00

===========================================================================
report_wns
============================================================================
wns 0.00

===========================================================================
report_worst_slack -max (Setup)
============================================================================
worst slack 6.88

===========================================================================
report_worst_slack -min (Hold)
============================================================================
worst slack 0.49
summary_report_end
area_report

===========================================================================
report_design_area
============================================================================
Design area 2421 u^2 17% utilization.
area_report_end
check_nonpropagated_clocks
core_clock
check_nonpropagated_clocks_end
[WARNING] Did not save OpenROAD database!
Writing SDF to '/openlane/designs/lab3/runs/RUN_2025.05.25_20.36.00/results/signoff/lab3.sdf'…
