
===========================================================================
report_checks -path_delay max (Setup)
============================================================================
======================= Fastest Corner ===================================

Startpoint: _320_ (rising edge-triggered flip-flop clocked by core_clock)
Endpoint: _342_ (rising edge-triggered flip-flop clocked by core_clock)
Path Group: core_clock
Path Type: max
Corner: Fastest

Fanout     Cap    Slew   Delay    Time   Description
-----------------------------------------------------------------------------
                          0.00    0.00   clock core_clock (rise edge)
                          0.00    0.00   clock source latency
     1    0.03    0.00    0.00    0.00 ^ clk (in)
                                         clk (net)
                  0.00    0.00    0.00 ^ clkbuf_0_clk/A (sky130_fd_sc_hd__clkbuf_16)
     4    0.05    0.05    0.09    0.09 ^ clkbuf_0_clk/X (sky130_fd_sc_hd__clkbuf_16)
                                         clknet_0_clk (net)
                  0.05    0.00    0.10 ^ clkbuf_2_0__f_clk/A (sky130_fd_sc_hd__clkbuf_16)
    18    0.06    0.06    0.11    0.21 ^ clkbuf_2_0__f_clk/X (sky130_fd_sc_hd__clkbuf_16)
                                         clknet_2_0__leaf_clk (net)
                  0.06    0.00    0.21 ^ _320_/CLK (sky130_fd_sc_hd__dfrtp_4)
    12    0.06    0.09    0.36    0.57 v _320_/Q (sky130_fd_sc_hd__dfrtp_4)
                                         div.count[0] (net)
                  0.09    0.01    0.58 v _157_/B (sky130_fd_sc_hd__or4b_2)
     2    0.03    0.13    0.46    1.04 v _157_/X (sky130_fd_sc_hd__or4b_2)
                                         _074_ (net)
                  0.13    0.00    1.05 v _161_/A (sky130_fd_sc_hd__or4_2)
     4    0.04    0.14    0.49    1.54 v _161_/X (sky130_fd_sc_hd__or4_2)
                                         _078_ (net)
                  0.14    0.01    1.54 v _167_/A (sky130_fd_sc_hd__or4_4)
    12    0.06    0.12    0.43    1.98 v _167_/X (sky130_fd_sc_hd__or4_4)
                                         _084_ (net)
                  0.12    0.01    1.99 v _238_/A (sky130_fd_sc_hd__and3_1)
     2    0.02    0.08    0.17    2.16 v _238_/X (sky130_fd_sc_hd__and3_1)
                                         _132_ (net)
                  0.08    0.00    2.16 v _239_/A (sky130_fd_sc_hd__buf_1)
     2    0.03    0.10    0.14    2.30 v _239_/X (sky130_fd_sc_hd__buf_1)
                                         _018_ (net)
                  0.10    0.00    2.31 v _342_/D (sky130_fd_sc_hd__dfrtp_4)
                                  2.31   data arrival time

                         10.00   10.00   clock core_clock (rise edge)
                          0.00   10.00   clock source latency
     1    0.03    0.00    0.00   10.00 ^ clk (in)
                                         clk (net)
                  0.00    0.00   10.00 ^ clkbuf_0_clk/A (sky130_fd_sc_hd__clkbuf_16)
     4    0.05    0.05    0.09   10.09 ^ clkbuf_0_clk/X (sky130_fd_sc_hd__clkbuf_16)
                                         clknet_0_clk (net)
                  0.05    0.00   10.10 ^ clkbuf_2_0__f_clk/A (sky130_fd_sc_hd__clkbuf_16)
    18    0.06    0.06    0.11   10.21 ^ clkbuf_2_0__f_clk/X (sky130_fd_sc_hd__clkbuf_16)
                                         clknet_2_0__leaf_clk (net)
                  0.06    0.01   10.21 ^ _342_/CLK (sky130_fd_sc_hd__dfrtp_4)
                          0.00   10.21   clock reconvergence pessimism
                         -0.09   10.12   library setup time
                                 10.12   data required time
-----------------------------------------------------------------------------
                                 10.12   data required time
                                 -2.31   data arrival time
-----------------------------------------------------------------------------
                                  7.81   slack (MET)


Startpoint: _320_ (rising edge-triggered flip-flop clocked by core_clock)
Endpoint: _326_ (rising edge-triggered flip-flop clocked by core_clock)
Path Group: core_clock
Path Type: max
Corner: Fastest

Fanout     Cap    Slew   Delay    Time   Description
-----------------------------------------------------------------------------
                          0.00    0.00   clock core_clock (rise edge)
                          0.00    0.00   clock source latency
     1    0.03    0.00    0.00    0.00 ^ clk (in)
                                         clk (net)
                  0.00    0.00    0.00 ^ clkbuf_0_clk/A (sky130_fd_sc_hd__clkbuf_16)
     4    0.05    0.05    0.09    0.09 ^ clkbuf_0_clk/X (sky130_fd_sc_hd__clkbuf_16)
                                         clknet_0_clk (net)
                  0.05    0.00    0.10 ^ clkbuf_2_0__f_clk/A (sky130_fd_sc_hd__clkbuf_16)
    18    0.06    0.06    0.11    0.21 ^ clkbuf_2_0__f_clk/X (sky130_fd_sc_hd__clkbuf_16)
                                         clknet_2_0__leaf_clk (net)
                  0.06    0.00    0.21 ^ _320_/CLK (sky130_fd_sc_hd__dfrtp_4)
    12    0.06    0.09    0.36    0.57 v _320_/Q (sky130_fd_sc_hd__dfrtp_4)
                                         div.count[0] (net)
                  0.09    0.01    0.58 v _157_/B (sky130_fd_sc_hd__or4b_2)
     2    0.03    0.13    0.46    1.04 v _157_/X (sky130_fd_sc_hd__or4b_2)
                                         _074_ (net)
                  0.13    0.00    1.05 v _161_/A (sky130_fd_sc_hd__or4_2)
     4    0.04    0.14    0.49    1.54 v _161_/X (sky130_fd_sc_hd__or4_2)
                                         _078_ (net)
                  0.14    0.01    1.54 v _167_/A (sky130_fd_sc_hd__or4_4)
    12    0.06    0.12    0.43    1.98 v _167_/X (sky130_fd_sc_hd__or4_4)
                                         _084_ (net)
                  0.12    0.01    1.99 v _187_/A (sky130_fd_sc_hd__and3_1)
     2    0.03    0.10    0.19    2.18 v _187_/X (sky130_fd_sc_hd__and3_1)
                                         _097_ (net)
                  0.10    0.00    2.19 v _188_/A (sky130_fd_sc_hd__buf_1)
     1    0.02    0.08    0.13    2.32 v _188_/X (sky130_fd_sc_hd__buf_1)
                                         _032_ (net)
                  0.08    0.00    2.32 v _326_/D (sky130_fd_sc_hd__dfrtp_4)
                                  2.32   data arrival time

                         10.00   10.00   clock core_clock (rise edge)
                          0.00   10.00   clock source latency
     1    0.03    0.00    0.00   10.00 ^ clk (in)
                                         clk (net)
                  0.00    0.00   10.00 ^ clkbuf_0_clk/A (sky130_fd_sc_hd__clkbuf_16)
     4    0.05    0.05    0.09   10.09 ^ clkbuf_0_clk/X (sky130_fd_sc_hd__clkbuf_16)
                                         clknet_0_clk (net)
                  0.05    0.00   10.10 ^ clkbuf_2_1__f_clk/A (sky130_fd_sc_hd__clkbuf_16)
    22    0.07    0.07    0.12   10.21 ^ clkbuf_2_1__f_clk/X (sky130_fd_sc_hd__clkbuf_16)
                                         clknet_2_1__leaf_clk (net)
                  0.07    0.01   10.22 ^ _326_/CLK (sky130_fd_sc_hd__dfrtp_4)
                          0.00   10.22   clock reconvergence pessimism
                         -0.09   10.14   library setup time
                                 10.14   data required time
-----------------------------------------------------------------------------
                                 10.14   data required time
                                 -2.32   data arrival time
-----------------------------------------------------------------------------
                                  7.81   slack (MET)


Startpoint: _320_ (rising edge-triggered flip-flop clocked by core_clock)
Endpoint: _339_ (rising edge-triggered flip-flop clocked by core_clock)
Path Group: core_clock
Path Type: max
Corner: Fastest

Fanout     Cap    Slew   Delay    Time   Description
-----------------------------------------------------------------------------
                          0.00    0.00   clock core_clock (rise edge)
                          0.00    0.00   clock source latency
     1    0.03    0.00    0.00    0.00 ^ clk (in)
                                         clk (net)
                  0.00    0.00    0.00 ^ clkbuf_0_clk/A (sky130_fd_sc_hd__clkbuf_16)
     4    0.05    0.05    0.09    0.09 ^ clkbuf_0_clk/X (sky130_fd_sc_hd__clkbuf_16)
                                         clknet_0_clk (net)
                  0.05    0.00    0.10 ^ clkbuf_2_0__f_clk/A (sky130_fd_sc_hd__clkbuf_16)
    18    0.06    0.06    0.11    0.21 ^ clkbuf_2_0__f_clk/X (sky130_fd_sc_hd__clkbuf_16)
                                         clknet_2_0__leaf_clk (net)
                  0.06    0.00    0.21 ^ _320_/CLK (sky130_fd_sc_hd__dfrtp_4)
    12    0.06    0.09    0.36    0.57 v _320_/Q (sky130_fd_sc_hd__dfrtp_4)
                                         div.count[0] (net)
                  0.09    0.01    0.58 v _157_/B (sky130_fd_sc_hd__or4b_2)
     2    0.03    0.13    0.46    1.04 v _157_/X (sky130_fd_sc_hd__or4b_2)
                                         _074_ (net)
                  0.13    0.00    1.05 v _161_/A (sky130_fd_sc_hd__or4_2)
     4    0.04    0.14    0.49    1.54 v _161_/X (sky130_fd_sc_hd__or4_2)
                                         _078_ (net)
                  0.14    0.01    1.54 v _167_/A (sky130_fd_sc_hd__or4_4)
    12    0.06    0.12    0.43    1.98 v _167_/X (sky130_fd_sc_hd__or4_4)
                                         _084_ (net)
                  0.12    0.01    1.98 v _230_/A (sky130_fd_sc_hd__and3_1)
     2    0.02    0.08    0.18    2.16 v _230_/X (sky130_fd_sc_hd__and3_1)
                                         _127_ (net)
                  0.08    0.00    2.16 v _231_/A (sky130_fd_sc_hd__buf_1)
     2    0.02    0.09    0.13    2.29 v _231_/X (sky130_fd_sc_hd__buf_1)
                                         _014_ (net)
                  0.09    0.00    2.29 v _339_/D (sky130_fd_sc_hd__dfrtp_4)
                                  2.29   data arrival time

                         10.00   10.00   clock core_clock (rise edge)
                          0.00   10.00   clock source latency
     1    0.03    0.00    0.00   10.00 ^ clk (in)
                                         clk (net)
                  0.00    0.00   10.00 ^ clkbuf_0_clk/A (sky130_fd_sc_hd__clkbuf_16)
     4    0.05    0.05    0.09   10.09 ^ clkbuf_0_clk/X (sky130_fd_sc_hd__clkbuf_16)
                                         clknet_0_clk (net)
                  0.05    0.00   10.10 ^ clkbuf_2_0__f_clk/A (sky130_fd_sc_hd__clkbuf_16)
    18    0.06    0.06    0.11   10.21 ^ clkbuf_2_0__f_clk/X (sky130_fd_sc_hd__clkbuf_16)
                                         clknet_2_0__leaf_clk (net)
                  0.06    0.00   10.21 ^ _339_/CLK (sky130_fd_sc_hd__dfrtp_4)
                          0.00   10.21   clock reconvergence pessimism
                         -0.09   10.12   library setup time
                                 10.12   data required time
-----------------------------------------------------------------------------
                                 10.12   data required time
                                 -2.29   data arrival time
-----------------------------------------------------------------------------
                                  7.83   slack (MET)


Startpoint: _320_ (rising edge-triggered flip-flop clocked by core_clock)
Endpoint: _320_ (rising edge-triggered flip-flop clocked by core_clock)
Path Group: core_clock
Path Type: max
Corner: Fastest

Fanout     Cap    Slew   Delay    Time   Description
-----------------------------------------------------------------------------
                          0.00    0.00   clock core_clock (rise edge)
                          0.00    0.00   clock source latency
     1    0.03    0.00    0.00    0.00 ^ clk (in)
                                         clk (net)
                  0.00    0.00    0.00 ^ clkbuf_0_clk/A (sky130_fd_sc_hd__clkbuf_16)
     4    0.05    0.05    0.09    0.09 ^ clkbuf_0_clk/X (sky130_fd_sc_hd__clkbuf_16)
                                         clknet_0_clk (net)
                  0.05    0.00    0.10 ^ clkbuf_2_0__f_clk/A (sky130_fd_sc_hd__clkbuf_16)
    18    0.06    0.06    0.11    0.21 ^ clkbuf_2_0__f_clk/X (sky130_fd_sc_hd__clkbuf_16)
                                         clknet_2_0__leaf_clk (net)
                  0.06    0.00    0.21 ^ _320_/CLK (sky130_fd_sc_hd__dfrtp_4)
    12    0.06    0.09    0.36    0.57 v _320_/Q (sky130_fd_sc_hd__dfrtp_4)
                                         div.count[0] (net)
                  0.09    0.01    0.58 v _157_/B (sky130_fd_sc_hd__or4b_2)
     2    0.03    0.13    0.46    1.04 v _157_/X (sky130_fd_sc_hd__or4b_2)
                                         _074_ (net)
                  0.13    0.00    1.05 v _161_/A (sky130_fd_sc_hd__or4_2)
     4    0.04    0.14    0.49    1.54 v _161_/X (sky130_fd_sc_hd__or4_2)
                                         _078_ (net)
                  0.14    0.01    1.54 v _167_/A (sky130_fd_sc_hd__or4_4)
    12    0.06    0.12    0.43    1.98 v _167_/X (sky130_fd_sc_hd__or4_4)
                                         _084_ (net)
                  0.12    0.01    1.99 v _169_/B (sky130_fd_sc_hd__and2b_1)
     2    0.03    0.09    0.20    2.19 v _169_/X (sky130_fd_sc_hd__and2b_1)
                                         _085_ (net)
                  0.09    0.00    2.19 v _170_/A (sky130_fd_sc_hd__clkbuf_1)
     1    0.01    0.04    0.10    2.29 v _170_/X (sky130_fd_sc_hd__clkbuf_1)
                                         _004_ (net)
                  0.04    0.00    2.29 v _320_/D (sky130_fd_sc_hd__dfrtp_4)
                                  2.29   data arrival time

                         10.00   10.00   clock core_clock (rise edge)
                          0.00   10.00   clock source latency
     1    0.03    0.00    0.00   10.00 ^ clk (in)
                                         clk (net)
                  0.00    0.00   10.00 ^ clkbuf_0_clk/A (sky130_fd_sc_hd__clkbuf_16)
     4    0.05    0.05    0.09   10.09 ^ clkbuf_0_clk/X (sky130_fd_sc_hd__clkbuf_16)
                                         clknet_0_clk (net)
                  0.05    0.00   10.10 ^ clkbuf_2_0__f_clk/A (sky130_fd_sc_hd__clkbuf_16)
    18    0.06    0.06    0.11   10.21 ^ clkbuf_2_0__f_clk/X (sky130_fd_sc_hd__clkbuf_16)
                                         clknet_2_0__leaf_clk (net)
                  0.06    0.00   10.21 ^ _320_/CLK (sky130_fd_sc_hd__dfrtp_4)
                          0.00   10.21   clock reconvergence pessimism
                         -0.07   10.14   library setup time
                                 10.14   data required time
-----------------------------------------------------------------------------
                                 10.14   data required time
                                 -2.29   data arrival time
-----------------------------------------------------------------------------
                                  7.85   slack (MET)


Startpoint: _320_ (rising edge-triggered flip-flop clocked by core_clock)
Endpoint: _328_ (rising edge-triggered flip-flop clocked by core_clock)
Path Group: core_clock
Path Type: max
Corner: Fastest

Fanout     Cap    Slew   Delay    Time   Description
-----------------------------------------------------------------------------
                          0.00    0.00   clock core_clock (rise edge)
                          0.00    0.00   clock source latency
     1    0.03    0.00    0.00    0.00 ^ clk (in)
                                         clk (net)
                  0.00    0.00    0.00 ^ clkbuf_0_clk/A (sky130_fd_sc_hd__clkbuf_16)
     4    0.05    0.05    0.09    0.09 ^ clkbuf_0_clk/X (sky130_fd_sc_hd__clkbuf_16)
                                         clknet_0_clk (net)
                  0.05    0.00    0.10 ^ clkbuf_2_0__f_clk/A (sky130_fd_sc_hd__clkbuf_16)
    18    0.06    0.06    0.11    0.21 ^ clkbuf_2_0__f_clk/X (sky130_fd_sc_hd__clkbuf_16)
                                         clknet_2_0__leaf_clk (net)
                  0.06    0.00    0.21 ^ _320_/CLK (sky130_fd_sc_hd__dfrtp_4)
    12    0.06    0.09    0.36    0.57 v _320_/Q (sky130_fd_sc_hd__dfrtp_4)
                                         div.count[0] (net)
                  0.09    0.01    0.58 v _157_/B (sky130_fd_sc_hd__or4b_2)
     2    0.03    0.13    0.46    1.04 v _157_/X (sky130_fd_sc_hd__or4b_2)
                                         _074_ (net)
                  0.13    0.00    1.05 v _161_/A (sky130_fd_sc_hd__or4_2)
     4    0.04    0.14    0.49    1.54 v _161_/X (sky130_fd_sc_hd__or4_2)
                                         _078_ (net)
                  0.14    0.01    1.54 v _167_/A (sky130_fd_sc_hd__or4_4)
    12    0.06    0.12    0.43    1.98 v _167_/X (sky130_fd_sc_hd__or4_4)
                                         _084_ (net)
                  0.12    0.01    1.99 v _193_/B1 (sky130_fd_sc_hd__o21ai_1)
     1    0.01    0.22    0.16    2.15 ^ _193_/Y (sky130_fd_sc_hd__o21ai_1)
                                         _101_ (net)
                  0.22    0.00    2.15 ^ _194_/B1 (sky130_fd_sc_hd__a21oi_1)
     1    0.01    0.07    0.05    2.20 v _194_/Y (sky130_fd_sc_hd__a21oi_1)
                                         _034_ (net)
                  0.07    0.00    2.20 v _328_/D (sky130_fd_sc_hd__dfrtp_4)
                                  2.20   data arrival time

                         10.00   10.00   clock core_clock (rise edge)
                          0.00   10.00   clock source latency
     1    0.03    0.00    0.00   10.00 ^ clk (in)
                                         clk (net)
                  0.00    0.00   10.00 ^ clkbuf_0_clk/A (sky130_fd_sc_hd__clkbuf_16)
     4    0.05    0.05    0.09   10.09 ^ clkbuf_0_clk/X (sky130_fd_sc_hd__clkbuf_16)
                                         clknet_0_clk (net)
                  0.05    0.00   10.10 ^ clkbuf_2_1__f_clk/A (sky130_fd_sc_hd__clkbuf_16)
    22    0.07    0.07    0.12   10.21 ^ clkbuf_2_1__f_clk/X (sky130_fd_sc_hd__clkbuf_16)
                                         clknet_2_1__leaf_clk (net)
                  0.07    0.01   10.22 ^ _328_/CLK (sky130_fd_sc_hd__dfrtp_4)
                          0.00   10.22   clock reconvergence pessimism
                         -0.08   10.14   library setup time
                                 10.14   data required time
-----------------------------------------------------------------------------
                                 10.14   data required time
                                 -2.20   data arrival time
-----------------------------------------------------------------------------
                                  7.94   slack (MET)


Startpoint: _320_ (rising edge-triggered flip-flop clocked by core_clock)
Endpoint: _356_ (rising edge-triggered flip-flop clocked by core_clock)
Path Group: core_clock
Path Type: max
Corner: Fastest

Fanout     Cap    Slew   Delay    Time   Description
-----------------------------------------------------------------------------
                          0.00    0.00   clock core_clock (rise edge)
                          0.00    0.00   clock source latency
     1    0.03    0.00    0.00    0.00 ^ clk (in)
                                         clk (net)
                  0.00    0.00    0.00 ^ clkbuf_0_clk/A (sky130_fd_sc_hd__clkbuf_16)
     4    0.05    0.05    0.09    0.09 ^ clkbuf_0_clk/X (sky130_fd_sc_hd__clkbuf_16)
                                         clknet_0_clk (net)
                  0.05    0.00    0.10 ^ clkbuf_2_0__f_clk/A (sky130_fd_sc_hd__clkbuf_16)
    18    0.06    0.06    0.11    0.21 ^ clkbuf_2_0__f_clk/X (sky130_fd_sc_hd__clkbuf_16)
                                         clknet_2_0__leaf_clk (net)
                  0.06    0.00    0.21 ^ _320_/CLK (sky130_fd_sc_hd__dfrtp_4)
    12    0.06    0.09    0.36    0.57 v _320_/Q (sky130_fd_sc_hd__dfrtp_4)
                                         div.count[0] (net)
                  0.09    0.01    0.58 v _157_/B (sky130_fd_sc_hd__or4b_2)
     2    0.03    0.13    0.46    1.04 v _157_/X (sky130_fd_sc_hd__or4b_2)
                                         _074_ (net)
                  0.13    0.00    1.05 v _161_/A (sky130_fd_sc_hd__or4_2)
     4    0.04    0.14    0.49    1.54 v _161_/X (sky130_fd_sc_hd__or4_2)
                                         _078_ (net)
                  0.14    0.01    1.54 v _167_/A (sky130_fd_sc_hd__or4_4)
    12    0.06    0.12    0.43    1.98 v _167_/X (sky130_fd_sc_hd__or4_4)
                                         _084_ (net)
                  0.12    0.01    1.99 v _168_/B (sky130_fd_sc_hd__xnor2_1)
     1    0.01    0.21    0.22    2.20 ^ _168_/Y (sky130_fd_sc_hd__xnor2_1)
                                         _073_ (net)
                  0.21    0.00    2.20 ^ _356_/D (sky130_fd_sc_hd__dfrtp_4)
                                  2.20   data arrival time

                         10.00   10.00   clock core_clock (rise edge)
                          0.00   10.00   clock source latency
     1    0.03    0.00    0.00   10.00 ^ clk (in)
                                         clk (net)
                  0.00    0.00   10.00 ^ clkbuf_0_clk/A (sky130_fd_sc_hd__clkbuf_16)
     4    0.05    0.05    0.09   10.09 ^ clkbuf_0_clk/X (sky130_fd_sc_hd__clkbuf_16)
                                         clknet_0_clk (net)
                  0.05    0.00   10.10 ^ clkbuf_2_1__f_clk/A (sky130_fd_sc_hd__clkbuf_16)
    22    0.07    0.07    0.12   10.21 ^ clkbuf_2_1__f_clk/X (sky130_fd_sc_hd__clkbuf_16)
                                         clknet_2_1__leaf_clk (net)
                  0.07    0.00   10.22 ^ _356_/CLK (sky130_fd_sc_hd__dfrtp_4)
                          0.00   10.22   clock reconvergence pessimism
                         -0.05   10.16   library setup time
                                 10.16   data required time
-----------------------------------------------------------------------------
                                 10.16   data required time
                                 -2.20   data arrival time
-----------------------------------------------------------------------------
                                  7.96   slack (MET)


Startpoint: _320_ (rising edge-triggered flip-flop clocked by core_clock)
Endpoint: _331_ (rising edge-triggered flip-flop clocked by core_clock)
Path Group: core_clock
Path Type: max
Corner: Fastest

Fanout     Cap    Slew   Delay    Time   Description
-----------------------------------------------------------------------------
                          0.00    0.00   clock core_clock (rise edge)
                          0.00    0.00   clock source latency
     1    0.03    0.00    0.00    0.00 ^ clk (in)
                                         clk (net)
                  0.00    0.00    0.00 ^ clkbuf_0_clk/A (sky130_fd_sc_hd__clkbuf_16)
     4    0.05    0.05    0.09    0.09 ^ clkbuf_0_clk/X (sky130_fd_sc_hd__clkbuf_16)
                                         clknet_0_clk (net)
                  0.05    0.00    0.10 ^ clkbuf_2_0__f_clk/A (sky130_fd_sc_hd__clkbuf_16)
    18    0.06    0.06    0.11    0.21 ^ clkbuf_2_0__f_clk/X (sky130_fd_sc_hd__clkbuf_16)
                                         clknet_2_0__leaf_clk (net)
                  0.06    0.00    0.21 ^ _320_/CLK (sky130_fd_sc_hd__dfrtp_4)
    12    0.06    0.09    0.36    0.57 v _320_/Q (sky130_fd_sc_hd__dfrtp_4)
                                         div.count[0] (net)
                  0.09    0.01    0.58 v _157_/B (sky130_fd_sc_hd__or4b_2)
     2    0.03    0.13    0.46    1.04 v _157_/X (sky130_fd_sc_hd__or4b_2)
                                         _074_ (net)
                  0.13    0.00    1.05 v _161_/A (sky130_fd_sc_hd__or4_2)
     4    0.04    0.14    0.49    1.54 v _161_/X (sky130_fd_sc_hd__or4_2)
                                         _078_ (net)
                  0.14    0.01    1.54 v _199_/A (sky130_fd_sc_hd__or3_4)
     8    0.05    0.09    0.32    1.86 v _199_/X (sky130_fd_sc_hd__or3_4)
                                         _106_ (net)
                  0.10    0.00    1.87 v _206_/A (sky130_fd_sc_hd__and3_1)
     2    0.04    0.13    0.20    2.07 v _206_/X (sky130_fd_sc_hd__and3_1)
                                         _111_ (net)
                  0.13    0.00    2.07 v _207_/A (sky130_fd_sc_hd__clkbuf_1)
     1    0.00    0.03    0.10    2.17 v _207_/X (sky130_fd_sc_hd__clkbuf_1)
                                         _006_ (net)
                  0.03    0.00    2.17 v _331_/D (sky130_fd_sc_hd__dfrtp_4)
                                  2.17   data arrival time

                         10.00   10.00   clock core_clock (rise edge)
                          0.00   10.00   clock source latency
     1    0.03    0.00    0.00   10.00 ^ clk (in)
                                         clk (net)
                  0.00    0.00   10.00 ^ clkbuf_0_clk/A (sky130_fd_sc_hd__clkbuf_16)
     4    0.05    0.05    0.09   10.09 ^ clkbuf_0_clk/X (sky130_fd_sc_hd__clkbuf_16)
                                         clknet_0_clk (net)
                  0.05    0.00   10.10 ^ clkbuf_2_3__f_clk/A (sky130_fd_sc_hd__clkbuf_16)
    18    0.05    0.05    0.11   10.21 ^ clkbuf_2_3__f_clk/X (sky130_fd_sc_hd__clkbuf_16)
                                         clknet_2_3__leaf_clk (net)
                  0.05    0.00   10.21 ^ _331_/CLK (sky130_fd_sc_hd__dfrtp_4)
                          0.00   10.21   clock reconvergence pessimism
                         -0.07   10.14   library setup time
                                 10.14   data required time
-----------------------------------------------------------------------------
                                 10.14   data required time
                                 -2.17   data arrival time
-----------------------------------------------------------------------------
                                  7.96   slack (MET)


Startpoint: _321_ (rising edge-triggered flip-flop clocked by core_clock)
Endpoint: _343_ (rising edge-triggered flip-flop clocked by core_clock)
Path Group: core_clock
Path Type: max
Corner: Fastest

Fanout     Cap    Slew   Delay    Time   Description
-----------------------------------------------------------------------------
                          0.00    0.00   clock core_clock (rise edge)
                          0.00    0.00   clock source latency
     1    0.03    0.00    0.00    0.00 ^ clk (in)
                                         clk (net)
                  0.00    0.00    0.00 ^ clkbuf_0_clk/A (sky130_fd_sc_hd__clkbuf_16)
     4    0.05    0.05    0.09    0.09 ^ clkbuf_0_clk/X (sky130_fd_sc_hd__clkbuf_16)
                                         clknet_0_clk (net)
                  0.05    0.00    0.10 ^ clkbuf_2_1__f_clk/A (sky130_fd_sc_hd__clkbuf_16)
    22    0.07    0.07    0.12    0.21 ^ clkbuf_2_1__f_clk/X (sky130_fd_sc_hd__clkbuf_16)
                                         clknet_2_1__leaf_clk (net)
                  0.07    0.01    0.22 ^ _321_/CLK (sky130_fd_sc_hd__dfrtp_4)
    10    0.05    0.12    0.33    0.55 ^ _321_/Q (sky130_fd_sc_hd__dfrtp_4)
                                         div.count[1] (net)
                  0.12    0.01    0.56 ^ _176_/B (sky130_fd_sc_hd__and4_1)
     1    0.02    0.13    0.19    0.75 ^ _176_/X (sky130_fd_sc_hd__and4_1)
                                         _089_ (net)
                  0.13    0.00    0.75 ^ _177_/A (sky130_fd_sc_hd__clkbuf_4)
    16    0.08    0.18    0.21    0.96 ^ _177_/X (sky130_fd_sc_hd__clkbuf_4)
                                         _090_ (net)
                  0.18    0.01    0.97 ^ _217_/A (sky130_fd_sc_hd__and4_1)
     1    0.02    0.15    0.21    1.18 ^ _217_/X (sky130_fd_sc_hd__and4_1)
                                         _117_ (net)
                  0.15    0.00    1.18 ^ _218_/A (sky130_fd_sc_hd__clkbuf_4)
    18    0.09    0.21    0.24    1.42 ^ _218_/X (sky130_fd_sc_hd__clkbuf_4)
                                         _118_ (net)
                  0.21    0.02    1.44 ^ _232_/B (sky130_fd_sc_hd__and3_2)
     8    0.06    0.21    0.26    1.70 ^ _232_/X (sky130_fd_sc_hd__and3_2)
                                         _128_ (net)
                  0.21    0.01    1.71 ^ _237_/C (sky130_fd_sc_hd__nand3_2)
     4    0.03    0.11    0.11    1.82 v _237_/Y (sky130_fd_sc_hd__nand3_2)
                                         _131_ (net)
                  0.11    0.00    1.82 v _240_/B (sky130_fd_sc_hd__xnor2_1)
     2    0.02    0.38    0.33    2.15 ^ _240_/Y (sky130_fd_sc_hd__xnor2_1)
                                         _019_ (net)
                  0.38    0.00    2.16 ^ _343_/D (sky130_fd_sc_hd__dfrtp_2)
                                  2.16   data arrival time

                         10.00   10.00   clock core_clock (rise edge)
                          0.00   10.00   clock source latency
     1    0.03    0.00    0.00   10.00 ^ clk (in)
                                         clk (net)
                  0.00    0.00   10.00 ^ clkbuf_0_clk/A (sky130_fd_sc_hd__clkbuf_16)
     4    0.05    0.05    0.09   10.09 ^ clkbuf_0_clk/X (sky130_fd_sc_hd__clkbuf_16)
                                         clknet_0_clk (net)
                  0.05    0.00   10.10 ^ clkbuf_2_1__f_clk/A (sky130_fd_sc_hd__clkbuf_16)
    22    0.07    0.07    0.12   10.21 ^ clkbuf_2_1__f_clk/X (sky130_fd_sc_hd__clkbuf_16)
                                         clknet_2_1__leaf_clk (net)
                  0.07    0.01   10.22 ^ _343_/CLK (sky130_fd_sc_hd__dfrtp_2)
                          0.00   10.22   clock reconvergence pessimism
                         -0.07   10.15   library setup time
                                 10.15   data required time
-----------------------------------------------------------------------------
                                 10.15   data required time
                                 -2.16   data arrival time
-----------------------------------------------------------------------------
                                  7.99   slack (MET)


Startpoint: _320_ (rising edge-triggered flip-flop clocked by core_clock)
Endpoint: _338_ (rising edge-triggered flip-flop clocked by core_clock)
Path Group: core_clock
Path Type: max
Corner: Fastest

Fanout     Cap    Slew   Delay    Time   Description
-----------------------------------------------------------------------------
                          0.00    0.00   clock core_clock (rise edge)
                          0.00    0.00   clock source latency
     1    0.03    0.00    0.00    0.00 ^ clk (in)
                                         clk (net)
                  0.00    0.00    0.00 ^ clkbuf_0_clk/A (sky130_fd_sc_hd__clkbuf_16)
     4    0.05    0.05    0.09    0.09 ^ clkbuf_0_clk/X (sky130_fd_sc_hd__clkbuf_16)
                                         clknet_0_clk (net)
                  0.05    0.00    0.10 ^ clkbuf_2_0__f_clk/A (sky130_fd_sc_hd__clkbuf_16)
    18    0.06    0.06    0.11    0.21 ^ clkbuf_2_0__f_clk/X (sky130_fd_sc_hd__clkbuf_16)
                                         clknet_2_0__leaf_clk (net)
                  0.06    0.00    0.21 ^ _320_/CLK (sky130_fd_sc_hd__dfrtp_4)
    12    0.06    0.09    0.36    0.57 v _320_/Q (sky130_fd_sc_hd__dfrtp_4)
                                         div.count[0] (net)
                  0.09    0.01    0.58 v _157_/B (sky130_fd_sc_hd__or4b_2)
     2    0.03    0.13    0.46    1.04 v _157_/X (sky130_fd_sc_hd__or4b_2)
                                         _074_ (net)
                  0.13    0.00    1.05 v _161_/A (sky130_fd_sc_hd__or4_2)
     4    0.04    0.14    0.49    1.54 v _161_/X (sky130_fd_sc_hd__or4_2)
                                         _078_ (net)
                  0.14    0.01    1.54 v _199_/A (sky130_fd_sc_hd__or3_4)
     8    0.05    0.09    0.32    1.86 v _199_/X (sky130_fd_sc_hd__or3_4)
                                         _106_ (net)
                  0.10    0.01    1.87 v _225_/A (sky130_fd_sc_hd__and3_1)
     1    0.01    0.04    0.13    2.00 v _225_/X (sky130_fd_sc_hd__and3_1)
                                         _123_ (net)
                  0.04    0.00    2.00 v _226_/A (sky130_fd_sc_hd__buf_1)
     1    0.01    0.06    0.09    2.09 v _226_/X (sky130_fd_sc_hd__buf_1)
                                         _013_ (net)
                  0.06    0.00    2.10 v _338_/D (sky130_fd_sc_hd__dfrtp_4)
                                  2.10   data arrival time

                         10.00   10.00   clock core_clock (rise edge)
                          0.00   10.00   clock source latency
     1    0.03    0.00    0.00   10.00 ^ clk (in)
                                         clk (net)
                  0.00    0.00   10.00 ^ clkbuf_0_clk/A (sky130_fd_sc_hd__clkbuf_16)
     4    0.05    0.05    0.09   10.09 ^ clkbuf_0_clk/X (sky130_fd_sc_hd__clkbuf_16)
                                         clknet_0_clk (net)
                  0.05    0.00   10.10 ^ clkbuf_2_0__f_clk/A (sky130_fd_sc_hd__clkbuf_16)
    18    0.06    0.06    0.11   10.21 ^ clkbuf_2_0__f_clk/X (sky130_fd_sc_hd__clkbuf_16)
                                         clknet_2_0__leaf_clk (net)
                  0.06    0.00   10.21 ^ _338_/CLK (sky130_fd_sc_hd__dfrtp_4)
                          0.00   10.21   clock reconvergence pessimism
                         -0.08   10.13   library setup time
                                 10.13   data required time
-----------------------------------------------------------------------------
                                 10.13   data required time
                                 -2.10   data arrival time
-----------------------------------------------------------------------------
                                  8.04   slack (MET)


Startpoint: _321_ (rising edge-triggered flip-flop clocked by core_clock)
Endpoint: _345_ (rising edge-triggered flip-flop clocked by core_clock)
Path Group: core_clock
Path Type: max
Corner: Fastest

Fanout     Cap    Slew   Delay    Time   Description
-----------------------------------------------------------------------------
                          0.00    0.00   clock core_clock (rise edge)
                          0.00    0.00   clock source latency
     1    0.03    0.00    0.00    0.00 ^ clk (in)
                                         clk (net)
                  0.00    0.00    0.00 ^ clkbuf_0_clk/A (sky130_fd_sc_hd__clkbuf_16)
     4    0.05    0.05    0.09    0.09 ^ clkbuf_0_clk/X (sky130_fd_sc_hd__clkbuf_16)
                                         clknet_0_clk (net)
                  0.05    0.00    0.10 ^ clkbuf_2_1__f_clk/A (sky130_fd_sc_hd__clkbuf_16)
    22    0.07    0.07    0.12    0.21 ^ clkbuf_2_1__f_clk/X (sky130_fd_sc_hd__clkbuf_16)
                                         clknet_2_1__leaf_clk (net)
                  0.07    0.01    0.22 ^ _321_/CLK (sky130_fd_sc_hd__dfrtp_4)
    10    0.05    0.12    0.33    0.55 ^ _321_/Q (sky130_fd_sc_hd__dfrtp_4)
                                         div.count[1] (net)
                  0.12    0.01    0.56 ^ _176_/B (sky130_fd_sc_hd__and4_1)
     1    0.02    0.13    0.19    0.75 ^ _176_/X (sky130_fd_sc_hd__and4_1)
                                         _089_ (net)
                  0.13    0.00    0.75 ^ _177_/A (sky130_fd_sc_hd__clkbuf_4)
    16    0.08    0.18    0.21    0.96 ^ _177_/X (sky130_fd_sc_hd__clkbuf_4)
                                         _090_ (net)
                  0.18    0.01    0.97 ^ _217_/A (sky130_fd_sc_hd__and4_1)
     1    0.02    0.15    0.21    1.18 ^ _217_/X (sky130_fd_sc_hd__and4_1)
                                         _117_ (net)
                  0.15    0.00    1.18 ^ _218_/A (sky130_fd_sc_hd__clkbuf_4)
    18    0.09    0.21    0.24    1.42 ^ _218_/X (sky130_fd_sc_hd__clkbuf_4)
                                         _118_ (net)
                  0.21    0.02    1.44 ^ _243_/A (sky130_fd_sc_hd__and2_2)
     8    0.05    0.19    0.23    1.66 ^ _243_/X (sky130_fd_sc_hd__and2_2)
                                         _135_ (net)
                  0.19    0.01    1.67 ^ _246_/C (sky130_fd_sc_hd__and3_1)
     4    0.03    0.23    0.25    1.92 ^ _246_/X (sky130_fd_sc_hd__and3_1)
                                         _137_ (net)
                  0.23    0.00    1.92 ^ _247_/B (sky130_fd_sc_hd__nor2_1)
     2    0.02    0.11    0.11    2.03 v _247_/Y (sky130_fd_sc_hd__nor2_1)
                                         _021_ (net)
                  0.11    0.00    2.04 v _345_/D (sky130_fd_sc_hd__dfrtp_2)
                                  2.04   data arrival time

                         10.00   10.00   clock core_clock (rise edge)
                          0.00   10.00   clock source latency
     1    0.03    0.00    0.00   10.00 ^ clk (in)
                                         clk (net)
                  0.00    0.00   10.00 ^ clkbuf_0_clk/A (sky130_fd_sc_hd__clkbuf_16)
     4    0.05    0.05    0.09   10.09 ^ clkbuf_0_clk/X (sky130_fd_sc_hd__clkbuf_16)
                                         clknet_0_clk (net)
                  0.05    0.00   10.10 ^ clkbuf_2_3__f_clk/A (sky130_fd_sc_hd__clkbuf_16)
    18    0.05    0.05    0.11   10.21 ^ clkbuf_2_3__f_clk/X (sky130_fd_sc_hd__clkbuf_16)
                                         clknet_2_3__leaf_clk (net)
                  0.05    0.00   10.21 ^ _345_/CLK (sky130_fd_sc_hd__dfrtp_2)
                          0.00   10.21   clock reconvergence pessimism
                         -0.10   10.11   library setup time
                                 10.11   data required time
-----------------------------------------------------------------------------
                                 10.11   data required time
                                 -2.04   data arrival time
-----------------------------------------------------------------------------
                                  8.07   slack (MET)


Startpoint: _321_ (rising edge-triggered flip-flop clocked by core_clock)
Endpoint: _346_ (rising edge-triggered flip-flop clocked by core_clock)
Path Group: core_clock
Path Type: max
Corner: Fastest

Fanout     Cap    Slew   Delay    Time   Description
-----------------------------------------------------------------------------
                          0.00    0.00   clock core_clock (rise edge)
                          0.00    0.00   clock source latency
     1    0.03    0.00    0.00    0.00 ^ clk (in)
                                         clk (net)
                  0.00    0.00    0.00 ^ clkbuf_0_clk/A (sky130_fd_sc_hd__clkbuf_16)
     4    0.05    0.05    0.09    0.09 ^ clkbuf_0_clk/X (sky130_fd_sc_hd__clkbuf_16)
                                         clknet_0_clk (net)
                  0.05    0.00    0.10 ^ clkbuf_2_1__f_clk/A (sky130_fd_sc_hd__clkbuf_16)
    22    0.07    0.07    0.12    0.21 ^ clkbuf_2_1__f_clk/X (sky130_fd_sc_hd__clkbuf_16)
                                         clknet_2_1__leaf_clk (net)
                  0.07    0.01    0.22 ^ _321_/CLK (sky130_fd_sc_hd__dfrtp_4)
    10    0.05    0.12    0.33    0.55 ^ _321_/Q (sky130_fd_sc_hd__dfrtp_4)
                                         div.count[1] (net)
                  0.12    0.01    0.56 ^ _176_/B (sky130_fd_sc_hd__and4_1)
     1    0.02    0.13    0.19    0.75 ^ _176_/X (sky130_fd_sc_hd__and4_1)
                                         _089_ (net)
                  0.13    0.00    0.75 ^ _177_/A (sky130_fd_sc_hd__clkbuf_4)
    16    0.08    0.18    0.21    0.96 ^ _177_/X (sky130_fd_sc_hd__clkbuf_4)
                                         _090_ (net)
                  0.18    0.01    0.97 ^ _217_/A (sky130_fd_sc_hd__and4_1)
     1    0.02    0.15    0.21    1.18 ^ _217_/X (sky130_fd_sc_hd__and4_1)
                                         _117_ (net)
                  0.15    0.00    1.18 ^ _218_/A (sky130_fd_sc_hd__clkbuf_4)
    18    0.09    0.21    0.24    1.42 ^ _218_/X (sky130_fd_sc_hd__clkbuf_4)
                                         _118_ (net)
                  0.21    0.02    1.44 ^ _243_/A (sky130_fd_sc_hd__and2_2)
     8    0.05    0.19    0.23    1.66 ^ _243_/X (sky130_fd_sc_hd__and2_2)
                                         _135_ (net)
                  0.19    0.01    1.67 ^ _246_/C (sky130_fd_sc_hd__and3_1)
     4    0.03    0.23    0.25    1.92 ^ _246_/X (sky130_fd_sc_hd__and3_1)
                                         _137_ (net)
                  0.23    0.00    1.92 ^ _248_/B (sky130_fd_sc_hd__xor2_1)
     1    0.01    0.17    0.16    2.08 ^ _248_/X (sky130_fd_sc_hd__xor2_1)
                                         _022_ (net)
                  0.17    0.00    2.08 ^ _346_/D (sky130_fd_sc_hd__dfrtp_2)
                                  2.08   data arrival time

                         10.00   10.00   clock core_clock (rise edge)
                          0.00   10.00   clock source latency
     1    0.03    0.00    0.00   10.00 ^ clk (in)
                                         clk (net)
                  0.00    0.00   10.00 ^ clkbuf_0_clk/A (sky130_fd_sc_hd__clkbuf_16)
     4    0.05    0.05    0.09   10.09 ^ clkbuf_0_clk/X (sky130_fd_sc_hd__clkbuf_16)
                                         clknet_0_clk (net)
                  0.05    0.00   10.10 ^ clkbuf_2_0__f_clk/A (sky130_fd_sc_hd__clkbuf_16)
    18    0.06    0.06    0.11   10.21 ^ clkbuf_2_0__f_clk/X (sky130_fd_sc_hd__clkbuf_16)
                                         clknet_2_0__leaf_clk (net)
                  0.06    0.00   10.21 ^ _346_/CLK (sky130_fd_sc_hd__dfrtp_2)
                          0.00   10.21   clock reconvergence pessimism
                         -0.05   10.16   library setup time
                                 10.16   data required time
-----------------------------------------------------------------------------
                                 10.16   data required time
                                 -2.08   data arrival time
-----------------------------------------------------------------------------
                                  8.08   slack (MET)


Startpoint: _320_ (rising edge-triggered flip-flop clocked by core_clock)
Endpoint: _329_ (rising edge-triggered flip-flop clocked by core_clock)
Path Group: core_clock
Path Type: max
Corner: Fastest

Fanout     Cap    Slew   Delay    Time   Description
-----------------------------------------------------------------------------
                          0.00    0.00   clock core_clock (rise edge)
                          0.00    0.00   clock source latency
     1    0.03    0.00    0.00    0.00 ^ clk (in)
                                         clk (net)
                  0.00    0.00    0.00 ^ clkbuf_0_clk/A (sky130_fd_sc_hd__clkbuf_16)
     4    0.05    0.05    0.09    0.09 ^ clkbuf_0_clk/X (sky130_fd_sc_hd__clkbuf_16)
                                         clknet_0_clk (net)
                  0.05    0.00    0.10 ^ clkbuf_2_0__f_clk/A (sky130_fd_sc_hd__clkbuf_16)
    18    0.06    0.06    0.11    0.21 ^ clkbuf_2_0__f_clk/X (sky130_fd_sc_hd__clkbuf_16)
                                         clknet_2_0__leaf_clk (net)
                  0.06    0.00    0.21 ^ _320_/CLK (sky130_fd_sc_hd__dfrtp_4)
    12    0.06    0.09    0.36    0.57 v _320_/Q (sky130_fd_sc_hd__dfrtp_4)
                                         div.count[0] (net)
                  0.09    0.01    0.58 v _157_/B (sky130_fd_sc_hd__or4b_2)
     2    0.03    0.13    0.46    1.04 v _157_/X (sky130_fd_sc_hd__or4b_2)
                                         _074_ (net)
                  0.13    0.00    1.05 v _161_/A (sky130_fd_sc_hd__or4_2)
     4    0.04    0.14    0.49    1.54 v _161_/X (sky130_fd_sc_hd__or4_2)
                                         _078_ (net)
                  0.14    0.01    1.54 v _199_/A (sky130_fd_sc_hd__or3_4)
     8    0.05    0.09    0.32    1.86 v _199_/X (sky130_fd_sc_hd__or3_4)
                                         _106_ (net)
                  0.10    0.01    1.87 v _201_/A (sky130_fd_sc_hd__nand2_1)
     1    0.01    0.10    0.11    1.98 ^ _201_/Y (sky130_fd_sc_hd__nand2_1)
                                         _108_ (net)
                  0.10    0.00    1.98 ^ _202_/B (sky130_fd_sc_hd__nor2_1)
     1    0.01    0.08    0.06    2.05 v _202_/Y (sky130_fd_sc_hd__nor2_1)
                                         _035_ (net)
                  0.08    0.00    2.05 v _329_/D (sky130_fd_sc_hd__dfrtp_4)
                                  2.05   data arrival time

                         10.00   10.00   clock core_clock (rise edge)
                          0.00   10.00   clock source latency
     1    0.03    0.00    0.00   10.00 ^ clk (in)
                                         clk (net)
                  0.00    0.00   10.00 ^ clkbuf_0_clk/A (sky130_fd_sc_hd__clkbuf_16)
     4    0.05    0.05    0.09   10.09 ^ clkbuf_0_clk/X (sky130_fd_sc_hd__clkbuf_16)
                                         clknet_0_clk (net)
                  0.05    0.00   10.10 ^ clkbuf_2_1__f_clk/A (sky130_fd_sc_hd__clkbuf_16)
    22    0.07    0.07    0.12   10.21 ^ clkbuf_2_1__f_clk/X (sky130_fd_sc_hd__clkbuf_16)
                                         clknet_2_1__leaf_clk (net)
                  0.07    0.01   10.22 ^ _329_/CLK (sky130_fd_sc_hd__dfrtp_4)
                          0.00   10.22   clock reconvergence pessimism
                         -0.08   10.14   library setup time
                                 10.14   data required time
-----------------------------------------------------------------------------
                                 10.14   data required time
                                 -2.05   data arrival time
-----------------------------------------------------------------------------
                                  8.09   slack (MET)


Startpoint: _321_ (rising edge-triggered flip-flop clocked by core_clock)
Endpoint: _349_ (rising edge-triggered flip-flop clocked by core_clock)
Path Group: core_clock
Path Type: max
Corner: Fastest

Fanout     Cap    Slew   Delay    Time   Description
-----------------------------------------------------------------------------
                          0.00    0.00   clock core_clock (rise edge)
                          0.00    0.00   clock source latency
     1    0.03    0.00    0.00    0.00 ^ clk (in)
                                         clk (net)
                  0.00    0.00    0.00 ^ clkbuf_0_clk/A (sky130_fd_sc_hd__clkbuf_16)
     4    0.05    0.05    0.09    0.09 ^ clkbuf_0_clk/X (sky130_fd_sc_hd__clkbuf_16)
                                         clknet_0_clk (net)
                  0.05    0.00    0.10 ^ clkbuf_2_1__f_clk/A (sky130_fd_sc_hd__clkbuf_16)
    22    0.07    0.07    0.12    0.21 ^ clkbuf_2_1__f_clk/X (sky130_fd_sc_hd__clkbuf_16)
                                         clknet_2_1__leaf_clk (net)
                  0.07    0.01    0.22 ^ _321_/CLK (sky130_fd_sc_hd__dfrtp_4)
    10    0.05    0.12    0.33    0.55 ^ _321_/Q (sky130_fd_sc_hd__dfrtp_4)
                                         div.count[1] (net)
                  0.12    0.01    0.56 ^ _176_/B (sky130_fd_sc_hd__and4_1)
     1    0.02    0.13    0.19    0.75 ^ _176_/X (sky130_fd_sc_hd__and4_1)
                                         _089_ (net)
                  0.13    0.00    0.75 ^ _177_/A (sky130_fd_sc_hd__clkbuf_4)
    16    0.08    0.18    0.21    0.96 ^ _177_/X (sky130_fd_sc_hd__clkbuf_4)
                                         _090_ (net)
                  0.18    0.01    0.97 ^ _217_/A (sky130_fd_sc_hd__and4_1)
     1    0.02    0.15    0.21    1.18 ^ _217_/X (sky130_fd_sc_hd__and4_1)
                                         _117_ (net)
                  0.15    0.00    1.18 ^ _218_/A (sky130_fd_sc_hd__clkbuf_4)
    18    0.09    0.21    0.24    1.42 ^ _218_/X (sky130_fd_sc_hd__clkbuf_4)
                                         _118_ (net)
                  0.21    0.01    1.44 ^ _251_/A (sky130_fd_sc_hd__and3_2)
    10    0.05    0.19    0.25    1.68 ^ _251_/X (sky130_fd_sc_hd__and3_2)
                                         _140_ (net)
                  0.19    0.01    1.69 ^ _253_/B (sky130_fd_sc_hd__and2_1)
     2    0.02    0.12    0.16    1.85 ^ _253_/X (sky130_fd_sc_hd__and2_1)
                                         _141_ (net)
                  0.12    0.00    1.85 ^ _257_/A2 (sky130_fd_sc_hd__o21a_1)
     2    0.03    0.20    0.20    2.05 ^ _257_/X (sky130_fd_sc_hd__o21a_1)
                                         _025_ (net)
                  0.20    0.00    2.05 ^ _349_/D (sky130_fd_sc_hd__dfrtp_4)
                                  2.05   data arrival time

                         10.00   10.00   clock core_clock (rise edge)
                          0.00   10.00   clock source latency
     1    0.03    0.00    0.00   10.00 ^ clk (in)
                                         clk (net)
                  0.00    0.00   10.00 ^ clkbuf_0_clk/A (sky130_fd_sc_hd__clkbuf_16)
     4    0.05    0.05    0.09   10.09 ^ clkbuf_0_clk/X (sky130_fd_sc_hd__clkbuf_16)
                                         clknet_0_clk (net)
                  0.05    0.00   10.10 ^ clkbuf_2_3__f_clk/A (sky130_fd_sc_hd__clkbuf_16)
    18    0.05    0.05    0.11   10.21 ^ clkbuf_2_3__f_clk/X (sky130_fd_sc_hd__clkbuf_16)
                                         clknet_2_3__leaf_clk (net)
                  0.05    0.00   10.21 ^ _349_/CLK (sky130_fd_sc_hd__dfrtp_4)
                          0.00   10.21   clock reconvergence pessimism
                         -0.05   10.15   library setup time
                                 10.15   data required time
-----------------------------------------------------------------------------
                                 10.15   data required time
                                 -2.05   data arrival time
-----------------------------------------------------------------------------
                                  8.10   slack (MET)


Startpoint: _321_ (rising edge-triggered flip-flop clocked by core_clock)
Endpoint: _348_ (rising edge-triggered flip-flop clocked by core_clock)
Path Group: core_clock
Path Type: max
Corner: Fastest

Fanout     Cap    Slew   Delay    Time   Description
-----------------------------------------------------------------------------
                          0.00    0.00   clock core_clock (rise edge)
                          0.00    0.00   clock source latency
     1    0.03    0.00    0.00    0.00 ^ clk (in)
                                         clk (net)
                  0.00    0.00    0.00 ^ clkbuf_0_clk/A (sky130_fd_sc_hd__clkbuf_16)
     4    0.05    0.05    0.09    0.09 ^ clkbuf_0_clk/X (sky130_fd_sc_hd__clkbuf_16)
                                         clknet_0_clk (net)
                  0.05    0.00    0.10 ^ clkbuf_2_1__f_clk/A (sky130_fd_sc_hd__clkbuf_16)
    22    0.07    0.07    0.12    0.21 ^ clkbuf_2_1__f_clk/X (sky130_fd_sc_hd__clkbuf_16)
                                         clknet_2_1__leaf_clk (net)
                  0.07    0.01    0.22 ^ _321_/CLK (sky130_fd_sc_hd__dfrtp_4)
    10    0.05    0.12    0.33    0.55 ^ _321_/Q (sky130_fd_sc_hd__dfrtp_4)
                                         div.count[1] (net)
                  0.12    0.01    0.56 ^ _176_/B (sky130_fd_sc_hd__and4_1)
     1    0.02    0.13    0.19    0.75 ^ _176_/X (sky130_fd_sc_hd__and4_1)
                                         _089_ (net)
                  0.13    0.00    0.75 ^ _177_/A (sky130_fd_sc_hd__clkbuf_4)
    16    0.08    0.18    0.21    0.96 ^ _177_/X (sky130_fd_sc_hd__clkbuf_4)
                                         _090_ (net)
                  0.18    0.01    0.97 ^ _217_/A (sky130_fd_sc_hd__and4_1)
     1    0.02    0.15    0.21    1.18 ^ _217_/X (sky130_fd_sc_hd__and4_1)
                                         _117_ (net)
                  0.15    0.00    1.18 ^ _218_/A (sky130_fd_sc_hd__clkbuf_4)
    18    0.09    0.21    0.24    1.42 ^ _218_/X (sky130_fd_sc_hd__clkbuf_4)
                                         _118_ (net)
                  0.21    0.01    1.44 ^ _251_/A (sky130_fd_sc_hd__and3_2)
    10    0.05    0.19    0.25    1.68 ^ _251_/X (sky130_fd_sc_hd__and3_2)
                                         _140_ (net)
                  0.19    0.00    1.69 ^ _254_/B (sky130_fd_sc_hd__nor2_1)
     2    0.03    0.11    0.12    1.80 v _254_/Y (sky130_fd_sc_hd__nor2_1)
                                         _142_ (net)
                  0.11    0.00    1.80 v _255_/B (sky130_fd_sc_hd__nor2_1)
     1    0.02    0.26    0.23    2.04 ^ _255_/Y (sky130_fd_sc_hd__nor2_1)
                                         _024_ (net)
                  0.26    0.00    2.04 ^ _348_/D (sky130_fd_sc_hd__dfrtp_4)
                                  2.04   data arrival time

                         10.00   10.00   clock core_clock (rise edge)
                          0.00   10.00   clock source latency
     1    0.03    0.00    0.00   10.00 ^ clk (in)
                                         clk (net)
                  0.00    0.00   10.00 ^ clkbuf_0_clk/A (sky130_fd_sc_hd__clkbuf_16)
     4    0.05    0.05    0.09   10.09 ^ clkbuf_0_clk/X (sky130_fd_sc_hd__clkbuf_16)
                                         clknet_0_clk (net)
                  0.05    0.00   10.10 ^ clkbuf_2_1__f_clk/A (sky130_fd_sc_hd__clkbuf_16)
    22    0.07    0.07    0.12   10.21 ^ clkbuf_2_1__f_clk/X (sky130_fd_sc_hd__clkbuf_16)
                                         clknet_2_1__leaf_clk (net)
                  0.07    0.01   10.22 ^ _348_/CLK (sky130_fd_sc_hd__dfrtp_4)
                          0.00   10.22   clock reconvergence pessimism
                         -0.06   10.16   library setup time
                                 10.16   data required time
-----------------------------------------------------------------------------
                                 10.16   data required time
                                 -2.04   data arrival time
-----------------------------------------------------------------------------
                                  8.12   slack (MET)


Startpoint: _321_ (rising edge-triggered flip-flop clocked by core_clock)
Endpoint: _335_ (rising edge-triggered flip-flop clocked by core_clock)
Path Group: core_clock
Path Type: max
Corner: Fastest

Fanout     Cap    Slew   Delay    Time   Description
-----------------------------------------------------------------------------
                          0.00    0.00   clock core_clock (rise edge)
                          0.00    0.00   clock source latency
     1    0.03    0.00    0.00    0.00 ^ clk (in)
                                         clk (net)
                  0.00    0.00    0.00 ^ clkbuf_0_clk/A (sky130_fd_sc_hd__clkbuf_16)
     4    0.05    0.05    0.09    0.09 ^ clkbuf_0_clk/X (sky130_fd_sc_hd__clkbuf_16)
                                         clknet_0_clk (net)
                  0.05    0.00    0.10 ^ clkbuf_2_1__f_clk/A (sky130_fd_sc_hd__clkbuf_16)
    22    0.07    0.07    0.12    0.21 ^ clkbuf_2_1__f_clk/X (sky130_fd_sc_hd__clkbuf_16)
                                         clknet_2_1__leaf_clk (net)
                  0.07    0.01    0.22 ^ _321_/CLK (sky130_fd_sc_hd__dfrtp_4)
    10    0.05    0.12    0.33    0.55 ^ _321_/Q (sky130_fd_sc_hd__dfrtp_4)
                                         div.count[1] (net)
                  0.12    0.01    0.56 ^ _176_/B (sky130_fd_sc_hd__and4_1)
     1    0.02    0.13    0.19    0.75 ^ _176_/X (sky130_fd_sc_hd__and4_1)
                                         _089_ (net)
                  0.13    0.00    0.75 ^ _177_/A (sky130_fd_sc_hd__clkbuf_4)
    16    0.08    0.18    0.21    0.96 ^ _177_/X (sky130_fd_sc_hd__clkbuf_4)
                                         _090_ (net)
                  0.18    0.01    0.97 ^ _195_/C (sky130_fd_sc_hd__and4_1)
     1    0.02    0.14    0.21    1.18 ^ _195_/X (sky130_fd_sc_hd__and4_1)
                                         _102_ (net)
                  0.14    0.00    1.18 ^ _196_/A (sky130_fd_sc_hd__clkbuf_4)
    12    0.07    0.16    0.21    1.39 ^ _196_/X (sky130_fd_sc_hd__clkbuf_4)
                                         _103_ (net)
                  0.16    0.01    1.39 ^ _211_/A (sky130_fd_sc_hd__and2_2)
     6    0.04    0.17    0.21    1.60 ^ _211_/X (sky130_fd_sc_hd__and2_2)
                                         _114_ (net)
                  0.17    0.01    1.61 ^ _213_/B (sky130_fd_sc_hd__nand2_2)
     4    0.03    0.10    0.10    1.71 v _213_/Y (sky130_fd_sc_hd__nand2_2)
                                         _115_ (net)
                  0.10    0.00    1.72 v _215_/B (sky130_fd_sc_hd__xnor2_2)
     2    0.03    0.31    0.27    1.99 ^ _215_/Y (sky130_fd_sc_hd__xnor2_2)
                                         _010_ (net)
                  0.31    0.01    2.00 ^ _335_/D (sky130_fd_sc_hd__dfrtp_4)
                                  2.00   data arrival time

                         10.00   10.00   clock core_clock (rise edge)
                          0.00   10.00   clock source latency
     1    0.03    0.00    0.00   10.00 ^ clk (in)
                                         clk (net)
                  0.00    0.00   10.00 ^ clkbuf_0_clk/A (sky130_fd_sc_hd__clkbuf_16)
     4    0.05    0.05    0.09   10.09 ^ clkbuf_0_clk/X (sky130_fd_sc_hd__clkbuf_16)
                                         clknet_0_clk (net)
                  0.05    0.00   10.10 ^ clkbuf_2_3__f_clk/A (sky130_fd_sc_hd__clkbuf_16)
    18    0.05    0.05    0.11   10.21 ^ clkbuf_2_3__f_clk/X (sky130_fd_sc_hd__clkbuf_16)
                                         clknet_2_3__leaf_clk (net)
                  0.05    0.00   10.21 ^ _335_/CLK (sky130_fd_sc_hd__dfrtp_4)
                          0.00   10.21   clock reconvergence pessimism
                         -0.06   10.14   library setup time
                                 10.14   data required time
-----------------------------------------------------------------------------
                                 10.14   data required time
                                 -2.00   data arrival time
-----------------------------------------------------------------------------
                                  8.15   slack (MET)


Startpoint: _321_ (rising edge-triggered flip-flop clocked by core_clock)
Endpoint: _351_ (rising edge-triggered flip-flop clocked by core_clock)
Path Group: core_clock
Path Type: max
Corner: Fastest

Fanout     Cap    Slew   Delay    Time   Description
-----------------------------------------------------------------------------
                          0.00    0.00   clock core_clock (rise edge)
                          0.00    0.00   clock source latency
     1    0.03    0.00    0.00    0.00 ^ clk (in)
                                         clk (net)
                  0.00    0.00    0.00 ^ clkbuf_0_clk/A (sky130_fd_sc_hd__clkbuf_16)
     4    0.05    0.05    0.09    0.09 ^ clkbuf_0_clk/X (sky130_fd_sc_hd__clkbuf_16)
                                         clknet_0_clk (net)
                  0.05    0.00    0.10 ^ clkbuf_2_1__f_clk/A (sky130_fd_sc_hd__clkbuf_16)
    22    0.07    0.07    0.12    0.21 ^ clkbuf_2_1__f_clk/X (sky130_fd_sc_hd__clkbuf_16)
                                         clknet_2_1__leaf_clk (net)
                  0.07    0.01    0.22 ^ _321_/CLK (sky130_fd_sc_hd__dfrtp_4)
    10    0.05    0.12    0.33    0.55 ^ _321_/Q (sky130_fd_sc_hd__dfrtp_4)
                                         div.count[1] (net)
                  0.12    0.01    0.56 ^ _176_/B (sky130_fd_sc_hd__and4_1)
     1    0.02    0.13    0.19    0.75 ^ _176_/X (sky130_fd_sc_hd__and4_1)
                                         _089_ (net)
                  0.13    0.00    0.75 ^ _177_/A (sky130_fd_sc_hd__clkbuf_4)
    16    0.08    0.18    0.21    0.96 ^ _177_/X (sky130_fd_sc_hd__clkbuf_4)
                                         _090_ (net)
                  0.18    0.01    0.97 ^ _217_/A (sky130_fd_sc_hd__and4_1)
     1    0.02    0.15    0.21    1.18 ^ _217_/X (sky130_fd_sc_hd__and4_1)
                                         _117_ (net)
                  0.15    0.00    1.18 ^ _218_/A (sky130_fd_sc_hd__clkbuf_4)
    18    0.09    0.21    0.24    1.42 ^ _218_/X (sky130_fd_sc_hd__clkbuf_4)
                                         _118_ (net)
                  0.21    0.01    1.44 ^ _251_/A (sky130_fd_sc_hd__and3_2)
    10    0.05    0.19    0.25    1.68 ^ _251_/X (sky130_fd_sc_hd__and3_2)
                                         _140_ (net)
                  0.19    0.00    1.69 ^ _259_/D (sky130_fd_sc_hd__and4_1)
     1    0.01    0.08    0.16    1.85 ^ _259_/X (sky130_fd_sc_hd__and4_1)
                                         _144_ (net)
                  0.08    0.00    1.85 ^ _260_/B (sky130_fd_sc_hd__xor2_1)
     1    0.01    0.17    0.16    2.01 ^ _260_/X (sky130_fd_sc_hd__xor2_1)
                                         _028_ (net)
                  0.17    0.00    2.01 ^ _351_/D (sky130_fd_sc_hd__dfrtp_1)
                                  2.01   data arrival time

                         10.00   10.00   clock core_clock (rise edge)
                          0.00   10.00   clock source latency
     1    0.03    0.00    0.00   10.00 ^ clk (in)
                                         clk (net)
                  0.00    0.00   10.00 ^ clkbuf_0_clk/A (sky130_fd_sc_hd__clkbuf_16)
     4    0.05    0.05    0.09   10.09 ^ clkbuf_0_clk/X (sky130_fd_sc_hd__clkbuf_16)
                                         clknet_0_clk (net)
                  0.05    0.00   10.10 ^ clkbuf_2_3__f_clk/A (sky130_fd_sc_hd__clkbuf_16)
    18    0.05    0.05    0.11   10.21 ^ clkbuf_2_3__f_clk/X (sky130_fd_sc_hd__clkbuf_16)
                                         clknet_2_3__leaf_clk (net)
                  0.05    0.00   10.21 ^ _351_/CLK (sky130_fd_sc_hd__dfrtp_1)
                          0.00   10.21   clock reconvergence pessimism
                         -0.05   10.16   library setup time
                                 10.16   data required time
-----------------------------------------------------------------------------
                                 10.16   data required time
                                 -2.01   data arrival time
-----------------------------------------------------------------------------
                                  8.15   slack (MET)


Startpoint: _321_ (rising edge-triggered flip-flop clocked by core_clock)
Endpoint: _344_ (rising edge-triggered flip-flop clocked by core_clock)
Path Group: core_clock
Path Type: max
Corner: Fastest

Fanout     Cap    Slew   Delay    Time   Description
-----------------------------------------------------------------------------
                          0.00    0.00   clock core_clock (rise edge)
                          0.00    0.00   clock source latency
     1    0.03    0.00    0.00    0.00 ^ clk (in)
                                         clk (net)
                  0.00    0.00    0.00 ^ clkbuf_0_clk/A (sky130_fd_sc_hd__clkbuf_16)
     4    0.05    0.05    0.09    0.09 ^ clkbuf_0_clk/X (sky130_fd_sc_hd__clkbuf_16)
                                         clknet_0_clk (net)
                  0.05    0.00    0.10 ^ clkbuf_2_1__f_clk/A (sky130_fd_sc_hd__clkbuf_16)
    22    0.07    0.07    0.12    0.21 ^ clkbuf_2_1__f_clk/X (sky130_fd_sc_hd__clkbuf_16)
                                         clknet_2_1__leaf_clk (net)
                  0.07    0.01    0.22 ^ _321_/CLK (sky130_fd_sc_hd__dfrtp_4)
    10    0.05    0.12    0.33    0.55 ^ _321_/Q (sky130_fd_sc_hd__dfrtp_4)
                                         div.count[1] (net)
                  0.12    0.01    0.56 ^ _176_/B (sky130_fd_sc_hd__and4_1)
     1    0.02    0.13    0.19    0.75 ^ _176_/X (sky130_fd_sc_hd__and4_1)
                                         _089_ (net)
                  0.13    0.00    0.75 ^ _177_/A (sky130_fd_sc_hd__clkbuf_4)
    16    0.08    0.18    0.21    0.96 ^ _177_/X (sky130_fd_sc_hd__clkbuf_4)
                                         _090_ (net)
                  0.18    0.01    0.97 ^ _217_/A (sky130_fd_sc_hd__and4_1)
     1    0.02    0.15    0.21    1.18 ^ _217_/X (sky130_fd_sc_hd__and4_1)
                                         _117_ (net)
                  0.15    0.00    1.18 ^ _218_/A (sky130_fd_sc_hd__clkbuf_4)
    18    0.09    0.21    0.24    1.42 ^ _218_/X (sky130_fd_sc_hd__clkbuf_4)
                                         _118_ (net)
                  0.21    0.02    1.44 ^ _243_/A (sky130_fd_sc_hd__and2_2)
     8    0.05    0.19    0.23    1.66 ^ _243_/X (sky130_fd_sc_hd__and2_2)
                                         _135_ (net)
                  0.19    0.01    1.67 ^ _244_/B (sky130_fd_sc_hd__xor2_1)
     2    0.02    0.35    0.29    1.96 ^ _244_/X (sky130_fd_sc_hd__xor2_1)
                                         _020_ (net)
                  0.35    0.00    1.97 ^ _344_/D (sky130_fd_sc_hd__dfrtp_4)
                                  1.97   data arrival time

                         10.00   10.00   clock core_clock (rise edge)
                          0.00   10.00   clock source latency
     1    0.03    0.00    0.00   10.00 ^ clk (in)
                                         clk (net)
                  0.00    0.00   10.00 ^ clkbuf_0_clk/A (sky130_fd_sc_hd__clkbuf_16)
     4    0.05    0.05    0.09   10.09 ^ clkbuf_0_clk/X (sky130_fd_sc_hd__clkbuf_16)
                                         clknet_0_clk (net)
                  0.05    0.00   10.10 ^ clkbuf_2_3__f_clk/A (sky130_fd_sc_hd__clkbuf_16)
    18    0.05    0.05    0.11   10.21 ^ clkbuf_2_3__f_clk/X (sky130_fd_sc_hd__clkbuf_16)
                                         clknet_2_3__leaf_clk (net)
                  0.05    0.00   10.21 ^ _344_/CLK (sky130_fd_sc_hd__dfrtp_4)
                          0.00   10.21   clock reconvergence pessimism
                         -0.07   10.14   library setup time
                                 10.14   data required time
-----------------------------------------------------------------------------
                                 10.14   data required time
                                 -1.97   data arrival time
-----------------------------------------------------------------------------
                                  8.17   slack (MET)


Startpoint: _321_ (rising edge-triggered flip-flop clocked by core_clock)
Endpoint: _347_ (rising edge-triggered flip-flop clocked by core_clock)
Path Group: core_clock
Path Type: max
Corner: Fastest

Fanout     Cap    Slew   Delay    Time   Description
-----------------------------------------------------------------------------
                          0.00    0.00   clock core_clock (rise edge)
                          0.00    0.00   clock source latency
     1    0.03    0.00    0.00    0.00 ^ clk (in)
                                         clk (net)
                  0.00    0.00    0.00 ^ clkbuf_0_clk/A (sky130_fd_sc_hd__clkbuf_16)
     4    0.05    0.05    0.09    0.09 ^ clkbuf_0_clk/X (sky130_fd_sc_hd__clkbuf_16)
                                         clknet_0_clk (net)
                  0.05    0.00    0.10 ^ clkbuf_2_1__f_clk/A (sky130_fd_sc_hd__clkbuf_16)
    22    0.07    0.07    0.12    0.21 ^ clkbuf_2_1__f_clk/X (sky130_fd_sc_hd__clkbuf_16)
                                         clknet_2_1__leaf_clk (net)
                  0.07    0.01    0.22 ^ _321_/CLK (sky130_fd_sc_hd__dfrtp_4)
    10    0.05    0.12    0.33    0.55 ^ _321_/Q (sky130_fd_sc_hd__dfrtp_4)
                                         div.count[1] (net)
                  0.12    0.01    0.56 ^ _176_/B (sky130_fd_sc_hd__and4_1)
     1    0.02    0.13    0.19    0.75 ^ _176_/X (sky130_fd_sc_hd__and4_1)
                                         _089_ (net)
                  0.13    0.00    0.75 ^ _177_/A (sky130_fd_sc_hd__clkbuf_4)
    16    0.08    0.18    0.21    0.96 ^ _177_/X (sky130_fd_sc_hd__clkbuf_4)
                                         _090_ (net)
                  0.18    0.01    0.97 ^ _217_/A (sky130_fd_sc_hd__and4_1)
     1    0.02    0.15    0.21    1.18 ^ _217_/X (sky130_fd_sc_hd__and4_1)
                                         _117_ (net)
                  0.15    0.00    1.18 ^ _218_/A (sky130_fd_sc_hd__clkbuf_4)
    18    0.09    0.21    0.24    1.42 ^ _218_/X (sky130_fd_sc_hd__clkbuf_4)
                                         _118_ (net)
                  0.21    0.02    1.44 ^ _243_/A (sky130_fd_sc_hd__and2_2)
     8    0.05    0.19    0.23    1.66 ^ _243_/X (sky130_fd_sc_hd__and2_2)
                                         _135_ (net)
                  0.19    0.01    1.67 ^ _249_/D (sky130_fd_sc_hd__and4_1)
     1    0.01    0.11    0.18    1.85 ^ _249_/X (sky130_fd_sc_hd__and4_1)
                                         _138_ (net)
                  0.11    0.00    1.85 ^ _252_/A2 (sky130_fd_sc_hd__o21ba_1)
     1    0.01    0.11    0.14    1.99 ^ _252_/X (sky130_fd_sc_hd__o21ba_1)
                                         _023_ (net)
                  0.11    0.00    1.99 ^ _347_/D (sky130_fd_sc_hd__dfrtp_1)
                                  1.99   data arrival time

                         10.00   10.00   clock core_clock (rise edge)
                          0.00   10.00   clock source latency
     1    0.03    0.00    0.00   10.00 ^ clk (in)
                                         clk (net)
                  0.00    0.00   10.00 ^ clkbuf_0_clk/A (sky130_fd_sc_hd__clkbuf_16)
     4    0.05    0.05    0.09   10.09 ^ clkbuf_0_clk/X (sky130_fd_sc_hd__clkbuf_16)
                                         clknet_0_clk (net)
                  0.05    0.00   10.10 ^ clkbuf_2_3__f_clk/A (sky130_fd_sc_hd__clkbuf_16)
    18    0.05    0.05    0.11   10.21 ^ clkbuf_2_3__f_clk/X (sky130_fd_sc_hd__clkbuf_16)
                                         clknet_2_3__leaf_clk (net)
                  0.05    0.00   10.21 ^ _347_/CLK (sky130_fd_sc_hd__dfrtp_1)
                          0.00   10.21   clock reconvergence pessimism
                         -0.04   10.17   library setup time
                                 10.17   data required time
-----------------------------------------------------------------------------
                                 10.17   data required time
                                 -1.99   data arrival time
-----------------------------------------------------------------------------
                                  8.18   slack (MET)


Startpoint: _320_ (rising edge-triggered flip-flop clocked by core_clock)
Endpoint: _334_ (rising edge-triggered flip-flop clocked by core_clock)
Path Group: core_clock
Path Type: max
Corner: Fastest

Fanout     Cap    Slew   Delay    Time   Description
-----------------------------------------------------------------------------
                          0.00    0.00   clock core_clock (rise edge)
                          0.00    0.00   clock source latency
     1    0.03    0.00    0.00    0.00 ^ clk (in)
                                         clk (net)
                  0.00    0.00    0.00 ^ clkbuf_0_clk/A (sky130_fd_sc_hd__clkbuf_16)
     4    0.05    0.05    0.09    0.09 ^ clkbuf_0_clk/X (sky130_fd_sc_hd__clkbuf_16)
                                         clknet_0_clk (net)
                  0.05    0.00    0.10 ^ clkbuf_2_0__f_clk/A (sky130_fd_sc_hd__clkbuf_16)
    18    0.06    0.06    0.11    0.21 ^ clkbuf_2_0__f_clk/X (sky130_fd_sc_hd__clkbuf_16)
                                         clknet_2_0__leaf_clk (net)
                  0.06    0.00    0.21 ^ _320_/CLK (sky130_fd_sc_hd__dfrtp_4)
    12    0.06    0.09    0.36    0.57 v _320_/Q (sky130_fd_sc_hd__dfrtp_4)
                                         div.count[0] (net)
                  0.09    0.01    0.58 v _157_/B (sky130_fd_sc_hd__or4b_2)
     2    0.03    0.13    0.46    1.04 v _157_/X (sky130_fd_sc_hd__or4b_2)
                                         _074_ (net)
                  0.13    0.00    1.05 v _161_/A (sky130_fd_sc_hd__or4_2)
     4    0.04    0.14    0.49    1.54 v _161_/X (sky130_fd_sc_hd__or4_2)
                                         _078_ (net)
                  0.14    0.01    1.54 v _199_/A (sky130_fd_sc_hd__or3_4)
     8    0.05    0.09    0.32    1.86 v _199_/X (sky130_fd_sc_hd__or3_4)
                                         _106_ (net)
                  0.10    0.01    1.87 v _214_/C1 (sky130_fd_sc_hd__o211a_1)
     1    0.00    0.03    0.09    1.96 v _214_/X (sky130_fd_sc_hd__o211a_1)
                                         _009_ (net)
                  0.03    0.00    1.96 v _334_/D (sky130_fd_sc_hd__dfrtp_2)
                                  1.96   data arrival time

                         10.00   10.00   clock core_clock (rise edge)
                          0.00   10.00   clock source latency
     1    0.03    0.00    0.00   10.00 ^ clk (in)
                                         clk (net)
                  0.00    0.00   10.00 ^ clkbuf_0_clk/A (sky130_fd_sc_hd__clkbuf_16)
     4    0.05    0.05    0.09   10.09 ^ clkbuf_0_clk/X (sky130_fd_sc_hd__clkbuf_16)
                                         clknet_0_clk (net)
                  0.05    0.00   10.10 ^ clkbuf_2_2__f_clk/A (sky130_fd_sc_hd__clkbuf_16)
    14    0.06    0.06    0.11   10.21 ^ clkbuf_2_2__f_clk/X (sky130_fd_sc_hd__clkbuf_16)
                                         clknet_2_2__leaf_clk (net)
                  0.06    0.00   10.21 ^ _334_/CLK (sky130_fd_sc_hd__dfrtp_2)
                          0.00   10.21   clock reconvergence pessimism
                         -0.07   10.14   library setup time
                                 10.14   data required time
-----------------------------------------------------------------------------
                                 10.14   data required time
                                 -1.96   data arrival time
-----------------------------------------------------------------------------
                                  8.18   slack (MET)


Startpoint: _321_ (rising edge-triggered flip-flop clocked by core_clock)
Endpoint: _341_ (rising edge-triggered flip-flop clocked by core_clock)
Path Group: core_clock
Path Type: max
Corner: Fastest

Fanout     Cap    Slew   Delay    Time   Description
-----------------------------------------------------------------------------
                          0.00    0.00   clock core_clock (rise edge)
                          0.00    0.00   clock source latency
     1    0.03    0.00    0.00    0.00 ^ clk (in)
                                         clk (net)
                  0.00    0.00    0.00 ^ clkbuf_0_clk/A (sky130_fd_sc_hd__clkbuf_16)
     4    0.05    0.05    0.09    0.09 ^ clkbuf_0_clk/X (sky130_fd_sc_hd__clkbuf_16)
                                         clknet_0_clk (net)
                  0.05    0.00    0.10 ^ clkbuf_2_1__f_clk/A (sky130_fd_sc_hd__clkbuf_16)
    22    0.07    0.07    0.12    0.21 ^ clkbuf_2_1__f_clk/X (sky130_fd_sc_hd__clkbuf_16)
                                         clknet_2_1__leaf_clk (net)
                  0.07    0.01    0.22 ^ _321_/CLK (sky130_fd_sc_hd__dfrtp_4)
    10    0.05    0.12    0.33    0.55 ^ _321_/Q (sky130_fd_sc_hd__dfrtp_4)
                                         div.count[1] (net)
                  0.12    0.01    0.56 ^ _176_/B (sky130_fd_sc_hd__and4_1)
     1    0.02    0.13    0.19    0.75 ^ _176_/X (sky130_fd_sc_hd__and4_1)
                                         _089_ (net)
                  0.13    0.00    0.75 ^ _177_/A (sky130_fd_sc_hd__clkbuf_4)
    16    0.08    0.18    0.21    0.96 ^ _177_/X (sky130_fd_sc_hd__clkbuf_4)
                                         _090_ (net)
                  0.18    0.01    0.97 ^ _217_/A (sky130_fd_sc_hd__and4_1)
     1    0.02    0.15    0.21    1.18 ^ _217_/X (sky130_fd_sc_hd__and4_1)
                                         _117_ (net)
                  0.15    0.00    1.18 ^ _218_/A (sky130_fd_sc_hd__clkbuf_4)
    18    0.09    0.21    0.24    1.42 ^ _218_/X (sky130_fd_sc_hd__clkbuf_4)
                                         _118_ (net)
                  0.21    0.02    1.44 ^ _232_/B (sky130_fd_sc_hd__and3_2)
     8    0.06    0.21    0.26    1.70 ^ _232_/X (sky130_fd_sc_hd__and3_2)
                                         _128_ (net)
                  0.21    0.01    1.71 ^ _235_/B (sky130_fd_sc_hd__xor2_1)
     2    0.02    0.31    0.26    1.97 ^ _235_/X (sky130_fd_sc_hd__xor2_1)
                                         _017_ (net)
                  0.31    0.00    1.97 ^ _341_/D (sky130_fd_sc_hd__dfrtp_4)
                                  1.97   data arrival time

                         10.00   10.00   clock core_clock (rise edge)
                          0.00   10.00   clock source latency
     1    0.03    0.00    0.00   10.00 ^ clk (in)
                                         clk (net)
                  0.00    0.00   10.00 ^ clkbuf_0_clk/A (sky130_fd_sc_hd__clkbuf_16)
     4    0.05    0.05    0.09   10.09 ^ clkbuf_0_clk/X (sky130_fd_sc_hd__clkbuf_16)
                                         clknet_0_clk (net)
                  0.05    0.00   10.10 ^ clkbuf_2_1__f_clk/A (sky130_fd_sc_hd__clkbuf_16)
    22    0.07    0.07    0.12   10.21 ^ clkbuf_2_1__f_clk/X (sky130_fd_sc_hd__clkbuf_16)
                                         clknet_2_1__leaf_clk (net)
                  0.07    0.01   10.22 ^ _341_/CLK (sky130_fd_sc_hd__dfrtp_4)
                          0.00   10.22   clock reconvergence pessimism
                         -0.06   10.16   library setup time
                                 10.16   data required time
-----------------------------------------------------------------------------
                                 10.16   data required time
                                 -1.97   data arrival time
-----------------------------------------------------------------------------
                                  8.18   slack (MET)


Startpoint: _321_ (rising edge-triggered flip-flop clocked by core_clock)
Endpoint: _350_ (rising edge-triggered flip-flop clocked by core_clock)
Path Group: core_clock
Path Type: max
Corner: Fastest

Fanout     Cap    Slew   Delay    Time   Description
-----------------------------------------------------------------------------
                          0.00    0.00   clock core_clock (rise edge)
                          0.00    0.00   clock source latency
     1    0.03    0.00    0.00    0.00 ^ clk (in)
                                         clk (net)
                  0.00    0.00    0.00 ^ clkbuf_0_clk/A (sky130_fd_sc_hd__clkbuf_16)
     4    0.05    0.05    0.09    0.09 ^ clkbuf_0_clk/X (sky130_fd_sc_hd__clkbuf_16)
                                         clknet_0_clk (net)
                  0.05    0.00    0.10 ^ clkbuf_2_1__f_clk/A (sky130_fd_sc_hd__clkbuf_16)
    22    0.07    0.07    0.12    0.21 ^ clkbuf_2_1__f_clk/X (sky130_fd_sc_hd__clkbuf_16)
                                         clknet_2_1__leaf_clk (net)
                  0.07    0.01    0.22 ^ _321_/CLK (sky130_fd_sc_hd__dfrtp_4)
    10    0.05    0.12    0.33    0.55 ^ _321_/Q (sky130_fd_sc_hd__dfrtp_4)
                                         div.count[1] (net)
                  0.12    0.01    0.56 ^ _176_/B (sky130_fd_sc_hd__and4_1)
     1    0.02    0.13    0.19    0.75 ^ _176_/X (sky130_fd_sc_hd__and4_1)
                                         _089_ (net)
                  0.13    0.00    0.75 ^ _177_/A (sky130_fd_sc_hd__clkbuf_4)
    16    0.08    0.18    0.21    0.96 ^ _177_/X (sky130_fd_sc_hd__clkbuf_4)
                                         _090_ (net)
                  0.18    0.01    0.97 ^ _217_/A (sky130_fd_sc_hd__and4_1)
     1    0.02    0.15    0.21    1.18 ^ _217_/X (sky130_fd_sc_hd__and4_1)
                                         _117_ (net)
                  0.15    0.00    1.18 ^ _218_/A (sky130_fd_sc_hd__clkbuf_4)
    18    0.09    0.21    0.24    1.42 ^ _218_/X (sky130_fd_sc_hd__clkbuf_4)
                                         _118_ (net)
                  0.21    0.01    1.44 ^ _251_/A (sky130_fd_sc_hd__and3_2)
    10    0.05    0.19    0.25    1.68 ^ _251_/X (sky130_fd_sc_hd__and3_2)
                                         _140_ (net)
                  0.19    0.00    1.69 ^ _256_/C (sky130_fd_sc_hd__nand3_2)
     4    0.03    0.12    0.12    1.80 v _256_/Y (sky130_fd_sc_hd__nand3_2)
                                         _143_ (net)
                  0.12    0.00    1.81 v _258_/B (sky130_fd_sc_hd__xnor2_1)
     1    0.00    0.05    0.12    1.93 v _258_/Y (sky130_fd_sc_hd__xnor2_1)
                                         _027_ (net)
                  0.05    0.00    1.93 v _350_/D (sky130_fd_sc_hd__dfrtp_2)
                                  1.93   data arrival time

                         10.00   10.00   clock core_clock (rise edge)
                          0.00   10.00   clock source latency
     1    0.03    0.00    0.00   10.00 ^ clk (in)
                                         clk (net)
                  0.00    0.00   10.00 ^ clkbuf_0_clk/A (sky130_fd_sc_hd__clkbuf_16)
     4    0.05    0.05    0.09   10.09 ^ clkbuf_0_clk/X (sky130_fd_sc_hd__clkbuf_16)
                                         clknet_0_clk (net)
                  0.05    0.00   10.10 ^ clkbuf_2_0__f_clk/A (sky130_fd_sc_hd__clkbuf_16)
    18    0.06    0.06    0.11   10.21 ^ clkbuf_2_0__f_clk/X (sky130_fd_sc_hd__clkbuf_16)
                                         clknet_2_0__leaf_clk (net)
                  0.06    0.00   10.21 ^ _350_/CLK (sky130_fd_sc_hd__dfrtp_2)
                          0.00   10.21   clock reconvergence pessimism
                         -0.08   10.14   library setup time
                                 10.14   data required time
-----------------------------------------------------------------------------
                                 10.14   data required time
                                 -1.93   data arrival time
-----------------------------------------------------------------------------
                                  8.21   slack (MET)


Startpoint: _322_ (rising edge-triggered flip-flop clocked by core_clock)
Endpoint: _337_ (rising edge-triggered flip-flop clocked by core_clock)
Path Group: core_clock
Path Type: max
Corner: Fastest

Fanout     Cap    Slew   Delay    Time   Description
-----------------------------------------------------------------------------
                          0.00    0.00   clock core_clock (rise edge)
                          0.00    0.00   clock source latency
     1    0.03    0.00    0.00    0.00 ^ clk (in)
                                         clk (net)
                  0.00    0.00    0.00 ^ clkbuf_0_clk/A (sky130_fd_sc_hd__clkbuf_16)
     4    0.05    0.05    0.09    0.09 ^ clkbuf_0_clk/X (sky130_fd_sc_hd__clkbuf_16)
                                         clknet_0_clk (net)
                  0.05    0.00    0.10 ^ clkbuf_2_1__f_clk/A (sky130_fd_sc_hd__clkbuf_16)
    22    0.07    0.07    0.12    0.21 ^ clkbuf_2_1__f_clk/X (sky130_fd_sc_hd__clkbuf_16)
                                         clknet_2_1__leaf_clk (net)
                  0.07    0.01    0.22 ^ _322_/CLK (sky130_fd_sc_hd__dfrtp_4)
     8    0.05    0.08    0.35    0.57 v _322_/Q (sky130_fd_sc_hd__dfrtp_4)
                                         div.count[2] (net)
                  0.08    0.00    0.57 v _176_/C (sky130_fd_sc_hd__and4_1)
     1    0.02    0.07    0.18    0.75 v _176_/X (sky130_fd_sc_hd__and4_1)
                                         _089_ (net)
                  0.07    0.00    0.76 v _177_/A (sky130_fd_sc_hd__clkbuf_4)
    16    0.08    0.11    0.18    0.93 v _177_/X (sky130_fd_sc_hd__clkbuf_4)
                                         _090_ (net)
                  0.11    0.01    0.94 v _217_/A (sky130_fd_sc_hd__and4_1)
     1    0.02    0.08    0.17    1.11 v _217_/X (sky130_fd_sc_hd__and4_1)
                                         _117_ (net)
                  0.08    0.00    1.11 v _218_/A (sky130_fd_sc_hd__clkbuf_4)
    18    0.09    0.13    0.19    1.30 v _218_/X (sky130_fd_sc_hd__clkbuf_4)
                                         _118_ (net)
                  0.13    0.00    1.30 v _221_/C (sky130_fd_sc_hd__and3_2)
     4    0.04    0.09    0.24    1.54 v _221_/X (sky130_fd_sc_hd__and3_2)
                                         _120_ (net)
                  0.09    0.00    1.54 v _222_/B (sky130_fd_sc_hd__nor2_2)
     2    0.04    0.29    0.25    1.79 ^ _222_/Y (sky130_fd_sc_hd__nor2_2)
                                         _012_ (net)
                  0.29    0.00    1.79 ^ _337_/D (sky130_fd_sc_hd__dfrtp_4)
                                  1.79   data arrival time

                         10.00   10.00   clock core_clock (rise edge)
                          0.00   10.00   clock source latency
     1    0.03    0.00    0.00   10.00 ^ clk (in)
                                         clk (net)
                  0.00    0.00   10.00 ^ clkbuf_0_clk/A (sky130_fd_sc_hd__clkbuf_16)
     4    0.05    0.05    0.09   10.09 ^ clkbuf_0_clk/X (sky130_fd_sc_hd__clkbuf_16)
                                         clknet_0_clk (net)
                  0.05    0.00   10.10 ^ clkbuf_2_2__f_clk/A (sky130_fd_sc_hd__clkbuf_16)
    14    0.06    0.06    0.11   10.21 ^ clkbuf_2_2__f_clk/X (sky130_fd_sc_hd__clkbuf_16)
                                         clknet_2_2__leaf_clk (net)
                  0.06    0.00   10.21 ^ _337_/CLK (sky130_fd_sc_hd__dfrtp_4)
                          0.00   10.21   clock reconvergence pessimism
                         -0.06   10.15   library setup time
                                 10.15   data required time
-----------------------------------------------------------------------------
                                 10.15   data required time
                                 -1.79   data arrival time
-----------------------------------------------------------------------------
                                  8.36   slack (MET)


Startpoint: _321_ (rising edge-triggered flip-flop clocked by core_clock)
Endpoint: _340_ (rising edge-triggered flip-flop clocked by core_clock)
Path Group: core_clock
Path Type: max
Corner: Fastest

Fanout     Cap    Slew   Delay    Time   Description
-----------------------------------------------------------------------------
                          0.00    0.00   clock core_clock (rise edge)
                          0.00    0.00   clock source latency
     1    0.03    0.00    0.00    0.00 ^ clk (in)
                                         clk (net)
                  0.00    0.00    0.00 ^ clkbuf_0_clk/A (sky130_fd_sc_hd__clkbuf_16)
     4    0.05    0.05    0.09    0.09 ^ clkbuf_0_clk/X (sky130_fd_sc_hd__clkbuf_16)
                                         clknet_0_clk (net)
                  0.05    0.00    0.10 ^ clkbuf_2_1__f_clk/A (sky130_fd_sc_hd__clkbuf_16)
    22    0.07    0.07    0.12    0.21 ^ clkbuf_2_1__f_clk/X (sky130_fd_sc_hd__clkbuf_16)
                                         clknet_2_1__leaf_clk (net)
                  0.07    0.01    0.22 ^ _321_/CLK (sky130_fd_sc_hd__dfrtp_4)
    10    0.05    0.12    0.33    0.55 ^ _321_/Q (sky130_fd_sc_hd__dfrtp_4)
                                         div.count[1] (net)
                  0.12    0.01    0.56 ^ _176_/B (sky130_fd_sc_hd__and4_1)
     1    0.02    0.13    0.19    0.75 ^ _176_/X (sky130_fd_sc_hd__and4_1)
                                         _089_ (net)
                  0.13    0.00    0.75 ^ _177_/A (sky130_fd_sc_hd__clkbuf_4)
    16    0.08    0.18    0.21    0.96 ^ _177_/X (sky130_fd_sc_hd__clkbuf_4)
                                         _090_ (net)
                  0.18    0.01    0.97 ^ _217_/A (sky130_fd_sc_hd__and4_1)
     1    0.02    0.15    0.21    1.18 ^ _217_/X (sky130_fd_sc_hd__and4_1)
                                         _117_ (net)
                  0.15    0.00    1.18 ^ _218_/A (sky130_fd_sc_hd__clkbuf_4)
    18    0.09    0.21    0.24    1.42 ^ _218_/X (sky130_fd_sc_hd__clkbuf_4)
                                         _118_ (net)
                  0.21    0.02    1.44 ^ _232_/B (sky130_fd_sc_hd__and3_2)
     8    0.06    0.21    0.26    1.70 ^ _232_/X (sky130_fd_sc_hd__and3_2)
                                         _128_ (net)
                  0.21    0.01    1.71 ^ _234_/A (sky130_fd_sc_hd__nor2_1)
     1    0.01    0.07    0.05    1.76 v _234_/Y (sky130_fd_sc_hd__nor2_1)
                                         _016_ (net)
                  0.07    0.00    1.76 v _340_/D (sky130_fd_sc_hd__dfrtp_4)
                                  1.76   data arrival time

                         10.00   10.00   clock core_clock (rise edge)
                          0.00   10.00   clock source latency
     1    0.03    0.00    0.00   10.00 ^ clk (in)
                                         clk (net)
                  0.00    0.00   10.00 ^ clkbuf_0_clk/A (sky130_fd_sc_hd__clkbuf_16)
     4    0.05    0.05    0.09   10.09 ^ clkbuf_0_clk/X (sky130_fd_sc_hd__clkbuf_16)
                                         clknet_0_clk (net)
                  0.05    0.00   10.10 ^ clkbuf_2_2__f_clk/A (sky130_fd_sc_hd__clkbuf_16)
    14    0.06    0.06    0.11   10.21 ^ clkbuf_2_2__f_clk/X (sky130_fd_sc_hd__clkbuf_16)
                                         clknet_2_2__leaf_clk (net)
                  0.06    0.00   10.21 ^ _340_/CLK (sky130_fd_sc_hd__dfrtp_4)
                          0.00   10.21   clock reconvergence pessimism
                         -0.08   10.13   library setup time
                                 10.13   data required time
-----------------------------------------------------------------------------
                                 10.13   data required time
                                 -1.76   data arrival time
-----------------------------------------------------------------------------
                                  8.37   slack (MET)


Startpoint: _321_ (rising edge-triggered flip-flop clocked by core_clock)
Endpoint: _332_ (rising edge-triggered flip-flop clocked by core_clock)
Path Group: core_clock
Path Type: max
Corner: Fastest

Fanout     Cap    Slew   Delay    Time   Description
-----------------------------------------------------------------------------
                          0.00    0.00   clock core_clock (rise edge)
                          0.00    0.00   clock source latency
     1    0.03    0.00    0.00    0.00 ^ clk (in)
                                         clk (net)
                  0.00    0.00    0.00 ^ clkbuf_0_clk/A (sky130_fd_sc_hd__clkbuf_16)
     4    0.05    0.05    0.09    0.09 ^ clkbuf_0_clk/X (sky130_fd_sc_hd__clkbuf_16)
                                         clknet_0_clk (net)
                  0.05    0.00    0.10 ^ clkbuf_2_1__f_clk/A (sky130_fd_sc_hd__clkbuf_16)
    22    0.07    0.07    0.12    0.21 ^ clkbuf_2_1__f_clk/X (sky130_fd_sc_hd__clkbuf_16)
                                         clknet_2_1__leaf_clk (net)
                  0.07    0.01    0.22 ^ _321_/CLK (sky130_fd_sc_hd__dfrtp_4)
    10    0.05    0.12    0.33    0.55 ^ _321_/Q (sky130_fd_sc_hd__dfrtp_4)
                                         div.count[1] (net)
                  0.12    0.01    0.56 ^ _176_/B (sky130_fd_sc_hd__and4_1)
     1    0.02    0.13    0.19    0.75 ^ _176_/X (sky130_fd_sc_hd__and4_1)
                                         _089_ (net)
                  0.13    0.00    0.75 ^ _177_/A (sky130_fd_sc_hd__clkbuf_4)
    16    0.08    0.18    0.21    0.96 ^ _177_/X (sky130_fd_sc_hd__clkbuf_4)
                                         _090_ (net)
                  0.18    0.01    0.97 ^ _195_/C (sky130_fd_sc_hd__and4_1)
     1    0.02    0.14    0.21    1.18 ^ _195_/X (sky130_fd_sc_hd__and4_1)
                                         _102_ (net)
                  0.14    0.00    1.18 ^ _196_/A (sky130_fd_sc_hd__clkbuf_4)
    12    0.07    0.16    0.21    1.39 ^ _196_/X (sky130_fd_sc_hd__clkbuf_4)
                                         _103_ (net)
                  0.16    0.01    1.40 ^ _205_/C (sky130_fd_sc_hd__nand3_2)
     4    0.04    0.16    0.14    1.53 v _205_/Y (sky130_fd_sc_hd__nand3_2)
                                         _110_ (net)
                  0.16    0.00    1.54 v _208_/B (sky130_fd_sc_hd__xnor2_1)
     1    0.01    0.22    0.24    1.77 ^ _208_/Y (sky130_fd_sc_hd__xnor2_1)
                                         _007_ (net)
                  0.22    0.00    1.77 ^ _332_/D (sky130_fd_sc_hd__dfrtp_4)
                                  1.77   data arrival time

                         10.00   10.00   clock core_clock (rise edge)
                          0.00   10.00   clock source latency
     1    0.03    0.00    0.00   10.00 ^ clk (in)
                                         clk (net)
                  0.00    0.00   10.00 ^ clkbuf_0_clk/A (sky130_fd_sc_hd__clkbuf_16)
     4    0.05    0.05    0.09   10.09 ^ clkbuf_0_clk/X (sky130_fd_sc_hd__clkbuf_16)
                                         clknet_0_clk (net)
                  0.05    0.00   10.10 ^ clkbuf_2_1__f_clk/A (sky130_fd_sc_hd__clkbuf_16)
    22    0.07    0.07    0.12   10.21 ^ clkbuf_2_1__f_clk/X (sky130_fd_sc_hd__clkbuf_16)
                                         clknet_2_1__leaf_clk (net)
                  0.07    0.01   10.22 ^ _332_/CLK (sky130_fd_sc_hd__dfrtp_4)
                          0.00   10.22   clock reconvergence pessimism
                         -0.05   10.16   library setup time
                                 10.16   data required time
-----------------------------------------------------------------------------
                                 10.16   data required time
                                 -1.77   data arrival time
-----------------------------------------------------------------------------
                                  8.39   slack (MET)


Startpoint: _321_ (rising edge-triggered flip-flop clocked by core_clock)
Endpoint: _333_ (rising edge-triggered flip-flop clocked by core_clock)
Path Group: core_clock
Path Type: max
Corner: Fastest

Fanout     Cap    Slew   Delay    Time   Description
-----------------------------------------------------------------------------
                          0.00    0.00   clock core_clock (rise edge)
                          0.00    0.00   clock source latency
     1    0.03    0.00    0.00    0.00 ^ clk (in)
                                         clk (net)
                  0.00    0.00    0.00 ^ clkbuf_0_clk/A (sky130_fd_sc_hd__clkbuf_16)
     4    0.05    0.05    0.09    0.09 ^ clkbuf_0_clk/X (sky130_fd_sc_hd__clkbuf_16)
                                         clknet_0_clk (net)
                  0.05    0.00    0.10 ^ clkbuf_2_1__f_clk/A (sky130_fd_sc_hd__clkbuf_16)
    22    0.07    0.07    0.12    0.21 ^ clkbuf_2_1__f_clk/X (sky130_fd_sc_hd__clkbuf_16)
                                         clknet_2_1__leaf_clk (net)
                  0.07    0.01    0.22 ^ _321_/CLK (sky130_fd_sc_hd__dfrtp_4)
    10    0.05    0.12    0.33    0.55 ^ _321_/Q (sky130_fd_sc_hd__dfrtp_4)
                                         div.count[1] (net)
                  0.12    0.01    0.56 ^ _176_/B (sky130_fd_sc_hd__and4_1)
     1    0.02    0.13    0.19    0.75 ^ _176_/X (sky130_fd_sc_hd__and4_1)
                                         _089_ (net)
                  0.13    0.00    0.75 ^ _177_/A (sky130_fd_sc_hd__clkbuf_4)
    16    0.08    0.18    0.21    0.96 ^ _177_/X (sky130_fd_sc_hd__clkbuf_4)
                                         _090_ (net)
                  0.18    0.01    0.97 ^ _195_/C (sky130_fd_sc_hd__and4_1)
     1    0.02    0.14    0.21    1.18 ^ _195_/X (sky130_fd_sc_hd__and4_1)
                                         _102_ (net)
                  0.14    0.00    1.18 ^ _196_/A (sky130_fd_sc_hd__clkbuf_4)
    12    0.07    0.16    0.21    1.39 ^ _196_/X (sky130_fd_sc_hd__clkbuf_4)
                                         _103_ (net)
                  0.16    0.01    1.39 ^ _211_/A (sky130_fd_sc_hd__and2_2)
     6    0.04    0.17    0.21    1.60 ^ _211_/X (sky130_fd_sc_hd__and2_2)
                                         _114_ (net)
                  0.17    0.00    1.61 ^ _212_/B1_N (sky130_fd_sc_hd__o21ba_1)
     1    0.01    0.04    0.11    1.72 v _212_/X (sky130_fd_sc_hd__o21ba_1)
                                         _008_ (net)
                  0.04    0.00    1.72 v _333_/D (sky130_fd_sc_hd__dfrtp_2)
                                  1.72   data arrival time

                         10.00   10.00   clock core_clock (rise edge)
                          0.00   10.00   clock source latency
     1    0.03    0.00    0.00   10.00 ^ clk (in)
                                         clk (net)
                  0.00    0.00   10.00 ^ clkbuf_0_clk/A (sky130_fd_sc_hd__clkbuf_16)
     4    0.05    0.05    0.09   10.09 ^ clkbuf_0_clk/X (sky130_fd_sc_hd__clkbuf_16)
                                         clknet_0_clk (net)
                  0.05    0.00   10.10 ^ clkbuf_2_1__f_clk/A (sky130_fd_sc_hd__clkbuf_16)
    22    0.07    0.07    0.12   10.21 ^ clkbuf_2_1__f_clk/X (sky130_fd_sc_hd__clkbuf_16)
                                         clknet_2_1__leaf_clk (net)
                  0.07    0.01   10.22 ^ _333_/CLK (sky130_fd_sc_hd__dfrtp_2)
                          0.00   10.22   clock reconvergence pessimism
                         -0.07   10.15   library setup time
                                 10.15   data required time
-----------------------------------------------------------------------------
                                 10.15   data required time
                                 -1.72   data arrival time
-----------------------------------------------------------------------------
                                  8.43   slack (MET)


Startpoint: _321_ (rising edge-triggered flip-flop clocked by core_clock)
Endpoint: _330_ (rising edge-triggered flip-flop clocked by core_clock)
Path Group: core_clock
Path Type: max
Corner: Fastest

Fanout     Cap    Slew   Delay    Time   Description
-----------------------------------------------------------------------------
                          0.00    0.00   clock core_clock (rise edge)
                          0.00    0.00   clock source latency
     1    0.03    0.00    0.00    0.00 ^ clk (in)
                                         clk (net)
                  0.00    0.00    0.00 ^ clkbuf_0_clk/A (sky130_fd_sc_hd__clkbuf_16)
     4    0.05    0.05    0.09    0.09 ^ clkbuf_0_clk/X (sky130_fd_sc_hd__clkbuf_16)
                                         clknet_0_clk (net)
                  0.05    0.00    0.10 ^ clkbuf_2_1__f_clk/A (sky130_fd_sc_hd__clkbuf_16)
    22    0.07    0.07    0.12    0.21 ^ clkbuf_2_1__f_clk/X (sky130_fd_sc_hd__clkbuf_16)
                                         clknet_2_1__leaf_clk (net)
                  0.07    0.01    0.22 ^ _321_/CLK (sky130_fd_sc_hd__dfrtp_4)
    10    0.05    0.12    0.33    0.55 ^ _321_/Q (sky130_fd_sc_hd__dfrtp_4)
                                         div.count[1] (net)
                  0.12    0.01    0.56 ^ _176_/B (sky130_fd_sc_hd__and4_1)
     1    0.02    0.13    0.19    0.75 ^ _176_/X (sky130_fd_sc_hd__and4_1)
                                         _089_ (net)
                  0.13    0.00    0.75 ^ _177_/A (sky130_fd_sc_hd__clkbuf_4)
    16    0.08    0.18    0.21    0.96 ^ _177_/X (sky130_fd_sc_hd__clkbuf_4)
                                         _090_ (net)
                  0.18    0.01    0.97 ^ _195_/C (sky130_fd_sc_hd__and4_1)
     1    0.02    0.14    0.21    1.18 ^ _195_/X (sky130_fd_sc_hd__and4_1)
                                         _102_ (net)
                  0.14    0.00    1.18 ^ _196_/A (sky130_fd_sc_hd__clkbuf_4)
    12    0.07    0.16    0.21    1.39 ^ _196_/X (sky130_fd_sc_hd__clkbuf_4)
                                         _103_ (net)
                  0.16    0.01    1.39 ^ _203_/B (sky130_fd_sc_hd__xor2_2)
     2    0.03    0.26    0.22    1.61 ^ _203_/X (sky130_fd_sc_hd__xor2_2)
                                         _005_ (net)
                  0.26    0.00    1.62 ^ _330_/D (sky130_fd_sc_hd__dfrtp_4)
                                  1.62   data arrival time

                         10.00   10.00   clock core_clock (rise edge)
                          0.00   10.00   clock source latency
     1    0.03    0.00    0.00   10.00 ^ clk (in)
                                         clk (net)
                  0.00    0.00   10.00 ^ clkbuf_0_clk/A (sky130_fd_sc_hd__clkbuf_16)
     4    0.05    0.05    0.09   10.09 ^ clkbuf_0_clk/X (sky130_fd_sc_hd__clkbuf_16)
                                         clknet_0_clk (net)
                  0.05    0.00   10.10 ^ clkbuf_2_2__f_clk/A (sky130_fd_sc_hd__clkbuf_16)
    14    0.06    0.06    0.11   10.21 ^ clkbuf_2_2__f_clk/X (sky130_fd_sc_hd__clkbuf_16)
                                         clknet_2_2__leaf_clk (net)
                  0.06    0.00   10.21 ^ _330_/CLK (sky130_fd_sc_hd__dfrtp_4)
                          0.00   10.21   clock reconvergence pessimism
                         -0.06   10.15   library setup time
                                 10.15   data required time
-----------------------------------------------------------------------------
                                 10.15   data required time
                                 -1.62   data arrival time
-----------------------------------------------------------------------------
                                  8.53   slack (MET)


Startpoint: _321_ (rising edge-triggered flip-flop clocked by core_clock)
Endpoint: _336_ (rising edge-triggered flip-flop clocked by core_clock)
Path Group: core_clock
Path Type: max
Corner: Fastest

Fanout     Cap    Slew   Delay    Time   Description
-----------------------------------------------------------------------------
                          0.00    0.00   clock core_clock (rise edge)
                          0.00    0.00   clock source latency
     1    0.03    0.00    0.00    0.00 ^ clk (in)
                                         clk (net)
                  0.00    0.00    0.00 ^ clkbuf_0_clk/A (sky130_fd_sc_hd__clkbuf_16)
     4    0.05    0.05    0.09    0.09 ^ clkbuf_0_clk/X (sky130_fd_sc_hd__clkbuf_16)
                                         clknet_0_clk (net)
                  0.05    0.00    0.10 ^ clkbuf_2_1__f_clk/A (sky130_fd_sc_hd__clkbuf_16)
    22    0.07    0.07    0.12    0.21 ^ clkbuf_2_1__f_clk/X (sky130_fd_sc_hd__clkbuf_16)
                                         clknet_2_1__leaf_clk (net)
                  0.07    0.01    0.22 ^ _321_/CLK (sky130_fd_sc_hd__dfrtp_4)
    10    0.05    0.12    0.33    0.55 ^ _321_/Q (sky130_fd_sc_hd__dfrtp_4)
                                         div.count[1] (net)
                  0.12    0.01    0.56 ^ _176_/B (sky130_fd_sc_hd__and4_1)
     1    0.02    0.13    0.19    0.75 ^ _176_/X (sky130_fd_sc_hd__and4_1)
                                         _089_ (net)
                  0.13    0.00    0.75 ^ _177_/A (sky130_fd_sc_hd__clkbuf_4)
    16    0.08    0.18    0.21    0.96 ^ _177_/X (sky130_fd_sc_hd__clkbuf_4)
                                         _090_ (net)
                  0.18    0.01    0.97 ^ _217_/A (sky130_fd_sc_hd__and4_1)
     1    0.02    0.15    0.21    1.18 ^ _217_/X (sky130_fd_sc_hd__and4_1)
                                         _117_ (net)
                  0.15    0.00    1.18 ^ _218_/A (sky130_fd_sc_hd__clkbuf_4)
    18    0.09    0.21    0.24    1.42 ^ _218_/X (sky130_fd_sc_hd__clkbuf_4)
                                         _118_ (net)
                  0.21    0.00    1.43 ^ _219_/B (sky130_fd_sc_hd__xor2_1)
     1    0.01    0.21    0.19    1.61 ^ _219_/X (sky130_fd_sc_hd__xor2_1)
                                         _011_ (net)
                  0.21    0.00    1.61 ^ _336_/D (sky130_fd_sc_hd__dfrtp_4)
                                  1.61   data arrival time

                         10.00   10.00   clock core_clock (rise edge)
                          0.00   10.00   clock source latency
     1    0.03    0.00    0.00   10.00 ^ clk (in)
                                         clk (net)
                  0.00    0.00   10.00 ^ clkbuf_0_clk/A (sky130_fd_sc_hd__clkbuf_16)
     4    0.05    0.05    0.09   10.09 ^ clkbuf_0_clk/X (sky130_fd_sc_hd__clkbuf_16)
                                         clknet_0_clk (net)
                  0.05    0.00   10.10 ^ clkbuf_2_0__f_clk/A (sky130_fd_sc_hd__clkbuf_16)
    18    0.06    0.06    0.11   10.21 ^ clkbuf_2_0__f_clk/X (sky130_fd_sc_hd__clkbuf_16)
                                         clknet_2_0__leaf_clk (net)
                  0.06    0.00   10.21 ^ _336_/CLK (sky130_fd_sc_hd__dfrtp_4)
                          0.00   10.21   clock reconvergence pessimism
                         -0.05   10.16   library setup time
                                 10.16   data required time
-----------------------------------------------------------------------------
                                 10.16   data required time
                                 -1.61   data arrival time
-----------------------------------------------------------------------------
                                  8.55   slack (MET)


Startpoint: _321_ (rising edge-triggered flip-flop clocked by core_clock)
Endpoint: _327_ (rising edge-triggered flip-flop clocked by core_clock)
Path Group: core_clock
Path Type: max
Corner: Fastest

Fanout     Cap    Slew   Delay    Time   Description
-----------------------------------------------------------------------------
                          0.00    0.00   clock core_clock (rise edge)
                          0.00    0.00   clock source latency
     1    0.03    0.00    0.00    0.00 ^ clk (in)
                                         clk (net)
                  0.00    0.00    0.00 ^ clkbuf_0_clk/A (sky130_fd_sc_hd__clkbuf_16)
     4    0.05    0.05    0.09    0.09 ^ clkbuf_0_clk/X (sky130_fd_sc_hd__clkbuf_16)
                                         clknet_0_clk (net)
                  0.05    0.00    0.10 ^ clkbuf_2_1__f_clk/A (sky130_fd_sc_hd__clkbuf_16)
    22    0.07    0.07    0.12    0.21 ^ clkbuf_2_1__f_clk/X (sky130_fd_sc_hd__clkbuf_16)
                                         clknet_2_1__leaf_clk (net)
                  0.07    0.01    0.22 ^ _321_/CLK (sky130_fd_sc_hd__dfrtp_4)
    10    0.05    0.12    0.33    0.55 ^ _321_/Q (sky130_fd_sc_hd__dfrtp_4)
                                         div.count[1] (net)
                  0.12    0.01    0.56 ^ _176_/B (sky130_fd_sc_hd__and4_1)
     1    0.02    0.13    0.19    0.75 ^ _176_/X (sky130_fd_sc_hd__and4_1)
                                         _089_ (net)
                  0.13    0.00    0.75 ^ _177_/A (sky130_fd_sc_hd__clkbuf_4)
    16    0.08    0.18    0.21    0.96 ^ _177_/X (sky130_fd_sc_hd__clkbuf_4)
                                         _090_ (net)
                  0.18    0.01    0.97 ^ _182_/C (sky130_fd_sc_hd__and3_2)
     6    0.04    0.15    0.21    1.19 ^ _182_/X (sky130_fd_sc_hd__and3_2)
                                         _093_ (net)
                  0.15    0.00    1.19 ^ _186_/B (sky130_fd_sc_hd__nand2_1)
     4    0.03    0.12    0.13    1.32 v _186_/Y (sky130_fd_sc_hd__nand2_1)
                                         _096_ (net)
                  0.12    0.00    1.32 v _192_/A2 (sky130_fd_sc_hd__a21oi_1)
     1    0.01    0.22    0.23    1.55 ^ _192_/Y (sky130_fd_sc_hd__a21oi_1)
                                         _033_ (net)
                  0.22    0.00    1.55 ^ _327_/D (sky130_fd_sc_hd__dfrtp_2)
                                  1.55   data arrival time

                         10.00   10.00   clock core_clock (rise edge)
                          0.00   10.00   clock source latency
     1    0.03    0.00    0.00   10.00 ^ clk (in)
                                         clk (net)
                  0.00    0.00   10.00 ^ clkbuf_0_clk/A (sky130_fd_sc_hd__clkbuf_16)
     4    0.05    0.05    0.09   10.09 ^ clkbuf_0_clk/X (sky130_fd_sc_hd__clkbuf_16)
                                         clknet_0_clk (net)
                  0.05    0.00   10.10 ^ clkbuf_2_2__f_clk/A (sky130_fd_sc_hd__clkbuf_16)
    14    0.06    0.06    0.11   10.21 ^ clkbuf_2_2__f_clk/X (sky130_fd_sc_hd__clkbuf_16)
                                         clknet_2_2__leaf_clk (net)
                  0.06    0.00   10.21 ^ _327_/CLK (sky130_fd_sc_hd__dfrtp_2)
                          0.00   10.21   clock reconvergence pessimism
                         -0.05   10.16   library setup time
                                 10.16   data required time
-----------------------------------------------------------------------------
                                 10.16   data required time
                                 -1.55   data arrival time
-----------------------------------------------------------------------------
                                  8.60   slack (MET)


Startpoint: _322_ (rising edge-triggered flip-flop clocked by core_clock)
Endpoint: _325_ (rising edge-triggered flip-flop clocked by core_clock)
Path Group: core_clock
Path Type: max
Corner: Fastest

Fanout     Cap    Slew   Delay    Time   Description
-----------------------------------------------------------------------------
                          0.00    0.00   clock core_clock (rise edge)
                          0.00    0.00   clock source latency
     1    0.03    0.00    0.00    0.00 ^ clk (in)
                                         clk (net)
                  0.00    0.00    0.00 ^ clkbuf_0_clk/A (sky130_fd_sc_hd__clkbuf_16)
     4    0.05    0.05    0.09    0.09 ^ clkbuf_0_clk/X (sky130_fd_sc_hd__clkbuf_16)
                                         clknet_0_clk (net)
                  0.05    0.00    0.10 ^ clkbuf_2_1__f_clk/A (sky130_fd_sc_hd__clkbuf_16)
    22    0.07    0.07    0.12    0.21 ^ clkbuf_2_1__f_clk/X (sky130_fd_sc_hd__clkbuf_16)
                                         clknet_2_1__leaf_clk (net)
                  0.07    0.01    0.22 ^ _322_/CLK (sky130_fd_sc_hd__dfrtp_4)
     8    0.05    0.08    0.35    0.57 v _322_/Q (sky130_fd_sc_hd__dfrtp_4)
                                         div.count[2] (net)
                  0.08    0.00    0.57 v _176_/C (sky130_fd_sc_hd__and4_1)
     1    0.02    0.07    0.18    0.75 v _176_/X (sky130_fd_sc_hd__and4_1)
                                         _089_ (net)
                  0.07    0.00    0.76 v _177_/A (sky130_fd_sc_hd__clkbuf_4)
    16    0.08    0.11    0.18    0.93 v _177_/X (sky130_fd_sc_hd__clkbuf_4)
                                         _090_ (net)
                  0.11    0.01    0.94 v _182_/C (sky130_fd_sc_hd__and3_2)
     6    0.04    0.08    0.22    1.16 v _182_/X (sky130_fd_sc_hd__and3_2)
                                         _093_ (net)
                  0.08    0.01    1.16 v _184_/A (sky130_fd_sc_hd__nor2_1)
     1    0.02    0.25    0.23    1.39 ^ _184_/Y (sky130_fd_sc_hd__nor2_1)
                                         _031_ (net)
                  0.25    0.00    1.39 ^ _325_/D (sky130_fd_sc_hd__dfrtp_4)
                                  1.39   data arrival time

                         10.00   10.00   clock core_clock (rise edge)
                          0.00   10.00   clock source latency
     1    0.03    0.00    0.00   10.00 ^ clk (in)
                                         clk (net)
                  0.00    0.00   10.00 ^ clkbuf_0_clk/A (sky130_fd_sc_hd__clkbuf_16)
     4    0.05    0.05    0.09   10.09 ^ clkbuf_0_clk/X (sky130_fd_sc_hd__clkbuf_16)
                                         clknet_0_clk (net)
                  0.05    0.00   10.10 ^ clkbuf_2_2__f_clk/A (sky130_fd_sc_hd__clkbuf_16)
    14    0.06    0.06    0.11   10.21 ^ clkbuf_2_2__f_clk/X (sky130_fd_sc_hd__clkbuf_16)
                                         clknet_2_2__leaf_clk (net)
                  0.06    0.00   10.21 ^ _325_/CLK (sky130_fd_sc_hd__dfrtp_4)
                          0.00   10.21   clock reconvergence pessimism
                         -0.06   10.15   library setup time
                                 10.15   data required time
-----------------------------------------------------------------------------
                                 10.15   data required time
                                 -1.39   data arrival time
-----------------------------------------------------------------------------
                                  8.76   slack (MET)


Startpoint: _322_ (rising edge-triggered flip-flop clocked by core_clock)
Endpoint: _323_ (rising edge-triggered flip-flop clocked by core_clock)
Path Group: core_clock
Path Type: max
Corner: Fastest

Fanout     Cap    Slew   Delay    Time   Description
-----------------------------------------------------------------------------
                          0.00    0.00   clock core_clock (rise edge)
                          0.00    0.00   clock source latency
     1    0.03    0.00    0.00    0.00 ^ clk (in)
                                         clk (net)
                  0.00    0.00    0.00 ^ clkbuf_0_clk/A (sky130_fd_sc_hd__clkbuf_16)
     4    0.05    0.05    0.09    0.09 ^ clkbuf_0_clk/X (sky130_fd_sc_hd__clkbuf_16)
                                         clknet_0_clk (net)
                  0.05    0.00    0.10 ^ clkbuf_2_1__f_clk/A (sky130_fd_sc_hd__clkbuf_16)
    22    0.07    0.07    0.12    0.21 ^ clkbuf_2_1__f_clk/X (sky130_fd_sc_hd__clkbuf_16)
                                         clknet_2_1__leaf_clk (net)
                  0.07    0.01    0.22 ^ _322_/CLK (sky130_fd_sc_hd__dfrtp_4)
     8    0.05    0.08    0.35    0.57 v _322_/Q (sky130_fd_sc_hd__dfrtp_4)
                                         div.count[2] (net)
                  0.08    0.00    0.57 v _176_/C (sky130_fd_sc_hd__and4_1)
     1    0.02    0.07    0.18    0.75 v _176_/X (sky130_fd_sc_hd__and4_1)
                                         _089_ (net)
                  0.07    0.00    0.76 v _177_/A (sky130_fd_sc_hd__clkbuf_4)
    16    0.08    0.11    0.18    0.93 v _177_/X (sky130_fd_sc_hd__clkbuf_4)
                                         _090_ (net)
                  0.11    0.01    0.94 v _179_/A_N (sky130_fd_sc_hd__and2b_1)
     2    0.02    0.14    0.22    1.16 ^ _179_/X (sky130_fd_sc_hd__and2b_1)
                                         _092_ (net)
                  0.14    0.00    1.16 ^ _180_/A (sky130_fd_sc_hd__buf_1)
     1    0.01    0.10    0.11    1.27 ^ _180_/X (sky130_fd_sc_hd__buf_1)
                                         _029_ (net)
                  0.10    0.00    1.27 ^ _323_/D (sky130_fd_sc_hd__dfrtp_2)
                                  1.27   data arrival time

                         10.00   10.00   clock core_clock (rise edge)
                          0.00   10.00   clock source latency
     1    0.03    0.00    0.00   10.00 ^ clk (in)
                                         clk (net)
                  0.00    0.00   10.00 ^ clkbuf_0_clk/A (sky130_fd_sc_hd__clkbuf_16)
     4    0.05    0.05    0.09   10.09 ^ clkbuf_0_clk/X (sky130_fd_sc_hd__clkbuf_16)
                                         clknet_0_clk (net)
                  0.05    0.00   10.10 ^ clkbuf_2_3__f_clk/A (sky130_fd_sc_hd__clkbuf_16)
    18    0.05    0.05    0.11   10.21 ^ clkbuf_2_3__f_clk/X (sky130_fd_sc_hd__clkbuf_16)
                                         clknet_2_3__leaf_clk (net)
                  0.05    0.00   10.21 ^ _323_/CLK (sky130_fd_sc_hd__dfrtp_2)
                          0.00   10.21   clock reconvergence pessimism
                         -0.04   10.17   library setup time
                                 10.17   data required time
-----------------------------------------------------------------------------
                                 10.17   data required time
                                 -1.27   data arrival time
-----------------------------------------------------------------------------
                                  8.89   slack (MET)


Startpoint: _321_ (rising edge-triggered flip-flop clocked by core_clock)
Endpoint: _321_ (rising edge-triggered flip-flop clocked by core_clock)
Path Group: core_clock
Path Type: max
Corner: Fastest

Fanout     Cap    Slew   Delay    Time   Description
-----------------------------------------------------------------------------
                          0.00    0.00   clock core_clock (rise edge)
                          0.00    0.00   clock source latency
     1    0.03    0.00    0.00    0.00 ^ clk (in)
                                         clk (net)
                  0.00    0.00    0.00 ^ clkbuf_0_clk/A (sky130_fd_sc_hd__clkbuf_16)
     4    0.05    0.05    0.09    0.09 ^ clkbuf_0_clk/X (sky130_fd_sc_hd__clkbuf_16)
                                         clknet_0_clk (net)
                  0.05    0.00    0.10 ^ clkbuf_2_1__f_clk/A (sky130_fd_sc_hd__clkbuf_16)
    22    0.07    0.07    0.12    0.21 ^ clkbuf_2_1__f_clk/X (sky130_fd_sc_hd__clkbuf_16)
                                         clknet_2_1__leaf_clk (net)
                  0.07    0.01    0.22 ^ _321_/CLK (sky130_fd_sc_hd__dfrtp_4)
    10    0.05    0.09    0.35    0.57 v _321_/Q (sky130_fd_sc_hd__dfrtp_4)
                                         div.count[1] (net)
                  0.09    0.00    0.58 v _172_/B (sky130_fd_sc_hd__nand2_2)
     4    0.03    0.13    0.14    0.72 ^ _172_/Y (sky130_fd_sc_hd__nand2_2)
                                         _087_ (net)
                  0.13    0.00    0.72 ^ _173_/B (sky130_fd_sc_hd__and2_1)
     2    0.03    0.19    0.20    0.92 ^ _173_/X (sky130_fd_sc_hd__and2_1)
                                         _088_ (net)
                  0.19    0.00    0.92 ^ _174_/A (sky130_fd_sc_hd__buf_1)
     2    0.04    0.31    0.25    1.17 ^ _174_/X (sky130_fd_sc_hd__buf_1)
                                         _015_ (net)
                  0.31    0.00    1.18 ^ _321_/D (sky130_fd_sc_hd__dfrtp_4)
                                  1.18   data arrival time

                         10.00   10.00   clock core_clock (rise edge)
                          0.00   10.00   clock source latency
     1    0.03    0.00    0.00   10.00 ^ clk (in)
                                         clk (net)
                  0.00    0.00   10.00 ^ clkbuf_0_clk/A (sky130_fd_sc_hd__clkbuf_16)
     4    0.05    0.05    0.09   10.09 ^ clkbuf_0_clk/X (sky130_fd_sc_hd__clkbuf_16)
                                         clknet_0_clk (net)
                  0.05    0.00   10.10 ^ clkbuf_2_1__f_clk/A (sky130_fd_sc_hd__clkbuf_16)
    22    0.07    0.07    0.12   10.21 ^ clkbuf_2_1__f_clk/X (sky130_fd_sc_hd__clkbuf_16)
                                         clknet_2_1__leaf_clk (net)
                  0.07    0.01   10.22 ^ _321_/CLK (sky130_fd_sc_hd__dfrtp_4)
                          0.00   10.22   clock reconvergence pessimism
                         -0.06   10.16   library setup time
                                 10.16   data required time
-----------------------------------------------------------------------------
                                 10.16   data required time
                                 -1.18   data arrival time
-----------------------------------------------------------------------------
                                  8.98   slack (MET)


Startpoint: _321_ (rising edge-triggered flip-flop clocked by core_clock)
Endpoint: _324_ (rising edge-triggered flip-flop clocked by core_clock)
Path Group: core_clock
Path Type: max
Corner: Fastest

Fanout     Cap    Slew   Delay    Time   Description
-----------------------------------------------------------------------------
                          0.00    0.00   clock core_clock (rise edge)
                          0.00    0.00   clock source latency
     1    0.03    0.00    0.00    0.00 ^ clk (in)
                                         clk (net)
                  0.00    0.00    0.00 ^ clkbuf_0_clk/A (sky130_fd_sc_hd__clkbuf_16)
     4    0.05    0.05    0.09    0.09 ^ clkbuf_0_clk/X (sky130_fd_sc_hd__clkbuf_16)
                                         clknet_0_clk (net)
                  0.05    0.00    0.10 ^ clkbuf_2_1__f_clk/A (sky130_fd_sc_hd__clkbuf_16)
    22    0.07    0.07    0.12    0.21 ^ clkbuf_2_1__f_clk/X (sky130_fd_sc_hd__clkbuf_16)
                                         clknet_2_1__leaf_clk (net)
                  0.07    0.01    0.22 ^ _321_/CLK (sky130_fd_sc_hd__dfrtp_4)
    10    0.05    0.12    0.33    0.55 ^ _321_/Q (sky130_fd_sc_hd__dfrtp_4)
                                         div.count[1] (net)
                  0.12    0.01    0.56 ^ _176_/B (sky130_fd_sc_hd__and4_1)
     1    0.02    0.13    0.19    0.75 ^ _176_/X (sky130_fd_sc_hd__and4_1)
                                         _089_ (net)
                  0.13    0.00    0.75 ^ _177_/A (sky130_fd_sc_hd__clkbuf_4)
    16    0.08    0.18    0.21    0.96 ^ _177_/X (sky130_fd_sc_hd__clkbuf_4)
                                         _090_ (net)
                  0.18    0.01    0.97 ^ _181_/B (sky130_fd_sc_hd__xor2_1)
     1    0.01    0.19    0.17    1.15 ^ _181_/X (sky130_fd_sc_hd__xor2_1)
                                         _030_ (net)
                  0.19    0.00    1.15 ^ _324_/D (sky130_fd_sc_hd__dfrtp_4)
                                  1.15   data arrival time

                         10.00   10.00   clock core_clock (rise edge)
                          0.00   10.00   clock source latency
     1    0.03    0.00    0.00   10.00 ^ clk (in)
                                         clk (net)
                  0.00    0.00   10.00 ^ clkbuf_0_clk/A (sky130_fd_sc_hd__clkbuf_16)
     4    0.05    0.05    0.09   10.09 ^ clkbuf_0_clk/X (sky130_fd_sc_hd__clkbuf_16)
                                         clknet_0_clk (net)
                  0.05    0.00   10.10 ^ clkbuf_2_0__f_clk/A (sky130_fd_sc_hd__clkbuf_16)
    18    0.06    0.06    0.11   10.21 ^ clkbuf_2_0__f_clk/X (sky130_fd_sc_hd__clkbuf_16)
                                         clknet_2_0__leaf_clk (net)
                  0.06    0.00   10.21 ^ _324_/CLK (sky130_fd_sc_hd__dfrtp_4)
                          0.00   10.21   clock reconvergence pessimism
                         -0.05   10.16   library setup time
                                 10.16   data required time
-----------------------------------------------------------------------------
                                 10.16   data required time
                                 -1.15   data arrival time
-----------------------------------------------------------------------------
                                  9.01   slack (MET)


Startpoint: _321_ (rising edge-triggered flip-flop clocked by core_clock)
Endpoint: _322_ (rising edge-triggered flip-flop clocked by core_clock)
Path Group: core_clock
Path Type: max
Corner: Fastest

Fanout     Cap    Slew   Delay    Time   Description
-----------------------------------------------------------------------------
                          0.00    0.00   clock core_clock (rise edge)
                          0.00    0.00   clock source latency
     1    0.03    0.00    0.00    0.00 ^ clk (in)
                                         clk (net)
                  0.00    0.00    0.00 ^ clkbuf_0_clk/A (sky130_fd_sc_hd__clkbuf_16)
     4    0.05    0.05    0.09    0.09 ^ clkbuf_0_clk/X (sky130_fd_sc_hd__clkbuf_16)
                                         clknet_0_clk (net)
                  0.05    0.00    0.10 ^ clkbuf_2_1__f_clk/A (sky130_fd_sc_hd__clkbuf_16)
    22    0.07    0.07    0.12    0.21 ^ clkbuf_2_1__f_clk/X (sky130_fd_sc_hd__clkbuf_16)
                                         clknet_2_1__leaf_clk (net)
                  0.07    0.01    0.22 ^ _321_/CLK (sky130_fd_sc_hd__dfrtp_4)
    10    0.05    0.12    0.33    0.55 ^ _321_/Q (sky130_fd_sc_hd__dfrtp_4)
                                         div.count[1] (net)
                  0.12    0.00    0.55 ^ _172_/B (sky130_fd_sc_hd__nand2_2)
     4    0.03    0.10    0.10    0.65 v _172_/Y (sky130_fd_sc_hd__nand2_2)
                                         _087_ (net)
                  0.10    0.00    0.65 v _175_/B (sky130_fd_sc_hd__xnor2_1)
     2    0.02    0.35    0.31    0.96 ^ _175_/Y (sky130_fd_sc_hd__xnor2_1)
                                         _026_ (net)
                  0.35    0.00    0.96 ^ _322_/D (sky130_fd_sc_hd__dfrtp_4)
                                  0.96   data arrival time

                         10.00   10.00   clock core_clock (rise edge)
                          0.00   10.00   clock source latency
     1    0.03    0.00    0.00   10.00 ^ clk (in)
                                         clk (net)
                  0.00    0.00   10.00 ^ clkbuf_0_clk/A (sky130_fd_sc_hd__clkbuf_16)
     4    0.05    0.05    0.09   10.09 ^ clkbuf_0_clk/X (sky130_fd_sc_hd__clkbuf_16)
                                         clknet_0_clk (net)
                  0.05    0.00   10.10 ^ clkbuf_2_1__f_clk/A (sky130_fd_sc_hd__clkbuf_16)
    22    0.07    0.07    0.12   10.21 ^ clkbuf_2_1__f_clk/X (sky130_fd_sc_hd__clkbuf_16)
                                         clknet_2_1__leaf_clk (net)
                  0.07    0.01   10.22 ^ _322_/CLK (sky130_fd_sc_hd__dfrtp_4)
                          0.00   10.22   clock reconvergence pessimism
                         -0.07   10.15   library setup time
                                 10.15   data required time
-----------------------------------------------------------------------------
                                 10.15   data required time
                                 -0.96   data arrival time
-----------------------------------------------------------------------------
                                  9.19   slack (MET)



worst slack corner Fastest: 7.8115
======================= Slowest Corner ===================================

Startpoint: _335_ (rising edge-triggered flip-flop clocked by core_clock)
Endpoint: _342_ (rising edge-triggered flip-flop clocked by core_clock)
Path Group: core_clock
Path Type: max
Corner: Slowest

Fanout     Cap    Slew   Delay    Time   Description
-----------------------------------------------------------------------------
                          0.00    0.00   clock core_clock (rise edge)
                          0.00    0.00   clock source latency
     1    0.03    0.00    0.00    0.00 ^ clk (in)
                                         clk (net)
                  0.00    0.00    0.00 ^ clkbuf_0_clk/A (sky130_fd_sc_hd__clkbuf_16)
     4    0.05    0.10    0.23    0.23 ^ clkbuf_0_clk/X (sky130_fd_sc_hd__clkbuf_16)
                                         clknet_0_clk (net)
                  0.10    0.00    0.23 ^ clkbuf_2_3__f_clk/A (sky130_fd_sc_hd__clkbuf_16)
    18    0.05    0.11    0.28    0.51 ^ clkbuf_2_3__f_clk/X (sky130_fd_sc_hd__clkbuf_16)
                                         clknet_2_3__leaf_clk (net)
                  0.11    0.00    0.52 ^ _335_/CLK (sky130_fd_sc_hd__dfrtp_4)
     6    0.05    0.21    1.14    1.65 v _335_/Q (sky130_fd_sc_hd__dfrtp_4)
                                         div.count[15] (net)
                  0.21    0.01    1.66 v _157_/A (sky130_fd_sc_hd__or4b_2)
     2    0.03    0.39    1.92    3.58 v _157_/X (sky130_fd_sc_hd__or4b_2)
                                         _074_ (net)
                  0.39    0.00    3.58 v _161_/A (sky130_fd_sc_hd__or4_2)
     4    0.04    0.41    1.99    5.57 v _161_/X (sky130_fd_sc_hd__or4_2)
                                         _078_ (net)
                  0.41    0.01    5.58 v _167_/A (sky130_fd_sc_hd__or4_4)
    12    0.06    0.32    1.42    6.99 v _167_/X (sky130_fd_sc_hd__or4_4)
                                         _084_ (net)
                  0.32    0.01    7.00 v _238_/A (sky130_fd_sc_hd__and3_1)
     2    0.02    0.22    0.56    7.56 v _238_/X (sky130_fd_sc_hd__and3_1)
                                         _132_ (net)
                  0.22    0.00    7.56 v _239_/A (sky130_fd_sc_hd__buf_1)
     2    0.03    0.29    0.42    7.98 v _239_/X (sky130_fd_sc_hd__buf_1)
                                         _018_ (net)
                  0.29    0.00    7.98 v _342_/D (sky130_fd_sc_hd__dfrtp_4)
                                  7.98   data arrival time

                         10.00   10.00   clock core_clock (rise edge)
                          0.00   10.00   clock source latency
     1    0.03    0.00    0.00   10.00 ^ clk (in)
                                         clk (net)
                  0.00    0.00   10.00 ^ clkbuf_0_clk/A (sky130_fd_sc_hd__clkbuf_16)
     4    0.05    0.10    0.23   10.23 ^ clkbuf_0_clk/X (sky130_fd_sc_hd__clkbuf_16)
                                         clknet_0_clk (net)
                  0.10    0.00   10.23 ^ clkbuf_2_0__f_clk/A (sky130_fd_sc_hd__clkbuf_16)
    18    0.06    0.12    0.29   10.52 ^ clkbuf_2_0__f_clk/X (sky130_fd_sc_hd__clkbuf_16)
                                         clknet_2_0__leaf_clk (net)
                  0.12    0.01   10.53 ^ _342_/CLK (sky130_fd_sc_hd__dfrtp_4)
                          0.00   10.53   clock reconvergence pessimism
                         -0.35   10.17   library setup time
                                 10.17   data required time
-----------------------------------------------------------------------------
                                 10.17   data required time
                                 -7.98   data arrival time
-----------------------------------------------------------------------------
                                  2.19   slack (MET)


Startpoint: _335_ (rising edge-triggered flip-flop clocked by core_clock)
Endpoint: _326_ (rising edge-triggered flip-flop clocked by core_clock)
Path Group: core_clock
Path Type: max
Corner: Slowest

Fanout     Cap    Slew   Delay    Time   Description
-----------------------------------------------------------------------------
                          0.00    0.00   clock core_clock (rise edge)
                          0.00    0.00   clock source latency
     1    0.03    0.00    0.00    0.00 ^ clk (in)
                                         clk (net)
                  0.00    0.00    0.00 ^ clkbuf_0_clk/A (sky130_fd_sc_hd__clkbuf_16)
     4    0.05    0.10    0.23    0.23 ^ clkbuf_0_clk/X (sky130_fd_sc_hd__clkbuf_16)
                                         clknet_0_clk (net)
                  0.10    0.00    0.23 ^ clkbuf_2_3__f_clk/A (sky130_fd_sc_hd__clkbuf_16)
    18    0.05    0.11    0.28    0.51 ^ clkbuf_2_3__f_clk/X (sky130_fd_sc_hd__clkbuf_16)
                                         clknet_2_3__leaf_clk (net)
                  0.11    0.00    0.52 ^ _335_/CLK (sky130_fd_sc_hd__dfrtp_4)
     6    0.05    0.21    1.14    1.65 v _335_/Q (sky130_fd_sc_hd__dfrtp_4)
                                         div.count[15] (net)
                  0.21    0.01    1.66 v _157_/A (sky130_fd_sc_hd__or4b_2)
     2    0.03    0.39    1.92    3.58 v _157_/X (sky130_fd_sc_hd__or4b_2)
                                         _074_ (net)
                  0.39    0.00    3.58 v _161_/A (sky130_fd_sc_hd__or4_2)
     4    0.04    0.41    1.99    5.57 v _161_/X (sky130_fd_sc_hd__or4_2)
                                         _078_ (net)
                  0.41    0.01    5.58 v _167_/A (sky130_fd_sc_hd__or4_4)
    12    0.06    0.32    1.42    6.99 v _167_/X (sky130_fd_sc_hd__or4_4)
                                         _084_ (net)
                  0.32    0.01    7.01 v _187_/A (sky130_fd_sc_hd__and3_1)
     2    0.03    0.29    0.61    7.62 v _187_/X (sky130_fd_sc_hd__and3_1)
                                         _097_ (net)
                  0.29    0.00    7.62 v _188_/A (sky130_fd_sc_hd__buf_1)
     1    0.02    0.22    0.39    8.01 v _188_/X (sky130_fd_sc_hd__buf_1)
                                         _032_ (net)
                  0.22    0.00    8.01 v _326_/D (sky130_fd_sc_hd__dfrtp_4)
                                  8.01   data arrival time

                         10.00   10.00   clock core_clock (rise edge)
                          0.00   10.00   clock source latency
     1    0.03    0.00    0.00   10.00 ^ clk (in)
                                         clk (net)
                  0.00    0.00   10.00 ^ clkbuf_0_clk/A (sky130_fd_sc_hd__clkbuf_16)
     4    0.05    0.10    0.23   10.23 ^ clkbuf_0_clk/X (sky130_fd_sc_hd__clkbuf_16)
                                         clknet_0_clk (net)
                  0.10    0.00   10.23 ^ clkbuf_2_1__f_clk/A (sky130_fd_sc_hd__clkbuf_16)
    22    0.07    0.13    0.30   10.53 ^ clkbuf_2_1__f_clk/X (sky130_fd_sc_hd__clkbuf_16)
                                         clknet_2_1__leaf_clk (net)
                  0.14    0.01   10.54 ^ _326_/CLK (sky130_fd_sc_hd__dfrtp_4)
                          0.00   10.54   clock reconvergence pessimism
                         -0.32   10.22   library setup time
                                 10.22   data required time
-----------------------------------------------------------------------------
                                 10.22   data required time
                                 -8.01   data arrival time
-----------------------------------------------------------------------------
                                  2.21   slack (MET)


Startpoint: _335_ (rising edge-triggered flip-flop clocked by core_clock)
Endpoint: _339_ (rising edge-triggered flip-flop clocked by core_clock)
Path Group: core_clock
Path Type: max
Corner: Slowest

Fanout     Cap    Slew   Delay    Time   Description
-----------------------------------------------------------------------------
                          0.00    0.00   clock core_clock (rise edge)
                          0.00    0.00   clock source latency
     1    0.03    0.00    0.00    0.00 ^ clk (in)
                                         clk (net)
                  0.00    0.00    0.00 ^ clkbuf_0_clk/A (sky130_fd_sc_hd__clkbuf_16)
     4    0.05    0.10    0.23    0.23 ^ clkbuf_0_clk/X (sky130_fd_sc_hd__clkbuf_16)
                                         clknet_0_clk (net)
                  0.10    0.00    0.23 ^ clkbuf_2_3__f_clk/A (sky130_fd_sc_hd__clkbuf_16)
    18    0.05    0.11    0.28    0.51 ^ clkbuf_2_3__f_clk/X (sky130_fd_sc_hd__clkbuf_16)
                                         clknet_2_3__leaf_clk (net)
                  0.11    0.00    0.52 ^ _335_/CLK (sky130_fd_sc_hd__dfrtp_4)
     6    0.05    0.21    1.14    1.65 v _335_/Q (sky130_fd_sc_hd__dfrtp_4)
                                         div.count[15] (net)
                  0.21    0.01    1.66 v _157_/A (sky130_fd_sc_hd__or4b_2)
     2    0.03    0.39    1.92    3.58 v _157_/X (sky130_fd_sc_hd__or4b_2)
                                         _074_ (net)
                  0.39    0.00    3.58 v _161_/A (sky130_fd_sc_hd__or4_2)
     4    0.04    0.41    1.99    5.57 v _161_/X (sky130_fd_sc_hd__or4_2)
                                         _078_ (net)
                  0.41    0.01    5.58 v _167_/A (sky130_fd_sc_hd__or4_4)
    12    0.06    0.32    1.42    6.99 v _167_/X (sky130_fd_sc_hd__or4_4)
                                         _084_ (net)
                  0.32    0.01    7.00 v _230_/A (sky130_fd_sc_hd__and3_1)
     2    0.02    0.23    0.56    7.56 v _230_/X (sky130_fd_sc_hd__and3_1)
                                         _127_ (net)
                  0.23    0.00    7.57 v _231_/A (sky130_fd_sc_hd__buf_1)
     2    0.02    0.24    0.38    7.95 v _231_/X (sky130_fd_sc_hd__buf_1)
                                         _014_ (net)
                  0.24    0.00    7.95 v _339_/D (sky130_fd_sc_hd__dfrtp_4)
                                  7.95   data arrival time

                         10.00   10.00   clock core_clock (rise edge)
                          0.00   10.00   clock source latency
     1    0.03    0.00    0.00   10.00 ^ clk (in)
                                         clk (net)
                  0.00    0.00   10.00 ^ clkbuf_0_clk/A (sky130_fd_sc_hd__clkbuf_16)
     4    0.05    0.10    0.23   10.23 ^ clkbuf_0_clk/X (sky130_fd_sc_hd__clkbuf_16)
                                         clknet_0_clk (net)
                  0.10    0.00   10.23 ^ clkbuf_2_0__f_clk/A (sky130_fd_sc_hd__clkbuf_16)
    18    0.06    0.12    0.29   10.52 ^ clkbuf_2_0__f_clk/X (sky130_fd_sc_hd__clkbuf_16)
                                         clknet_2_0__leaf_clk (net)
                  0.12    0.00   10.52 ^ _339_/CLK (sky130_fd_sc_hd__dfrtp_4)
                          0.00   10.52   clock reconvergence pessimism
                         -0.33   10.19   library setup time
                                 10.19   data required time
-----------------------------------------------------------------------------
                                 10.19   data required time
                                 -7.95   data arrival time
-----------------------------------------------------------------------------
                                  2.24   slack (MET)


Startpoint: _335_ (rising edge-triggered flip-flop clocked by core_clock)
Endpoint: _320_ (rising edge-triggered flip-flop clocked by core_clock)
Path Group: core_clock
Path Type: max
Corner: Slowest

Fanout     Cap    Slew   Delay    Time   Description
-----------------------------------------------------------------------------
                          0.00    0.00   clock core_clock (rise edge)
                          0.00    0.00   clock source latency
     1    0.03    0.00    0.00    0.00 ^ clk (in)
                                         clk (net)
                  0.00    0.00    0.00 ^ clkbuf_0_clk/A (sky130_fd_sc_hd__clkbuf_16)
     4    0.05    0.10    0.23    0.23 ^ clkbuf_0_clk/X (sky130_fd_sc_hd__clkbuf_16)
                                         clknet_0_clk (net)
                  0.10    0.00    0.23 ^ clkbuf_2_3__f_clk/A (sky130_fd_sc_hd__clkbuf_16)
    18    0.05    0.11    0.28    0.51 ^ clkbuf_2_3__f_clk/X (sky130_fd_sc_hd__clkbuf_16)
                                         clknet_2_3__leaf_clk (net)
                  0.11    0.00    0.52 ^ _335_/CLK (sky130_fd_sc_hd__dfrtp_4)
     6    0.05    0.21    1.14    1.65 v _335_/Q (sky130_fd_sc_hd__dfrtp_4)
                                         div.count[15] (net)
                  0.21    0.01    1.66 v _157_/A (sky130_fd_sc_hd__or4b_2)
     2    0.03    0.39    1.92    3.58 v _157_/X (sky130_fd_sc_hd__or4b_2)
                                         _074_ (net)
                  0.39    0.00    3.58 v _161_/A (sky130_fd_sc_hd__or4_2)
     4    0.04    0.41    1.99    5.57 v _161_/X (sky130_fd_sc_hd__or4_2)
                                         _078_ (net)
                  0.41    0.01    5.58 v _167_/A (sky130_fd_sc_hd__or4_4)
    12    0.06    0.32    1.42    6.99 v _167_/X (sky130_fd_sc_hd__or4_4)
                                         _084_ (net)
                  0.32    0.01    7.01 v _169_/B (sky130_fd_sc_hd__and2b_1)
     2    0.03    0.26    0.62    7.63 v _169_/X (sky130_fd_sc_hd__and2b_1)
                                         _085_ (net)
                  0.26    0.00    7.63 v _170_/A (sky130_fd_sc_hd__clkbuf_1)
     1    0.01    0.12    0.30    7.93 v _170_/X (sky130_fd_sc_hd__clkbuf_1)
                                         _004_ (net)
                  0.12    0.00    7.93 v _320_/D (sky130_fd_sc_hd__dfrtp_4)
                                  7.93   data arrival time

                         10.00   10.00   clock core_clock (rise edge)
                          0.00   10.00   clock source latency
     1    0.03    0.00    0.00   10.00 ^ clk (in)
                                         clk (net)
                  0.00    0.00   10.00 ^ clkbuf_0_clk/A (sky130_fd_sc_hd__clkbuf_16)
     4    0.05    0.10    0.23   10.23 ^ clkbuf_0_clk/X (sky130_fd_sc_hd__clkbuf_16)
                                         clknet_0_clk (net)
                  0.10    0.00   10.23 ^ clkbuf_2_0__f_clk/A (sky130_fd_sc_hd__clkbuf_16)
    18    0.06    0.12    0.29   10.52 ^ clkbuf_2_0__f_clk/X (sky130_fd_sc_hd__clkbuf_16)
                                         clknet_2_0__leaf_clk (net)
                  0.12    0.00   10.52 ^ _320_/CLK (sky130_fd_sc_hd__dfrtp_4)
                          0.00   10.52   clock reconvergence pessimism
                         -0.28   10.24   library setup time
                                 10.24   data required time
-----------------------------------------------------------------------------
                                 10.24   data required time
                                 -7.93   data arrival time
-----------------------------------------------------------------------------
                                  2.32   slack (MET)


Startpoint: _335_ (rising edge-triggered flip-flop clocked by core_clock)
Endpoint: _328_ (rising edge-triggered flip-flop clocked by core_clock)
Path Group: core_clock
Path Type: max
Corner: Slowest

Fanout     Cap    Slew   Delay    Time   Description
-----------------------------------------------------------------------------
                          0.00    0.00   clock core_clock (rise edge)
                          0.00    0.00   clock source latency
     1    0.03    0.00    0.00    0.00 ^ clk (in)
                                         clk (net)
                  0.00    0.00    0.00 ^ clkbuf_0_clk/A (sky130_fd_sc_hd__clkbuf_16)
     4    0.05    0.10    0.23    0.23 ^ clkbuf_0_clk/X (sky130_fd_sc_hd__clkbuf_16)
                                         clknet_0_clk (net)
                  0.10    0.00    0.23 ^ clkbuf_2_3__f_clk/A (sky130_fd_sc_hd__clkbuf_16)
    18    0.05    0.11    0.28    0.51 ^ clkbuf_2_3__f_clk/X (sky130_fd_sc_hd__clkbuf_16)
                                         clknet_2_3__leaf_clk (net)
                  0.11    0.00    0.52 ^ _335_/CLK (sky130_fd_sc_hd__dfrtp_4)
     6    0.05    0.21    1.14    1.65 v _335_/Q (sky130_fd_sc_hd__dfrtp_4)
                                         div.count[15] (net)
                  0.21    0.01    1.66 v _157_/A (sky130_fd_sc_hd__or4b_2)
     2    0.03    0.39    1.92    3.58 v _157_/X (sky130_fd_sc_hd__or4b_2)
                                         _074_ (net)
                  0.39    0.00    3.58 v _161_/A (sky130_fd_sc_hd__or4_2)
     4    0.04    0.41    1.99    5.57 v _161_/X (sky130_fd_sc_hd__or4_2)
                                         _078_ (net)
                  0.41    0.01    5.58 v _167_/A (sky130_fd_sc_hd__or4_4)
    12    0.06    0.32    1.42    6.99 v _167_/X (sky130_fd_sc_hd__or4_4)
                                         _084_ (net)
                  0.32    0.01    7.01 v _193_/B1 (sky130_fd_sc_hd__o21ai_1)
     1    0.01    0.51    0.43    7.44 ^ _193_/Y (sky130_fd_sc_hd__o21ai_1)
                                         _101_ (net)
                  0.51    0.00    7.44 ^ _194_/B1 (sky130_fd_sc_hd__a21oi_1)
     1    0.01    0.18    0.26    7.70 v _194_/Y (sky130_fd_sc_hd__a21oi_1)
                                         _034_ (net)
                  0.18    0.00    7.70 v _328_/D (sky130_fd_sc_hd__dfrtp_4)
                                  7.70   data arrival time

                         10.00   10.00   clock core_clock (rise edge)
                          0.00   10.00   clock source latency
     1    0.03    0.00    0.00   10.00 ^ clk (in)
                                         clk (net)
                  0.00    0.00   10.00 ^ clkbuf_0_clk/A (sky130_fd_sc_hd__clkbuf_16)
     4    0.05    0.10    0.23   10.23 ^ clkbuf_0_clk/X (sky130_fd_sc_hd__clkbuf_16)
                                         clknet_0_clk (net)
                  0.10    0.00   10.23 ^ clkbuf_2_1__f_clk/A (sky130_fd_sc_hd__clkbuf_16)
    22    0.07    0.13    0.30   10.53 ^ clkbuf_2_1__f_clk/X (sky130_fd_sc_hd__clkbuf_16)
                                         clknet_2_1__leaf_clk (net)
                  0.14    0.01   10.53 ^ _328_/CLK (sky130_fd_sc_hd__dfrtp_4)
                          0.00   10.53   clock reconvergence pessimism
                         -0.30   10.23   library setup time
                                 10.23   data required time
-----------------------------------------------------------------------------
                                 10.23   data required time
                                 -7.70   data arrival time
-----------------------------------------------------------------------------
                                  2.53   slack (MET)


Startpoint: _335_ (rising edge-triggered flip-flop clocked by core_clock)
Endpoint: _331_ (rising edge-triggered flip-flop clocked by core_clock)
Path Group: core_clock
Path Type: max
Corner: Slowest

Fanout     Cap    Slew   Delay    Time   Description
-----------------------------------------------------------------------------
                          0.00    0.00   clock core_clock (rise edge)
                          0.00    0.00   clock source latency
     1    0.03    0.00    0.00    0.00 ^ clk (in)
                                         clk (net)
                  0.00    0.00    0.00 ^ clkbuf_0_clk/A (sky130_fd_sc_hd__clkbuf_16)
     4    0.05    0.10    0.23    0.23 ^ clkbuf_0_clk/X (sky130_fd_sc_hd__clkbuf_16)
                                         clknet_0_clk (net)
                  0.10    0.00    0.23 ^ clkbuf_2_3__f_clk/A (sky130_fd_sc_hd__clkbuf_16)
    18    0.05    0.11    0.28    0.51 ^ clkbuf_2_3__f_clk/X (sky130_fd_sc_hd__clkbuf_16)
                                         clknet_2_3__leaf_clk (net)
                  0.11    0.00    0.52 ^ _335_/CLK (sky130_fd_sc_hd__dfrtp_4)
     6    0.05    0.21    1.14    1.65 v _335_/Q (sky130_fd_sc_hd__dfrtp_4)
                                         div.count[15] (net)
                  0.21    0.01    1.66 v _157_/A (sky130_fd_sc_hd__or4b_2)
     2    0.03    0.39    1.92    3.58 v _157_/X (sky130_fd_sc_hd__or4b_2)
                                         _074_ (net)
                  0.39    0.00    3.58 v _161_/A (sky130_fd_sc_hd__or4_2)
     4    0.04    0.41    1.99    5.57 v _161_/X (sky130_fd_sc_hd__or4_2)
                                         _078_ (net)
                  0.41    0.01    5.58 v _199_/A (sky130_fd_sc_hd__or3_4)
     8    0.05    0.23    1.05    6.62 v _199_/X (sky130_fd_sc_hd__or3_4)
                                         _106_ (net)
                  0.23    0.00    6.63 v _206_/A (sky130_fd_sc_hd__and3_1)
     2    0.04    0.36    0.62    7.25 v _206_/X (sky130_fd_sc_hd__and3_1)
                                         _111_ (net)
                  0.36    0.00    7.25 v _207_/A (sky130_fd_sc_hd__clkbuf_1)
     1    0.00    0.07    0.30    7.55 v _207_/X (sky130_fd_sc_hd__clkbuf_1)
                                         _006_ (net)
                  0.07    0.00    7.55 v _331_/D (sky130_fd_sc_hd__dfrtp_4)
                                  7.55   data arrival time

                         10.00   10.00   clock core_clock (rise edge)
                          0.00   10.00   clock source latency
     1    0.03    0.00    0.00   10.00 ^ clk (in)
                                         clk (net)
                  0.00    0.00   10.00 ^ clkbuf_0_clk/A (sky130_fd_sc_hd__clkbuf_16)
     4    0.05    0.10    0.23   10.23 ^ clkbuf_0_clk/X (sky130_fd_sc_hd__clkbuf_16)
                                         clknet_0_clk (net)
                  0.10    0.00   10.23 ^ clkbuf_2_3__f_clk/A (sky130_fd_sc_hd__clkbuf_16)
    18    0.05    0.11    0.28   10.51 ^ clkbuf_2_3__f_clk/X (sky130_fd_sc_hd__clkbuf_16)
                                         clknet_2_3__leaf_clk (net)
                  0.11    0.00   10.51 ^ _331_/CLK (sky130_fd_sc_hd__dfrtp_4)
                          0.00   10.51   clock reconvergence pessimism
                         -0.27   10.25   library setup time
                                 10.25   data required time
-----------------------------------------------------------------------------
                                 10.25   data required time
                                 -7.55   data arrival time
-----------------------------------------------------------------------------
                                  2.70   slack (MET)


Startpoint: _335_ (rising edge-triggered flip-flop clocked by core_clock)
Endpoint: _356_ (rising edge-triggered flip-flop clocked by core_clock)
Path Group: core_clock
Path Type: max
Corner: Slowest

Fanout     Cap    Slew   Delay    Time   Description
-----------------------------------------------------------------------------
                          0.00    0.00   clock core_clock (rise edge)
                          0.00    0.00   clock source latency
     1    0.03    0.00    0.00    0.00 ^ clk (in)
                                         clk (net)
                  0.00    0.00    0.00 ^ clkbuf_0_clk/A (sky130_fd_sc_hd__clkbuf_16)
     4    0.05    0.10    0.23    0.23 ^ clkbuf_0_clk/X (sky130_fd_sc_hd__clkbuf_16)
                                         clknet_0_clk (net)
                  0.10    0.00    0.23 ^ clkbuf_2_3__f_clk/A (sky130_fd_sc_hd__clkbuf_16)
    18    0.05    0.11    0.28    0.51 ^ clkbuf_2_3__f_clk/X (sky130_fd_sc_hd__clkbuf_16)
                                         clknet_2_3__leaf_clk (net)
                  0.11    0.00    0.52 ^ _335_/CLK (sky130_fd_sc_hd__dfrtp_4)
     6    0.05    0.21    1.14    1.65 v _335_/Q (sky130_fd_sc_hd__dfrtp_4)
                                         div.count[15] (net)
                  0.21    0.01    1.66 v _157_/A (sky130_fd_sc_hd__or4b_2)
     2    0.03    0.39    1.92    3.58 v _157_/X (sky130_fd_sc_hd__or4b_2)
                                         _074_ (net)
                  0.39    0.00    3.58 v _161_/A (sky130_fd_sc_hd__or4_2)
     4    0.04    0.41    1.99    5.57 v _161_/X (sky130_fd_sc_hd__or4_2)
                                         _078_ (net)
                  0.41    0.01    5.58 v _167_/A (sky130_fd_sc_hd__or4_4)
    12    0.06    0.32    1.42    6.99 v _167_/X (sky130_fd_sc_hd__or4_4)
                                         _084_ (net)
                  0.32    0.01    7.01 v _168_/B (sky130_fd_sc_hd__xnor2_1)
     1    0.01    0.48    0.54    7.55 ^ _168_/Y (sky130_fd_sc_hd__xnor2_1)
                                         _073_ (net)
                  0.48    0.00    7.55 ^ _356_/D (sky130_fd_sc_hd__dfrtp_4)
                                  7.55   data arrival time

                         10.00   10.00   clock core_clock (rise edge)
                          0.00   10.00   clock source latency
     1    0.03    0.00    0.00   10.00 ^ clk (in)
                                         clk (net)
                  0.00    0.00   10.00 ^ clkbuf_0_clk/A (sky130_fd_sc_hd__clkbuf_16)
     4    0.05    0.10    0.23   10.23 ^ clkbuf_0_clk/X (sky130_fd_sc_hd__clkbuf_16)
                                         clknet_0_clk (net)
                  0.10    0.00   10.23 ^ clkbuf_2_1__f_clk/A (sky130_fd_sc_hd__clkbuf_16)
    22    0.07    0.13    0.30   10.53 ^ clkbuf_2_1__f_clk/X (sky130_fd_sc_hd__clkbuf_16)
                                         clknet_2_1__leaf_clk (net)
                  0.14    0.00   10.53 ^ _356_/CLK (sky130_fd_sc_hd__dfrtp_4)
                          0.00   10.53   clock reconvergence pessimism
                         -0.23   10.30   library setup time
                                 10.30   data required time
-----------------------------------------------------------------------------
                                 10.30   data required time
                                 -7.55   data arrival time
-----------------------------------------------------------------------------
                                  2.75   slack (MET)


Startpoint: _335_ (rising edge-triggered flip-flop clocked by core_clock)
Endpoint: _338_ (rising edge-triggered flip-flop clocked by core_clock)
Path Group: core_clock
Path Type: max
Corner: Slowest

Fanout     Cap    Slew   Delay    Time   Description
-----------------------------------------------------------------------------
                          0.00    0.00   clock core_clock (rise edge)
                          0.00    0.00   clock source latency
     1    0.03    0.00    0.00    0.00 ^ clk (in)
                                         clk (net)
                  0.00    0.00    0.00 ^ clkbuf_0_clk/A (sky130_fd_sc_hd__clkbuf_16)
     4    0.05    0.10    0.23    0.23 ^ clkbuf_0_clk/X (sky130_fd_sc_hd__clkbuf_16)
                                         clknet_0_clk (net)
                  0.10    0.00    0.23 ^ clkbuf_2_3__f_clk/A (sky130_fd_sc_hd__clkbuf_16)
    18    0.05    0.11    0.28    0.51 ^ clkbuf_2_3__f_clk/X (sky130_fd_sc_hd__clkbuf_16)
                                         clknet_2_3__leaf_clk (net)
                  0.11    0.00    0.52 ^ _335_/CLK (sky130_fd_sc_hd__dfrtp_4)
     6    0.05    0.21    1.14    1.65 v _335_/Q (sky130_fd_sc_hd__dfrtp_4)
                                         div.count[15] (net)
                  0.21    0.01    1.66 v _157_/A (sky130_fd_sc_hd__or4b_2)
     2    0.03    0.39    1.92    3.58 v _157_/X (sky130_fd_sc_hd__or4b_2)
                                         _074_ (net)
                  0.39    0.00    3.58 v _161_/A (sky130_fd_sc_hd__or4_2)
     4    0.04    0.41    1.99    5.57 v _161_/X (sky130_fd_sc_hd__or4_2)
                                         _078_ (net)
                  0.41    0.01    5.58 v _199_/A (sky130_fd_sc_hd__or3_4)
     8    0.05    0.23    1.05    6.62 v _199_/X (sky130_fd_sc_hd__or3_4)
                                         _106_ (net)
                  0.23    0.01    6.63 v _225_/A (sky130_fd_sc_hd__and3_1)
     1    0.01    0.10    0.40    7.04 v _225_/X (sky130_fd_sc_hd__and3_1)
                                         _123_ (net)
                  0.10    0.00    7.04 v _226_/A (sky130_fd_sc_hd__buf_1)
     1    0.01    0.17    0.27    7.30 v _226_/X (sky130_fd_sc_hd__buf_1)
                                         _013_ (net)
                  0.17    0.00    7.30 v _338_/D (sky130_fd_sc_hd__dfrtp_4)
                                  7.30   data arrival time

                         10.00   10.00   clock core_clock (rise edge)
                          0.00   10.00   clock source latency
     1    0.03    0.00    0.00   10.00 ^ clk (in)
                                         clk (net)
                  0.00    0.00   10.00 ^ clkbuf_0_clk/A (sky130_fd_sc_hd__clkbuf_16)
     4    0.05    0.10    0.23   10.23 ^ clkbuf_0_clk/X (sky130_fd_sc_hd__clkbuf_16)
                                         clknet_0_clk (net)
                  0.10    0.00   10.23 ^ clkbuf_2_0__f_clk/A (sky130_fd_sc_hd__clkbuf_16)
    18    0.06    0.12    0.29   10.52 ^ clkbuf_2_0__f_clk/X (sky130_fd_sc_hd__clkbuf_16)
                                         clknet_2_0__leaf_clk (net)
                  0.12    0.00   10.52 ^ _338_/CLK (sky130_fd_sc_hd__dfrtp_4)
                          0.00   10.52   clock reconvergence pessimism
                         -0.30   10.22   library setup time
                                 10.22   data required time
-----------------------------------------------------------------------------
                                 10.22   data required time
                                 -7.30   data arrival time
-----------------------------------------------------------------------------
                                  2.92   slack (MET)


Startpoint: _335_ (rising edge-triggered flip-flop clocked by core_clock)
Endpoint: _329_ (rising edge-triggered flip-flop clocked by core_clock)
Path Group: core_clock
Path Type: max
Corner: Slowest

Fanout     Cap    Slew   Delay    Time   Description
-----------------------------------------------------------------------------
                          0.00    0.00   clock core_clock (rise edge)
                          0.00    0.00   clock source latency
     1    0.03    0.00    0.00    0.00 ^ clk (in)
                                         clk (net)
                  0.00    0.00    0.00 ^ clkbuf_0_clk/A (sky130_fd_sc_hd__clkbuf_16)
     4    0.05    0.10    0.23    0.23 ^ clkbuf_0_clk/X (sky130_fd_sc_hd__clkbuf_16)
                                         clknet_0_clk (net)
                  0.10    0.00    0.23 ^ clkbuf_2_3__f_clk/A (sky130_fd_sc_hd__clkbuf_16)
    18    0.05    0.11    0.28    0.51 ^ clkbuf_2_3__f_clk/X (sky130_fd_sc_hd__clkbuf_16)
                                         clknet_2_3__leaf_clk (net)
                  0.11    0.00    0.52 ^ _335_/CLK (sky130_fd_sc_hd__dfrtp_4)
     6    0.05    0.21    1.14    1.65 v _335_/Q (sky130_fd_sc_hd__dfrtp_4)
                                         div.count[15] (net)
                  0.21    0.01    1.66 v _157_/A (sky130_fd_sc_hd__or4b_2)
     2    0.03    0.39    1.92    3.58 v _157_/X (sky130_fd_sc_hd__or4b_2)
                                         _074_ (net)
                  0.39    0.00    3.58 v _161_/A (sky130_fd_sc_hd__or4_2)
     4    0.04    0.41    1.99    5.57 v _161_/X (sky130_fd_sc_hd__or4_2)
                                         _078_ (net)
                  0.41    0.01    5.58 v _199_/A (sky130_fd_sc_hd__or3_4)
     8    0.05    0.23    1.05    6.62 v _199_/X (sky130_fd_sc_hd__or3_4)
                                         _106_ (net)
                  0.23    0.01    6.63 v _201_/A (sky130_fd_sc_hd__nand2_1)
     1    0.01    0.20    0.26    6.89 ^ _201_/Y (sky130_fd_sc_hd__nand2_1)
                                         _108_ (net)
                  0.20    0.00    6.89 ^ _202_/B (sky130_fd_sc_hd__nor2_1)
     1    0.01    0.16    0.20    7.10 v _202_/Y (sky130_fd_sc_hd__nor2_1)
                                         _035_ (net)
                  0.16    0.00    7.10 v _329_/D (sky130_fd_sc_hd__dfrtp_4)
                                  7.10   data arrival time

                         10.00   10.00   clock core_clock (rise edge)
                          0.00   10.00   clock source latency
     1    0.03    0.00    0.00   10.00 ^ clk (in)
                                         clk (net)
                  0.00    0.00   10.00 ^ clkbuf_0_clk/A (sky130_fd_sc_hd__clkbuf_16)
     4    0.05    0.10    0.23   10.23 ^ clkbuf_0_clk/X (sky130_fd_sc_hd__clkbuf_16)
                                         clknet_0_clk (net)
                  0.10    0.00   10.23 ^ clkbuf_2_1__f_clk/A (sky130_fd_sc_hd__clkbuf_16)
    22    0.07    0.13    0.30   10.53 ^ clkbuf_2_1__f_clk/X (sky130_fd_sc_hd__clkbuf_16)
                                         clknet_2_1__leaf_clk (net)
                  0.14    0.01   10.54 ^ _329_/CLK (sky130_fd_sc_hd__dfrtp_4)
                          0.00   10.54   clock reconvergence pessimism
                         -0.30   10.24   library setup time
                                 10.24   data required time
-----------------------------------------------------------------------------
                                 10.24   data required time
                                 -7.10   data arrival time
-----------------------------------------------------------------------------
                                  3.14   slack (MET)


Startpoint: _335_ (rising edge-triggered flip-flop clocked by core_clock)
Endpoint: _334_ (rising edge-triggered flip-flop clocked by core_clock)
Path Group: core_clock
Path Type: max
Corner: Slowest

Fanout     Cap    Slew   Delay    Time   Description
-----------------------------------------------------------------------------
                          0.00    0.00   clock core_clock (rise edge)
                          0.00    0.00   clock source latency
     1    0.03    0.00    0.00    0.00 ^ clk (in)
                                         clk (net)
                  0.00    0.00    0.00 ^ clkbuf_0_clk/A (sky130_fd_sc_hd__clkbuf_16)
     4    0.05    0.10    0.23    0.23 ^ clkbuf_0_clk/X (sky130_fd_sc_hd__clkbuf_16)
                                         clknet_0_clk (net)
                  0.10    0.00    0.23 ^ clkbuf_2_3__f_clk/A (sky130_fd_sc_hd__clkbuf_16)
    18    0.05    0.11    0.28    0.51 ^ clkbuf_2_3__f_clk/X (sky130_fd_sc_hd__clkbuf_16)
                                         clknet_2_3__leaf_clk (net)
                  0.11    0.00    0.52 ^ _335_/CLK (sky130_fd_sc_hd__dfrtp_4)
     6    0.05    0.21    1.14    1.65 v _335_/Q (sky130_fd_sc_hd__dfrtp_4)
                                         div.count[15] (net)
                  0.21    0.01    1.66 v _157_/A (sky130_fd_sc_hd__or4b_2)
     2    0.03    0.39    1.92    3.58 v _157_/X (sky130_fd_sc_hd__or4b_2)
                                         _074_ (net)
                  0.39    0.00    3.58 v _161_/A (sky130_fd_sc_hd__or4_2)
     4    0.04    0.41    1.99    5.57 v _161_/X (sky130_fd_sc_hd__or4_2)
                                         _078_ (net)
                  0.41    0.01    5.58 v _199_/A (sky130_fd_sc_hd__or3_4)
     8    0.05    0.23    1.05    6.62 v _199_/X (sky130_fd_sc_hd__or3_4)
                                         _106_ (net)
                  0.23    0.01    6.63 v _214_/C1 (sky130_fd_sc_hd__o211a_1)
     1    0.00    0.07    0.27    6.90 v _214_/X (sky130_fd_sc_hd__o211a_1)
                                         _009_ (net)
                  0.07    0.00    6.90 v _334_/D (sky130_fd_sc_hd__dfrtp_2)
                                  6.90   data arrival time

                         10.00   10.00   clock core_clock (rise edge)
                          0.00   10.00   clock source latency
     1    0.03    0.00    0.00   10.00 ^ clk (in)
                                         clk (net)
                  0.00    0.00   10.00 ^ clkbuf_0_clk/A (sky130_fd_sc_hd__clkbuf_16)
     4    0.05    0.10    0.23   10.23 ^ clkbuf_0_clk/X (sky130_fd_sc_hd__clkbuf_16)
                                         clknet_0_clk (net)
                  0.10    0.00   10.23 ^ clkbuf_2_2__f_clk/A (sky130_fd_sc_hd__clkbuf_16)
    14    0.06    0.12    0.28   10.52 ^ clkbuf_2_2__f_clk/X (sky130_fd_sc_hd__clkbuf_16)
                                         clknet_2_2__leaf_clk (net)
                  0.12    0.00   10.52 ^ _334_/CLK (sky130_fd_sc_hd__dfrtp_2)
                          0.00   10.52   clock reconvergence pessimism
                         -0.26   10.26   library setup time
                                 10.26   data required time
-----------------------------------------------------------------------------
                                 10.26   data required time
                                 -6.90   data arrival time
-----------------------------------------------------------------------------
                                  3.35   slack (MET)


Startpoint: _321_ (rising edge-triggered flip-flop clocked by core_clock)
Endpoint: _343_ (rising edge-triggered flip-flop clocked by core_clock)
Path Group: core_clock
Path Type: max
Corner: Slowest

Fanout     Cap    Slew   Delay    Time   Description
-----------------------------------------------------------------------------
                          0.00    0.00   clock core_clock (rise edge)
                          0.00    0.00   clock source latency
     1    0.03    0.00    0.00    0.00 ^ clk (in)
                                         clk (net)
                  0.00    0.00    0.00 ^ clkbuf_0_clk/A (sky130_fd_sc_hd__clkbuf_16)
     4    0.05    0.10    0.23    0.23 ^ clkbuf_0_clk/X (sky130_fd_sc_hd__clkbuf_16)
                                         clknet_0_clk (net)
                  0.10    0.00    0.23 ^ clkbuf_2_1__f_clk/A (sky130_fd_sc_hd__clkbuf_16)
    22    0.07    0.13    0.30    0.53 ^ clkbuf_2_1__f_clk/X (sky130_fd_sc_hd__clkbuf_16)
                                         clknet_2_1__leaf_clk (net)
                  0.14    0.01    0.54 ^ _321_/CLK (sky130_fd_sc_hd__dfrtp_4)
    10    0.05    0.27    1.01    1.55 ^ _321_/Q (sky130_fd_sc_hd__dfrtp_4)
                                         div.count[1] (net)
                  0.28    0.01    1.56 ^ _176_/B (sky130_fd_sc_hd__and4_1)
     1    0.02    0.30    0.62    2.18 ^ _176_/X (sky130_fd_sc_hd__and4_1)
                                         _089_ (net)
                  0.30    0.00    2.18 ^ _177_/A (sky130_fd_sc_hd__clkbuf_4)
    16    0.08    0.37    0.57    2.74 ^ _177_/X (sky130_fd_sc_hd__clkbuf_4)
                                         _090_ (net)
                  0.37    0.01    2.75 ^ _217_/A (sky130_fd_sc_hd__and4_1)
     1    0.02    0.33    0.66    3.41 ^ _217_/X (sky130_fd_sc_hd__and4_1)
                                         _117_ (net)
                  0.33    0.00    3.41 ^ _218_/A (sky130_fd_sc_hd__clkbuf_4)
    18    0.09    0.43    0.63    4.04 ^ _218_/X (sky130_fd_sc_hd__clkbuf_4)
                                         _118_ (net)
                  0.43    0.02    4.06 ^ _232_/B (sky130_fd_sc_hd__and3_2)
     8    0.06    0.46    0.80    4.86 ^ _232_/X (sky130_fd_sc_hd__and3_2)
                                         _128_ (net)
                  0.46    0.01    4.87 ^ _237_/C (sky130_fd_sc_hd__nand3_2)
     4    0.03    0.37    0.48    5.34 v _237_/Y (sky130_fd_sc_hd__nand3_2)
                                         _131_ (net)
                  0.37    0.00    5.35 v _240_/B (sky130_fd_sc_hd__xnor2_1)
     2    0.02    0.88    0.86    6.21 ^ _240_/Y (sky130_fd_sc_hd__xnor2_1)
                                         _019_ (net)
                  0.88    0.00    6.22 ^ _343_/D (sky130_fd_sc_hd__dfrtp_2)
                                  6.22   data arrival time

                         10.00   10.00   clock core_clock (rise edge)
                          0.00   10.00   clock source latency
     1    0.03    0.00    0.00   10.00 ^ clk (in)
                                         clk (net)
                  0.00    0.00   10.00 ^ clkbuf_0_clk/A (sky130_fd_sc_hd__clkbuf_16)
     4    0.05    0.10    0.23   10.23 ^ clkbuf_0_clk/X (sky130_fd_sc_hd__clkbuf_16)
                                         clknet_0_clk (net)
                  0.10    0.00   10.23 ^ clkbuf_2_1__f_clk/A (sky130_fd_sc_hd__clkbuf_16)
    22    0.07    0.13    0.30   10.53 ^ clkbuf_2_1__f_clk/X (sky130_fd_sc_hd__clkbuf_16)
                                         clknet_2_1__leaf_clk (net)
                  0.14    0.01   10.54 ^ _343_/CLK (sky130_fd_sc_hd__dfrtp_2)
                          0.00   10.54   clock reconvergence pessimism
                         -0.33   10.20   library setup time
                                 10.20   data required time
-----------------------------------------------------------------------------
                                 10.20   data required time
                                 -6.22   data arrival time
-----------------------------------------------------------------------------
                                  3.99   slack (MET)


Startpoint: _321_ (rising edge-triggered flip-flop clocked by core_clock)
Endpoint: _349_ (rising edge-triggered flip-flop clocked by core_clock)
Path Group: core_clock
Path Type: max
Corner: Slowest

Fanout     Cap    Slew   Delay    Time   Description
-----------------------------------------------------------------------------
                          0.00    0.00   clock core_clock (rise edge)
                          0.00    0.00   clock source latency
     1    0.03    0.00    0.00    0.00 ^ clk (in)
                                         clk (net)
                  0.00    0.00    0.00 ^ clkbuf_0_clk/A (sky130_fd_sc_hd__clkbuf_16)
     4    0.05    0.10    0.23    0.23 ^ clkbuf_0_clk/X (sky130_fd_sc_hd__clkbuf_16)
                                         clknet_0_clk (net)
                  0.10    0.00    0.23 ^ clkbuf_2_1__f_clk/A (sky130_fd_sc_hd__clkbuf_16)
    22    0.07    0.13    0.30    0.53 ^ clkbuf_2_1__f_clk/X (sky130_fd_sc_hd__clkbuf_16)
                                         clknet_2_1__leaf_clk (net)
                  0.14    0.01    0.54 ^ _321_/CLK (sky130_fd_sc_hd__dfrtp_4)
    10    0.05    0.27    1.01    1.55 ^ _321_/Q (sky130_fd_sc_hd__dfrtp_4)
                                         div.count[1] (net)
                  0.28    0.01    1.56 ^ _176_/B (sky130_fd_sc_hd__and4_1)
     1    0.02    0.30    0.62    2.18 ^ _176_/X (sky130_fd_sc_hd__and4_1)
                                         _089_ (net)
                  0.30    0.00    2.18 ^ _177_/A (sky130_fd_sc_hd__clkbuf_4)
    16    0.08    0.37    0.57    2.74 ^ _177_/X (sky130_fd_sc_hd__clkbuf_4)
                                         _090_ (net)
                  0.37    0.01    2.75 ^ _217_/A (sky130_fd_sc_hd__and4_1)
     1    0.02    0.33    0.66    3.41 ^ _217_/X (sky130_fd_sc_hd__and4_1)
                                         _117_ (net)
                  0.33    0.00    3.41 ^ _218_/A (sky130_fd_sc_hd__clkbuf_4)
    18    0.09    0.43    0.63    4.04 ^ _218_/X (sky130_fd_sc_hd__clkbuf_4)
                                         _118_ (net)
                  0.43    0.01    4.06 ^ _251_/A (sky130_fd_sc_hd__and3_2)
    10    0.05    0.41    0.77    4.82 ^ _251_/X (sky130_fd_sc_hd__and3_2)
                                         _140_ (net)
                  0.41    0.00    4.83 ^ _256_/C (sky130_fd_sc_hd__nand3_2)
     4    0.03    0.41    0.50    5.32 v _256_/Y (sky130_fd_sc_hd__nand3_2)
                                         _143_ (net)
                  0.41    0.00    5.33 v _257_/B1 (sky130_fd_sc_hd__o21a_1)
     2    0.03    0.29    0.54    5.86 v _257_/X (sky130_fd_sc_hd__o21a_1)
                                         _025_ (net)
                  0.29    0.00    5.87 v _349_/D (sky130_fd_sc_hd__dfrtp_4)
                                  5.87   data arrival time

                         10.00   10.00   clock core_clock (rise edge)
                          0.00   10.00   clock source latency
     1    0.03    0.00    0.00   10.00 ^ clk (in)
                                         clk (net)
                  0.00    0.00   10.00 ^ clkbuf_0_clk/A (sky130_fd_sc_hd__clkbuf_16)
     4    0.05    0.10    0.23   10.23 ^ clkbuf_0_clk/X (sky130_fd_sc_hd__clkbuf_16)
                                         clknet_0_clk (net)
                  0.10    0.00   10.23 ^ clkbuf_2_3__f_clk/A (sky130_fd_sc_hd__clkbuf_16)
    18    0.05    0.11    0.28   10.51 ^ clkbuf_2_3__f_clk/X (sky130_fd_sc_hd__clkbuf_16)
                                         clknet_2_3__leaf_clk (net)
                  0.11    0.00   10.52 ^ _349_/CLK (sky130_fd_sc_hd__dfrtp_4)
                          0.00   10.52   clock reconvergence pessimism
                         -0.36   10.16   library setup time
                                 10.16   data required time
-----------------------------------------------------------------------------
                                 10.16   data required time
                                 -5.87   data arrival time
-----------------------------------------------------------------------------
                                  4.29   slack (MET)


Startpoint: _321_ (rising edge-triggered flip-flop clocked by core_clock)
Endpoint: _345_ (rising edge-triggered flip-flop clocked by core_clock)
Path Group: core_clock
Path Type: max
Corner: Slowest

Fanout     Cap    Slew   Delay    Time   Description
-----------------------------------------------------------------------------
                          0.00    0.00   clock core_clock (rise edge)
                          0.00    0.00   clock source latency
     1    0.03    0.00    0.00    0.00 ^ clk (in)
                                         clk (net)
                  0.00    0.00    0.00 ^ clkbuf_0_clk/A (sky130_fd_sc_hd__clkbuf_16)
     4    0.05    0.10    0.23    0.23 ^ clkbuf_0_clk/X (sky130_fd_sc_hd__clkbuf_16)
                                         clknet_0_clk (net)
                  0.10    0.00    0.23 ^ clkbuf_2_1__f_clk/A (sky130_fd_sc_hd__clkbuf_16)
    22    0.07    0.13    0.30    0.53 ^ clkbuf_2_1__f_clk/X (sky130_fd_sc_hd__clkbuf_16)
                                         clknet_2_1__leaf_clk (net)
                  0.14    0.01    0.54 ^ _321_/CLK (sky130_fd_sc_hd__dfrtp_4)
    10    0.05    0.27    1.01    1.55 ^ _321_/Q (sky130_fd_sc_hd__dfrtp_4)
                                         div.count[1] (net)
                  0.28    0.01    1.56 ^ _176_/B (sky130_fd_sc_hd__and4_1)
     1    0.02    0.30    0.62    2.18 ^ _176_/X (sky130_fd_sc_hd__and4_1)
                                         _089_ (net)
                  0.30    0.00    2.18 ^ _177_/A (sky130_fd_sc_hd__clkbuf_4)
    16    0.08    0.37    0.57    2.74 ^ _177_/X (sky130_fd_sc_hd__clkbuf_4)
                                         _090_ (net)
                  0.37    0.01    2.75 ^ _217_/A (sky130_fd_sc_hd__and4_1)
     1    0.02    0.33    0.66    3.41 ^ _217_/X (sky130_fd_sc_hd__and4_1)
                                         _117_ (net)
                  0.33    0.00    3.41 ^ _218_/A (sky130_fd_sc_hd__clkbuf_4)
    18    0.09    0.43    0.63    4.04 ^ _218_/X (sky130_fd_sc_hd__clkbuf_4)
                                         _118_ (net)
                  0.43    0.02    4.06 ^ _243_/A (sky130_fd_sc_hd__and2_2)
     8    0.05    0.41    0.67    4.73 ^ _243_/X (sky130_fd_sc_hd__and2_2)
                                         _135_ (net)
                  0.41    0.01    4.74 ^ _246_/C (sky130_fd_sc_hd__and3_1)
     4    0.03    0.48    0.72    5.46 ^ _246_/X (sky130_fd_sc_hd__and3_1)
                                         _137_ (net)
                  0.48    0.00    5.46 ^ _247_/B (sky130_fd_sc_hd__nor2_1)
     2    0.02    0.26    0.38    5.85 v _247_/Y (sky130_fd_sc_hd__nor2_1)
                                         _021_ (net)
                  0.26    0.00    5.85 v _345_/D (sky130_fd_sc_hd__dfrtp_2)
                                  5.85   data arrival time

                         10.00   10.00   clock core_clock (rise edge)
                          0.00   10.00   clock source latency
     1    0.03    0.00    0.00   10.00 ^ clk (in)
                                         clk (net)
                  0.00    0.00   10.00 ^ clkbuf_0_clk/A (sky130_fd_sc_hd__clkbuf_16)
     4    0.05    0.10    0.23   10.23 ^ clkbuf_0_clk/X (sky130_fd_sc_hd__clkbuf_16)
                                         clknet_0_clk (net)
                  0.10    0.00   10.23 ^ clkbuf_2_3__f_clk/A (sky130_fd_sc_hd__clkbuf_16)
    18    0.05    0.11    0.28   10.51 ^ clkbuf_2_3__f_clk/X (sky130_fd_sc_hd__clkbuf_16)
                                         clknet_2_3__leaf_clk (net)
                  0.11    0.00   10.52 ^ _345_/CLK (sky130_fd_sc_hd__dfrtp_2)
                          0.00   10.52   clock reconvergence pessimism
                         -0.34   10.17   library setup time
                                 10.17   data required time
-----------------------------------------------------------------------------
                                 10.17   data required time
                                 -5.85   data arrival time
-----------------------------------------------------------------------------
                                  4.32   slack (MET)


Startpoint: _321_ (rising edge-triggered flip-flop clocked by core_clock)
Endpoint: _346_ (rising edge-triggered flip-flop clocked by core_clock)
Path Group: core_clock
Path Type: max
Corner: Slowest

Fanout     Cap    Slew   Delay    Time   Description
-----------------------------------------------------------------------------
                          0.00    0.00   clock core_clock (rise edge)
                          0.00    0.00   clock source latency
     1    0.03    0.00    0.00    0.00 ^ clk (in)
                                         clk (net)
                  0.00    0.00    0.00 ^ clkbuf_0_clk/A (sky130_fd_sc_hd__clkbuf_16)
     4    0.05    0.10    0.23    0.23 ^ clkbuf_0_clk/X (sky130_fd_sc_hd__clkbuf_16)
                                         clknet_0_clk (net)
                  0.10    0.00    0.23 ^ clkbuf_2_1__f_clk/A (sky130_fd_sc_hd__clkbuf_16)
    22    0.07    0.13    0.30    0.53 ^ clkbuf_2_1__f_clk/X (sky130_fd_sc_hd__clkbuf_16)
                                         clknet_2_1__leaf_clk (net)
                  0.14    0.01    0.54 ^ _321_/CLK (sky130_fd_sc_hd__dfrtp_4)
    10    0.05    0.27    1.01    1.55 ^ _321_/Q (sky130_fd_sc_hd__dfrtp_4)
                                         div.count[1] (net)
                  0.28    0.01    1.56 ^ _176_/B (sky130_fd_sc_hd__and4_1)
     1    0.02    0.30    0.62    2.18 ^ _176_/X (sky130_fd_sc_hd__and4_1)
                                         _089_ (net)
                  0.30    0.00    2.18 ^ _177_/A (sky130_fd_sc_hd__clkbuf_4)
    16    0.08    0.37    0.57    2.74 ^ _177_/X (sky130_fd_sc_hd__clkbuf_4)
                                         _090_ (net)
                  0.37    0.01    2.75 ^ _217_/A (sky130_fd_sc_hd__and4_1)
     1    0.02    0.33    0.66    3.41 ^ _217_/X (sky130_fd_sc_hd__and4_1)
                                         _117_ (net)
                  0.33    0.00    3.41 ^ _218_/A (sky130_fd_sc_hd__clkbuf_4)
    18    0.09    0.43    0.63    4.04 ^ _218_/X (sky130_fd_sc_hd__clkbuf_4)
                                         _118_ (net)
                  0.43    0.02    4.06 ^ _243_/A (sky130_fd_sc_hd__and2_2)
     8    0.05    0.41    0.67    4.73 ^ _243_/X (sky130_fd_sc_hd__and2_2)
                                         _135_ (net)
                  0.41    0.01    4.74 ^ _246_/C (sky130_fd_sc_hd__and3_1)
     4    0.03    0.48    0.72    5.46 ^ _246_/X (sky130_fd_sc_hd__and3_1)
                                         _137_ (net)
                  0.48    0.00    5.46 ^ _248_/B (sky130_fd_sc_hd__xor2_1)
     1    0.01    0.38    0.52    5.98 ^ _248_/X (sky130_fd_sc_hd__xor2_1)
                                         _022_ (net)
                  0.38    0.00    5.98 ^ _346_/D (sky130_fd_sc_hd__dfrtp_2)
                                  5.98   data arrival time

                         10.00   10.00   clock core_clock (rise edge)
                          0.00   10.00   clock source latency
     1    0.03    0.00    0.00   10.00 ^ clk (in)
                                         clk (net)
                  0.00    0.00   10.00 ^ clkbuf_0_clk/A (sky130_fd_sc_hd__clkbuf_16)
     4    0.05    0.10    0.23   10.23 ^ clkbuf_0_clk/X (sky130_fd_sc_hd__clkbuf_16)
                                         clknet_0_clk (net)
                  0.10    0.00   10.23 ^ clkbuf_2_0__f_clk/A (sky130_fd_sc_hd__clkbuf_16)
    18    0.06    0.12    0.29   10.52 ^ clkbuf_2_0__f_clk/X (sky130_fd_sc_hd__clkbuf_16)
                                         clknet_2_0__leaf_clk (net)
                  0.12    0.00   10.52 ^ _346_/CLK (sky130_fd_sc_hd__dfrtp_2)
                          0.00   10.52   clock reconvergence pessimism
                         -0.21   10.32   library setup time
                                 10.32   data required time
-----------------------------------------------------------------------------
                                 10.32   data required time
                                 -5.98   data arrival time
-----------------------------------------------------------------------------
                                  4.33   slack (MET)


Startpoint: _322_ (rising edge-triggered flip-flop clocked by core_clock)
Endpoint: _348_ (rising edge-triggered flip-flop clocked by core_clock)
Path Group: core_clock
Path Type: max
Corner: Slowest

Fanout     Cap    Slew   Delay    Time   Description
-----------------------------------------------------------------------------
                          0.00    0.00   clock core_clock (rise edge)
                          0.00    0.00   clock source latency
     1    0.03    0.00    0.00    0.00 ^ clk (in)
                                         clk (net)
                  0.00    0.00    0.00 ^ clkbuf_0_clk/A (sky130_fd_sc_hd__clkbuf_16)
     4    0.05    0.10    0.23    0.23 ^ clkbuf_0_clk/X (sky130_fd_sc_hd__clkbuf_16)
                                         clknet_0_clk (net)
                  0.10    0.00    0.23 ^ clkbuf_2_1__f_clk/A (sky130_fd_sc_hd__clkbuf_16)
    22    0.07    0.13    0.30    0.53 ^ clkbuf_2_1__f_clk/X (sky130_fd_sc_hd__clkbuf_16)
                                         clknet_2_1__leaf_clk (net)
                  0.14    0.01    0.54 ^ _322_/CLK (sky130_fd_sc_hd__dfrtp_4)
     8    0.05    0.21    1.15    1.69 v _322_/Q (sky130_fd_sc_hd__dfrtp_4)
                                         div.count[2] (net)
                  0.21    0.00    1.69 v _176_/C (sky130_fd_sc_hd__and4_1)
     1    0.02    0.18    0.57    2.26 v _176_/X (sky130_fd_sc_hd__and4_1)
                                         _089_ (net)
                  0.18    0.00    2.26 v _177_/A (sky130_fd_sc_hd__clkbuf_4)
    16    0.08    0.27    0.48    2.74 v _177_/X (sky130_fd_sc_hd__clkbuf_4)
                                         _090_ (net)
                  0.27    0.01    2.75 v _217_/A (sky130_fd_sc_hd__and4_1)
     1    0.02    0.20    0.53    3.28 v _217_/X (sky130_fd_sc_hd__and4_1)
                                         _117_ (net)
                  0.20    0.00    3.28 v _218_/A (sky130_fd_sc_hd__clkbuf_4)
    18    0.09    0.32    0.52    3.80 v _218_/X (sky130_fd_sc_hd__clkbuf_4)
                                         _118_ (net)
                  0.32    0.01    3.82 v _251_/A (sky130_fd_sc_hd__and3_2)
    10    0.05    0.25    0.67    4.49 v _251_/X (sky130_fd_sc_hd__and3_2)
                                         _140_ (net)
                  0.25    0.00    4.49 v _254_/B (sky130_fd_sc_hd__nor2_1)
     2    0.03    0.86    0.76    5.25 ^ _254_/Y (sky130_fd_sc_hd__nor2_1)
                                         _142_ (net)
                  0.86    0.00    5.25 ^ _255_/B (sky130_fd_sc_hd__nor2_1)
     1    0.02    0.29    0.49    5.75 v _255_/Y (sky130_fd_sc_hd__nor2_1)
                                         _024_ (net)
                  0.29    0.00    5.75 v _348_/D (sky130_fd_sc_hd__dfrtp_4)
                                  5.75   data arrival time

                         10.00   10.00   clock core_clock (rise edge)
                          0.00   10.00   clock source latency
     1    0.03    0.00    0.00   10.00 ^ clk (in)
                                         clk (net)
                  0.00    0.00   10.00 ^ clkbuf_0_clk/A (sky130_fd_sc_hd__clkbuf_16)
     4    0.05    0.10    0.23   10.23 ^ clkbuf_0_clk/X (sky130_fd_sc_hd__clkbuf_16)
                                         clknet_0_clk (net)
                  0.10    0.00   10.23 ^ clkbuf_2_1__f_clk/A (sky130_fd_sc_hd__clkbuf_16)
    22    0.07    0.13    0.30   10.53 ^ clkbuf_2_1__f_clk/X (sky130_fd_sc_hd__clkbuf_16)
                                         clknet_2_1__leaf_clk (net)
                  0.14    0.01   10.54 ^ _348_/CLK (sky130_fd_sc_hd__dfrtp_4)
                          0.00   10.54   clock reconvergence pessimism
                         -0.35   10.19   library setup time
                                 10.19   data required time
-----------------------------------------------------------------------------
                                 10.19   data required time
                                 -5.75   data arrival time
-----------------------------------------------------------------------------
                                  4.44   slack (MET)


Startpoint: _321_ (rising edge-triggered flip-flop clocked by core_clock)
Endpoint: _351_ (rising edge-triggered flip-flop clocked by core_clock)
Path Group: core_clock
Path Type: max
Corner: Slowest

Fanout     Cap    Slew   Delay    Time   Description
-----------------------------------------------------------------------------
                          0.00    0.00   clock core_clock (rise edge)
                          0.00    0.00   clock source latency
     1    0.03    0.00    0.00    0.00 ^ clk (in)
                                         clk (net)
                  0.00    0.00    0.00 ^ clkbuf_0_clk/A (sky130_fd_sc_hd__clkbuf_16)
     4    0.05    0.10    0.23    0.23 ^ clkbuf_0_clk/X (sky130_fd_sc_hd__clkbuf_16)
                                         clknet_0_clk (net)
                  0.10    0.00    0.23 ^ clkbuf_2_1__f_clk/A (sky130_fd_sc_hd__clkbuf_16)
    22    0.07    0.13    0.30    0.53 ^ clkbuf_2_1__f_clk/X (sky130_fd_sc_hd__clkbuf_16)
                                         clknet_2_1__leaf_clk (net)
                  0.14    0.01    0.54 ^ _321_/CLK (sky130_fd_sc_hd__dfrtp_4)
    10    0.05    0.27    1.01    1.55 ^ _321_/Q (sky130_fd_sc_hd__dfrtp_4)
                                         div.count[1] (net)
                  0.28    0.01    1.56 ^ _176_/B (sky130_fd_sc_hd__and4_1)
     1    0.02    0.30    0.62    2.18 ^ _176_/X (sky130_fd_sc_hd__and4_1)
                                         _089_ (net)
                  0.30    0.00    2.18 ^ _177_/A (sky130_fd_sc_hd__clkbuf_4)
    16    0.08    0.37    0.57    2.74 ^ _177_/X (sky130_fd_sc_hd__clkbuf_4)
                                         _090_ (net)
                  0.37    0.01    2.75 ^ _217_/A (sky130_fd_sc_hd__and4_1)
     1    0.02    0.33    0.66    3.41 ^ _217_/X (sky130_fd_sc_hd__and4_1)
                                         _117_ (net)
                  0.33    0.00    3.41 ^ _218_/A (sky130_fd_sc_hd__clkbuf_4)
    18    0.09    0.43    0.63    4.04 ^ _218_/X (sky130_fd_sc_hd__clkbuf_4)
                                         _118_ (net)
                  0.43    0.01    4.06 ^ _251_/A (sky130_fd_sc_hd__and3_2)
    10    0.05    0.41    0.77    4.82 ^ _251_/X (sky130_fd_sc_hd__and3_2)
                                         _140_ (net)
                  0.41    0.00    4.82 ^ _259_/D (sky130_fd_sc_hd__and4_1)
     1    0.01    0.19    0.58    5.41 ^ _259_/X (sky130_fd_sc_hd__and4_1)
                                         _144_ (net)
                  0.19    0.00    5.41 ^ _260_/B (sky130_fd_sc_hd__xor2_1)
     1    0.01    0.38    0.45    5.85 ^ _260_/X (sky130_fd_sc_hd__xor2_1)
                                         _028_ (net)
                  0.38    0.00    5.85 ^ _351_/D (sky130_fd_sc_hd__dfrtp_1)
                                  5.85   data arrival time

                         10.00   10.00   clock core_clock (rise edge)
                          0.00   10.00   clock source latency
     1    0.03    0.00    0.00   10.00 ^ clk (in)
                                         clk (net)
                  0.00    0.00   10.00 ^ clkbuf_0_clk/A (sky130_fd_sc_hd__clkbuf_16)
     4    0.05    0.10    0.23   10.23 ^ clkbuf_0_clk/X (sky130_fd_sc_hd__clkbuf_16)
                                         clknet_0_clk (net)
                  0.10    0.00   10.23 ^ clkbuf_2_3__f_clk/A (sky130_fd_sc_hd__clkbuf_16)
    18    0.05    0.11    0.28   10.51 ^ clkbuf_2_3__f_clk/X (sky130_fd_sc_hd__clkbuf_16)
                                         clknet_2_3__leaf_clk (net)
                  0.11    0.00   10.52 ^ _351_/CLK (sky130_fd_sc_hd__dfrtp_1)
                          0.00   10.52   clock reconvergence pessimism
                         -0.20   10.31   library setup time
                                 10.31   data required time
-----------------------------------------------------------------------------
                                 10.31   data required time
                                 -5.85   data arrival time
-----------------------------------------------------------------------------
                                  4.46   slack (MET)


Startpoint: _321_ (rising edge-triggered flip-flop clocked by core_clock)
Endpoint: _350_ (rising edge-triggered flip-flop clocked by core_clock)
Path Group: core_clock
Path Type: max
Corner: Slowest

Fanout     Cap    Slew   Delay    Time   Description
-----------------------------------------------------------------------------
                          0.00    0.00   clock core_clock (rise edge)
                          0.00    0.00   clock source latency
     1    0.03    0.00    0.00    0.00 ^ clk (in)
                                         clk (net)
                  0.00    0.00    0.00 ^ clkbuf_0_clk/A (sky130_fd_sc_hd__clkbuf_16)
     4    0.05    0.10    0.23    0.23 ^ clkbuf_0_clk/X (sky130_fd_sc_hd__clkbuf_16)
                                         clknet_0_clk (net)
                  0.10    0.00    0.23 ^ clkbuf_2_1__f_clk/A (sky130_fd_sc_hd__clkbuf_16)
    22    0.07    0.13    0.30    0.53 ^ clkbuf_2_1__f_clk/X (sky130_fd_sc_hd__clkbuf_16)
                                         clknet_2_1__leaf_clk (net)
                  0.14    0.01    0.54 ^ _321_/CLK (sky130_fd_sc_hd__dfrtp_4)
    10    0.05    0.27    1.01    1.55 ^ _321_/Q (sky130_fd_sc_hd__dfrtp_4)
                                         div.count[1] (net)
                  0.28    0.01    1.56 ^ _176_/B (sky130_fd_sc_hd__and4_1)
     1    0.02    0.30    0.62    2.18 ^ _176_/X (sky130_fd_sc_hd__and4_1)
                                         _089_ (net)
                  0.30    0.00    2.18 ^ _177_/A (sky130_fd_sc_hd__clkbuf_4)
    16    0.08    0.37    0.57    2.74 ^ _177_/X (sky130_fd_sc_hd__clkbuf_4)
                                         _090_ (net)
                  0.37    0.01    2.75 ^ _217_/A (sky130_fd_sc_hd__and4_1)
     1    0.02    0.33    0.66    3.41 ^ _217_/X (sky130_fd_sc_hd__and4_1)
                                         _117_ (net)
                  0.33    0.00    3.41 ^ _218_/A (sky130_fd_sc_hd__clkbuf_4)
    18    0.09    0.43    0.63    4.04 ^ _218_/X (sky130_fd_sc_hd__clkbuf_4)
                                         _118_ (net)
                  0.43    0.01    4.06 ^ _251_/A (sky130_fd_sc_hd__and3_2)
    10    0.05    0.41    0.77    4.82 ^ _251_/X (sky130_fd_sc_hd__and3_2)
                                         _140_ (net)
                  0.41    0.00    4.83 ^ _256_/C (sky130_fd_sc_hd__nand3_2)
     4    0.03    0.41    0.50    5.32 v _256_/Y (sky130_fd_sc_hd__nand3_2)
                                         _143_ (net)
                  0.41    0.00    5.33 v _258_/B (sky130_fd_sc_hd__xnor2_1)
     1    0.00    0.13    0.37    5.69 v _258_/Y (sky130_fd_sc_hd__xnor2_1)
                                         _027_ (net)
                  0.13    0.00    5.69 v _350_/D (sky130_fd_sc_hd__dfrtp_2)
                                  5.69   data arrival time

                         10.00   10.00   clock core_clock (rise edge)
                          0.00   10.00   clock source latency
     1    0.03    0.00    0.00   10.00 ^ clk (in)
                                         clk (net)
                  0.00    0.00   10.00 ^ clkbuf_0_clk/A (sky130_fd_sc_hd__clkbuf_16)
     4    0.05    0.10    0.23   10.23 ^ clkbuf_0_clk/X (sky130_fd_sc_hd__clkbuf_16)
                                         clknet_0_clk (net)
                  0.10    0.00   10.23 ^ clkbuf_2_0__f_clk/A (sky130_fd_sc_hd__clkbuf_16)
    18    0.06    0.12    0.29   10.52 ^ clkbuf_2_0__f_clk/X (sky130_fd_sc_hd__clkbuf_16)
                                         clknet_2_0__leaf_clk (net)
                  0.12    0.00   10.52 ^ _350_/CLK (sky130_fd_sc_hd__dfrtp_2)
                          0.00   10.52   clock reconvergence pessimism
                         -0.29   10.24   library setup time
                                 10.24   data required time
-----------------------------------------------------------------------------
                                 10.24   data required time
                                 -5.69   data arrival time
-----------------------------------------------------------------------------
                                  4.54   slack (MET)


Startpoint: _321_ (rising edge-triggered flip-flop clocked by core_clock)
Endpoint: _347_ (rising edge-triggered flip-flop clocked by core_clock)
Path Group: core_clock
Path Type: max
Corner: Slowest

Fanout     Cap    Slew   Delay    Time   Description
-----------------------------------------------------------------------------
                          0.00    0.00   clock core_clock (rise edge)
                          0.00    0.00   clock source latency
     1    0.03    0.00    0.00    0.00 ^ clk (in)
                                         clk (net)
                  0.00    0.00    0.00 ^ clkbuf_0_clk/A (sky130_fd_sc_hd__clkbuf_16)
     4    0.05    0.10    0.23    0.23 ^ clkbuf_0_clk/X (sky130_fd_sc_hd__clkbuf_16)
                                         clknet_0_clk (net)
                  0.10    0.00    0.23 ^ clkbuf_2_1__f_clk/A (sky130_fd_sc_hd__clkbuf_16)
    22    0.07    0.13    0.30    0.53 ^ clkbuf_2_1__f_clk/X (sky130_fd_sc_hd__clkbuf_16)
                                         clknet_2_1__leaf_clk (net)
                  0.14    0.01    0.54 ^ _321_/CLK (sky130_fd_sc_hd__dfrtp_4)
    10    0.05    0.27    1.01    1.55 ^ _321_/Q (sky130_fd_sc_hd__dfrtp_4)
                                         div.count[1] (net)
                  0.28    0.01    1.56 ^ _176_/B (sky130_fd_sc_hd__and4_1)
     1    0.02    0.30    0.62    2.18 ^ _176_/X (sky130_fd_sc_hd__and4_1)
                                         _089_ (net)
                  0.30    0.00    2.18 ^ _177_/A (sky130_fd_sc_hd__clkbuf_4)
    16    0.08    0.37    0.57    2.74 ^ _177_/X (sky130_fd_sc_hd__clkbuf_4)
                                         _090_ (net)
                  0.37    0.01    2.75 ^ _217_/A (sky130_fd_sc_hd__and4_1)
     1    0.02    0.33    0.66    3.41 ^ _217_/X (sky130_fd_sc_hd__and4_1)
                                         _117_ (net)
                  0.33    0.00    3.41 ^ _218_/A (sky130_fd_sc_hd__clkbuf_4)
    18    0.09    0.43    0.63    4.04 ^ _218_/X (sky130_fd_sc_hd__clkbuf_4)
                                         _118_ (net)
                  0.43    0.02    4.06 ^ _243_/A (sky130_fd_sc_hd__and2_2)
     8    0.05    0.41    0.67    4.73 ^ _243_/X (sky130_fd_sc_hd__and2_2)
                                         _135_ (net)
                  0.41    0.01    4.74 ^ _249_/D (sky130_fd_sc_hd__and4_1)
     1    0.01    0.25    0.64    5.38 ^ _249_/X (sky130_fd_sc_hd__and4_1)
                                         _138_ (net)
                  0.25    0.00    5.38 ^ _252_/A2 (sky130_fd_sc_hd__o21ba_1)
     1    0.01    0.23    0.40    5.79 ^ _252_/X (sky130_fd_sc_hd__o21ba_1)
                                         _023_ (net)
                  0.23    0.00    5.79 ^ _347_/D (sky130_fd_sc_hd__dfrtp_1)
                                  5.79   data arrival time

                         10.00   10.00   clock core_clock (rise edge)
                          0.00   10.00   clock source latency
     1    0.03    0.00    0.00   10.00 ^ clk (in)
                                         clk (net)
                  0.00    0.00   10.00 ^ clkbuf_0_clk/A (sky130_fd_sc_hd__clkbuf_16)
     4    0.05    0.10    0.23   10.23 ^ clkbuf_0_clk/X (sky130_fd_sc_hd__clkbuf_16)
                                         clknet_0_clk (net)
                  0.10    0.00   10.23 ^ clkbuf_2_3__f_clk/A (sky130_fd_sc_hd__clkbuf_16)
    18    0.05    0.11    0.28   10.51 ^ clkbuf_2_3__f_clk/X (sky130_fd_sc_hd__clkbuf_16)
                                         clknet_2_3__leaf_clk (net)
                  0.11    0.00   10.52 ^ _347_/CLK (sky130_fd_sc_hd__dfrtp_1)
                          0.00   10.52   clock reconvergence pessimism
                         -0.17   10.35   library setup time
                                 10.35   data required time
-----------------------------------------------------------------------------
                                 10.35   data required time
                                 -5.79   data arrival time
-----------------------------------------------------------------------------
                                  4.56   slack (MET)


Startpoint: _321_ (rising edge-triggered flip-flop clocked by core_clock)
Endpoint: _335_ (rising edge-triggered flip-flop clocked by core_clock)
Path Group: core_clock
Path Type: max
Corner: Slowest

Fanout     Cap    Slew   Delay    Time   Description
-----------------------------------------------------------------------------
                          0.00    0.00   clock core_clock (rise edge)
                          0.00    0.00   clock source latency
     1    0.03    0.00    0.00    0.00 ^ clk (in)
                                         clk (net)
                  0.00    0.00    0.00 ^ clkbuf_0_clk/A (sky130_fd_sc_hd__clkbuf_16)
     4    0.05    0.10    0.23    0.23 ^ clkbuf_0_clk/X (sky130_fd_sc_hd__clkbuf_16)
                                         clknet_0_clk (net)
                  0.10    0.00    0.23 ^ clkbuf_2_1__f_clk/A (sky130_fd_sc_hd__clkbuf_16)
    22    0.07    0.13    0.30    0.53 ^ clkbuf_2_1__f_clk/X (sky130_fd_sc_hd__clkbuf_16)
                                         clknet_2_1__leaf_clk (net)
                  0.14    0.01    0.54 ^ _321_/CLK (sky130_fd_sc_hd__dfrtp_4)
    10    0.05    0.27    1.01    1.55 ^ _321_/Q (sky130_fd_sc_hd__dfrtp_4)
                                         div.count[1] (net)
                  0.28    0.01    1.56 ^ _176_/B (sky130_fd_sc_hd__and4_1)
     1    0.02    0.30    0.62    2.18 ^ _176_/X (sky130_fd_sc_hd__and4_1)
                                         _089_ (net)
                  0.30    0.00    2.18 ^ _177_/A (sky130_fd_sc_hd__clkbuf_4)
    16    0.08    0.37    0.57    2.74 ^ _177_/X (sky130_fd_sc_hd__clkbuf_4)
                                         _090_ (net)
                  0.37    0.01    2.75 ^ _195_/C (sky130_fd_sc_hd__and4_1)
     1    0.02    0.32    0.67    3.42 ^ _195_/X (sky130_fd_sc_hd__and4_1)
                                         _102_ (net)
                  0.32    0.00    3.43 ^ _196_/A (sky130_fd_sc_hd__clkbuf_4)
    12    0.07    0.34    0.56    3.98 ^ _196_/X (sky130_fd_sc_hd__clkbuf_4)
                                         _103_ (net)
                  0.34    0.01    3.99 ^ _211_/A (sky130_fd_sc_hd__and2_2)
     6    0.04    0.37    0.61    4.60 ^ _211_/X (sky130_fd_sc_hd__and2_2)
                                         _114_ (net)
                  0.37    0.01    4.61 ^ _213_/B (sky130_fd_sc_hd__nand2_2)
     4    0.03    0.30    0.38    4.99 v _213_/Y (sky130_fd_sc_hd__nand2_2)
                                         _115_ (net)
                  0.30    0.00    4.99 v _215_/B (sky130_fd_sc_hd__xnor2_2)
     2    0.03    0.66    0.65    5.65 ^ _215_/Y (sky130_fd_sc_hd__xnor2_2)
                                         _010_ (net)
                  0.66    0.01    5.65 ^ _335_/D (sky130_fd_sc_hd__dfrtp_4)
                                  5.65   data arrival time

                         10.00   10.00   clock core_clock (rise edge)
                          0.00   10.00   clock source latency
     1    0.03    0.00    0.00   10.00 ^ clk (in)
                                         clk (net)
                  0.00    0.00   10.00 ^ clkbuf_0_clk/A (sky130_fd_sc_hd__clkbuf_16)
     4    0.05    0.10    0.23   10.23 ^ clkbuf_0_clk/X (sky130_fd_sc_hd__clkbuf_16)
                                         clknet_0_clk (net)
                  0.10    0.00   10.23 ^ clkbuf_2_3__f_clk/A (sky130_fd_sc_hd__clkbuf_16)
    18    0.05    0.11    0.28   10.51 ^ clkbuf_2_3__f_clk/X (sky130_fd_sc_hd__clkbuf_16)
                                         clknet_2_3__leaf_clk (net)
                  0.11    0.00   10.52 ^ _335_/CLK (sky130_fd_sc_hd__dfrtp_4)
                          0.00   10.52   clock reconvergence pessimism
                         -0.28   10.24   library setup time
                                 10.24   data required time
-----------------------------------------------------------------------------
                                 10.24   data required time
                                 -5.65   data arrival time
-----------------------------------------------------------------------------
                                  4.58   slack (MET)


Startpoint: _321_ (rising edge-triggered flip-flop clocked by core_clock)
Endpoint: _341_ (rising edge-triggered flip-flop clocked by core_clock)
Path Group: core_clock
Path Type: max
Corner: Slowest

Fanout     Cap    Slew   Delay    Time   Description
-----------------------------------------------------------------------------
                          0.00    0.00   clock core_clock (rise edge)
                          0.00    0.00   clock source latency
     1    0.03    0.00    0.00    0.00 ^ clk (in)
                                         clk (net)
                  0.00    0.00    0.00 ^ clkbuf_0_clk/A (sky130_fd_sc_hd__clkbuf_16)
     4    0.05    0.10    0.23    0.23 ^ clkbuf_0_clk/X (sky130_fd_sc_hd__clkbuf_16)
                                         clknet_0_clk (net)
                  0.10    0.00    0.23 ^ clkbuf_2_1__f_clk/A (sky130_fd_sc_hd__clkbuf_16)
    22    0.07    0.13    0.30    0.53 ^ clkbuf_2_1__f_clk/X (sky130_fd_sc_hd__clkbuf_16)
                                         clknet_2_1__leaf_clk (net)
                  0.14    0.01    0.54 ^ _321_/CLK (sky130_fd_sc_hd__dfrtp_4)
    10    0.05    0.27    1.01    1.55 ^ _321_/Q (sky130_fd_sc_hd__dfrtp_4)
                                         div.count[1] (net)
                  0.28    0.01    1.56 ^ _176_/B (sky130_fd_sc_hd__and4_1)
     1    0.02    0.30    0.62    2.18 ^ _176_/X (sky130_fd_sc_hd__and4_1)
                                         _089_ (net)
                  0.30    0.00    2.18 ^ _177_/A (sky130_fd_sc_hd__clkbuf_4)
    16    0.08    0.37    0.57    2.74 ^ _177_/X (sky130_fd_sc_hd__clkbuf_4)
                                         _090_ (net)
                  0.37    0.01    2.75 ^ _217_/A (sky130_fd_sc_hd__and4_1)
     1    0.02    0.33    0.66    3.41 ^ _217_/X (sky130_fd_sc_hd__and4_1)
                                         _117_ (net)
                  0.33    0.00    3.41 ^ _218_/A (sky130_fd_sc_hd__clkbuf_4)
    18    0.09    0.43    0.63    4.04 ^ _218_/X (sky130_fd_sc_hd__clkbuf_4)
                                         _118_ (net)
                  0.43    0.02    4.06 ^ _232_/B (sky130_fd_sc_hd__and3_2)
     8    0.06    0.46    0.80    4.86 ^ _232_/X (sky130_fd_sc_hd__and3_2)
                                         _128_ (net)
                  0.46    0.01    4.87 ^ _235_/B (sky130_fd_sc_hd__xor2_1)
     2    0.02    0.70    0.75    5.63 ^ _235_/X (sky130_fd_sc_hd__xor2_1)
                                         _017_ (net)
                  0.70    0.00    5.63 ^ _341_/D (sky130_fd_sc_hd__dfrtp_4)
                                  5.63   data arrival time

                         10.00   10.00   clock core_clock (rise edge)
                          0.00   10.00   clock source latency
     1    0.03    0.00    0.00   10.00 ^ clk (in)
                                         clk (net)
                  0.00    0.00   10.00 ^ clkbuf_0_clk/A (sky130_fd_sc_hd__clkbuf_16)
     4    0.05    0.10    0.23   10.23 ^ clkbuf_0_clk/X (sky130_fd_sc_hd__clkbuf_16)
                                         clknet_0_clk (net)
                  0.10    0.00   10.23 ^ clkbuf_2_1__f_clk/A (sky130_fd_sc_hd__clkbuf_16)
    22    0.07    0.13    0.30   10.53 ^ clkbuf_2_1__f_clk/X (sky130_fd_sc_hd__clkbuf_16)
                                         clknet_2_1__leaf_clk (net)
                  0.14    0.01   10.54 ^ _341_/CLK (sky130_fd_sc_hd__dfrtp_4)
                          0.00   10.54   clock reconvergence pessimism
                         -0.29   10.25   library setup time
                                 10.25   data required time
-----------------------------------------------------------------------------
                                 10.25   data required time
                                 -5.63   data arrival time
-----------------------------------------------------------------------------
                                  4.62   slack (MET)


Startpoint: _321_ (rising edge-triggered flip-flop clocked by core_clock)
Endpoint: _344_ (rising edge-triggered flip-flop clocked by core_clock)
Path Group: core_clock
Path Type: max
Corner: Slowest

Fanout     Cap    Slew   Delay    Time   Description
-----------------------------------------------------------------------------
                          0.00    0.00   clock core_clock (rise edge)
                          0.00    0.00   clock source latency
     1    0.03    0.00    0.00    0.00 ^ clk (in)
                                         clk (net)
                  0.00    0.00    0.00 ^ clkbuf_0_clk/A (sky130_fd_sc_hd__clkbuf_16)
     4    0.05    0.10    0.23    0.23 ^ clkbuf_0_clk/X (sky130_fd_sc_hd__clkbuf_16)
                                         clknet_0_clk (net)
                  0.10    0.00    0.23 ^ clkbuf_2_1__f_clk/A (sky130_fd_sc_hd__clkbuf_16)
    22    0.07    0.13    0.30    0.53 ^ clkbuf_2_1__f_clk/X (sky130_fd_sc_hd__clkbuf_16)
                                         clknet_2_1__leaf_clk (net)
                  0.14    0.01    0.54 ^ _321_/CLK (sky130_fd_sc_hd__dfrtp_4)
    10    0.05    0.27    1.01    1.55 ^ _321_/Q (sky130_fd_sc_hd__dfrtp_4)
                                         div.count[1] (net)
                  0.28    0.01    1.56 ^ _176_/B (sky130_fd_sc_hd__and4_1)
     1    0.02    0.30    0.62    2.18 ^ _176_/X (sky130_fd_sc_hd__and4_1)
                                         _089_ (net)
                  0.30    0.00    2.18 ^ _177_/A (sky130_fd_sc_hd__clkbuf_4)
    16    0.08    0.37    0.57    2.74 ^ _177_/X (sky130_fd_sc_hd__clkbuf_4)
                                         _090_ (net)
                  0.37    0.01    2.75 ^ _217_/A (sky130_fd_sc_hd__and4_1)
     1    0.02    0.33    0.66    3.41 ^ _217_/X (sky130_fd_sc_hd__and4_1)
                                         _117_ (net)
                  0.33    0.00    3.41 ^ _218_/A (sky130_fd_sc_hd__clkbuf_4)
    18    0.09    0.43    0.63    4.04 ^ _218_/X (sky130_fd_sc_hd__clkbuf_4)
                                         _118_ (net)
                  0.43    0.02    4.06 ^ _243_/A (sky130_fd_sc_hd__and2_2)
     8    0.05    0.41    0.67    4.73 ^ _243_/X (sky130_fd_sc_hd__and2_2)
                                         _135_ (net)
                  0.41    0.01    4.74 ^ _244_/B (sky130_fd_sc_hd__xor2_1)
     2    0.02    0.79    0.81    5.55 ^ _244_/X (sky130_fd_sc_hd__xor2_1)
                                         _020_ (net)
                  0.79    0.00    5.55 ^ _344_/D (sky130_fd_sc_hd__dfrtp_4)
                                  5.55   data arrival time

                         10.00   10.00   clock core_clock (rise edge)
                          0.00   10.00   clock source latency
     1    0.03    0.00    0.00   10.00 ^ clk (in)
                                         clk (net)
                  0.00    0.00   10.00 ^ clkbuf_0_clk/A (sky130_fd_sc_hd__clkbuf_16)
     4    0.05    0.10    0.23   10.23 ^ clkbuf_0_clk/X (sky130_fd_sc_hd__clkbuf_16)
                                         clknet_0_clk (net)
                  0.10    0.00   10.23 ^ clkbuf_2_3__f_clk/A (sky130_fd_sc_hd__clkbuf_16)
    18    0.05    0.11    0.28   10.51 ^ clkbuf_2_3__f_clk/X (sky130_fd_sc_hd__clkbuf_16)
                                         clknet_2_3__leaf_clk (net)
                  0.11    0.00   10.52 ^ _344_/CLK (sky130_fd_sc_hd__dfrtp_4)
                          0.00   10.52   clock reconvergence pessimism
                         -0.31   10.20   library setup time
                                 10.20   data required time
-----------------------------------------------------------------------------
                                 10.20   data required time
                                 -5.55   data arrival time
-----------------------------------------------------------------------------
                                  4.65   slack (MET)


Startpoint: _322_ (rising edge-triggered flip-flop clocked by core_clock)
Endpoint: _337_ (rising edge-triggered flip-flop clocked by core_clock)
Path Group: core_clock
Path Type: max
Corner: Slowest

Fanout     Cap    Slew   Delay    Time   Description
-----------------------------------------------------------------------------
                          0.00    0.00   clock core_clock (rise edge)
                          0.00    0.00   clock source latency
     1    0.03    0.00    0.00    0.00 ^ clk (in)
                                         clk (net)
                  0.00    0.00    0.00 ^ clkbuf_0_clk/A (sky130_fd_sc_hd__clkbuf_16)
     4    0.05    0.10    0.23    0.23 ^ clkbuf_0_clk/X (sky130_fd_sc_hd__clkbuf_16)
                                         clknet_0_clk (net)
                  0.10    0.00    0.23 ^ clkbuf_2_1__f_clk/A (sky130_fd_sc_hd__clkbuf_16)
    22    0.07    0.13    0.30    0.53 ^ clkbuf_2_1__f_clk/X (sky130_fd_sc_hd__clkbuf_16)
                                         clknet_2_1__leaf_clk (net)
                  0.14    0.01    0.54 ^ _322_/CLK (sky130_fd_sc_hd__dfrtp_4)
     8    0.05    0.21    1.15    1.69 v _322_/Q (sky130_fd_sc_hd__dfrtp_4)
                                         div.count[2] (net)
                  0.21    0.00    1.69 v _176_/C (sky130_fd_sc_hd__and4_1)
     1    0.02    0.18    0.57    2.26 v _176_/X (sky130_fd_sc_hd__and4_1)
                                         _089_ (net)
                  0.18    0.00    2.26 v _177_/A (sky130_fd_sc_hd__clkbuf_4)
    16    0.08    0.27    0.48    2.74 v _177_/X (sky130_fd_sc_hd__clkbuf_4)
                                         _090_ (net)
                  0.27    0.01    2.75 v _217_/A (sky130_fd_sc_hd__and4_1)
     1    0.02    0.20    0.53    3.28 v _217_/X (sky130_fd_sc_hd__and4_1)
                                         _117_ (net)
                  0.20    0.00    3.28 v _218_/A (sky130_fd_sc_hd__clkbuf_4)
    18    0.09    0.32    0.52    3.80 v _218_/X (sky130_fd_sc_hd__clkbuf_4)
                                         _118_ (net)
                  0.32    0.00    3.81 v _221_/C (sky130_fd_sc_hd__and3_2)
     4    0.04    0.24    0.74    4.55 v _221_/X (sky130_fd_sc_hd__and3_2)
                                         _120_ (net)
                  0.24    0.00    4.55 v _222_/B (sky130_fd_sc_hd__nor2_2)
     2    0.04    0.66    0.60    5.16 ^ _222_/Y (sky130_fd_sc_hd__nor2_2)
                                         _012_ (net)
                  0.66    0.00    5.16 ^ _337_/D (sky130_fd_sc_hd__dfrtp_4)
                                  5.16   data arrival time

                         10.00   10.00   clock core_clock (rise edge)
                          0.00   10.00   clock source latency
     1    0.03    0.00    0.00   10.00 ^ clk (in)
                                         clk (net)
                  0.00    0.00   10.00 ^ clkbuf_0_clk/A (sky130_fd_sc_hd__clkbuf_16)
     4    0.05    0.10    0.23   10.23 ^ clkbuf_0_clk/X (sky130_fd_sc_hd__clkbuf_16)
                                         clknet_0_clk (net)
                  0.10    0.00   10.23 ^ clkbuf_2_2__f_clk/A (sky130_fd_sc_hd__clkbuf_16)
    14    0.06    0.12    0.28   10.52 ^ clkbuf_2_2__f_clk/X (sky130_fd_sc_hd__clkbuf_16)
                                         clknet_2_2__leaf_clk (net)
                  0.12    0.00   10.52 ^ _337_/CLK (sky130_fd_sc_hd__dfrtp_4)
                          0.00   10.52   clock reconvergence pessimism
                         -0.28   10.24   library setup time
                                 10.24   data required time
-----------------------------------------------------------------------------
                                 10.24   data required time
                                 -5.16   data arrival time
-----------------------------------------------------------------------------
                                  5.08   slack (MET)


Startpoint: _321_ (rising edge-triggered flip-flop clocked by core_clock)
Endpoint: _332_ (rising edge-triggered flip-flop clocked by core_clock)
Path Group: core_clock
Path Type: max
Corner: Slowest

Fanout     Cap    Slew   Delay    Time   Description
-----------------------------------------------------------------------------
                          0.00    0.00   clock core_clock (rise edge)
                          0.00    0.00   clock source latency
     1    0.03    0.00    0.00    0.00 ^ clk (in)
                                         clk (net)
                  0.00    0.00    0.00 ^ clkbuf_0_clk/A (sky130_fd_sc_hd__clkbuf_16)
     4    0.05    0.10    0.23    0.23 ^ clkbuf_0_clk/X (sky130_fd_sc_hd__clkbuf_16)
                                         clknet_0_clk (net)
                  0.10    0.00    0.23 ^ clkbuf_2_1__f_clk/A (sky130_fd_sc_hd__clkbuf_16)
    22    0.07    0.13    0.30    0.53 ^ clkbuf_2_1__f_clk/X (sky130_fd_sc_hd__clkbuf_16)
                                         clknet_2_1__leaf_clk (net)
                  0.14    0.01    0.54 ^ _321_/CLK (sky130_fd_sc_hd__dfrtp_4)
    10    0.05    0.27    1.01    1.55 ^ _321_/Q (sky130_fd_sc_hd__dfrtp_4)
                                         div.count[1] (net)
                  0.28    0.01    1.56 ^ _176_/B (sky130_fd_sc_hd__and4_1)
     1    0.02    0.30    0.62    2.18 ^ _176_/X (sky130_fd_sc_hd__and4_1)
                                         _089_ (net)
                  0.30    0.00    2.18 ^ _177_/A (sky130_fd_sc_hd__clkbuf_4)
    16    0.08    0.37    0.57    2.74 ^ _177_/X (sky130_fd_sc_hd__clkbuf_4)
                                         _090_ (net)
                  0.37    0.01    2.75 ^ _195_/C (sky130_fd_sc_hd__and4_1)
     1    0.02    0.32    0.67    3.42 ^ _195_/X (sky130_fd_sc_hd__and4_1)
                                         _102_ (net)
                  0.32    0.00    3.43 ^ _196_/A (sky130_fd_sc_hd__clkbuf_4)
    12    0.07    0.34    0.56    3.98 ^ _196_/X (sky130_fd_sc_hd__clkbuf_4)
                                         _103_ (net)
                  0.34    0.01    3.99 ^ _205_/C (sky130_fd_sc_hd__nand3_2)
     4    0.04    0.52    0.56    4.55 v _205_/Y (sky130_fd_sc_hd__nand3_2)
                                         _110_ (net)
                  0.52    0.00    4.55 v _208_/B (sky130_fd_sc_hd__xnor2_1)
     1    0.01    0.50    0.65    5.20 ^ _208_/Y (sky130_fd_sc_hd__xnor2_1)
                                         _007_ (net)
                  0.50    0.00    5.20 ^ _332_/D (sky130_fd_sc_hd__dfrtp_4)
                                  5.20   data arrival time

                         10.00   10.00   clock core_clock (rise edge)
                          0.00   10.00   clock source latency
     1    0.03    0.00    0.00   10.00 ^ clk (in)
                                         clk (net)
                  0.00    0.00   10.00 ^ clkbuf_0_clk/A (sky130_fd_sc_hd__clkbuf_16)
     4    0.05    0.10    0.23   10.23 ^ clkbuf_0_clk/X (sky130_fd_sc_hd__clkbuf_16)
                                         clknet_0_clk (net)
                  0.10    0.00   10.23 ^ clkbuf_2_1__f_clk/A (sky130_fd_sc_hd__clkbuf_16)
    22    0.07    0.13    0.30   10.53 ^ clkbuf_2_1__f_clk/X (sky130_fd_sc_hd__clkbuf_16)
                                         clknet_2_1__leaf_clk (net)
                  0.14    0.01   10.53 ^ _332_/CLK (sky130_fd_sc_hd__dfrtp_4)
                          0.00   10.53   clock reconvergence pessimism
                         -0.23   10.30   library setup time
                                 10.30   data required time
-----------------------------------------------------------------------------
                                 10.30   data required time
                                 -5.20   data arrival time
-----------------------------------------------------------------------------
                                  5.10   slack (MET)


Startpoint: _321_ (rising edge-triggered flip-flop clocked by core_clock)
Endpoint: _340_ (rising edge-triggered flip-flop clocked by core_clock)
Path Group: core_clock
Path Type: max
Corner: Slowest

Fanout     Cap    Slew   Delay    Time   Description
-----------------------------------------------------------------------------
                          0.00    0.00   clock core_clock (rise edge)
                          0.00    0.00   clock source latency
     1    0.03    0.00    0.00    0.00 ^ clk (in)
                                         clk (net)
                  0.00    0.00    0.00 ^ clkbuf_0_clk/A (sky130_fd_sc_hd__clkbuf_16)
     4    0.05    0.10    0.23    0.23 ^ clkbuf_0_clk/X (sky130_fd_sc_hd__clkbuf_16)
                                         clknet_0_clk (net)
                  0.10    0.00    0.23 ^ clkbuf_2_1__f_clk/A (sky130_fd_sc_hd__clkbuf_16)
    22    0.07    0.13    0.30    0.53 ^ clkbuf_2_1__f_clk/X (sky130_fd_sc_hd__clkbuf_16)
                                         clknet_2_1__leaf_clk (net)
                  0.14    0.01    0.54 ^ _321_/CLK (sky130_fd_sc_hd__dfrtp_4)
    10    0.05    0.27    1.01    1.55 ^ _321_/Q (sky130_fd_sc_hd__dfrtp_4)
                                         div.count[1] (net)
                  0.28    0.01    1.56 ^ _176_/B (sky130_fd_sc_hd__and4_1)
     1    0.02    0.30    0.62    2.18 ^ _176_/X (sky130_fd_sc_hd__and4_1)
                                         _089_ (net)
                  0.30    0.00    2.18 ^ _177_/A (sky130_fd_sc_hd__clkbuf_4)
    16    0.08    0.37    0.57    2.74 ^ _177_/X (sky130_fd_sc_hd__clkbuf_4)
                                         _090_ (net)
                  0.37    0.01    2.75 ^ _217_/A (sky130_fd_sc_hd__and4_1)
     1    0.02    0.33    0.66    3.41 ^ _217_/X (sky130_fd_sc_hd__and4_1)
                                         _117_ (net)
                  0.33    0.00    3.41 ^ _218_/A (sky130_fd_sc_hd__clkbuf_4)
    18    0.09    0.43    0.63    4.04 ^ _218_/X (sky130_fd_sc_hd__clkbuf_4)
                                         _118_ (net)
                  0.43    0.02    4.06 ^ _232_/B (sky130_fd_sc_hd__and3_2)
     8    0.06    0.46    0.80    4.86 ^ _232_/X (sky130_fd_sc_hd__and3_2)
                                         _128_ (net)
                  0.46    0.01    4.87 ^ _234_/A (sky130_fd_sc_hd__nor2_1)
     1    0.01    0.17    0.24    5.11 v _234_/Y (sky130_fd_sc_hd__nor2_1)
                                         _016_ (net)
                  0.17    0.00    5.11 v _340_/D (sky130_fd_sc_hd__dfrtp_4)
                                  5.11   data arrival time

                         10.00   10.00   clock core_clock (rise edge)
                          0.00   10.00   clock source latency
     1    0.03    0.00    0.00   10.00 ^ clk (in)
                                         clk (net)
                  0.00    0.00   10.00 ^ clkbuf_0_clk/A (sky130_fd_sc_hd__clkbuf_16)
     4    0.05    0.10    0.23   10.23 ^ clkbuf_0_clk/X (sky130_fd_sc_hd__clkbuf_16)
                                         clknet_0_clk (net)
                  0.10    0.00   10.23 ^ clkbuf_2_2__f_clk/A (sky130_fd_sc_hd__clkbuf_16)
    14    0.06    0.12    0.28   10.52 ^ clkbuf_2_2__f_clk/X (sky130_fd_sc_hd__clkbuf_16)
                                         clknet_2_2__leaf_clk (net)
                  0.12    0.00   10.52 ^ _340_/CLK (sky130_fd_sc_hd__dfrtp_4)
                          0.00   10.52   clock reconvergence pessimism
                         -0.30   10.22   library setup time
                                 10.22   data required time
-----------------------------------------------------------------------------
                                 10.22   data required time
                                 -5.11   data arrival time
-----------------------------------------------------------------------------
                                  5.11   slack (MET)


Startpoint: _321_ (rising edge-triggered flip-flop clocked by core_clock)
Endpoint: _333_ (rising edge-triggered flip-flop clocked by core_clock)
Path Group: core_clock
Path Type: max
Corner: Slowest

Fanout     Cap    Slew   Delay    Time   Description
-----------------------------------------------------------------------------
                          0.00    0.00   clock core_clock (rise edge)
                          0.00    0.00   clock source latency
     1    0.03    0.00    0.00    0.00 ^ clk (in)
                                         clk (net)
                  0.00    0.00    0.00 ^ clkbuf_0_clk/A (sky130_fd_sc_hd__clkbuf_16)
     4    0.05    0.10    0.23    0.23 ^ clkbuf_0_clk/X (sky130_fd_sc_hd__clkbuf_16)
                                         clknet_0_clk (net)
                  0.10    0.00    0.23 ^ clkbuf_2_1__f_clk/A (sky130_fd_sc_hd__clkbuf_16)
    22    0.07    0.13    0.30    0.53 ^ clkbuf_2_1__f_clk/X (sky130_fd_sc_hd__clkbuf_16)
                                         clknet_2_1__leaf_clk (net)
                  0.14    0.01    0.54 ^ _321_/CLK (sky130_fd_sc_hd__dfrtp_4)
    10    0.05    0.27    1.01    1.55 ^ _321_/Q (sky130_fd_sc_hd__dfrtp_4)
                                         div.count[1] (net)
                  0.28    0.01    1.56 ^ _176_/B (sky130_fd_sc_hd__and4_1)
     1    0.02    0.30    0.62    2.18 ^ _176_/X (sky130_fd_sc_hd__and4_1)
                                         _089_ (net)
                  0.30    0.00    2.18 ^ _177_/A (sky130_fd_sc_hd__clkbuf_4)
    16    0.08    0.37    0.57    2.74 ^ _177_/X (sky130_fd_sc_hd__clkbuf_4)
                                         _090_ (net)
                  0.37    0.01    2.75 ^ _195_/C (sky130_fd_sc_hd__and4_1)
     1    0.02    0.32    0.67    3.42 ^ _195_/X (sky130_fd_sc_hd__and4_1)
                                         _102_ (net)
                  0.32    0.00    3.43 ^ _196_/A (sky130_fd_sc_hd__clkbuf_4)
    12    0.07    0.34    0.56    3.98 ^ _196_/X (sky130_fd_sc_hd__clkbuf_4)
                                         _103_ (net)
                  0.34    0.01    3.99 ^ _211_/A (sky130_fd_sc_hd__and2_2)
     6    0.04    0.37    0.61    4.60 ^ _211_/X (sky130_fd_sc_hd__and2_2)
                                         _114_ (net)
                  0.37    0.00    4.61 ^ _212_/B1_N (sky130_fd_sc_hd__o21ba_1)
     1    0.01    0.09    0.40    5.01 v _212_/X (sky130_fd_sc_hd__o21ba_1)
                                         _008_ (net)
                  0.09    0.00    5.01 v _333_/D (sky130_fd_sc_hd__dfrtp_2)
                                  5.01   data arrival time

                         10.00   10.00   clock core_clock (rise edge)
                          0.00   10.00   clock source latency
     1    0.03    0.00    0.00   10.00 ^ clk (in)
                                         clk (net)
                  0.00    0.00   10.00 ^ clkbuf_0_clk/A (sky130_fd_sc_hd__clkbuf_16)
     4    0.05    0.10    0.23   10.23 ^ clkbuf_0_clk/X (sky130_fd_sc_hd__clkbuf_16)
                                         clknet_0_clk (net)
                  0.10    0.00   10.23 ^ clkbuf_2_1__f_clk/A (sky130_fd_sc_hd__clkbuf_16)
    22    0.07    0.13    0.30   10.53 ^ clkbuf_2_1__f_clk/X (sky130_fd_sc_hd__clkbuf_16)
                                         clknet_2_1__leaf_clk (net)
                  0.14    0.01   10.54 ^ _333_/CLK (sky130_fd_sc_hd__dfrtp_2)
                          0.00   10.54   clock reconvergence pessimism
                         -0.27   10.27   library setup time
                                 10.27   data required time
-----------------------------------------------------------------------------
                                 10.27   data required time
                                 -5.01   data arrival time
-----------------------------------------------------------------------------
                                  5.26   slack (MET)


Startpoint: _321_ (rising edge-triggered flip-flop clocked by core_clock)
Endpoint: _336_ (rising edge-triggered flip-flop clocked by core_clock)
Path Group: core_clock
Path Type: max
Corner: Slowest

Fanout     Cap    Slew   Delay    Time   Description
-----------------------------------------------------------------------------
                          0.00    0.00   clock core_clock (rise edge)
                          0.00    0.00   clock source latency
     1    0.03    0.00    0.00    0.00 ^ clk (in)
                                         clk (net)
                  0.00    0.00    0.00 ^ clkbuf_0_clk/A (sky130_fd_sc_hd__clkbuf_16)
     4    0.05    0.10    0.23    0.23 ^ clkbuf_0_clk/X (sky130_fd_sc_hd__clkbuf_16)
                                         clknet_0_clk (net)
                  0.10    0.00    0.23 ^ clkbuf_2_1__f_clk/A (sky130_fd_sc_hd__clkbuf_16)
    22    0.07    0.13    0.30    0.53 ^ clkbuf_2_1__f_clk/X (sky130_fd_sc_hd__clkbuf_16)
                                         clknet_2_1__leaf_clk (net)
                  0.14    0.01    0.54 ^ _321_/CLK (sky130_fd_sc_hd__dfrtp_4)
    10    0.05    0.27    1.01    1.55 ^ _321_/Q (sky130_fd_sc_hd__dfrtp_4)
                                         div.count[1] (net)
                  0.28    0.01    1.56 ^ _176_/B (sky130_fd_sc_hd__and4_1)
     1    0.02    0.30    0.62    2.18 ^ _176_/X (sky130_fd_sc_hd__and4_1)
                                         _089_ (net)
                  0.30    0.00    2.18 ^ _177_/A (sky130_fd_sc_hd__clkbuf_4)
    16    0.08    0.37    0.57    2.74 ^ _177_/X (sky130_fd_sc_hd__clkbuf_4)
                                         _090_ (net)
                  0.37    0.01    2.75 ^ _217_/A (sky130_fd_sc_hd__and4_1)
     1    0.02    0.33    0.66    3.41 ^ _217_/X (sky130_fd_sc_hd__and4_1)
                                         _117_ (net)
                  0.33    0.00    3.41 ^ _218_/A (sky130_fd_sc_hd__clkbuf_4)
    18    0.09    0.43    0.63    4.04 ^ _218_/X (sky130_fd_sc_hd__clkbuf_4)
                                         _118_ (net)
                  0.43    0.00    4.05 ^ _219_/B (sky130_fd_sc_hd__xor2_1)
     1    0.01    0.46    0.57    4.62 ^ _219_/X (sky130_fd_sc_hd__xor2_1)
                                         _011_ (net)
                  0.46    0.00    4.62 ^ _336_/D (sky130_fd_sc_hd__dfrtp_4)
                                  4.62   data arrival time

                         10.00   10.00   clock core_clock (rise edge)
                          0.00   10.00   clock source latency
     1    0.03    0.00    0.00   10.00 ^ clk (in)
                                         clk (net)
                  0.00    0.00   10.00 ^ clkbuf_0_clk/A (sky130_fd_sc_hd__clkbuf_16)
     4    0.05    0.10    0.23   10.23 ^ clkbuf_0_clk/X (sky130_fd_sc_hd__clkbuf_16)
                                         clknet_0_clk (net)
                  0.10    0.00   10.23 ^ clkbuf_2_0__f_clk/A (sky130_fd_sc_hd__clkbuf_16)
    18    0.06    0.12    0.29   10.52 ^ clkbuf_2_0__f_clk/X (sky130_fd_sc_hd__clkbuf_16)
                                         clknet_2_0__leaf_clk (net)
                  0.12    0.00   10.52 ^ _336_/CLK (sky130_fd_sc_hd__dfrtp_4)
                          0.00   10.52   clock reconvergence pessimism
                         -0.23   10.30   library setup time
                                 10.30   data required time
-----------------------------------------------------------------------------
                                 10.30   data required time
                                 -4.62   data arrival time
-----------------------------------------------------------------------------
                                  5.68   slack (MET)


Startpoint: _321_ (rising edge-triggered flip-flop clocked by core_clock)
Endpoint: _330_ (rising edge-triggered flip-flop clocked by core_clock)
Path Group: core_clock
Path Type: max
Corner: Slowest

Fanout     Cap    Slew   Delay    Time   Description
-----------------------------------------------------------------------------
                          0.00    0.00   clock core_clock (rise edge)
                          0.00    0.00   clock source latency
     1    0.03    0.00    0.00    0.00 ^ clk (in)
                                         clk (net)
                  0.00    0.00    0.00 ^ clkbuf_0_clk/A (sky130_fd_sc_hd__clkbuf_16)
     4    0.05    0.10    0.23    0.23 ^ clkbuf_0_clk/X (sky130_fd_sc_hd__clkbuf_16)
                                         clknet_0_clk (net)
                  0.10    0.00    0.23 ^ clkbuf_2_1__f_clk/A (sky130_fd_sc_hd__clkbuf_16)
    22    0.07    0.13    0.30    0.53 ^ clkbuf_2_1__f_clk/X (sky130_fd_sc_hd__clkbuf_16)
                                         clknet_2_1__leaf_clk (net)
                  0.14    0.01    0.54 ^ _321_/CLK (sky130_fd_sc_hd__dfrtp_4)
    10    0.05    0.27    1.01    1.55 ^ _321_/Q (sky130_fd_sc_hd__dfrtp_4)
                                         div.count[1] (net)
                  0.28    0.01    1.56 ^ _176_/B (sky130_fd_sc_hd__and4_1)
     1    0.02    0.30    0.62    2.18 ^ _176_/X (sky130_fd_sc_hd__and4_1)
                                         _089_ (net)
                  0.30    0.00    2.18 ^ _177_/A (sky130_fd_sc_hd__clkbuf_4)
    16    0.08    0.37    0.57    2.74 ^ _177_/X (sky130_fd_sc_hd__clkbuf_4)
                                         _090_ (net)
                  0.37    0.01    2.75 ^ _195_/C (sky130_fd_sc_hd__and4_1)
     1    0.02    0.32    0.67    3.42 ^ _195_/X (sky130_fd_sc_hd__and4_1)
                                         _102_ (net)
                  0.32    0.00    3.43 ^ _196_/A (sky130_fd_sc_hd__clkbuf_4)
    12    0.07    0.34    0.56    3.98 ^ _196_/X (sky130_fd_sc_hd__clkbuf_4)
                                         _103_ (net)
                  0.34    0.01    3.99 ^ _203_/B (sky130_fd_sc_hd__xor2_2)
     2    0.03    0.54    0.59    4.58 ^ _203_/X (sky130_fd_sc_hd__xor2_2)
                                         _005_ (net)
                  0.54    0.00    4.59 ^ _330_/D (sky130_fd_sc_hd__dfrtp_4)
                                  4.59   data arrival time

                         10.00   10.00   clock core_clock (rise edge)
                          0.00   10.00   clock source latency
     1    0.03    0.00    0.00   10.00 ^ clk (in)
                                         clk (net)
                  0.00    0.00   10.00 ^ clkbuf_0_clk/A (sky130_fd_sc_hd__clkbuf_16)
     4    0.05    0.10    0.23   10.23 ^ clkbuf_0_clk/X (sky130_fd_sc_hd__clkbuf_16)
                                         clknet_0_clk (net)
                  0.10    0.00   10.23 ^ clkbuf_2_2__f_clk/A (sky130_fd_sc_hd__clkbuf_16)
    14    0.06    0.12    0.28   10.52 ^ clkbuf_2_2__f_clk/X (sky130_fd_sc_hd__clkbuf_16)
                                         clknet_2_2__leaf_clk (net)
                  0.12    0.00   10.52 ^ _330_/CLK (sky130_fd_sc_hd__dfrtp_4)
                          0.00   10.52   clock reconvergence pessimism
                         -0.25   10.27   library setup time
                                 10.27   data required time
-----------------------------------------------------------------------------
                                 10.27   data required time
                                 -4.59   data arrival time
-----------------------------------------------------------------------------
                                  5.68   slack (MET)


Startpoint: _321_ (rising edge-triggered flip-flop clocked by core_clock)
Endpoint: _327_ (rising edge-triggered flip-flop clocked by core_clock)
Path Group: core_clock
Path Type: max
Corner: Slowest

Fanout     Cap    Slew   Delay    Time   Description
-----------------------------------------------------------------------------
                          0.00    0.00   clock core_clock (rise edge)
                          0.00    0.00   clock source latency
     1    0.03    0.00    0.00    0.00 ^ clk (in)
                                         clk (net)
                  0.00    0.00    0.00 ^ clkbuf_0_clk/A (sky130_fd_sc_hd__clkbuf_16)
     4    0.05    0.10    0.23    0.23 ^ clkbuf_0_clk/X (sky130_fd_sc_hd__clkbuf_16)
                                         clknet_0_clk (net)
                  0.10    0.00    0.23 ^ clkbuf_2_1__f_clk/A (sky130_fd_sc_hd__clkbuf_16)
    22    0.07    0.13    0.30    0.53 ^ clkbuf_2_1__f_clk/X (sky130_fd_sc_hd__clkbuf_16)
                                         clknet_2_1__leaf_clk (net)
                  0.14    0.01    0.54 ^ _321_/CLK (sky130_fd_sc_hd__dfrtp_4)
    10    0.05    0.27    1.01    1.55 ^ _321_/Q (sky130_fd_sc_hd__dfrtp_4)
                                         div.count[1] (net)
                  0.28    0.01    1.56 ^ _176_/B (sky130_fd_sc_hd__and4_1)
     1    0.02    0.30    0.62    2.18 ^ _176_/X (sky130_fd_sc_hd__and4_1)
                                         _089_ (net)
                  0.30    0.00    2.18 ^ _177_/A (sky130_fd_sc_hd__clkbuf_4)
    16    0.08    0.37    0.57    2.74 ^ _177_/X (sky130_fd_sc_hd__clkbuf_4)
                                         _090_ (net)
                  0.37    0.01    2.75 ^ _182_/C (sky130_fd_sc_hd__and3_2)
     6    0.04    0.33    0.69    3.44 ^ _182_/X (sky130_fd_sc_hd__and3_2)
                                         _093_ (net)
                  0.33    0.00    3.44 ^ _186_/B (sky130_fd_sc_hd__nand2_1)
     4    0.03    0.43    0.48    3.92 v _186_/Y (sky130_fd_sc_hd__nand2_1)
                                         _096_ (net)
                  0.43    0.00    3.92 v _192_/A2 (sky130_fd_sc_hd__a21oi_1)
     1    0.01    0.48    0.61    4.53 ^ _192_/Y (sky130_fd_sc_hd__a21oi_1)
                                         _033_ (net)
                  0.48    0.00    4.53 ^ _327_/D (sky130_fd_sc_hd__dfrtp_2)
                                  4.53   data arrival time

                         10.00   10.00   clock core_clock (rise edge)
                          0.00   10.00   clock source latency
     1    0.03    0.00    0.00   10.00 ^ clk (in)
                                         clk (net)
                  0.00    0.00   10.00 ^ clkbuf_0_clk/A (sky130_fd_sc_hd__clkbuf_16)
     4    0.05    0.10    0.23   10.23 ^ clkbuf_0_clk/X (sky130_fd_sc_hd__clkbuf_16)
                                         clknet_0_clk (net)
                  0.10    0.00   10.23 ^ clkbuf_2_2__f_clk/A (sky130_fd_sc_hd__clkbuf_16)
    14    0.06    0.12    0.28   10.52 ^ clkbuf_2_2__f_clk/X (sky130_fd_sc_hd__clkbuf_16)
                                         clknet_2_2__leaf_clk (net)
                  0.12    0.00   10.52 ^ _327_/CLK (sky130_fd_sc_hd__dfrtp_2)
                          0.00   10.52   clock reconvergence pessimism
                         -0.23   10.29   library setup time
                                 10.29   data required time
-----------------------------------------------------------------------------
                                 10.29   data required time
                                 -4.53   data arrival time
-----------------------------------------------------------------------------
                                  5.75   slack (MET)


Startpoint: _322_ (rising edge-triggered flip-flop clocked by core_clock)
Endpoint: _325_ (rising edge-triggered flip-flop clocked by core_clock)
Path Group: core_clock
Path Type: max
Corner: Slowest

Fanout     Cap    Slew   Delay    Time   Description
-----------------------------------------------------------------------------
                          0.00    0.00   clock core_clock (rise edge)
                          0.00    0.00   clock source latency
     1    0.03    0.00    0.00    0.00 ^ clk (in)
                                         clk (net)
                  0.00    0.00    0.00 ^ clkbuf_0_clk/A (sky130_fd_sc_hd__clkbuf_16)
     4    0.05    0.10    0.23    0.23 ^ clkbuf_0_clk/X (sky130_fd_sc_hd__clkbuf_16)
                                         clknet_0_clk (net)
                  0.10    0.00    0.23 ^ clkbuf_2_1__f_clk/A (sky130_fd_sc_hd__clkbuf_16)
    22    0.07    0.13    0.30    0.53 ^ clkbuf_2_1__f_clk/X (sky130_fd_sc_hd__clkbuf_16)
                                         clknet_2_1__leaf_clk (net)
                  0.14    0.01    0.54 ^ _322_/CLK (sky130_fd_sc_hd__dfrtp_4)
     8    0.05    0.21    1.15    1.69 v _322_/Q (sky130_fd_sc_hd__dfrtp_4)
                                         div.count[2] (net)
                  0.21    0.00    1.69 v _176_/C (sky130_fd_sc_hd__and4_1)
     1    0.02    0.18    0.57    2.26 v _176_/X (sky130_fd_sc_hd__and4_1)
                                         _089_ (net)
                  0.18    0.00    2.26 v _177_/A (sky130_fd_sc_hd__clkbuf_4)
    16    0.08    0.27    0.48    2.74 v _177_/X (sky130_fd_sc_hd__clkbuf_4)
                                         _090_ (net)
                  0.27    0.01    2.75 v _182_/C (sky130_fd_sc_hd__and3_2)
     6    0.04    0.21    0.69    3.44 v _182_/X (sky130_fd_sc_hd__and3_2)
                                         _093_ (net)
                  0.21    0.01    3.45 v _184_/A (sky130_fd_sc_hd__nor2_1)
     1    0.02    0.59    0.57    4.02 ^ _184_/Y (sky130_fd_sc_hd__nor2_1)
                                         _031_ (net)
                  0.59    0.00    4.02 ^ _325_/D (sky130_fd_sc_hd__dfrtp_4)
                                  4.02   data arrival time

                         10.00   10.00   clock core_clock (rise edge)
                          0.00   10.00   clock source latency
     1    0.03    0.00    0.00   10.00 ^ clk (in)
                                         clk (net)
                  0.00    0.00   10.00 ^ clkbuf_0_clk/A (sky130_fd_sc_hd__clkbuf_16)
     4    0.05    0.10    0.23   10.23 ^ clkbuf_0_clk/X (sky130_fd_sc_hd__clkbuf_16)
                                         clknet_0_clk (net)
                  0.10    0.00   10.23 ^ clkbuf_2_2__f_clk/A (sky130_fd_sc_hd__clkbuf_16)
    14    0.06    0.12    0.28   10.52 ^ clkbuf_2_2__f_clk/X (sky130_fd_sc_hd__clkbuf_16)
                                         clknet_2_2__leaf_clk (net)
                  0.12    0.00   10.52 ^ _325_/CLK (sky130_fd_sc_hd__dfrtp_4)
                          0.00   10.52   clock reconvergence pessimism
                         -0.26   10.26   library setup time
                                 10.26   data required time
-----------------------------------------------------------------------------
                                 10.26   data required time
                                 -4.02   data arrival time
-----------------------------------------------------------------------------
                                  6.24   slack (MET)


Startpoint: _321_ (rising edge-triggered flip-flop clocked by core_clock)
Endpoint: _323_ (rising edge-triggered flip-flop clocked by core_clock)
Path Group: core_clock
Path Type: max
Corner: Slowest

Fanout     Cap    Slew   Delay    Time   Description
-----------------------------------------------------------------------------
                          0.00    0.00   clock core_clock (rise edge)
                          0.00    0.00   clock source latency
     1    0.03    0.00    0.00    0.00 ^ clk (in)
                                         clk (net)
                  0.00    0.00    0.00 ^ clkbuf_0_clk/A (sky130_fd_sc_hd__clkbuf_16)
     4    0.05    0.10    0.23    0.23 ^ clkbuf_0_clk/X (sky130_fd_sc_hd__clkbuf_16)
                                         clknet_0_clk (net)
                  0.10    0.00    0.23 ^ clkbuf_2_1__f_clk/A (sky130_fd_sc_hd__clkbuf_16)
    22    0.07    0.13    0.30    0.53 ^ clkbuf_2_1__f_clk/X (sky130_fd_sc_hd__clkbuf_16)
                                         clknet_2_1__leaf_clk (net)
                  0.14    0.01    0.54 ^ _321_/CLK (sky130_fd_sc_hd__dfrtp_4)
    10    0.05    0.27    1.01    1.55 ^ _321_/Q (sky130_fd_sc_hd__dfrtp_4)
                                         div.count[1] (net)
                  0.28    0.01    1.56 ^ _176_/B (sky130_fd_sc_hd__and4_1)
     1    0.02    0.30    0.62    2.18 ^ _176_/X (sky130_fd_sc_hd__and4_1)
                                         _089_ (net)
                  0.30    0.00    2.18 ^ _177_/A (sky130_fd_sc_hd__clkbuf_4)
    16    0.08    0.37    0.57    2.74 ^ _177_/X (sky130_fd_sc_hd__clkbuf_4)
                                         _090_ (net)
                  0.37    0.01    2.75 ^ _179_/A_N (sky130_fd_sc_hd__and2b_1)
     2    0.02    0.20    0.59    3.34 v _179_/X (sky130_fd_sc_hd__and2b_1)
                                         _092_ (net)
                  0.20    0.00    3.35 v _180_/A (sky130_fd_sc_hd__buf_1)
     1    0.01    0.13    0.29    3.63 v _180_/X (sky130_fd_sc_hd__buf_1)
                                         _029_ (net)
                  0.13    0.00    3.64 v _323_/D (sky130_fd_sc_hd__dfrtp_2)
                                  3.64   data arrival time

                         10.00   10.00   clock core_clock (rise edge)
                          0.00   10.00   clock source latency
     1    0.03    0.00    0.00   10.00 ^ clk (in)
                                         clk (net)
                  0.00    0.00   10.00 ^ clkbuf_0_clk/A (sky130_fd_sc_hd__clkbuf_16)
     4    0.05    0.10    0.23   10.23 ^ clkbuf_0_clk/X (sky130_fd_sc_hd__clkbuf_16)
                                         clknet_0_clk (net)
                  0.10    0.00   10.23 ^ clkbuf_2_3__f_clk/A (sky130_fd_sc_hd__clkbuf_16)
    18    0.05    0.11    0.28   10.51 ^ clkbuf_2_3__f_clk/X (sky130_fd_sc_hd__clkbuf_16)
                                         clknet_2_3__leaf_clk (net)
                  0.11    0.00   10.52 ^ _323_/CLK (sky130_fd_sc_hd__dfrtp_2)
                          0.00   10.52   clock reconvergence pessimism
                         -0.29   10.22   library setup time
                                 10.22   data required time
-----------------------------------------------------------------------------
                                 10.22   data required time
                                 -3.64   data arrival time
-----------------------------------------------------------------------------
                                  6.59   slack (MET)


Startpoint: _320_ (rising edge-triggered flip-flop clocked by core_clock)
Endpoint: _321_ (rising edge-triggered flip-flop clocked by core_clock)
Path Group: core_clock
Path Type: max
Corner: Slowest

Fanout     Cap    Slew   Delay    Time   Description
-----------------------------------------------------------------------------
                          0.00    0.00   clock core_clock (rise edge)
                          0.00    0.00   clock source latency
     1    0.03    0.00    0.00    0.00 ^ clk (in)
                                         clk (net)
                  0.00    0.00    0.00 ^ clkbuf_0_clk/A (sky130_fd_sc_hd__clkbuf_16)
     4    0.05    0.10    0.23    0.23 ^ clkbuf_0_clk/X (sky130_fd_sc_hd__clkbuf_16)
                                         clknet_0_clk (net)
                  0.10    0.00    0.23 ^ clkbuf_2_0__f_clk/A (sky130_fd_sc_hd__clkbuf_16)
    18    0.06    0.12    0.29    0.52 ^ clkbuf_2_0__f_clk/X (sky130_fd_sc_hd__clkbuf_16)
                                         clknet_2_0__leaf_clk (net)
                  0.12    0.00    0.52 ^ _320_/CLK (sky130_fd_sc_hd__dfrtp_4)
    12    0.06    0.23    1.17    1.70 v _320_/Q (sky130_fd_sc_hd__dfrtp_4)
                                         div.count[0] (net)
                  0.23    0.01    1.70 v _171_/A (sky130_fd_sc_hd__or2_1)
     2    0.02    0.21    0.70    2.40 v _171_/X (sky130_fd_sc_hd__or2_1)
                                         _086_ (net)
                  0.21    0.00    2.40 v _173_/A (sky130_fd_sc_hd__and2_1)
     2    0.03    0.25    0.51    2.91 v _173_/X (sky130_fd_sc_hd__and2_1)
                                         _088_ (net)
                  0.25    0.00    2.91 v _174_/A (sky130_fd_sc_hd__buf_1)
     2    0.04    0.40    0.50    3.41 v _174_/X (sky130_fd_sc_hd__buf_1)
                                         _015_ (net)
                  0.40    0.00    3.42 v _321_/D (sky130_fd_sc_hd__dfrtp_4)
                                  3.42   data arrival time

                         10.00   10.00   clock core_clock (rise edge)
                          0.00   10.00   clock source latency
     1    0.03    0.00    0.00   10.00 ^ clk (in)
                                         clk (net)
                  0.00    0.00   10.00 ^ clkbuf_0_clk/A (sky130_fd_sc_hd__clkbuf_16)
     4    0.05    0.10    0.23   10.23 ^ clkbuf_0_clk/X (sky130_fd_sc_hd__clkbuf_16)
                                         clknet_0_clk (net)
                  0.10    0.00   10.23 ^ clkbuf_2_1__f_clk/A (sky130_fd_sc_hd__clkbuf_16)
    22    0.07    0.13    0.30   10.53 ^ clkbuf_2_1__f_clk/X (sky130_fd_sc_hd__clkbuf_16)
                                         clknet_2_1__leaf_clk (net)
                  0.14    0.01   10.54 ^ _321_/CLK (sky130_fd_sc_hd__dfrtp_4)
                          0.00   10.54   clock reconvergence pessimism
                         -0.39   10.14   library setup time
                                 10.14   data required time
-----------------------------------------------------------------------------
                                 10.14   data required time
                                 -3.42   data arrival time
-----------------------------------------------------------------------------
                                  6.73   slack (MET)


Startpoint: _321_ (rising edge-triggered flip-flop clocked by core_clock)
Endpoint: _324_ (rising edge-triggered flip-flop clocked by core_clock)
Path Group: core_clock
Path Type: max
Corner: Slowest

Fanout     Cap    Slew   Delay    Time   Description
-----------------------------------------------------------------------------
                          0.00    0.00   clock core_clock (rise edge)
                          0.00    0.00   clock source latency
     1    0.03    0.00    0.00    0.00 ^ clk (in)
                                         clk (net)
                  0.00    0.00    0.00 ^ clkbuf_0_clk/A (sky130_fd_sc_hd__clkbuf_16)
     4    0.05    0.10    0.23    0.23 ^ clkbuf_0_clk/X (sky130_fd_sc_hd__clkbuf_16)
                                         clknet_0_clk (net)
                  0.10    0.00    0.23 ^ clkbuf_2_1__f_clk/A (sky130_fd_sc_hd__clkbuf_16)
    22    0.07    0.13    0.30    0.53 ^ clkbuf_2_1__f_clk/X (sky130_fd_sc_hd__clkbuf_16)
                                         clknet_2_1__leaf_clk (net)
                  0.14    0.01    0.54 ^ _321_/CLK (sky130_fd_sc_hd__dfrtp_4)
    10    0.05    0.27    1.01    1.55 ^ _321_/Q (sky130_fd_sc_hd__dfrtp_4)
                                         div.count[1] (net)
                  0.28    0.01    1.56 ^ _176_/B (sky130_fd_sc_hd__and4_1)
     1    0.02    0.30    0.62    2.18 ^ _176_/X (sky130_fd_sc_hd__and4_1)
                                         _089_ (net)
                  0.30    0.00    2.18 ^ _177_/A (sky130_fd_sc_hd__clkbuf_4)
    16    0.08    0.37    0.57    2.74 ^ _177_/X (sky130_fd_sc_hd__clkbuf_4)
                                         _090_ (net)
                  0.37    0.01    2.75 ^ _181_/B (sky130_fd_sc_hd__xor2_1)
     1    0.01    0.42    0.52    3.27 ^ _181_/X (sky130_fd_sc_hd__xor2_1)
                                         _030_ (net)
                  0.42    0.00    3.27 ^ _324_/D (sky130_fd_sc_hd__dfrtp_4)
                                  3.27   data arrival time

                         10.00   10.00   clock core_clock (rise edge)
                          0.00   10.00   clock source latency
     1    0.03    0.00    0.00   10.00 ^ clk (in)
                                         clk (net)
                  0.00    0.00   10.00 ^ clkbuf_0_clk/A (sky130_fd_sc_hd__clkbuf_16)
     4    0.05    0.10    0.23   10.23 ^ clkbuf_0_clk/X (sky130_fd_sc_hd__clkbuf_16)
                                         clknet_0_clk (net)
                  0.10    0.00   10.23 ^ clkbuf_2_0__f_clk/A (sky130_fd_sc_hd__clkbuf_16)
    18    0.06    0.12    0.29   10.52 ^ clkbuf_2_0__f_clk/X (sky130_fd_sc_hd__clkbuf_16)
                                         clknet_2_0__leaf_clk (net)
                  0.12    0.00   10.52 ^ _324_/CLK (sky130_fd_sc_hd__dfrtp_4)
                          0.00   10.52   clock reconvergence pessimism
                         -0.22   10.31   library setup time
                                 10.31   data required time
-----------------------------------------------------------------------------
                                 10.31   data required time
                                 -3.27   data arrival time
-----------------------------------------------------------------------------
                                  7.03   slack (MET)


Startpoint: _320_ (rising edge-triggered flip-flop clocked by core_clock)
Endpoint: _322_ (rising edge-triggered flip-flop clocked by core_clock)
Path Group: core_clock
Path Type: max
Corner: Slowest

Fanout     Cap    Slew   Delay    Time   Description
-----------------------------------------------------------------------------
                          0.00    0.00   clock core_clock (rise edge)
                          0.00    0.00   clock source latency
     1    0.03    0.00    0.00    0.00 ^ clk (in)
                                         clk (net)
                  0.00    0.00    0.00 ^ clkbuf_0_clk/A (sky130_fd_sc_hd__clkbuf_16)
     4    0.05    0.10    0.23    0.23 ^ clkbuf_0_clk/X (sky130_fd_sc_hd__clkbuf_16)
                                         clknet_0_clk (net)
                  0.10    0.00    0.23 ^ clkbuf_2_0__f_clk/A (sky130_fd_sc_hd__clkbuf_16)
    18    0.06    0.12    0.29    0.52 ^ clkbuf_2_0__f_clk/X (sky130_fd_sc_hd__clkbuf_16)
                                         clknet_2_0__leaf_clk (net)
                  0.12    0.00    0.52 ^ _320_/CLK (sky130_fd_sc_hd__dfrtp_4)
    12    0.06    0.30    1.03    1.55 ^ _320_/Q (sky130_fd_sc_hd__dfrtp_4)
                                         div.count[0] (net)
                  0.30    0.00    1.56 ^ _172_/A (sky130_fd_sc_hd__nand2_2)
     4    0.03    0.29    0.34    1.90 v _172_/Y (sky130_fd_sc_hd__nand2_2)
                                         _087_ (net)
                  0.29    0.00    1.91 v _175_/B (sky130_fd_sc_hd__xnor2_1)
     2    0.02    0.81    0.77    2.68 ^ _175_/Y (sky130_fd_sc_hd__xnor2_1)
                                         _026_ (net)
                  0.81    0.00    2.68 ^ _322_/D (sky130_fd_sc_hd__dfrtp_4)
                                  2.68   data arrival time

                         10.00   10.00   clock core_clock (rise edge)
                          0.00   10.00   clock source latency
     1    0.03    0.00    0.00   10.00 ^ clk (in)
                                         clk (net)
                  0.00    0.00   10.00 ^ clkbuf_0_clk/A (sky130_fd_sc_hd__clkbuf_16)
     4    0.05    0.10    0.23   10.23 ^ clkbuf_0_clk/X (sky130_fd_sc_hd__clkbuf_16)
                                         clknet_0_clk (net)
                  0.10    0.00   10.23 ^ clkbuf_2_1__f_clk/A (sky130_fd_sc_hd__clkbuf_16)
    22    0.07    0.13    0.30   10.53 ^ clkbuf_2_1__f_clk/X (sky130_fd_sc_hd__clkbuf_16)
                                         clknet_2_1__leaf_clk (net)
                  0.14    0.01   10.54 ^ _322_/CLK (sky130_fd_sc_hd__dfrtp_4)
                          0.00   10.54   clock reconvergence pessimism
                         -0.31   10.23   library setup time
                                 10.23   data required time
-----------------------------------------------------------------------------
                                 10.23   data required time
                                 -2.68   data arrival time
-----------------------------------------------------------------------------
                                  7.54   slack (MET)



worst slack corner Slowest: 2.1901
======================= Typical Corner ===================================

Startpoint: _335_ (rising edge-triggered flip-flop clocked by core_clock)
Endpoint: _342_ (rising edge-triggered flip-flop clocked by core_clock)
Path Group: core_clock
Path Type: max
Corner: Typical

Fanout     Cap    Slew   Delay    Time   Description
-----------------------------------------------------------------------------
                          0.00    0.00   clock core_clock (rise edge)
                          0.00    0.00   clock source latency
     1    0.03    0.00    0.00    0.00 ^ clk (in)
                                         clk (net)
                  0.00    0.00    0.00 ^ clkbuf_0_clk/A (sky130_fd_sc_hd__clkbuf_16)
     4    0.05    0.07    0.13    0.13 ^ clkbuf_0_clk/X (sky130_fd_sc_hd__clkbuf_16)
                                         clknet_0_clk (net)
                  0.07    0.00    0.14 ^ clkbuf_2_3__f_clk/A (sky130_fd_sc_hd__clkbuf_16)
    18    0.05    0.07    0.16    0.29 ^ clkbuf_2_3__f_clk/X (sky130_fd_sc_hd__clkbuf_16)
                                         clknet_2_3__leaf_clk (net)
                  0.07    0.00    0.30 ^ _335_/CLK (sky130_fd_sc_hd__dfrtp_4)
     6    0.05    0.12    0.55    0.84 v _335_/Q (sky130_fd_sc_hd__dfrtp_4)
                                         div.count[15] (net)
                  0.12    0.01    0.85 v _157_/A (sky130_fd_sc_hd__or4b_2)
     2    0.03    0.20    0.84    1.69 v _157_/X (sky130_fd_sc_hd__or4b_2)
                                         _074_ (net)
                  0.20    0.00    1.69 v _161_/A (sky130_fd_sc_hd__or4_2)
     4    0.04    0.21    0.86    2.55 v _161_/X (sky130_fd_sc_hd__or4_2)
                                         _078_ (net)
                  0.21    0.01    2.56 v _167_/A (sky130_fd_sc_hd__or4_4)
    12    0.06    0.17    0.72    3.28 v _167_/X (sky130_fd_sc_hd__or4_4)
                                         _084_ (net)
                  0.17    0.01    3.28 v _238_/A (sky130_fd_sc_hd__and3_1)
     2    0.02    0.12    0.27    3.56 v _238_/X (sky130_fd_sc_hd__and3_1)
                                         _132_ (net)
                  0.12    0.00    3.56 v _239_/A (sky130_fd_sc_hd__buf_1)
     2    0.03    0.15    0.22    3.77 v _239_/X (sky130_fd_sc_hd__buf_1)
                                         _018_ (net)
                  0.15    0.00    3.78 v _342_/D (sky130_fd_sc_hd__dfrtp_4)
                                  3.78   data arrival time

                         10.00   10.00   clock core_clock (rise edge)
                          0.00   10.00   clock source latency
     1    0.03    0.00    0.00   10.00 ^ clk (in)
                                         clk (net)
                  0.00    0.00   10.00 ^ clkbuf_0_clk/A (sky130_fd_sc_hd__clkbuf_16)
     4    0.05    0.07    0.13   10.13 ^ clkbuf_0_clk/X (sky130_fd_sc_hd__clkbuf_16)
                                         clknet_0_clk (net)
                  0.07    0.00   10.14 ^ clkbuf_2_0__f_clk/A (sky130_fd_sc_hd__clkbuf_16)
    18    0.06    0.08    0.16   10.30 ^ clkbuf_2_0__f_clk/X (sky130_fd_sc_hd__clkbuf_16)
                                         clknet_2_0__leaf_clk (net)
                  0.08    0.01   10.30 ^ _342_/CLK (sky130_fd_sc_hd__dfrtp_4)
                          0.00   10.30   clock reconvergence pessimism
                         -0.15   10.15   library setup time
                                 10.15   data required time
-----------------------------------------------------------------------------
                                 10.15   data required time
                                 -3.78   data arrival time
-----------------------------------------------------------------------------
                                  6.37   slack (MET)


Startpoint: _335_ (rising edge-triggered flip-flop clocked by core_clock)
Endpoint: _326_ (rising edge-triggered flip-flop clocked by core_clock)
Path Group: core_clock
Path Type: max
Corner: Typical

Fanout     Cap    Slew   Delay    Time   Description
-----------------------------------------------------------------------------
                          0.00    0.00   clock core_clock (rise edge)
                          0.00    0.00   clock source latency
     1    0.03    0.00    0.00    0.00 ^ clk (in)
                                         clk (net)
                  0.00    0.00    0.00 ^ clkbuf_0_clk/A (sky130_fd_sc_hd__clkbuf_16)
     4    0.05    0.07    0.13    0.13 ^ clkbuf_0_clk/X (sky130_fd_sc_hd__clkbuf_16)
                                         clknet_0_clk (net)
                  0.07    0.00    0.14 ^ clkbuf_2_3__f_clk/A (sky130_fd_sc_hd__clkbuf_16)
    18    0.05    0.07    0.16    0.29 ^ clkbuf_2_3__f_clk/X (sky130_fd_sc_hd__clkbuf_16)
                                         clknet_2_3__leaf_clk (net)
                  0.07    0.00    0.30 ^ _335_/CLK (sky130_fd_sc_hd__dfrtp_4)
     6    0.05    0.12    0.55    0.84 v _335_/Q (sky130_fd_sc_hd__dfrtp_4)
                                         div.count[15] (net)
                  0.12    0.01    0.85 v _157_/A (sky130_fd_sc_hd__or4b_2)
     2    0.03    0.20    0.84    1.69 v _157_/X (sky130_fd_sc_hd__or4b_2)
                                         _074_ (net)
                  0.20    0.00    1.69 v _161_/A (sky130_fd_sc_hd__or4_2)
     4    0.04    0.21    0.86    2.55 v _161_/X (sky130_fd_sc_hd__or4_2)
                                         _078_ (net)
                  0.21    0.01    2.56 v _167_/A (sky130_fd_sc_hd__or4_4)
    12    0.06    0.17    0.72    3.28 v _167_/X (sky130_fd_sc_hd__or4_4)
                                         _084_ (net)
                  0.17    0.01    3.29 v _187_/A (sky130_fd_sc_hd__and3_1)
     2    0.03    0.15    0.30    3.59 v _187_/X (sky130_fd_sc_hd__and3_1)
                                         _097_ (net)
                  0.15    0.00    3.59 v _188_/A (sky130_fd_sc_hd__buf_1)
     1    0.02    0.11    0.20    3.79 v _188_/X (sky130_fd_sc_hd__buf_1)
                                         _032_ (net)
                  0.11    0.00    3.79 v _326_/D (sky130_fd_sc_hd__dfrtp_4)
                                  3.79   data arrival time

                         10.00   10.00   clock core_clock (rise edge)
                          0.00   10.00   clock source latency
     1    0.03    0.00    0.00   10.00 ^ clk (in)
                                         clk (net)
                  0.00    0.00   10.00 ^ clkbuf_0_clk/A (sky130_fd_sc_hd__clkbuf_16)
     4    0.05    0.07    0.13   10.13 ^ clkbuf_0_clk/X (sky130_fd_sc_hd__clkbuf_16)
                                         clknet_0_clk (net)
                  0.07    0.00   10.14 ^ clkbuf_2_1__f_clk/A (sky130_fd_sc_hd__clkbuf_16)
    22    0.07    0.09    0.17   10.30 ^ clkbuf_2_1__f_clk/X (sky130_fd_sc_hd__clkbuf_16)
                                         clknet_2_1__leaf_clk (net)
                  0.09    0.01   10.31 ^ _326_/CLK (sky130_fd_sc_hd__dfrtp_4)
                          0.00   10.31   clock reconvergence pessimism
                         -0.13   10.18   library setup time
                                 10.18   data required time
-----------------------------------------------------------------------------
                                 10.18   data required time
                                 -3.79   data arrival time
-----------------------------------------------------------------------------
                                  6.38   slack (MET)


Startpoint: _335_ (rising edge-triggered flip-flop clocked by core_clock)
Endpoint: _339_ (rising edge-triggered flip-flop clocked by core_clock)
Path Group: core_clock
Path Type: max
Corner: Typical

Fanout     Cap    Slew   Delay    Time   Description
-----------------------------------------------------------------------------
                          0.00    0.00   clock core_clock (rise edge)
                          0.00    0.00   clock source latency
     1    0.03    0.00    0.00    0.00 ^ clk (in)
                                         clk (net)
                  0.00    0.00    0.00 ^ clkbuf_0_clk/A (sky130_fd_sc_hd__clkbuf_16)
     4    0.05    0.07    0.13    0.13 ^ clkbuf_0_clk/X (sky130_fd_sc_hd__clkbuf_16)
                                         clknet_0_clk (net)
                  0.07    0.00    0.14 ^ clkbuf_2_3__f_clk/A (sky130_fd_sc_hd__clkbuf_16)
    18    0.05    0.07    0.16    0.29 ^ clkbuf_2_3__f_clk/X (sky130_fd_sc_hd__clkbuf_16)
                                         clknet_2_3__leaf_clk (net)
                  0.07    0.00    0.30 ^ _335_/CLK (sky130_fd_sc_hd__dfrtp_4)
     6    0.05    0.12    0.55    0.84 v _335_/Q (sky130_fd_sc_hd__dfrtp_4)
                                         div.count[15] (net)
                  0.12    0.01    0.85 v _157_/A (sky130_fd_sc_hd__or4b_2)
     2    0.03    0.20    0.84    1.69 v _157_/X (sky130_fd_sc_hd__or4b_2)
                                         _074_ (net)
                  0.20    0.00    1.69 v _161_/A (sky130_fd_sc_hd__or4_2)
     4    0.04    0.21    0.86    2.55 v _161_/X (sky130_fd_sc_hd__or4_2)
                                         _078_ (net)
                  0.21    0.01    2.56 v _167_/A (sky130_fd_sc_hd__or4_4)
    12    0.06    0.17    0.72    3.28 v _167_/X (sky130_fd_sc_hd__or4_4)
                                         _084_ (net)
                  0.17    0.01    3.28 v _230_/A (sky130_fd_sc_hd__and3_1)
     2    0.02    0.12    0.28    3.56 v _230_/X (sky130_fd_sc_hd__and3_1)
                                         _127_ (net)
                  0.12    0.00    3.56 v _231_/A (sky130_fd_sc_hd__buf_1)
     2    0.02    0.12    0.20    3.76 v _231_/X (sky130_fd_sc_hd__buf_1)
                                         _014_ (net)
                  0.12    0.00    3.76 v _339_/D (sky130_fd_sc_hd__dfrtp_4)
                                  3.76   data arrival time

                         10.00   10.00   clock core_clock (rise edge)
                          0.00   10.00   clock source latency
     1    0.03    0.00    0.00   10.00 ^ clk (in)
                                         clk (net)
                  0.00    0.00   10.00 ^ clkbuf_0_clk/A (sky130_fd_sc_hd__clkbuf_16)
     4    0.05    0.07    0.13   10.13 ^ clkbuf_0_clk/X (sky130_fd_sc_hd__clkbuf_16)
                                         clknet_0_clk (net)
                  0.07    0.00   10.14 ^ clkbuf_2_0__f_clk/A (sky130_fd_sc_hd__clkbuf_16)
    18    0.06    0.08    0.16   10.30 ^ clkbuf_2_0__f_clk/X (sky130_fd_sc_hd__clkbuf_16)
                                         clknet_2_0__leaf_clk (net)
                  0.08    0.00   10.30 ^ _339_/CLK (sky130_fd_sc_hd__dfrtp_4)
                          0.00   10.30   clock reconvergence pessimism
                         -0.14   10.16   library setup time
                                 10.16   data required time
-----------------------------------------------------------------------------
                                 10.16   data required time
                                 -3.76   data arrival time
-----------------------------------------------------------------------------
                                  6.40   slack (MET)


Startpoint: _335_ (rising edge-triggered flip-flop clocked by core_clock)
Endpoint: _320_ (rising edge-triggered flip-flop clocked by core_clock)
Path Group: core_clock
Path Type: max
Corner: Typical

Fanout     Cap    Slew   Delay    Time   Description
-----------------------------------------------------------------------------
                          0.00    0.00   clock core_clock (rise edge)
                          0.00    0.00   clock source latency
     1    0.03    0.00    0.00    0.00 ^ clk (in)
                                         clk (net)
                  0.00    0.00    0.00 ^ clkbuf_0_clk/A (sky130_fd_sc_hd__clkbuf_16)
     4    0.05    0.07    0.13    0.13 ^ clkbuf_0_clk/X (sky130_fd_sc_hd__clkbuf_16)
                                         clknet_0_clk (net)
                  0.07    0.00    0.14 ^ clkbuf_2_3__f_clk/A (sky130_fd_sc_hd__clkbuf_16)
    18    0.05    0.07    0.16    0.29 ^ clkbuf_2_3__f_clk/X (sky130_fd_sc_hd__clkbuf_16)
                                         clknet_2_3__leaf_clk (net)
                  0.07    0.00    0.30 ^ _335_/CLK (sky130_fd_sc_hd__dfrtp_4)
     6    0.05    0.12    0.55    0.84 v _335_/Q (sky130_fd_sc_hd__dfrtp_4)
                                         div.count[15] (net)
                  0.12    0.01    0.85 v _157_/A (sky130_fd_sc_hd__or4b_2)
     2    0.03    0.20    0.84    1.69 v _157_/X (sky130_fd_sc_hd__or4b_2)
                                         _074_ (net)
                  0.20    0.00    1.69 v _161_/A (sky130_fd_sc_hd__or4_2)
     4    0.04    0.21    0.86    2.55 v _161_/X (sky130_fd_sc_hd__or4_2)
                                         _078_ (net)
                  0.21    0.01    2.56 v _167_/A (sky130_fd_sc_hd__or4_4)
    12    0.06    0.17    0.72    3.28 v _167_/X (sky130_fd_sc_hd__or4_4)
                                         _084_ (net)
                  0.17    0.01    3.29 v _169_/B (sky130_fd_sc_hd__and2b_1)
     2    0.03    0.13    0.30    3.59 v _169_/X (sky130_fd_sc_hd__and2b_1)
                                         _085_ (net)
                  0.13    0.00    3.59 v _170_/A (sky130_fd_sc_hd__clkbuf_1)
     1    0.01    0.06    0.15    3.75 v _170_/X (sky130_fd_sc_hd__clkbuf_1)
                                         _004_ (net)
                  0.06    0.00    3.75 v _320_/D (sky130_fd_sc_hd__dfrtp_4)
                                  3.75   data arrival time

                         10.00   10.00   clock core_clock (rise edge)
                          0.00   10.00   clock source latency
     1    0.03    0.00    0.00   10.00 ^ clk (in)
                                         clk (net)
                  0.00    0.00   10.00 ^ clkbuf_0_clk/A (sky130_fd_sc_hd__clkbuf_16)
     4    0.05    0.07    0.13   10.13 ^ clkbuf_0_clk/X (sky130_fd_sc_hd__clkbuf_16)
                                         clknet_0_clk (net)
                  0.07    0.00   10.14 ^ clkbuf_2_0__f_clk/A (sky130_fd_sc_hd__clkbuf_16)
    18    0.06    0.08    0.16   10.30 ^ clkbuf_2_0__f_clk/X (sky130_fd_sc_hd__clkbuf_16)
                                         clknet_2_0__leaf_clk (net)
                  0.08    0.00   10.30 ^ _320_/CLK (sky130_fd_sc_hd__dfrtp_4)
                          0.00   10.30   clock reconvergence pessimism
                         -0.11   10.19   library setup time
                                 10.19   data required time
-----------------------------------------------------------------------------
                                 10.19   data required time
                                 -3.75   data arrival time
-----------------------------------------------------------------------------
                                  6.44   slack (MET)


Startpoint: _335_ (rising edge-triggered flip-flop clocked by core_clock)
Endpoint: _328_ (rising edge-triggered flip-flop clocked by core_clock)
Path Group: core_clock
Path Type: max
Corner: Typical

Fanout     Cap    Slew   Delay    Time   Description
-----------------------------------------------------------------------------
                          0.00    0.00   clock core_clock (rise edge)
                          0.00    0.00   clock source latency
     1    0.03    0.00    0.00    0.00 ^ clk (in)
                                         clk (net)
                  0.00    0.00    0.00 ^ clkbuf_0_clk/A (sky130_fd_sc_hd__clkbuf_16)
     4    0.05    0.07    0.13    0.13 ^ clkbuf_0_clk/X (sky130_fd_sc_hd__clkbuf_16)
                                         clknet_0_clk (net)
                  0.07    0.00    0.14 ^ clkbuf_2_3__f_clk/A (sky130_fd_sc_hd__clkbuf_16)
    18    0.05    0.07    0.16    0.29 ^ clkbuf_2_3__f_clk/X (sky130_fd_sc_hd__clkbuf_16)
                                         clknet_2_3__leaf_clk (net)
                  0.07    0.00    0.30 ^ _335_/CLK (sky130_fd_sc_hd__dfrtp_4)
     6    0.05    0.12    0.55    0.84 v _335_/Q (sky130_fd_sc_hd__dfrtp_4)
                                         div.count[15] (net)
                  0.12    0.01    0.85 v _157_/A (sky130_fd_sc_hd__or4b_2)
     2    0.03    0.20    0.84    1.69 v _157_/X (sky130_fd_sc_hd__or4b_2)
                                         _074_ (net)
                  0.20    0.00    1.69 v _161_/A (sky130_fd_sc_hd__or4_2)
     4    0.04    0.21    0.86    2.55 v _161_/X (sky130_fd_sc_hd__or4_2)
                                         _078_ (net)
                  0.21    0.01    2.56 v _167_/A (sky130_fd_sc_hd__or4_4)
    12    0.06    0.17    0.72    3.28 v _167_/X (sky130_fd_sc_hd__or4_4)
                                         _084_ (net)
                  0.17    0.01    3.29 v _193_/B1 (sky130_fd_sc_hd__o21ai_1)
     1    0.01    0.30    0.24    3.52 ^ _193_/Y (sky130_fd_sc_hd__o21ai_1)
                                         _101_ (net)
                  0.30    0.00    3.52 ^ _194_/B1 (sky130_fd_sc_hd__a21oi_1)
     1    0.01    0.10    0.11    3.63 v _194_/Y (sky130_fd_sc_hd__a21oi_1)
                                         _034_ (net)
                  0.10    0.00    3.63 v _328_/D (sky130_fd_sc_hd__dfrtp_4)
                                  3.63   data arrival time

                         10.00   10.00   clock core_clock (rise edge)
                          0.00   10.00   clock source latency
     1    0.03    0.00    0.00   10.00 ^ clk (in)
                                         clk (net)
                  0.00    0.00   10.00 ^ clkbuf_0_clk/A (sky130_fd_sc_hd__clkbuf_16)
     4    0.05    0.07    0.13   10.13 ^ clkbuf_0_clk/X (sky130_fd_sc_hd__clkbuf_16)
                                         clknet_0_clk (net)
                  0.07    0.00   10.14 ^ clkbuf_2_1__f_clk/A (sky130_fd_sc_hd__clkbuf_16)
    22    0.07    0.09    0.17   10.30 ^ clkbuf_2_1__f_clk/X (sky130_fd_sc_hd__clkbuf_16)
                                         clknet_2_1__leaf_clk (net)
                  0.09    0.01   10.31 ^ _328_/CLK (sky130_fd_sc_hd__dfrtp_4)
                          0.00   10.31   clock reconvergence pessimism
                         -0.13   10.18   library setup time
                                 10.18   data required time
-----------------------------------------------------------------------------
                                 10.18   data required time
                                 -3.63   data arrival time
-----------------------------------------------------------------------------
                                  6.55   slack (MET)


Startpoint: _335_ (rising edge-triggered flip-flop clocked by core_clock)
Endpoint: _356_ (rising edge-triggered flip-flop clocked by core_clock)
Path Group: core_clock
Path Type: max
Corner: Typical

Fanout     Cap    Slew   Delay    Time   Description
-----------------------------------------------------------------------------
                          0.00    0.00   clock core_clock (rise edge)
                          0.00    0.00   clock source latency
     1    0.03    0.00    0.00    0.00 ^ clk (in)
                                         clk (net)
                  0.00    0.00    0.00 ^ clkbuf_0_clk/A (sky130_fd_sc_hd__clkbuf_16)
     4    0.05    0.07    0.13    0.13 ^ clkbuf_0_clk/X (sky130_fd_sc_hd__clkbuf_16)
                                         clknet_0_clk (net)
                  0.07    0.00    0.14 ^ clkbuf_2_3__f_clk/A (sky130_fd_sc_hd__clkbuf_16)
    18    0.05    0.07    0.16    0.29 ^ clkbuf_2_3__f_clk/X (sky130_fd_sc_hd__clkbuf_16)
                                         clknet_2_3__leaf_clk (net)
                  0.07    0.00    0.30 ^ _335_/CLK (sky130_fd_sc_hd__dfrtp_4)
     6    0.05    0.12    0.55    0.84 v _335_/Q (sky130_fd_sc_hd__dfrtp_4)
                                         div.count[15] (net)
                  0.12    0.01    0.85 v _157_/A (sky130_fd_sc_hd__or4b_2)
     2    0.03    0.20    0.84    1.69 v _157_/X (sky130_fd_sc_hd__or4b_2)
                                         _074_ (net)
                  0.20    0.00    1.69 v _161_/A (sky130_fd_sc_hd__or4_2)
     4    0.04    0.21    0.86    2.55 v _161_/X (sky130_fd_sc_hd__or4_2)
                                         _078_ (net)
                  0.21    0.01    2.56 v _167_/A (sky130_fd_sc_hd__or4_4)
    12    0.06    0.17    0.72    3.28 v _167_/X (sky130_fd_sc_hd__or4_4)
                                         _084_ (net)
                  0.17    0.01    3.29 v _168_/B (sky130_fd_sc_hd__xnor2_1)
     1    0.01    0.29    0.31    3.60 ^ _168_/Y (sky130_fd_sc_hd__xnor2_1)
                                         _073_ (net)
                  0.29    0.00    3.60 ^ _356_/D (sky130_fd_sc_hd__dfrtp_4)
                                  3.60   data arrival time

                         10.00   10.00   clock core_clock (rise edge)
                          0.00   10.00   clock source latency
     1    0.03    0.00    0.00   10.00 ^ clk (in)
                                         clk (net)
                  0.00    0.00   10.00 ^ clkbuf_0_clk/A (sky130_fd_sc_hd__clkbuf_16)
     4    0.05    0.07    0.13   10.13 ^ clkbuf_0_clk/X (sky130_fd_sc_hd__clkbuf_16)
                                         clknet_0_clk (net)
                  0.07    0.00   10.14 ^ clkbuf_2_1__f_clk/A (sky130_fd_sc_hd__clkbuf_16)
    22    0.07    0.09    0.17   10.30 ^ clkbuf_2_1__f_clk/X (sky130_fd_sc_hd__clkbuf_16)
                                         clknet_2_1__leaf_clk (net)
                  0.09    0.00   10.31 ^ _356_/CLK (sky130_fd_sc_hd__dfrtp_4)
                          0.00   10.31   clock reconvergence pessimism
                         -0.11   10.19   library setup time
                                 10.19   data required time
-----------------------------------------------------------------------------
                                 10.19   data required time
                                 -3.60   data arrival time
-----------------------------------------------------------------------------
                                  6.59   slack (MET)


Startpoint: _335_ (rising edge-triggered flip-flop clocked by core_clock)
Endpoint: _331_ (rising edge-triggered flip-flop clocked by core_clock)
Path Group: core_clock
Path Type: max
Corner: Typical

Fanout     Cap    Slew   Delay    Time   Description
-----------------------------------------------------------------------------
                          0.00    0.00   clock core_clock (rise edge)
                          0.00    0.00   clock source latency
     1    0.03    0.00    0.00    0.00 ^ clk (in)
                                         clk (net)
                  0.00    0.00    0.00 ^ clkbuf_0_clk/A (sky130_fd_sc_hd__clkbuf_16)
     4    0.05    0.07    0.13    0.13 ^ clkbuf_0_clk/X (sky130_fd_sc_hd__clkbuf_16)
                                         clknet_0_clk (net)
                  0.07    0.00    0.14 ^ clkbuf_2_3__f_clk/A (sky130_fd_sc_hd__clkbuf_16)
    18    0.05    0.07    0.16    0.29 ^ clkbuf_2_3__f_clk/X (sky130_fd_sc_hd__clkbuf_16)
                                         clknet_2_3__leaf_clk (net)
                  0.07    0.00    0.30 ^ _335_/CLK (sky130_fd_sc_hd__dfrtp_4)
     6    0.05    0.12    0.55    0.84 v _335_/Q (sky130_fd_sc_hd__dfrtp_4)
                                         div.count[15] (net)
                  0.12    0.01    0.85 v _157_/A (sky130_fd_sc_hd__or4b_2)
     2    0.03    0.20    0.84    1.69 v _157_/X (sky130_fd_sc_hd__or4b_2)
                                         _074_ (net)
                  0.20    0.00    1.69 v _161_/A (sky130_fd_sc_hd__or4_2)
     4    0.04    0.21    0.86    2.55 v _161_/X (sky130_fd_sc_hd__or4_2)
                                         _078_ (net)
                  0.21    0.01    2.56 v _199_/A (sky130_fd_sc_hd__or3_4)
     8    0.05    0.14    0.53    3.09 v _199_/X (sky130_fd_sc_hd__or3_4)
                                         _106_ (net)
                  0.14    0.00    3.09 v _206_/A (sky130_fd_sc_hd__and3_1)
     2    0.04    0.19    0.31    3.41 v _206_/X (sky130_fd_sc_hd__and3_1)
                                         _111_ (net)
                  0.19    0.00    3.41 v _207_/A (sky130_fd_sc_hd__clkbuf_1)
     1    0.00    0.04    0.15    3.56 v _207_/X (sky130_fd_sc_hd__clkbuf_1)
                                         _006_ (net)
                  0.04    0.00    3.56 v _331_/D (sky130_fd_sc_hd__dfrtp_4)
                                  3.56   data arrival time

                         10.00   10.00   clock core_clock (rise edge)
                          0.00   10.00   clock source latency
     1    0.03    0.00    0.00   10.00 ^ clk (in)
                                         clk (net)
                  0.00    0.00   10.00 ^ clkbuf_0_clk/A (sky130_fd_sc_hd__clkbuf_16)
     4    0.05    0.07    0.13   10.13 ^ clkbuf_0_clk/X (sky130_fd_sc_hd__clkbuf_16)
                                         clknet_0_clk (net)
                  0.07    0.00   10.14 ^ clkbuf_2_3__f_clk/A (sky130_fd_sc_hd__clkbuf_16)
    18    0.05    0.07    0.16   10.29 ^ clkbuf_2_3__f_clk/X (sky130_fd_sc_hd__clkbuf_16)
                                         clknet_2_3__leaf_clk (net)
                  0.07    0.00   10.30 ^ _331_/CLK (sky130_fd_sc_hd__dfrtp_4)
                          0.00   10.30   clock reconvergence pessimism
                         -0.11   10.19   library setup time
                                 10.19   data required time
-----------------------------------------------------------------------------
                                 10.19   data required time
                                 -3.56   data arrival time
-----------------------------------------------------------------------------
                                  6.63   slack (MET)


Startpoint: _335_ (rising edge-triggered flip-flop clocked by core_clock)
Endpoint: _338_ (rising edge-triggered flip-flop clocked by core_clock)
Path Group: core_clock
Path Type: max
Corner: Typical

Fanout     Cap    Slew   Delay    Time   Description
-----------------------------------------------------------------------------
                          0.00    0.00   clock core_clock (rise edge)
                          0.00    0.00   clock source latency
     1    0.03    0.00    0.00    0.00 ^ clk (in)
                                         clk (net)
                  0.00    0.00    0.00 ^ clkbuf_0_clk/A (sky130_fd_sc_hd__clkbuf_16)
     4    0.05    0.07    0.13    0.13 ^ clkbuf_0_clk/X (sky130_fd_sc_hd__clkbuf_16)
                                         clknet_0_clk (net)
                  0.07    0.00    0.14 ^ clkbuf_2_3__f_clk/A (sky130_fd_sc_hd__clkbuf_16)
    18    0.05    0.07    0.16    0.29 ^ clkbuf_2_3__f_clk/X (sky130_fd_sc_hd__clkbuf_16)
                                         clknet_2_3__leaf_clk (net)
                  0.07    0.00    0.30 ^ _335_/CLK (sky130_fd_sc_hd__dfrtp_4)
     6    0.05    0.12    0.55    0.84 v _335_/Q (sky130_fd_sc_hd__dfrtp_4)
                                         div.count[15] (net)
                  0.12    0.01    0.85 v _157_/A (sky130_fd_sc_hd__or4b_2)
     2    0.03    0.20    0.84    1.69 v _157_/X (sky130_fd_sc_hd__or4b_2)
                                         _074_ (net)
                  0.20    0.00    1.69 v _161_/A (sky130_fd_sc_hd__or4_2)
     4    0.04    0.21    0.86    2.55 v _161_/X (sky130_fd_sc_hd__or4_2)
                                         _078_ (net)
                  0.21    0.01    2.56 v _199_/A (sky130_fd_sc_hd__or3_4)
     8    0.05    0.14    0.53    3.09 v _199_/X (sky130_fd_sc_hd__or3_4)
                                         _106_ (net)
                  0.14    0.01    3.10 v _225_/A (sky130_fd_sc_hd__and3_1)
     1    0.01    0.05    0.20    3.30 v _225_/X (sky130_fd_sc_hd__and3_1)
                                         _123_ (net)
                  0.05    0.00    3.30 v _226_/A (sky130_fd_sc_hd__buf_1)
     1    0.01    0.09    0.14    3.44 v _226_/X (sky130_fd_sc_hd__buf_1)
                                         _013_ (net)
                  0.09    0.00    3.44 v _338_/D (sky130_fd_sc_hd__dfrtp_4)
                                  3.44   data arrival time

                         10.00   10.00   clock core_clock (rise edge)
                          0.00   10.00   clock source latency
     1    0.03    0.00    0.00   10.00 ^ clk (in)
                                         clk (net)
                  0.00    0.00   10.00 ^ clkbuf_0_clk/A (sky130_fd_sc_hd__clkbuf_16)
     4    0.05    0.07    0.13   10.13 ^ clkbuf_0_clk/X (sky130_fd_sc_hd__clkbuf_16)
                                         clknet_0_clk (net)
                  0.07    0.00   10.14 ^ clkbuf_2_0__f_clk/A (sky130_fd_sc_hd__clkbuf_16)
    18    0.06    0.08    0.16   10.30 ^ clkbuf_2_0__f_clk/X (sky130_fd_sc_hd__clkbuf_16)
                                         clknet_2_0__leaf_clk (net)
                  0.08    0.00   10.30 ^ _338_/CLK (sky130_fd_sc_hd__dfrtp_4)
                          0.00   10.30   clock reconvergence pessimism
                         -0.12   10.18   library setup time
                                 10.18   data required time
-----------------------------------------------------------------------------
                                 10.18   data required time
                                 -3.44   data arrival time
-----------------------------------------------------------------------------
                                  6.74   slack (MET)


Startpoint: _335_ (rising edge-triggered flip-flop clocked by core_clock)
Endpoint: _329_ (rising edge-triggered flip-flop clocked by core_clock)
Path Group: core_clock
Path Type: max
Corner: Typical

Fanout     Cap    Slew   Delay    Time   Description
-----------------------------------------------------------------------------
                          0.00    0.00   clock core_clock (rise edge)
                          0.00    0.00   clock source latency
     1    0.03    0.00    0.00    0.00 ^ clk (in)
                                         clk (net)
                  0.00    0.00    0.00 ^ clkbuf_0_clk/A (sky130_fd_sc_hd__clkbuf_16)
     4    0.05    0.07    0.13    0.13 ^ clkbuf_0_clk/X (sky130_fd_sc_hd__clkbuf_16)
                                         clknet_0_clk (net)
                  0.07    0.00    0.14 ^ clkbuf_2_3__f_clk/A (sky130_fd_sc_hd__clkbuf_16)
    18    0.05    0.07    0.16    0.29 ^ clkbuf_2_3__f_clk/X (sky130_fd_sc_hd__clkbuf_16)
                                         clknet_2_3__leaf_clk (net)
                  0.07    0.00    0.30 ^ _335_/CLK (sky130_fd_sc_hd__dfrtp_4)
     6    0.05    0.12    0.55    0.84 v _335_/Q (sky130_fd_sc_hd__dfrtp_4)
                                         div.count[15] (net)
                  0.12    0.01    0.85 v _157_/A (sky130_fd_sc_hd__or4b_2)
     2    0.03    0.20    0.84    1.69 v _157_/X (sky130_fd_sc_hd__or4b_2)
                                         _074_ (net)
                  0.20    0.00    1.69 v _161_/A (sky130_fd_sc_hd__or4_2)
     4    0.04    0.21    0.86    2.55 v _161_/X (sky130_fd_sc_hd__or4_2)
                                         _078_ (net)
                  0.21    0.01    2.56 v _199_/A (sky130_fd_sc_hd__or3_4)
     8    0.05    0.14    0.53    3.09 v _199_/X (sky130_fd_sc_hd__or3_4)
                                         _106_ (net)
                  0.14    0.01    3.10 v _201_/A (sky130_fd_sc_hd__nand2_1)
     1    0.01    0.13    0.15    3.25 ^ _201_/Y (sky130_fd_sc_hd__nand2_1)
                                         _108_ (net)
                  0.13    0.00    3.25 ^ _202_/B (sky130_fd_sc_hd__nor2_1)
     1    0.01    0.10    0.10    3.36 v _202_/Y (sky130_fd_sc_hd__nor2_1)
                                         _035_ (net)
                  0.10    0.00    3.36 v _329_/D (sky130_fd_sc_hd__dfrtp_4)
                                  3.36   data arrival time

                         10.00   10.00   clock core_clock (rise edge)
                          0.00   10.00   clock source latency
     1    0.03    0.00    0.00   10.00 ^ clk (in)
                                         clk (net)
                  0.00    0.00   10.00 ^ clkbuf_0_clk/A (sky130_fd_sc_hd__clkbuf_16)
     4    0.05    0.07    0.13   10.13 ^ clkbuf_0_clk/X (sky130_fd_sc_hd__clkbuf_16)
                                         clknet_0_clk (net)
                  0.07    0.00   10.14 ^ clkbuf_2_1__f_clk/A (sky130_fd_sc_hd__clkbuf_16)
    22    0.07    0.09    0.17   10.30 ^ clkbuf_2_1__f_clk/X (sky130_fd_sc_hd__clkbuf_16)
                                         clknet_2_1__leaf_clk (net)
                  0.09    0.01   10.31 ^ _329_/CLK (sky130_fd_sc_hd__dfrtp_4)
                          0.00   10.31   clock reconvergence pessimism
                         -0.13   10.18   library setup time
                                 10.18   data required time
-----------------------------------------------------------------------------
                                 10.18   data required time
                                 -3.36   data arrival time
-----------------------------------------------------------------------------
                                  6.83   slack (MET)


Startpoint: _321_ (rising edge-triggered flip-flop clocked by core_clock)
Endpoint: _343_ (rising edge-triggered flip-flop clocked by core_clock)
Path Group: core_clock
Path Type: max
Corner: Typical

Fanout     Cap    Slew   Delay    Time   Description
-----------------------------------------------------------------------------
                          0.00    0.00   clock core_clock (rise edge)
                          0.00    0.00   clock source latency
     1    0.03    0.00    0.00    0.00 ^ clk (in)
                                         clk (net)
                  0.00    0.00    0.00 ^ clkbuf_0_clk/A (sky130_fd_sc_hd__clkbuf_16)
     4    0.05    0.07    0.13    0.13 ^ clkbuf_0_clk/X (sky130_fd_sc_hd__clkbuf_16)
                                         clknet_0_clk (net)
                  0.07    0.00    0.14 ^ clkbuf_2_1__f_clk/A (sky130_fd_sc_hd__clkbuf_16)
    22    0.07    0.09    0.17    0.30 ^ clkbuf_2_1__f_clk/X (sky130_fd_sc_hd__clkbuf_16)
                                         clknet_2_1__leaf_clk (net)
                  0.09    0.01    0.31 ^ _321_/CLK (sky130_fd_sc_hd__dfrtp_4)
    10    0.05    0.17    0.52    0.83 ^ _321_/Q (sky130_fd_sc_hd__dfrtp_4)
                                         div.count[1] (net)
                  0.17    0.01    0.84 ^ _176_/B (sky130_fd_sc_hd__and4_1)
     1    0.02    0.18    0.31    1.14 ^ _176_/X (sky130_fd_sc_hd__and4_1)
                                         _089_ (net)
                  0.18    0.00    1.15 ^ _177_/A (sky130_fd_sc_hd__clkbuf_4)
    16    0.08    0.23    0.31    1.46 ^ _177_/X (sky130_fd_sc_hd__clkbuf_4)
                                         _090_ (net)
                  0.23    0.01    1.47 ^ _217_/A (sky130_fd_sc_hd__and4_1)
     1    0.02    0.20    0.34    1.81 ^ _217_/X (sky130_fd_sc_hd__and4_1)
                                         _117_ (net)
                  0.20    0.00    1.81 ^ _218_/A (sky130_fd_sc_hd__clkbuf_4)
    18    0.09    0.28    0.35    2.16 ^ _218_/X (sky130_fd_sc_hd__clkbuf_4)
                                         _118_ (net)
                  0.28    0.02    2.18 ^ _232_/B (sky130_fd_sc_hd__and3_2)
     8    0.06    0.28    0.42    2.59 ^ _232_/X (sky130_fd_sc_hd__and3_2)
                                         _128_ (net)
                  0.28    0.01    2.60 ^ _237_/C (sky130_fd_sc_hd__nand3_2)
     4    0.03    0.17    0.20    2.81 v _237_/Y (sky130_fd_sc_hd__nand3_2)
                                         _131_ (net)
                  0.17    0.00    2.81 v _240_/B (sky130_fd_sc_hd__xnor2_1)
     2    0.02    0.54    0.49    3.30 ^ _240_/Y (sky130_fd_sc_hd__xnor2_1)
                                         _019_ (net)
                  0.54    0.00    3.31 ^ _343_/D (sky130_fd_sc_hd__dfrtp_2)
                                  3.31   data arrival time

                         10.00   10.00   clock core_clock (rise edge)
                          0.00   10.00   clock source latency
     1    0.03    0.00    0.00   10.00 ^ clk (in)
                                         clk (net)
                  0.00    0.00   10.00 ^ clkbuf_0_clk/A (sky130_fd_sc_hd__clkbuf_16)
     4    0.05    0.07    0.13   10.13 ^ clkbuf_0_clk/X (sky130_fd_sc_hd__clkbuf_16)
                                         clknet_0_clk (net)
                  0.07    0.00   10.14 ^ clkbuf_2_1__f_clk/A (sky130_fd_sc_hd__clkbuf_16)
    22    0.07    0.09    0.17   10.30 ^ clkbuf_2_1__f_clk/X (sky130_fd_sc_hd__clkbuf_16)
                                         clknet_2_1__leaf_clk (net)
                  0.09    0.01   10.31 ^ _343_/CLK (sky130_fd_sc_hd__dfrtp_2)
                          0.00   10.31   clock reconvergence pessimism
                         -0.17   10.15   library setup time
                                 10.15   data required time
-----------------------------------------------------------------------------
                                 10.15   data required time
                                 -3.31   data arrival time
-----------------------------------------------------------------------------
                                  6.84   slack (MET)


Startpoint: _335_ (rising edge-triggered flip-flop clocked by core_clock)
Endpoint: _334_ (rising edge-triggered flip-flop clocked by core_clock)
Path Group: core_clock
Path Type: max
Corner: Typical

Fanout     Cap    Slew   Delay    Time   Description
-----------------------------------------------------------------------------
                          0.00    0.00   clock core_clock (rise edge)
                          0.00    0.00   clock source latency
     1    0.03    0.00    0.00    0.00 ^ clk (in)
                                         clk (net)
                  0.00    0.00    0.00 ^ clkbuf_0_clk/A (sky130_fd_sc_hd__clkbuf_16)
     4    0.05    0.07    0.13    0.13 ^ clkbuf_0_clk/X (sky130_fd_sc_hd__clkbuf_16)
                                         clknet_0_clk (net)
                  0.07    0.00    0.14 ^ clkbuf_2_3__f_clk/A (sky130_fd_sc_hd__clkbuf_16)
    18    0.05    0.07    0.16    0.29 ^ clkbuf_2_3__f_clk/X (sky130_fd_sc_hd__clkbuf_16)
                                         clknet_2_3__leaf_clk (net)
                  0.07    0.00    0.30 ^ _335_/CLK (sky130_fd_sc_hd__dfrtp_4)
     6    0.05    0.12    0.55    0.84 v _335_/Q (sky130_fd_sc_hd__dfrtp_4)
                                         div.count[15] (net)
                  0.12    0.01    0.85 v _157_/A (sky130_fd_sc_hd__or4b_2)
     2    0.03    0.20    0.84    1.69 v _157_/X (sky130_fd_sc_hd__or4b_2)
                                         _074_ (net)
                  0.20    0.00    1.69 v _161_/A (sky130_fd_sc_hd__or4_2)
     4    0.04    0.21    0.86    2.55 v _161_/X (sky130_fd_sc_hd__or4_2)
                                         _078_ (net)
                  0.21    0.01    2.56 v _199_/A (sky130_fd_sc_hd__or3_4)
     8    0.05    0.14    0.53    3.09 v _199_/X (sky130_fd_sc_hd__or3_4)
                                         _106_ (net)
                  0.14    0.01    3.10 v _214_/C1 (sky130_fd_sc_hd__o211a_1)
     1    0.00    0.04    0.14    3.24 v _214_/X (sky130_fd_sc_hd__o211a_1)
                                         _009_ (net)
                  0.04    0.00    3.24 v _334_/D (sky130_fd_sc_hd__dfrtp_2)
                                  3.24   data arrival time

                         10.00   10.00   clock core_clock (rise edge)
                          0.00   10.00   clock source latency
     1    0.03    0.00    0.00   10.00 ^ clk (in)
                                         clk (net)
                  0.00    0.00   10.00 ^ clkbuf_0_clk/A (sky130_fd_sc_hd__clkbuf_16)
     4    0.05    0.07    0.13   10.13 ^ clkbuf_0_clk/X (sky130_fd_sc_hd__clkbuf_16)
                                         clknet_0_clk (net)
                  0.07    0.00   10.14 ^ clkbuf_2_2__f_clk/A (sky130_fd_sc_hd__clkbuf_16)
    14    0.06    0.08    0.16   10.30 ^ clkbuf_2_2__f_clk/X (sky130_fd_sc_hd__clkbuf_16)
                                         clknet_2_2__leaf_clk (net)
                  0.08    0.00   10.30 ^ _334_/CLK (sky130_fd_sc_hd__dfrtp_2)
                          0.00   10.30   clock reconvergence pessimism
                         -0.10   10.20   library setup time
                                 10.20   data required time
-----------------------------------------------------------------------------
                                 10.20   data required time
                                 -3.24   data arrival time
-----------------------------------------------------------------------------
                                  6.95   slack (MET)


Startpoint: _321_ (rising edge-triggered flip-flop clocked by core_clock)
Endpoint: _346_ (rising edge-triggered flip-flop clocked by core_clock)
Path Group: core_clock
Path Type: max
Corner: Typical

Fanout     Cap    Slew   Delay    Time   Description
-----------------------------------------------------------------------------
                          0.00    0.00   clock core_clock (rise edge)
                          0.00    0.00   clock source latency
     1    0.03    0.00    0.00    0.00 ^ clk (in)
                                         clk (net)
                  0.00    0.00    0.00 ^ clkbuf_0_clk/A (sky130_fd_sc_hd__clkbuf_16)
     4    0.05    0.07    0.13    0.13 ^ clkbuf_0_clk/X (sky130_fd_sc_hd__clkbuf_16)
                                         clknet_0_clk (net)
                  0.07    0.00    0.14 ^ clkbuf_2_1__f_clk/A (sky130_fd_sc_hd__clkbuf_16)
    22    0.07    0.09    0.17    0.30 ^ clkbuf_2_1__f_clk/X (sky130_fd_sc_hd__clkbuf_16)
                                         clknet_2_1__leaf_clk (net)
                  0.09    0.01    0.31 ^ _321_/CLK (sky130_fd_sc_hd__dfrtp_4)
    10    0.05    0.17    0.52    0.83 ^ _321_/Q (sky130_fd_sc_hd__dfrtp_4)
                                         div.count[1] (net)
                  0.17    0.01    0.84 ^ _176_/B (sky130_fd_sc_hd__and4_1)
     1    0.02    0.18    0.31    1.14 ^ _176_/X (sky130_fd_sc_hd__and4_1)
                                         _089_ (net)
                  0.18    0.00    1.15 ^ _177_/A (sky130_fd_sc_hd__clkbuf_4)
    16    0.08    0.23    0.31    1.46 ^ _177_/X (sky130_fd_sc_hd__clkbuf_4)
                                         _090_ (net)
                  0.23    0.01    1.47 ^ _217_/A (sky130_fd_sc_hd__and4_1)
     1    0.02    0.20    0.34    1.81 ^ _217_/X (sky130_fd_sc_hd__and4_1)
                                         _117_ (net)
                  0.20    0.00    1.81 ^ _218_/A (sky130_fd_sc_hd__clkbuf_4)
    18    0.09    0.28    0.35    2.16 ^ _218_/X (sky130_fd_sc_hd__clkbuf_4)
                                         _118_ (net)
                  0.28    0.02    2.18 ^ _243_/A (sky130_fd_sc_hd__and2_2)
     8    0.05    0.25    0.36    2.54 ^ _243_/X (sky130_fd_sc_hd__and2_2)
                                         _135_ (net)
                  0.25    0.01    2.55 ^ _246_/C (sky130_fd_sc_hd__and3_1)
     4    0.03    0.30    0.38    2.93 ^ _246_/X (sky130_fd_sc_hd__and3_1)
                                         _137_ (net)
                  0.30    0.00    2.93 ^ _248_/B (sky130_fd_sc_hd__xor2_1)
     1    0.01    0.23    0.27    3.20 ^ _248_/X (sky130_fd_sc_hd__xor2_1)
                                         _022_ (net)
                  0.23    0.00    3.20 ^ _346_/D (sky130_fd_sc_hd__dfrtp_2)
                                  3.20   data arrival time

                         10.00   10.00   clock core_clock (rise edge)
                          0.00   10.00   clock source latency
     1    0.03    0.00    0.00   10.00 ^ clk (in)
                                         clk (net)
                  0.00    0.00   10.00 ^ clkbuf_0_clk/A (sky130_fd_sc_hd__clkbuf_16)
     4    0.05    0.07    0.13   10.13 ^ clkbuf_0_clk/X (sky130_fd_sc_hd__clkbuf_16)
                                         clknet_0_clk (net)
                  0.07    0.00   10.14 ^ clkbuf_2_0__f_clk/A (sky130_fd_sc_hd__clkbuf_16)
    18    0.06    0.08    0.16   10.30 ^ clkbuf_2_0__f_clk/X (sky130_fd_sc_hd__clkbuf_16)
                                         clknet_2_0__leaf_clk (net)
                  0.08    0.00   10.30 ^ _346_/CLK (sky130_fd_sc_hd__dfrtp_2)
                          0.00   10.30   clock reconvergence pessimism
                         -0.10   10.20   library setup time
                                 10.20   data required time
-----------------------------------------------------------------------------
                                 10.20   data required time
                                 -3.20   data arrival time
-----------------------------------------------------------------------------
                                  7.00   slack (MET)


Startpoint: _321_ (rising edge-triggered flip-flop clocked by core_clock)
Endpoint: _345_ (rising edge-triggered flip-flop clocked by core_clock)
Path Group: core_clock
Path Type: max
Corner: Typical

Fanout     Cap    Slew   Delay    Time   Description
-----------------------------------------------------------------------------
                          0.00    0.00   clock core_clock (rise edge)
                          0.00    0.00   clock source latency
     1    0.03    0.00    0.00    0.00 ^ clk (in)
                                         clk (net)
                  0.00    0.00    0.00 ^ clkbuf_0_clk/A (sky130_fd_sc_hd__clkbuf_16)
     4    0.05    0.07    0.13    0.13 ^ clkbuf_0_clk/X (sky130_fd_sc_hd__clkbuf_16)
                                         clknet_0_clk (net)
                  0.07    0.00    0.14 ^ clkbuf_2_1__f_clk/A (sky130_fd_sc_hd__clkbuf_16)
    22    0.07    0.09    0.17    0.30 ^ clkbuf_2_1__f_clk/X (sky130_fd_sc_hd__clkbuf_16)
                                         clknet_2_1__leaf_clk (net)
                  0.09    0.01    0.31 ^ _321_/CLK (sky130_fd_sc_hd__dfrtp_4)
    10    0.05    0.17    0.52    0.83 ^ _321_/Q (sky130_fd_sc_hd__dfrtp_4)
                                         div.count[1] (net)
                  0.17    0.01    0.84 ^ _176_/B (sky130_fd_sc_hd__and4_1)
     1    0.02    0.18    0.31    1.14 ^ _176_/X (sky130_fd_sc_hd__and4_1)
                                         _089_ (net)
                  0.18    0.00    1.15 ^ _177_/A (sky130_fd_sc_hd__clkbuf_4)
    16    0.08    0.23    0.31    1.46 ^ _177_/X (sky130_fd_sc_hd__clkbuf_4)
                                         _090_ (net)
                  0.23    0.01    1.47 ^ _217_/A (sky130_fd_sc_hd__and4_1)
     1    0.02    0.20    0.34    1.81 ^ _217_/X (sky130_fd_sc_hd__and4_1)
                                         _117_ (net)
                  0.20    0.00    1.81 ^ _218_/A (sky130_fd_sc_hd__clkbuf_4)
    18    0.09    0.28    0.35    2.16 ^ _218_/X (sky130_fd_sc_hd__clkbuf_4)
                                         _118_ (net)
                  0.28    0.02    2.18 ^ _243_/A (sky130_fd_sc_hd__and2_2)
     8    0.05    0.25    0.36    2.54 ^ _243_/X (sky130_fd_sc_hd__and2_2)
                                         _135_ (net)
                  0.25    0.01    2.55 ^ _246_/C (sky130_fd_sc_hd__and3_1)
     4    0.03    0.30    0.38    2.93 ^ _246_/X (sky130_fd_sc_hd__and3_1)
                                         _137_ (net)
                  0.30    0.00    2.93 ^ _247_/B (sky130_fd_sc_hd__nor2_1)
     2    0.02    0.15    0.19    3.12 v _247_/Y (sky130_fd_sc_hd__nor2_1)
                                         _021_ (net)
                  0.15    0.00    3.12 v _345_/D (sky130_fd_sc_hd__dfrtp_2)
                                  3.12   data arrival time

                         10.00   10.00   clock core_clock (rise edge)
                          0.00   10.00   clock source latency
     1    0.03    0.00    0.00   10.00 ^ clk (in)
                                         clk (net)
                  0.00    0.00   10.00 ^ clkbuf_0_clk/A (sky130_fd_sc_hd__clkbuf_16)
     4    0.05    0.07    0.13   10.13 ^ clkbuf_0_clk/X (sky130_fd_sc_hd__clkbuf_16)
                                         clknet_0_clk (net)
                  0.07    0.00   10.14 ^ clkbuf_2_3__f_clk/A (sky130_fd_sc_hd__clkbuf_16)
    18    0.05    0.07    0.16   10.29 ^ clkbuf_2_3__f_clk/X (sky130_fd_sc_hd__clkbuf_16)
                                         clknet_2_3__leaf_clk (net)
                  0.07    0.00   10.30 ^ _345_/CLK (sky130_fd_sc_hd__dfrtp_2)
                          0.00   10.30   clock reconvergence pessimism
                         -0.16   10.14   library setup time
                                 10.14   data required time
-----------------------------------------------------------------------------
                                 10.14   data required time
                                 -3.12   data arrival time
-----------------------------------------------------------------------------
                                  7.02   slack (MET)


Startpoint: _321_ (rising edge-triggered flip-flop clocked by core_clock)
Endpoint: _349_ (rising edge-triggered flip-flop clocked by core_clock)
Path Group: core_clock
Path Type: max
Corner: Typical

Fanout     Cap    Slew   Delay    Time   Description
-----------------------------------------------------------------------------
                          0.00    0.00   clock core_clock (rise edge)
                          0.00    0.00   clock source latency
     1    0.03    0.00    0.00    0.00 ^ clk (in)
                                         clk (net)
                  0.00    0.00    0.00 ^ clkbuf_0_clk/A (sky130_fd_sc_hd__clkbuf_16)
     4    0.05    0.07    0.13    0.13 ^ clkbuf_0_clk/X (sky130_fd_sc_hd__clkbuf_16)
                                         clknet_0_clk (net)
                  0.07    0.00    0.14 ^ clkbuf_2_1__f_clk/A (sky130_fd_sc_hd__clkbuf_16)
    22    0.07    0.09    0.17    0.30 ^ clkbuf_2_1__f_clk/X (sky130_fd_sc_hd__clkbuf_16)
                                         clknet_2_1__leaf_clk (net)
                  0.09    0.01    0.31 ^ _321_/CLK (sky130_fd_sc_hd__dfrtp_4)
    10    0.05    0.17    0.52    0.83 ^ _321_/Q (sky130_fd_sc_hd__dfrtp_4)
                                         div.count[1] (net)
                  0.17    0.01    0.84 ^ _176_/B (sky130_fd_sc_hd__and4_1)
     1    0.02    0.18    0.31    1.14 ^ _176_/X (sky130_fd_sc_hd__and4_1)
                                         _089_ (net)
                  0.18    0.00    1.15 ^ _177_/A (sky130_fd_sc_hd__clkbuf_4)
    16    0.08    0.23    0.31    1.46 ^ _177_/X (sky130_fd_sc_hd__clkbuf_4)
                                         _090_ (net)
                  0.23    0.01    1.47 ^ _217_/A (sky130_fd_sc_hd__and4_1)
     1    0.02    0.20    0.34    1.81 ^ _217_/X (sky130_fd_sc_hd__and4_1)
                                         _117_ (net)
                  0.20    0.00    1.81 ^ _218_/A (sky130_fd_sc_hd__clkbuf_4)
    18    0.09    0.28    0.35    2.16 ^ _218_/X (sky130_fd_sc_hd__clkbuf_4)
                                         _118_ (net)
                  0.28    0.01    2.18 ^ _251_/A (sky130_fd_sc_hd__and3_2)
    10    0.05    0.25    0.40    2.58 ^ _251_/X (sky130_fd_sc_hd__and3_2)
                                         _140_ (net)
                  0.25    0.01    2.58 ^ _253_/B (sky130_fd_sc_hd__and2_1)
     2    0.02    0.16    0.25    2.84 ^ _253_/X (sky130_fd_sc_hd__and2_1)
                                         _141_ (net)
                  0.16    0.00    2.84 ^ _257_/A2 (sky130_fd_sc_hd__o21a_1)
     2    0.03    0.28    0.30    3.13 ^ _257_/X (sky130_fd_sc_hd__o21a_1)
                                         _025_ (net)
                  0.28    0.00    3.14 ^ _349_/D (sky130_fd_sc_hd__dfrtp_4)
                                  3.14   data arrival time

                         10.00   10.00   clock core_clock (rise edge)
                          0.00   10.00   clock source latency
     1    0.03    0.00    0.00   10.00 ^ clk (in)
                                         clk (net)
                  0.00    0.00   10.00 ^ clkbuf_0_clk/A (sky130_fd_sc_hd__clkbuf_16)
     4    0.05    0.07    0.13   10.13 ^ clkbuf_0_clk/X (sky130_fd_sc_hd__clkbuf_16)
                                         clknet_0_clk (net)
                  0.07    0.00   10.14 ^ clkbuf_2_3__f_clk/A (sky130_fd_sc_hd__clkbuf_16)
    18    0.05    0.07    0.16   10.29 ^ clkbuf_2_3__f_clk/X (sky130_fd_sc_hd__clkbuf_16)
                                         clknet_2_3__leaf_clk (net)
                  0.07    0.00   10.30 ^ _349_/CLK (sky130_fd_sc_hd__dfrtp_4)
                          0.00   10.30   clock reconvergence pessimism
                         -0.11   10.18   library setup time
                                 10.18   data required time
-----------------------------------------------------------------------------
                                 10.18   data required time
                                 -3.14   data arrival time
-----------------------------------------------------------------------------
                                  7.05   slack (MET)


Startpoint: _321_ (rising edge-triggered flip-flop clocked by core_clock)
Endpoint: _348_ (rising edge-triggered flip-flop clocked by core_clock)
Path Group: core_clock
Path Type: max
Corner: Typical

Fanout     Cap    Slew   Delay    Time   Description
-----------------------------------------------------------------------------
                          0.00    0.00   clock core_clock (rise edge)
                          0.00    0.00   clock source latency
     1    0.03    0.00    0.00    0.00 ^ clk (in)
                                         clk (net)
                  0.00    0.00    0.00 ^ clkbuf_0_clk/A (sky130_fd_sc_hd__clkbuf_16)
     4    0.05    0.07    0.13    0.13 ^ clkbuf_0_clk/X (sky130_fd_sc_hd__clkbuf_16)
                                         clknet_0_clk (net)
                  0.07    0.00    0.14 ^ clkbuf_2_1__f_clk/A (sky130_fd_sc_hd__clkbuf_16)
    22    0.07    0.09    0.17    0.30 ^ clkbuf_2_1__f_clk/X (sky130_fd_sc_hd__clkbuf_16)
                                         clknet_2_1__leaf_clk (net)
                  0.09    0.01    0.31 ^ _321_/CLK (sky130_fd_sc_hd__dfrtp_4)
    10    0.05    0.17    0.52    0.83 ^ _321_/Q (sky130_fd_sc_hd__dfrtp_4)
                                         div.count[1] (net)
                  0.17    0.01    0.84 ^ _176_/B (sky130_fd_sc_hd__and4_1)
     1    0.02    0.18    0.31    1.14 ^ _176_/X (sky130_fd_sc_hd__and4_1)
                                         _089_ (net)
                  0.18    0.00    1.15 ^ _177_/A (sky130_fd_sc_hd__clkbuf_4)
    16    0.08    0.23    0.31    1.46 ^ _177_/X (sky130_fd_sc_hd__clkbuf_4)
                                         _090_ (net)
                  0.23    0.01    1.47 ^ _217_/A (sky130_fd_sc_hd__and4_1)
     1    0.02    0.20    0.34    1.81 ^ _217_/X (sky130_fd_sc_hd__and4_1)
                                         _117_ (net)
                  0.20    0.00    1.81 ^ _218_/A (sky130_fd_sc_hd__clkbuf_4)
    18    0.09    0.28    0.35    2.16 ^ _218_/X (sky130_fd_sc_hd__clkbuf_4)
                                         _118_ (net)
                  0.28    0.01    2.18 ^ _251_/A (sky130_fd_sc_hd__and3_2)
    10    0.05    0.25    0.40    2.58 ^ _251_/X (sky130_fd_sc_hd__and3_2)
                                         _140_ (net)
                  0.25    0.00    2.58 ^ _254_/B (sky130_fd_sc_hd__nor2_1)
     2    0.03    0.15    0.19    2.77 v _254_/Y (sky130_fd_sc_hd__nor2_1)
                                         _142_ (net)
                  0.15    0.00    2.77 v _255_/B (sky130_fd_sc_hd__nor2_1)
     1    0.02    0.36    0.33    3.11 ^ _255_/Y (sky130_fd_sc_hd__nor2_1)
                                         _024_ (net)
                  0.36    0.00    3.11 ^ _348_/D (sky130_fd_sc_hd__dfrtp_4)
                                  3.11   data arrival time

                         10.00   10.00   clock core_clock (rise edge)
                          0.00   10.00   clock source latency
     1    0.03    0.00    0.00   10.00 ^ clk (in)
                                         clk (net)
                  0.00    0.00   10.00 ^ clkbuf_0_clk/A (sky130_fd_sc_hd__clkbuf_16)
     4    0.05    0.07    0.13   10.13 ^ clkbuf_0_clk/X (sky130_fd_sc_hd__clkbuf_16)
                                         clknet_0_clk (net)
                  0.07    0.00   10.14 ^ clkbuf_2_1__f_clk/A (sky130_fd_sc_hd__clkbuf_16)
    22    0.07    0.09    0.17   10.30 ^ clkbuf_2_1__f_clk/X (sky130_fd_sc_hd__clkbuf_16)
                                         clknet_2_1__leaf_clk (net)
                  0.09    0.01   10.31 ^ _348_/CLK (sky130_fd_sc_hd__dfrtp_4)
                          0.00   10.31   clock reconvergence pessimism
                         -0.13   10.18   library setup time
                                 10.18   data required time
-----------------------------------------------------------------------------
                                 10.18   data required time
                                 -3.11   data arrival time
-----------------------------------------------------------------------------
                                  7.07   slack (MET)


Startpoint: _321_ (rising edge-triggered flip-flop clocked by core_clock)
Endpoint: _351_ (rising edge-triggered flip-flop clocked by core_clock)
Path Group: core_clock
Path Type: max
Corner: Typical

Fanout     Cap    Slew   Delay    Time   Description
-----------------------------------------------------------------------------
                          0.00    0.00   clock core_clock (rise edge)
                          0.00    0.00   clock source latency
     1    0.03    0.00    0.00    0.00 ^ clk (in)
                                         clk (net)
                  0.00    0.00    0.00 ^ clkbuf_0_clk/A (sky130_fd_sc_hd__clkbuf_16)
     4    0.05    0.07    0.13    0.13 ^ clkbuf_0_clk/X (sky130_fd_sc_hd__clkbuf_16)
                                         clknet_0_clk (net)
                  0.07    0.00    0.14 ^ clkbuf_2_1__f_clk/A (sky130_fd_sc_hd__clkbuf_16)
    22    0.07    0.09    0.17    0.30 ^ clkbuf_2_1__f_clk/X (sky130_fd_sc_hd__clkbuf_16)
                                         clknet_2_1__leaf_clk (net)
                  0.09    0.01    0.31 ^ _321_/CLK (sky130_fd_sc_hd__dfrtp_4)
    10    0.05    0.17    0.52    0.83 ^ _321_/Q (sky130_fd_sc_hd__dfrtp_4)
                                         div.count[1] (net)
                  0.17    0.01    0.84 ^ _176_/B (sky130_fd_sc_hd__and4_1)
     1    0.02    0.18    0.31    1.14 ^ _176_/X (sky130_fd_sc_hd__and4_1)
                                         _089_ (net)
                  0.18    0.00    1.15 ^ _177_/A (sky130_fd_sc_hd__clkbuf_4)
    16    0.08    0.23    0.31    1.46 ^ _177_/X (sky130_fd_sc_hd__clkbuf_4)
                                         _090_ (net)
                  0.23    0.01    1.47 ^ _217_/A (sky130_fd_sc_hd__and4_1)
     1    0.02    0.20    0.34    1.81 ^ _217_/X (sky130_fd_sc_hd__and4_1)
                                         _117_ (net)
                  0.20    0.00    1.81 ^ _218_/A (sky130_fd_sc_hd__clkbuf_4)
    18    0.09    0.28    0.35    2.16 ^ _218_/X (sky130_fd_sc_hd__clkbuf_4)
                                         _118_ (net)
                  0.28    0.01    2.18 ^ _251_/A (sky130_fd_sc_hd__and3_2)
    10    0.05    0.25    0.40    2.58 ^ _251_/X (sky130_fd_sc_hd__and3_2)
                                         _140_ (net)
                  0.25    0.00    2.58 ^ _259_/D (sky130_fd_sc_hd__and4_1)
     1    0.01    0.11    0.27    2.85 ^ _259_/X (sky130_fd_sc_hd__and4_1)
                                         _144_ (net)
                  0.11    0.00    2.85 ^ _260_/B (sky130_fd_sc_hd__xor2_1)
     1    0.01    0.24    0.25    3.10 ^ _260_/X (sky130_fd_sc_hd__xor2_1)
                                         _028_ (net)
                  0.24    0.00    3.10 ^ _351_/D (sky130_fd_sc_hd__dfrtp_1)
                                  3.10   data arrival time

                         10.00   10.00   clock core_clock (rise edge)
                          0.00   10.00   clock source latency
     1    0.03    0.00    0.00   10.00 ^ clk (in)
                                         clk (net)
                  0.00    0.00   10.00 ^ clkbuf_0_clk/A (sky130_fd_sc_hd__clkbuf_16)
     4    0.05    0.07    0.13   10.13 ^ clkbuf_0_clk/X (sky130_fd_sc_hd__clkbuf_16)
                                         clknet_0_clk (net)
                  0.07    0.00   10.14 ^ clkbuf_2_3__f_clk/A (sky130_fd_sc_hd__clkbuf_16)
    18    0.05    0.07    0.16   10.29 ^ clkbuf_2_3__f_clk/X (sky130_fd_sc_hd__clkbuf_16)
                                         clknet_2_3__leaf_clk (net)
                  0.07    0.00   10.30 ^ _351_/CLK (sky130_fd_sc_hd__dfrtp_1)
                          0.00   10.30   clock reconvergence pessimism
                         -0.10   10.20   library setup time
                                 10.20   data required time
-----------------------------------------------------------------------------
                                 10.20   data required time
                                 -3.10   data arrival time
-----------------------------------------------------------------------------
                                  7.10   slack (MET)


Startpoint: _321_ (rising edge-triggered flip-flop clocked by core_clock)
Endpoint: _335_ (rising edge-triggered flip-flop clocked by core_clock)
Path Group: core_clock
Path Type: max
Corner: Typical

Fanout     Cap    Slew   Delay    Time   Description
-----------------------------------------------------------------------------
                          0.00    0.00   clock core_clock (rise edge)
                          0.00    0.00   clock source latency
     1    0.03    0.00    0.00    0.00 ^ clk (in)
                                         clk (net)
                  0.00    0.00    0.00 ^ clkbuf_0_clk/A (sky130_fd_sc_hd__clkbuf_16)
     4    0.05    0.07    0.13    0.13 ^ clkbuf_0_clk/X (sky130_fd_sc_hd__clkbuf_16)
                                         clknet_0_clk (net)
                  0.07    0.00    0.14 ^ clkbuf_2_1__f_clk/A (sky130_fd_sc_hd__clkbuf_16)
    22    0.07    0.09    0.17    0.30 ^ clkbuf_2_1__f_clk/X (sky130_fd_sc_hd__clkbuf_16)
                                         clknet_2_1__leaf_clk (net)
                  0.09    0.01    0.31 ^ _321_/CLK (sky130_fd_sc_hd__dfrtp_4)
    10    0.05    0.17    0.52    0.83 ^ _321_/Q (sky130_fd_sc_hd__dfrtp_4)
                                         div.count[1] (net)
                  0.17    0.01    0.84 ^ _176_/B (sky130_fd_sc_hd__and4_1)
     1    0.02    0.18    0.31    1.14 ^ _176_/X (sky130_fd_sc_hd__and4_1)
                                         _089_ (net)
                  0.18    0.00    1.15 ^ _177_/A (sky130_fd_sc_hd__clkbuf_4)
    16    0.08    0.23    0.31    1.46 ^ _177_/X (sky130_fd_sc_hd__clkbuf_4)
                                         _090_ (net)
                  0.23    0.01    1.47 ^ _195_/C (sky130_fd_sc_hd__and4_1)
     1    0.02    0.19    0.33    1.80 ^ _195_/X (sky130_fd_sc_hd__and4_1)
                                         _102_ (net)
                  0.19    0.00    1.81 ^ _196_/A (sky130_fd_sc_hd__clkbuf_4)
    12    0.07    0.22    0.31    2.12 ^ _196_/X (sky130_fd_sc_hd__clkbuf_4)
                                         _103_ (net)
                  0.22    0.01    2.12 ^ _211_/A (sky130_fd_sc_hd__and2_2)
     6    0.04    0.23    0.33    2.45 ^ _211_/X (sky130_fd_sc_hd__and2_2)
                                         _114_ (net)
                  0.23    0.01    2.46 ^ _213_/B (sky130_fd_sc_hd__nand2_2)
     4    0.03    0.15    0.18    2.64 v _213_/Y (sky130_fd_sc_hd__nand2_2)
                                         _115_ (net)
                  0.15    0.00    2.64 v _215_/B (sky130_fd_sc_hd__xnor2_2)
     2    0.03    0.42    0.39    3.02 ^ _215_/Y (sky130_fd_sc_hd__xnor2_2)
                                         _010_ (net)
                  0.42    0.01    3.03 ^ _335_/D (sky130_fd_sc_hd__dfrtp_4)
                                  3.03   data arrival time

                         10.00   10.00   clock core_clock (rise edge)
                          0.00   10.00   clock source latency
     1    0.03    0.00    0.00   10.00 ^ clk (in)
                                         clk (net)
                  0.00    0.00   10.00 ^ clkbuf_0_clk/A (sky130_fd_sc_hd__clkbuf_16)
     4    0.05    0.07    0.13   10.13 ^ clkbuf_0_clk/X (sky130_fd_sc_hd__clkbuf_16)
                                         clknet_0_clk (net)
                  0.07    0.00   10.14 ^ clkbuf_2_3__f_clk/A (sky130_fd_sc_hd__clkbuf_16)
    18    0.05    0.07    0.16   10.29 ^ clkbuf_2_3__f_clk/X (sky130_fd_sc_hd__clkbuf_16)
                                         clknet_2_3__leaf_clk (net)
                  0.07    0.00   10.30 ^ _335_/CLK (sky130_fd_sc_hd__dfrtp_4)
                          0.00   10.30   clock reconvergence pessimism
                         -0.15   10.15   library setup time
                                 10.15   data required time
-----------------------------------------------------------------------------
                                 10.15   data required time
                                 -3.03   data arrival time
-----------------------------------------------------------------------------
                                  7.12   slack (MET)


Startpoint: _321_ (rising edge-triggered flip-flop clocked by core_clock)
Endpoint: _344_ (rising edge-triggered flip-flop clocked by core_clock)
Path Group: core_clock
Path Type: max
Corner: Typical

Fanout     Cap    Slew   Delay    Time   Description
-----------------------------------------------------------------------------
                          0.00    0.00   clock core_clock (rise edge)
                          0.00    0.00   clock source latency
     1    0.03    0.00    0.00    0.00 ^ clk (in)
                                         clk (net)
                  0.00    0.00    0.00 ^ clkbuf_0_clk/A (sky130_fd_sc_hd__clkbuf_16)
     4    0.05    0.07    0.13    0.13 ^ clkbuf_0_clk/X (sky130_fd_sc_hd__clkbuf_16)
                                         clknet_0_clk (net)
                  0.07    0.00    0.14 ^ clkbuf_2_1__f_clk/A (sky130_fd_sc_hd__clkbuf_16)
    22    0.07    0.09    0.17    0.30 ^ clkbuf_2_1__f_clk/X (sky130_fd_sc_hd__clkbuf_16)
                                         clknet_2_1__leaf_clk (net)
                  0.09    0.01    0.31 ^ _321_/CLK (sky130_fd_sc_hd__dfrtp_4)
    10    0.05    0.17    0.52    0.83 ^ _321_/Q (sky130_fd_sc_hd__dfrtp_4)
                                         div.count[1] (net)
                  0.17    0.01    0.84 ^ _176_/B (sky130_fd_sc_hd__and4_1)
     1    0.02    0.18    0.31    1.14 ^ _176_/X (sky130_fd_sc_hd__and4_1)
                                         _089_ (net)
                  0.18    0.00    1.15 ^ _177_/A (sky130_fd_sc_hd__clkbuf_4)
    16    0.08    0.23    0.31    1.46 ^ _177_/X (sky130_fd_sc_hd__clkbuf_4)
                                         _090_ (net)
                  0.23    0.01    1.47 ^ _217_/A (sky130_fd_sc_hd__and4_1)
     1    0.02    0.20    0.34    1.81 ^ _217_/X (sky130_fd_sc_hd__and4_1)
                                         _117_ (net)
                  0.20    0.00    1.81 ^ _218_/A (sky130_fd_sc_hd__clkbuf_4)
    18    0.09    0.28    0.35    2.16 ^ _218_/X (sky130_fd_sc_hd__clkbuf_4)
                                         _118_ (net)
                  0.28    0.02    2.18 ^ _243_/A (sky130_fd_sc_hd__and2_2)
     8    0.05    0.25    0.36    2.54 ^ _243_/X (sky130_fd_sc_hd__and2_2)
                                         _135_ (net)
                  0.25    0.01    2.55 ^ _244_/B (sky130_fd_sc_hd__xor2_1)
     2    0.02    0.49    0.45    2.99 ^ _244_/X (sky130_fd_sc_hd__xor2_1)
                                         _020_ (net)
                  0.49    0.00    3.00 ^ _344_/D (sky130_fd_sc_hd__dfrtp_4)
                                  3.00   data arrival time

                         10.00   10.00   clock core_clock (rise edge)
                          0.00   10.00   clock source latency
     1    0.03    0.00    0.00   10.00 ^ clk (in)
                                         clk (net)
                  0.00    0.00   10.00 ^ clkbuf_0_clk/A (sky130_fd_sc_hd__clkbuf_16)
     4    0.05    0.07    0.13   10.13 ^ clkbuf_0_clk/X (sky130_fd_sc_hd__clkbuf_16)
                                         clknet_0_clk (net)
                  0.07    0.00   10.14 ^ clkbuf_2_3__f_clk/A (sky130_fd_sc_hd__clkbuf_16)
    18    0.05    0.07    0.16   10.29 ^ clkbuf_2_3__f_clk/X (sky130_fd_sc_hd__clkbuf_16)
                                         clknet_2_3__leaf_clk (net)
                  0.07    0.00   10.30 ^ _344_/CLK (sky130_fd_sc_hd__dfrtp_4)
                          0.00   10.30   clock reconvergence pessimism
                         -0.16   10.14   library setup time
                                 10.14   data required time
-----------------------------------------------------------------------------
                                 10.14   data required time
                                 -3.00   data arrival time
-----------------------------------------------------------------------------
                                  7.14   slack (MET)


Startpoint: _321_ (rising edge-triggered flip-flop clocked by core_clock)
Endpoint: _341_ (rising edge-triggered flip-flop clocked by core_clock)
Path Group: core_clock
Path Type: max
Corner: Typical

Fanout     Cap    Slew   Delay    Time   Description
-----------------------------------------------------------------------------
                          0.00    0.00   clock core_clock (rise edge)
                          0.00    0.00   clock source latency
     1    0.03    0.00    0.00    0.00 ^ clk (in)
                                         clk (net)
                  0.00    0.00    0.00 ^ clkbuf_0_clk/A (sky130_fd_sc_hd__clkbuf_16)
     4    0.05    0.07    0.13    0.13 ^ clkbuf_0_clk/X (sky130_fd_sc_hd__clkbuf_16)
                                         clknet_0_clk (net)
                  0.07    0.00    0.14 ^ clkbuf_2_1__f_clk/A (sky130_fd_sc_hd__clkbuf_16)
    22    0.07    0.09    0.17    0.30 ^ clkbuf_2_1__f_clk/X (sky130_fd_sc_hd__clkbuf_16)
                                         clknet_2_1__leaf_clk (net)
                  0.09    0.01    0.31 ^ _321_/CLK (sky130_fd_sc_hd__dfrtp_4)
    10    0.05    0.17    0.52    0.83 ^ _321_/Q (sky130_fd_sc_hd__dfrtp_4)
                                         div.count[1] (net)
                  0.17    0.01    0.84 ^ _176_/B (sky130_fd_sc_hd__and4_1)
     1    0.02    0.18    0.31    1.14 ^ _176_/X (sky130_fd_sc_hd__and4_1)
                                         _089_ (net)
                  0.18    0.00    1.15 ^ _177_/A (sky130_fd_sc_hd__clkbuf_4)
    16    0.08    0.23    0.31    1.46 ^ _177_/X (sky130_fd_sc_hd__clkbuf_4)
                                         _090_ (net)
                  0.23    0.01    1.47 ^ _217_/A (sky130_fd_sc_hd__and4_1)
     1    0.02    0.20    0.34    1.81 ^ _217_/X (sky130_fd_sc_hd__and4_1)
                                         _117_ (net)
                  0.20    0.00    1.81 ^ _218_/A (sky130_fd_sc_hd__clkbuf_4)
    18    0.09    0.28    0.35    2.16 ^ _218_/X (sky130_fd_sc_hd__clkbuf_4)
                                         _118_ (net)
                  0.28    0.02    2.18 ^ _232_/B (sky130_fd_sc_hd__and3_2)
     8    0.06    0.28    0.42    2.59 ^ _232_/X (sky130_fd_sc_hd__and3_2)
                                         _128_ (net)
                  0.28    0.01    2.61 ^ _235_/B (sky130_fd_sc_hd__xor2_1)
     2    0.02    0.43    0.41    3.01 ^ _235_/X (sky130_fd_sc_hd__xor2_1)
                                         _017_ (net)
                  0.43    0.00    3.02 ^ _341_/D (sky130_fd_sc_hd__dfrtp_4)
                                  3.02   data arrival time

                         10.00   10.00   clock core_clock (rise edge)
                          0.00   10.00   clock source latency
     1    0.03    0.00    0.00   10.00 ^ clk (in)
                                         clk (net)
                  0.00    0.00   10.00 ^ clkbuf_0_clk/A (sky130_fd_sc_hd__clkbuf_16)
     4    0.05    0.07    0.13   10.13 ^ clkbuf_0_clk/X (sky130_fd_sc_hd__clkbuf_16)
                                         clknet_0_clk (net)
                  0.07    0.00   10.14 ^ clkbuf_2_1__f_clk/A (sky130_fd_sc_hd__clkbuf_16)
    22    0.07    0.09    0.17   10.30 ^ clkbuf_2_1__f_clk/X (sky130_fd_sc_hd__clkbuf_16)
                                         clknet_2_1__leaf_clk (net)
                  0.09    0.01   10.31 ^ _341_/CLK (sky130_fd_sc_hd__dfrtp_4)
                          0.00   10.31   clock reconvergence pessimism
                         -0.15   10.17   library setup time
                                 10.17   data required time
-----------------------------------------------------------------------------
                                 10.17   data required time
                                 -3.02   data arrival time
-----------------------------------------------------------------------------
                                  7.15   slack (MET)


Startpoint: _321_ (rising edge-triggered flip-flop clocked by core_clock)
Endpoint: _347_ (rising edge-triggered flip-flop clocked by core_clock)
Path Group: core_clock
Path Type: max
Corner: Typical

Fanout     Cap    Slew   Delay    Time   Description
-----------------------------------------------------------------------------
                          0.00    0.00   clock core_clock (rise edge)
                          0.00    0.00   clock source latency
     1    0.03    0.00    0.00    0.00 ^ clk (in)
                                         clk (net)
                  0.00    0.00    0.00 ^ clkbuf_0_clk/A (sky130_fd_sc_hd__clkbuf_16)
     4    0.05    0.07    0.13    0.13 ^ clkbuf_0_clk/X (sky130_fd_sc_hd__clkbuf_16)
                                         clknet_0_clk (net)
                  0.07    0.00    0.14 ^ clkbuf_2_1__f_clk/A (sky130_fd_sc_hd__clkbuf_16)
    22    0.07    0.09    0.17    0.30 ^ clkbuf_2_1__f_clk/X (sky130_fd_sc_hd__clkbuf_16)
                                         clknet_2_1__leaf_clk (net)
                  0.09    0.01    0.31 ^ _321_/CLK (sky130_fd_sc_hd__dfrtp_4)
    10    0.05    0.17    0.52    0.83 ^ _321_/Q (sky130_fd_sc_hd__dfrtp_4)
                                         div.count[1] (net)
                  0.17    0.01    0.84 ^ _176_/B (sky130_fd_sc_hd__and4_1)
     1    0.02    0.18    0.31    1.14 ^ _176_/X (sky130_fd_sc_hd__and4_1)
                                         _089_ (net)
                  0.18    0.00    1.15 ^ _177_/A (sky130_fd_sc_hd__clkbuf_4)
    16    0.08    0.23    0.31    1.46 ^ _177_/X (sky130_fd_sc_hd__clkbuf_4)
                                         _090_ (net)
                  0.23    0.01    1.47 ^ _217_/A (sky130_fd_sc_hd__and4_1)
     1    0.02    0.20    0.34    1.81 ^ _217_/X (sky130_fd_sc_hd__and4_1)
                                         _117_ (net)
                  0.20    0.00    1.81 ^ _218_/A (sky130_fd_sc_hd__clkbuf_4)
    18    0.09    0.28    0.35    2.16 ^ _218_/X (sky130_fd_sc_hd__clkbuf_4)
                                         _118_ (net)
                  0.28    0.02    2.18 ^ _243_/A (sky130_fd_sc_hd__and2_2)
     8    0.05    0.25    0.36    2.54 ^ _243_/X (sky130_fd_sc_hd__and2_2)
                                         _135_ (net)
                  0.25    0.01    2.54 ^ _249_/D (sky130_fd_sc_hd__and4_1)
     1    0.01    0.15    0.31    2.85 ^ _249_/X (sky130_fd_sc_hd__and4_1)
                                         _138_ (net)
                  0.15    0.00    2.85 ^ _252_/A2 (sky130_fd_sc_hd__o21ba_1)
     1    0.01    0.15    0.21    3.06 ^ _252_/X (sky130_fd_sc_hd__o21ba_1)
                                         _023_ (net)
                  0.15    0.00    3.06 ^ _347_/D (sky130_fd_sc_hd__dfrtp_1)
                                  3.06   data arrival time

                         10.00   10.00   clock core_clock (rise edge)
                          0.00   10.00   clock source latency
     1    0.03    0.00    0.00   10.00 ^ clk (in)
                                         clk (net)
                  0.00    0.00   10.00 ^ clkbuf_0_clk/A (sky130_fd_sc_hd__clkbuf_16)
     4    0.05    0.07    0.13   10.13 ^ clkbuf_0_clk/X (sky130_fd_sc_hd__clkbuf_16)
                                         clknet_0_clk (net)
                  0.07    0.00   10.14 ^ clkbuf_2_3__f_clk/A (sky130_fd_sc_hd__clkbuf_16)
    18    0.05    0.07    0.16   10.29 ^ clkbuf_2_3__f_clk/X (sky130_fd_sc_hd__clkbuf_16)
                                         clknet_2_3__leaf_clk (net)
                  0.07    0.00   10.30 ^ _347_/CLK (sky130_fd_sc_hd__dfrtp_1)
                          0.00   10.30   clock reconvergence pessimism
                         -0.08   10.22   library setup time
                                 10.22   data required time
-----------------------------------------------------------------------------
                                 10.22   data required time
                                 -3.06   data arrival time
-----------------------------------------------------------------------------
                                  7.15   slack (MET)


Startpoint: _321_ (rising edge-triggered flip-flop clocked by core_clock)
Endpoint: _350_ (rising edge-triggered flip-flop clocked by core_clock)
Path Group: core_clock
Path Type: max
Corner: Typical

Fanout     Cap    Slew   Delay    Time   Description
-----------------------------------------------------------------------------
                          0.00    0.00   clock core_clock (rise edge)
                          0.00    0.00   clock source latency
     1    0.03    0.00    0.00    0.00 ^ clk (in)
                                         clk (net)
                  0.00    0.00    0.00 ^ clkbuf_0_clk/A (sky130_fd_sc_hd__clkbuf_16)
     4    0.05    0.07    0.13    0.13 ^ clkbuf_0_clk/X (sky130_fd_sc_hd__clkbuf_16)
                                         clknet_0_clk (net)
                  0.07    0.00    0.14 ^ clkbuf_2_1__f_clk/A (sky130_fd_sc_hd__clkbuf_16)
    22    0.07    0.09    0.17    0.30 ^ clkbuf_2_1__f_clk/X (sky130_fd_sc_hd__clkbuf_16)
                                         clknet_2_1__leaf_clk (net)
                  0.09    0.01    0.31 ^ _321_/CLK (sky130_fd_sc_hd__dfrtp_4)
    10    0.05    0.17    0.52    0.83 ^ _321_/Q (sky130_fd_sc_hd__dfrtp_4)
                                         div.count[1] (net)
                  0.17    0.01    0.84 ^ _176_/B (sky130_fd_sc_hd__and4_1)
     1    0.02    0.18    0.31    1.14 ^ _176_/X (sky130_fd_sc_hd__and4_1)
                                         _089_ (net)
                  0.18    0.00    1.15 ^ _177_/A (sky130_fd_sc_hd__clkbuf_4)
    16    0.08    0.23    0.31    1.46 ^ _177_/X (sky130_fd_sc_hd__clkbuf_4)
                                         _090_ (net)
                  0.23    0.01    1.47 ^ _217_/A (sky130_fd_sc_hd__and4_1)
     1    0.02    0.20    0.34    1.81 ^ _217_/X (sky130_fd_sc_hd__and4_1)
                                         _117_ (net)
                  0.20    0.00    1.81 ^ _218_/A (sky130_fd_sc_hd__clkbuf_4)
    18    0.09    0.28    0.35    2.16 ^ _218_/X (sky130_fd_sc_hd__clkbuf_4)
                                         _118_ (net)
                  0.28    0.01    2.18 ^ _251_/A (sky130_fd_sc_hd__and3_2)
    10    0.05    0.25    0.40    2.58 ^ _251_/X (sky130_fd_sc_hd__and3_2)
                                         _140_ (net)
                  0.25    0.00    2.58 ^ _256_/C (sky130_fd_sc_hd__nand3_2)
     4    0.03    0.19    0.21    2.79 v _256_/Y (sky130_fd_sc_hd__nand3_2)
                                         _143_ (net)
                  0.19    0.00    2.80 v _258_/B (sky130_fd_sc_hd__xnor2_1)
     1    0.00    0.07    0.19    2.98 v _258_/Y (sky130_fd_sc_hd__xnor2_1)
                                         _027_ (net)
                  0.07    0.00    2.99 v _350_/D (sky130_fd_sc_hd__dfrtp_2)
                                  2.99   data arrival time

                         10.00   10.00   clock core_clock (rise edge)
                          0.00   10.00   clock source latency
     1    0.03    0.00    0.00   10.00 ^ clk (in)
                                         clk (net)
                  0.00    0.00   10.00 ^ clkbuf_0_clk/A (sky130_fd_sc_hd__clkbuf_16)
     4    0.05    0.07    0.13   10.13 ^ clkbuf_0_clk/X (sky130_fd_sc_hd__clkbuf_16)
                                         clknet_0_clk (net)
                  0.07    0.00   10.14 ^ clkbuf_2_0__f_clk/A (sky130_fd_sc_hd__clkbuf_16)
    18    0.06    0.08    0.16   10.30 ^ clkbuf_2_0__f_clk/X (sky130_fd_sc_hd__clkbuf_16)
                                         clknet_2_0__leaf_clk (net)
                  0.08    0.00   10.30 ^ _350_/CLK (sky130_fd_sc_hd__dfrtp_2)
                          0.00   10.30   clock reconvergence pessimism
                         -0.12   10.19   library setup time
                                 10.19   data required time
-----------------------------------------------------------------------------
                                 10.19   data required time
                                 -2.99   data arrival time
-----------------------------------------------------------------------------
                                  7.20   slack (MET)


Startpoint: _321_ (rising edge-triggered flip-flop clocked by core_clock)
Endpoint: _337_ (rising edge-triggered flip-flop clocked by core_clock)
Path Group: core_clock
Path Type: max
Corner: Typical

Fanout     Cap    Slew   Delay    Time   Description
-----------------------------------------------------------------------------
                          0.00    0.00   clock core_clock (rise edge)
                          0.00    0.00   clock source latency
     1    0.03    0.00    0.00    0.00 ^ clk (in)
                                         clk (net)
                  0.00    0.00    0.00 ^ clkbuf_0_clk/A (sky130_fd_sc_hd__clkbuf_16)
     4    0.05    0.07    0.13    0.13 ^ clkbuf_0_clk/X (sky130_fd_sc_hd__clkbuf_16)
                                         clknet_0_clk (net)
                  0.07    0.00    0.14 ^ clkbuf_2_1__f_clk/A (sky130_fd_sc_hd__clkbuf_16)
    22    0.07    0.09    0.17    0.30 ^ clkbuf_2_1__f_clk/X (sky130_fd_sc_hd__clkbuf_16)
                                         clknet_2_1__leaf_clk (net)
                  0.09    0.01    0.31 ^ _321_/CLK (sky130_fd_sc_hd__dfrtp_4)
    10    0.05    0.17    0.52    0.83 ^ _321_/Q (sky130_fd_sc_hd__dfrtp_4)
                                         div.count[1] (net)
                  0.17    0.01    0.84 ^ _176_/B (sky130_fd_sc_hd__and4_1)
     1    0.02    0.18    0.31    1.14 ^ _176_/X (sky130_fd_sc_hd__and4_1)
                                         _089_ (net)
                  0.18    0.00    1.15 ^ _177_/A (sky130_fd_sc_hd__clkbuf_4)
    16    0.08    0.23    0.31    1.46 ^ _177_/X (sky130_fd_sc_hd__clkbuf_4)
                                         _090_ (net)
                  0.23    0.01    1.47 ^ _217_/A (sky130_fd_sc_hd__and4_1)
     1    0.02    0.20    0.34    1.81 ^ _217_/X (sky130_fd_sc_hd__and4_1)
                                         _117_ (net)
                  0.20    0.00    1.81 ^ _218_/A (sky130_fd_sc_hd__clkbuf_4)
    18    0.09    0.28    0.35    2.16 ^ _218_/X (sky130_fd_sc_hd__clkbuf_4)
                                         _118_ (net)
                  0.28    0.01    2.17 ^ _220_/A2 (sky130_fd_sc_hd__a21oi_1)
     1    0.01    0.11    0.16    2.33 v _220_/Y (sky130_fd_sc_hd__a21oi_1)
                                         _119_ (net)
                  0.11    0.00    2.33 v _222_/A (sky130_fd_sc_hd__nor2_2)
     2    0.04    0.40    0.37    2.70 ^ _222_/Y (sky130_fd_sc_hd__nor2_2)
                                         _012_ (net)
                  0.41    0.00    2.70 ^ _337_/D (sky130_fd_sc_hd__dfrtp_4)
                                  2.70   data arrival time

                         10.00   10.00   clock core_clock (rise edge)
                          0.00   10.00   clock source latency
     1    0.03    0.00    0.00   10.00 ^ clk (in)
                                         clk (net)
                  0.00    0.00   10.00 ^ clkbuf_0_clk/A (sky130_fd_sc_hd__clkbuf_16)
     4    0.05    0.07    0.13   10.13 ^ clkbuf_0_clk/X (sky130_fd_sc_hd__clkbuf_16)
                                         clknet_0_clk (net)
                  0.07    0.00   10.14 ^ clkbuf_2_2__f_clk/A (sky130_fd_sc_hd__clkbuf_16)
    14    0.06    0.08    0.16   10.30 ^ clkbuf_2_2__f_clk/X (sky130_fd_sc_hd__clkbuf_16)
                                         clknet_2_2__leaf_clk (net)
                  0.08    0.00   10.30 ^ _337_/CLK (sky130_fd_sc_hd__dfrtp_4)
                          0.00   10.30   clock reconvergence pessimism
                         -0.14   10.16   library setup time
                                 10.16   data required time
-----------------------------------------------------------------------------
                                 10.16   data required time
                                 -2.70   data arrival time
-----------------------------------------------------------------------------
                                  7.45   slack (MET)


Startpoint: _321_ (rising edge-triggered flip-flop clocked by core_clock)
Endpoint: _340_ (rising edge-triggered flip-flop clocked by core_clock)
Path Group: core_clock
Path Type: max
Corner: Typical

Fanout     Cap    Slew   Delay    Time   Description
-----------------------------------------------------------------------------
                          0.00    0.00   clock core_clock (rise edge)
                          0.00    0.00   clock source latency
     1    0.03    0.00    0.00    0.00 ^ clk (in)
                                         clk (net)
                  0.00    0.00    0.00 ^ clkbuf_0_clk/A (sky130_fd_sc_hd__clkbuf_16)
     4    0.05    0.07    0.13    0.13 ^ clkbuf_0_clk/X (sky130_fd_sc_hd__clkbuf_16)
                                         clknet_0_clk (net)
                  0.07    0.00    0.14 ^ clkbuf_2_1__f_clk/A (sky130_fd_sc_hd__clkbuf_16)
    22    0.07    0.09    0.17    0.30 ^ clkbuf_2_1__f_clk/X (sky130_fd_sc_hd__clkbuf_16)
                                         clknet_2_1__leaf_clk (net)
                  0.09    0.01    0.31 ^ _321_/CLK (sky130_fd_sc_hd__dfrtp_4)
    10    0.05    0.17    0.52    0.83 ^ _321_/Q (sky130_fd_sc_hd__dfrtp_4)
                                         div.count[1] (net)
                  0.17    0.01    0.84 ^ _176_/B (sky130_fd_sc_hd__and4_1)
     1    0.02    0.18    0.31    1.14 ^ _176_/X (sky130_fd_sc_hd__and4_1)
                                         _089_ (net)
                  0.18    0.00    1.15 ^ _177_/A (sky130_fd_sc_hd__clkbuf_4)
    16    0.08    0.23    0.31    1.46 ^ _177_/X (sky130_fd_sc_hd__clkbuf_4)
                                         _090_ (net)
                  0.23    0.01    1.47 ^ _217_/A (sky130_fd_sc_hd__and4_1)
     1    0.02    0.20    0.34    1.81 ^ _217_/X (sky130_fd_sc_hd__and4_1)
                                         _117_ (net)
                  0.20    0.00    1.81 ^ _218_/A (sky130_fd_sc_hd__clkbuf_4)
    18    0.09    0.28    0.35    2.16 ^ _218_/X (sky130_fd_sc_hd__clkbuf_4)
                                         _118_ (net)
                  0.28    0.02    2.18 ^ _232_/B (sky130_fd_sc_hd__and3_2)
     8    0.06    0.28    0.42    2.59 ^ _232_/X (sky130_fd_sc_hd__and3_2)
                                         _128_ (net)
                  0.28    0.01    2.60 ^ _234_/A (sky130_fd_sc_hd__nor2_1)
     1    0.01    0.10    0.11    2.71 v _234_/Y (sky130_fd_sc_hd__nor2_1)
                                         _016_ (net)
                  0.10    0.00    2.71 v _340_/D (sky130_fd_sc_hd__dfrtp_4)
                                  2.71   data arrival time

                         10.00   10.00   clock core_clock (rise edge)
                          0.00   10.00   clock source latency
     1    0.03    0.00    0.00   10.00 ^ clk (in)
                                         clk (net)
                  0.00    0.00   10.00 ^ clkbuf_0_clk/A (sky130_fd_sc_hd__clkbuf_16)
     4    0.05    0.07    0.13   10.13 ^ clkbuf_0_clk/X (sky130_fd_sc_hd__clkbuf_16)
                                         clknet_0_clk (net)
                  0.07    0.00   10.14 ^ clkbuf_2_2__f_clk/A (sky130_fd_sc_hd__clkbuf_16)
    14    0.06    0.08    0.16   10.30 ^ clkbuf_2_2__f_clk/X (sky130_fd_sc_hd__clkbuf_16)
                                         clknet_2_2__leaf_clk (net)
                  0.08    0.00   10.30 ^ _340_/CLK (sky130_fd_sc_hd__dfrtp_4)
                          0.00   10.30   clock reconvergence pessimism
                         -0.13   10.17   library setup time
                                 10.17   data required time
-----------------------------------------------------------------------------
                                 10.17   data required time
                                 -2.71   data arrival time
-----------------------------------------------------------------------------
                                  7.46   slack (MET)


Startpoint: _321_ (rising edge-triggered flip-flop clocked by core_clock)
Endpoint: _332_ (rising edge-triggered flip-flop clocked by core_clock)
Path Group: core_clock
Path Type: max
Corner: Typical

Fanout     Cap    Slew   Delay    Time   Description
-----------------------------------------------------------------------------
                          0.00    0.00   clock core_clock (rise edge)
                          0.00    0.00   clock source latency
     1    0.03    0.00    0.00    0.00 ^ clk (in)
                                         clk (net)
                  0.00    0.00    0.00 ^ clkbuf_0_clk/A (sky130_fd_sc_hd__clkbuf_16)
     4    0.05    0.07    0.13    0.13 ^ clkbuf_0_clk/X (sky130_fd_sc_hd__clkbuf_16)
                                         clknet_0_clk (net)
                  0.07    0.00    0.14 ^ clkbuf_2_1__f_clk/A (sky130_fd_sc_hd__clkbuf_16)
    22    0.07    0.09    0.17    0.30 ^ clkbuf_2_1__f_clk/X (sky130_fd_sc_hd__clkbuf_16)
                                         clknet_2_1__leaf_clk (net)
                  0.09    0.01    0.31 ^ _321_/CLK (sky130_fd_sc_hd__dfrtp_4)
    10    0.05    0.17    0.52    0.83 ^ _321_/Q (sky130_fd_sc_hd__dfrtp_4)
                                         div.count[1] (net)
                  0.17    0.01    0.84 ^ _176_/B (sky130_fd_sc_hd__and4_1)
     1    0.02    0.18    0.31    1.14 ^ _176_/X (sky130_fd_sc_hd__and4_1)
                                         _089_ (net)
                  0.18    0.00    1.15 ^ _177_/A (sky130_fd_sc_hd__clkbuf_4)
    16    0.08    0.23    0.31    1.46 ^ _177_/X (sky130_fd_sc_hd__clkbuf_4)
                                         _090_ (net)
                  0.23    0.01    1.47 ^ _195_/C (sky130_fd_sc_hd__and4_1)
     1    0.02    0.19    0.33    1.80 ^ _195_/X (sky130_fd_sc_hd__and4_1)
                                         _102_ (net)
                  0.19    0.00    1.81 ^ _196_/A (sky130_fd_sc_hd__clkbuf_4)
    12    0.07    0.22    0.31    2.12 ^ _196_/X (sky130_fd_sc_hd__clkbuf_4)
                                         _103_ (net)
                  0.22    0.01    2.12 ^ _205_/C (sky130_fd_sc_hd__nand3_2)
     4    0.04    0.24    0.24    2.37 v _205_/Y (sky130_fd_sc_hd__nand3_2)
                                         _110_ (net)
                  0.24    0.00    2.37 v _208_/B (sky130_fd_sc_hd__xnor2_1)
     1    0.01    0.31    0.35    2.72 ^ _208_/Y (sky130_fd_sc_hd__xnor2_1)
                                         _007_ (net)
                  0.31    0.00    2.72 ^ _332_/D (sky130_fd_sc_hd__dfrtp_4)
                                  2.72   data arrival time

                         10.00   10.00   clock core_clock (rise edge)
                          0.00   10.00   clock source latency
     1    0.03    0.00    0.00   10.00 ^ clk (in)
                                         clk (net)
                  0.00    0.00   10.00 ^ clkbuf_0_clk/A (sky130_fd_sc_hd__clkbuf_16)
     4    0.05    0.07    0.13   10.13 ^ clkbuf_0_clk/X (sky130_fd_sc_hd__clkbuf_16)
                                         clknet_0_clk (net)
                  0.07    0.00   10.14 ^ clkbuf_2_1__f_clk/A (sky130_fd_sc_hd__clkbuf_16)
    22    0.07    0.09    0.17   10.30 ^ clkbuf_2_1__f_clk/X (sky130_fd_sc_hd__clkbuf_16)
                                         clknet_2_1__leaf_clk (net)
                  0.09    0.01   10.31 ^ _332_/CLK (sky130_fd_sc_hd__dfrtp_4)
                          0.00   10.31   clock reconvergence pessimism
                         -0.12   10.19   library setup time
                                 10.19   data required time
-----------------------------------------------------------------------------
                                 10.19   data required time
                                 -2.72   data arrival time
-----------------------------------------------------------------------------
                                  7.47   slack (MET)


Startpoint: _321_ (rising edge-triggered flip-flop clocked by core_clock)
Endpoint: _333_ (rising edge-triggered flip-flop clocked by core_clock)
Path Group: core_clock
Path Type: max
Corner: Typical

Fanout     Cap    Slew   Delay    Time   Description
-----------------------------------------------------------------------------
                          0.00    0.00   clock core_clock (rise edge)
                          0.00    0.00   clock source latency
     1    0.03    0.00    0.00    0.00 ^ clk (in)
                                         clk (net)
                  0.00    0.00    0.00 ^ clkbuf_0_clk/A (sky130_fd_sc_hd__clkbuf_16)
     4    0.05    0.07    0.13    0.13 ^ clkbuf_0_clk/X (sky130_fd_sc_hd__clkbuf_16)
                                         clknet_0_clk (net)
                  0.07    0.00    0.14 ^ clkbuf_2_1__f_clk/A (sky130_fd_sc_hd__clkbuf_16)
    22    0.07    0.09    0.17    0.30 ^ clkbuf_2_1__f_clk/X (sky130_fd_sc_hd__clkbuf_16)
                                         clknet_2_1__leaf_clk (net)
                  0.09    0.01    0.31 ^ _321_/CLK (sky130_fd_sc_hd__dfrtp_4)
    10    0.05    0.17    0.52    0.83 ^ _321_/Q (sky130_fd_sc_hd__dfrtp_4)
                                         div.count[1] (net)
                  0.17    0.01    0.84 ^ _176_/B (sky130_fd_sc_hd__and4_1)
     1    0.02    0.18    0.31    1.14 ^ _176_/X (sky130_fd_sc_hd__and4_1)
                                         _089_ (net)
                  0.18    0.00    1.15 ^ _177_/A (sky130_fd_sc_hd__clkbuf_4)
    16    0.08    0.23    0.31    1.46 ^ _177_/X (sky130_fd_sc_hd__clkbuf_4)
                                         _090_ (net)
                  0.23    0.01    1.47 ^ _195_/C (sky130_fd_sc_hd__and4_1)
     1    0.02    0.19    0.33    1.80 ^ _195_/X (sky130_fd_sc_hd__and4_1)
                                         _102_ (net)
                  0.19    0.00    1.81 ^ _196_/A (sky130_fd_sc_hd__clkbuf_4)
    12    0.07    0.22    0.31    2.12 ^ _196_/X (sky130_fd_sc_hd__clkbuf_4)
                                         _103_ (net)
                  0.22    0.01    2.12 ^ _211_/A (sky130_fd_sc_hd__and2_2)
     6    0.04    0.23    0.33    2.45 ^ _211_/X (sky130_fd_sc_hd__and2_2)
                                         _114_ (net)
                  0.23    0.00    2.46 ^ _212_/B1_N (sky130_fd_sc_hd__o21ba_1)
     1    0.01    0.05    0.20    2.65 v _212_/X (sky130_fd_sc_hd__o21ba_1)
                                         _008_ (net)
                  0.05    0.00    2.65 v _333_/D (sky130_fd_sc_hd__dfrtp_2)
                                  2.65   data arrival time

                         10.00   10.00   clock core_clock (rise edge)
                          0.00   10.00   clock source latency
     1    0.03    0.00    0.00   10.00 ^ clk (in)
                                         clk (net)
                  0.00    0.00   10.00 ^ clkbuf_0_clk/A (sky130_fd_sc_hd__clkbuf_16)
     4    0.05    0.07    0.13   10.13 ^ clkbuf_0_clk/X (sky130_fd_sc_hd__clkbuf_16)
                                         clknet_0_clk (net)
                  0.07    0.00   10.14 ^ clkbuf_2_1__f_clk/A (sky130_fd_sc_hd__clkbuf_16)
    22    0.07    0.09    0.17   10.30 ^ clkbuf_2_1__f_clk/X (sky130_fd_sc_hd__clkbuf_16)
                                         clknet_2_1__leaf_clk (net)
                  0.09    0.01   10.31 ^ _333_/CLK (sky130_fd_sc_hd__dfrtp_2)
                          0.00   10.31   clock reconvergence pessimism
                         -0.11   10.21   library setup time
                                 10.21   data required time
-----------------------------------------------------------------------------
                                 10.21   data required time
                                 -2.65   data arrival time
-----------------------------------------------------------------------------
                                  7.55   slack (MET)


Startpoint: _321_ (rising edge-triggered flip-flop clocked by core_clock)
Endpoint: _330_ (rising edge-triggered flip-flop clocked by core_clock)
Path Group: core_clock
Path Type: max
Corner: Typical

Fanout     Cap    Slew   Delay    Time   Description
-----------------------------------------------------------------------------
                          0.00    0.00   clock core_clock (rise edge)
                          0.00    0.00   clock source latency
     1    0.03    0.00    0.00    0.00 ^ clk (in)
                                         clk (net)
                  0.00    0.00    0.00 ^ clkbuf_0_clk/A (sky130_fd_sc_hd__clkbuf_16)
     4    0.05    0.07    0.13    0.13 ^ clkbuf_0_clk/X (sky130_fd_sc_hd__clkbuf_16)
                                         clknet_0_clk (net)
                  0.07    0.00    0.14 ^ clkbuf_2_1__f_clk/A (sky130_fd_sc_hd__clkbuf_16)
    22    0.07    0.09    0.17    0.30 ^ clkbuf_2_1__f_clk/X (sky130_fd_sc_hd__clkbuf_16)
                                         clknet_2_1__leaf_clk (net)
                  0.09    0.01    0.31 ^ _321_/CLK (sky130_fd_sc_hd__dfrtp_4)
    10    0.05    0.17    0.52    0.83 ^ _321_/Q (sky130_fd_sc_hd__dfrtp_4)
                                         div.count[1] (net)
                  0.17    0.01    0.84 ^ _176_/B (sky130_fd_sc_hd__and4_1)
     1    0.02    0.18    0.31    1.14 ^ _176_/X (sky130_fd_sc_hd__and4_1)
                                         _089_ (net)
                  0.18    0.00    1.15 ^ _177_/A (sky130_fd_sc_hd__clkbuf_4)
    16    0.08    0.23    0.31    1.46 ^ _177_/X (sky130_fd_sc_hd__clkbuf_4)
                                         _090_ (net)
                  0.23    0.01    1.47 ^ _195_/C (sky130_fd_sc_hd__and4_1)
     1    0.02    0.19    0.33    1.80 ^ _195_/X (sky130_fd_sc_hd__and4_1)
                                         _102_ (net)
                  0.19    0.00    1.81 ^ _196_/A (sky130_fd_sc_hd__clkbuf_4)
    12    0.07    0.22    0.31    2.12 ^ _196_/X (sky130_fd_sc_hd__clkbuf_4)
                                         _103_ (net)
                  0.22    0.01    2.12 ^ _203_/B (sky130_fd_sc_hd__xor2_2)
     2    0.03    0.35    0.33    2.46 ^ _203_/X (sky130_fd_sc_hd__xor2_2)
                                         _005_ (net)
                  0.35    0.00    2.46 ^ _330_/D (sky130_fd_sc_hd__dfrtp_4)
                                  2.46   data arrival time

                         10.00   10.00   clock core_clock (rise edge)
                          0.00   10.00   clock source latency
     1    0.03    0.00    0.00   10.00 ^ clk (in)
                                         clk (net)
                  0.00    0.00   10.00 ^ clkbuf_0_clk/A (sky130_fd_sc_hd__clkbuf_16)
     4    0.05    0.07    0.13   10.13 ^ clkbuf_0_clk/X (sky130_fd_sc_hd__clkbuf_16)
                                         clknet_0_clk (net)
                  0.07    0.00   10.14 ^ clkbuf_2_2__f_clk/A (sky130_fd_sc_hd__clkbuf_16)
    14    0.06    0.08    0.16   10.30 ^ clkbuf_2_2__f_clk/X (sky130_fd_sc_hd__clkbuf_16)
                                         clknet_2_2__leaf_clk (net)
                  0.08    0.00   10.30 ^ _330_/CLK (sky130_fd_sc_hd__dfrtp_4)
                          0.00   10.30   clock reconvergence pessimism
                         -0.13   10.17   library setup time
                                 10.17   data required time
-----------------------------------------------------------------------------
                                 10.17   data required time
                                 -2.46   data arrival time
-----------------------------------------------------------------------------
                                  7.71   slack (MET)


Startpoint: _321_ (rising edge-triggered flip-flop clocked by core_clock)
Endpoint: _336_ (rising edge-triggered flip-flop clocked by core_clock)
Path Group: core_clock
Path Type: max
Corner: Typical

Fanout     Cap    Slew   Delay    Time   Description
-----------------------------------------------------------------------------
                          0.00    0.00   clock core_clock (rise edge)
                          0.00    0.00   clock source latency
     1    0.03    0.00    0.00    0.00 ^ clk (in)
                                         clk (net)
                  0.00    0.00    0.00 ^ clkbuf_0_clk/A (sky130_fd_sc_hd__clkbuf_16)
     4    0.05    0.07    0.13    0.13 ^ clkbuf_0_clk/X (sky130_fd_sc_hd__clkbuf_16)
                                         clknet_0_clk (net)
                  0.07    0.00    0.14 ^ clkbuf_2_1__f_clk/A (sky130_fd_sc_hd__clkbuf_16)
    22    0.07    0.09    0.17    0.30 ^ clkbuf_2_1__f_clk/X (sky130_fd_sc_hd__clkbuf_16)
                                         clknet_2_1__leaf_clk (net)
                  0.09    0.01    0.31 ^ _321_/CLK (sky130_fd_sc_hd__dfrtp_4)
    10    0.05    0.17    0.52    0.83 ^ _321_/Q (sky130_fd_sc_hd__dfrtp_4)
                                         div.count[1] (net)
                  0.17    0.01    0.84 ^ _176_/B (sky130_fd_sc_hd__and4_1)
     1    0.02    0.18    0.31    1.14 ^ _176_/X (sky130_fd_sc_hd__and4_1)
                                         _089_ (net)
                  0.18    0.00    1.15 ^ _177_/A (sky130_fd_sc_hd__clkbuf_4)
    16    0.08    0.23    0.31    1.46 ^ _177_/X (sky130_fd_sc_hd__clkbuf_4)
                                         _090_ (net)
                  0.23    0.01    1.47 ^ _217_/A (sky130_fd_sc_hd__and4_1)
     1    0.02    0.20    0.34    1.81 ^ _217_/X (sky130_fd_sc_hd__and4_1)
                                         _117_ (net)
                  0.20    0.00    1.81 ^ _218_/A (sky130_fd_sc_hd__clkbuf_4)
    18    0.09    0.28    0.35    2.16 ^ _218_/X (sky130_fd_sc_hd__clkbuf_4)
                                         _118_ (net)
                  0.28    0.00    2.17 ^ _219_/B (sky130_fd_sc_hd__xor2_1)
     1    0.01    0.29    0.30    2.47 ^ _219_/X (sky130_fd_sc_hd__xor2_1)
                                         _011_ (net)
                  0.29    0.00    2.47 ^ _336_/D (sky130_fd_sc_hd__dfrtp_4)
                                  2.47   data arrival time

                         10.00   10.00   clock core_clock (rise edge)
                          0.00   10.00   clock source latency
     1    0.03    0.00    0.00   10.00 ^ clk (in)
                                         clk (net)
                  0.00    0.00   10.00 ^ clkbuf_0_clk/A (sky130_fd_sc_hd__clkbuf_16)
     4    0.05    0.07    0.13   10.13 ^ clkbuf_0_clk/X (sky130_fd_sc_hd__clkbuf_16)
                                         clknet_0_clk (net)
                  0.07    0.00   10.14 ^ clkbuf_2_0__f_clk/A (sky130_fd_sc_hd__clkbuf_16)
    18    0.06    0.08    0.16   10.30 ^ clkbuf_2_0__f_clk/X (sky130_fd_sc_hd__clkbuf_16)
                                         clknet_2_0__leaf_clk (net)
                  0.08    0.00   10.30 ^ _336_/CLK (sky130_fd_sc_hd__dfrtp_4)
                          0.00   10.30   clock reconvergence pessimism
                         -0.11   10.19   library setup time
                                 10.19   data required time
-----------------------------------------------------------------------------
                                 10.19   data required time
                                 -2.47   data arrival time
-----------------------------------------------------------------------------
                                  7.72   slack (MET)


Startpoint: _321_ (rising edge-triggered flip-flop clocked by core_clock)
Endpoint: _327_ (rising edge-triggered flip-flop clocked by core_clock)
Path Group: core_clock
Path Type: max
Corner: Typical

Fanout     Cap    Slew   Delay    Time   Description
-----------------------------------------------------------------------------
                          0.00    0.00   clock core_clock (rise edge)
                          0.00    0.00   clock source latency
     1    0.03    0.00    0.00    0.00 ^ clk (in)
                                         clk (net)
                  0.00    0.00    0.00 ^ clkbuf_0_clk/A (sky130_fd_sc_hd__clkbuf_16)
     4    0.05    0.07    0.13    0.13 ^ clkbuf_0_clk/X (sky130_fd_sc_hd__clkbuf_16)
                                         clknet_0_clk (net)
                  0.07    0.00    0.14 ^ clkbuf_2_1__f_clk/A (sky130_fd_sc_hd__clkbuf_16)
    22    0.07    0.09    0.17    0.30 ^ clkbuf_2_1__f_clk/X (sky130_fd_sc_hd__clkbuf_16)
                                         clknet_2_1__leaf_clk (net)
                  0.09    0.01    0.31 ^ _321_/CLK (sky130_fd_sc_hd__dfrtp_4)
    10    0.05    0.17    0.52    0.83 ^ _321_/Q (sky130_fd_sc_hd__dfrtp_4)
                                         div.count[1] (net)
                  0.17    0.01    0.84 ^ _176_/B (sky130_fd_sc_hd__and4_1)
     1    0.02    0.18    0.31    1.14 ^ _176_/X (sky130_fd_sc_hd__and4_1)
                                         _089_ (net)
                  0.18    0.00    1.15 ^ _177_/A (sky130_fd_sc_hd__clkbuf_4)
    16    0.08    0.23    0.31    1.46 ^ _177_/X (sky130_fd_sc_hd__clkbuf_4)
                                         _090_ (net)
                  0.23    0.01    1.47 ^ _182_/C (sky130_fd_sc_hd__and3_2)
     6    0.04    0.20    0.34    1.81 ^ _182_/X (sky130_fd_sc_hd__and3_2)
                                         _093_ (net)
                  0.20    0.00    1.82 ^ _186_/B (sky130_fd_sc_hd__nand2_1)
     4    0.03    0.19    0.21    2.03 v _186_/Y (sky130_fd_sc_hd__nand2_1)
                                         _096_ (net)
                  0.19    0.00    2.04 v _192_/A2 (sky130_fd_sc_hd__a21oi_1)
     1    0.01    0.30    0.34    2.37 ^ _192_/Y (sky130_fd_sc_hd__a21oi_1)
                                         _033_ (net)
                  0.30    0.00    2.37 ^ _327_/D (sky130_fd_sc_hd__dfrtp_2)
                                  2.37   data arrival time

                         10.00   10.00   clock core_clock (rise edge)
                          0.00   10.00   clock source latency
     1    0.03    0.00    0.00   10.00 ^ clk (in)
                                         clk (net)
                  0.00    0.00   10.00 ^ clkbuf_0_clk/A (sky130_fd_sc_hd__clkbuf_16)
     4    0.05    0.07    0.13   10.13 ^ clkbuf_0_clk/X (sky130_fd_sc_hd__clkbuf_16)
                                         clknet_0_clk (net)
                  0.07    0.00   10.14 ^ clkbuf_2_2__f_clk/A (sky130_fd_sc_hd__clkbuf_16)
    14    0.06    0.08    0.16   10.30 ^ clkbuf_2_2__f_clk/X (sky130_fd_sc_hd__clkbuf_16)
                                         clknet_2_2__leaf_clk (net)
                  0.08    0.00   10.30 ^ _327_/CLK (sky130_fd_sc_hd__dfrtp_2)
                          0.00   10.30   clock reconvergence pessimism
                         -0.12   10.18   library setup time
                                 10.18   data required time
-----------------------------------------------------------------------------
                                 10.18   data required time
                                 -2.37   data arrival time
-----------------------------------------------------------------------------
                                  7.81   slack (MET)


Startpoint: _322_ (rising edge-triggered flip-flop clocked by core_clock)
Endpoint: _325_ (rising edge-triggered flip-flop clocked by core_clock)
Path Group: core_clock
Path Type: max
Corner: Typical

Fanout     Cap    Slew   Delay    Time   Description
-----------------------------------------------------------------------------
                          0.00    0.00   clock core_clock (rise edge)
                          0.00    0.00   clock source latency
     1    0.03    0.00    0.00    0.00 ^ clk (in)
                                         clk (net)
                  0.00    0.00    0.00 ^ clkbuf_0_clk/A (sky130_fd_sc_hd__clkbuf_16)
     4    0.05    0.07    0.13    0.13 ^ clkbuf_0_clk/X (sky130_fd_sc_hd__clkbuf_16)
                                         clknet_0_clk (net)
                  0.07    0.00    0.14 ^ clkbuf_2_1__f_clk/A (sky130_fd_sc_hd__clkbuf_16)
    22    0.07    0.09    0.17    0.30 ^ clkbuf_2_1__f_clk/X (sky130_fd_sc_hd__clkbuf_16)
                                         clknet_2_1__leaf_clk (net)
                  0.09    0.01    0.31 ^ _322_/CLK (sky130_fd_sc_hd__dfrtp_4)
     8    0.05    0.12    0.56    0.87 v _322_/Q (sky130_fd_sc_hd__dfrtp_4)
                                         div.count[2] (net)
                  0.12    0.00    0.87 v _176_/C (sky130_fd_sc_hd__and4_1)
     1    0.02    0.10    0.28    1.15 v _176_/X (sky130_fd_sc_hd__and4_1)
                                         _089_ (net)
                  0.10    0.00    1.15 v _177_/A (sky130_fd_sc_hd__clkbuf_4)
    16    0.08    0.15    0.26    1.41 v _177_/X (sky130_fd_sc_hd__clkbuf_4)
                                         _090_ (net)
                  0.15    0.01    1.42 v _182_/C (sky130_fd_sc_hd__and3_2)
     6    0.04    0.11    0.34    1.76 v _182_/X (sky130_fd_sc_hd__and3_2)
                                         _093_ (net)
                  0.11    0.01    1.77 v _184_/A (sky130_fd_sc_hd__nor2_1)
     1    0.02    0.36    0.33    2.09 ^ _184_/Y (sky130_fd_sc_hd__nor2_1)
                                         _031_ (net)
                  0.36    0.00    2.09 ^ _325_/D (sky130_fd_sc_hd__dfrtp_4)
                                  2.09   data arrival time

                         10.00   10.00   clock core_clock (rise edge)
                          0.00   10.00   clock source latency
     1    0.03    0.00    0.00   10.00 ^ clk (in)
                                         clk (net)
                  0.00    0.00   10.00 ^ clkbuf_0_clk/A (sky130_fd_sc_hd__clkbuf_16)
     4    0.05    0.07    0.13   10.13 ^ clkbuf_0_clk/X (sky130_fd_sc_hd__clkbuf_16)
                                         clknet_0_clk (net)
                  0.07    0.00   10.14 ^ clkbuf_2_2__f_clk/A (sky130_fd_sc_hd__clkbuf_16)
    14    0.06    0.08    0.16   10.30 ^ clkbuf_2_2__f_clk/X (sky130_fd_sc_hd__clkbuf_16)
                                         clknet_2_2__leaf_clk (net)
                  0.08    0.00   10.30 ^ _325_/CLK (sky130_fd_sc_hd__dfrtp_4)
                          0.00   10.30   clock reconvergence pessimism
                         -0.13   10.17   library setup time
                                 10.17   data required time
-----------------------------------------------------------------------------
                                 10.17   data required time
                                 -2.09   data arrival time
-----------------------------------------------------------------------------
                                  8.07   slack (MET)


Startpoint: _321_ (rising edge-triggered flip-flop clocked by core_clock)
Endpoint: _323_ (rising edge-triggered flip-flop clocked by core_clock)
Path Group: core_clock
Path Type: max
Corner: Typical

Fanout     Cap    Slew   Delay    Time   Description
-----------------------------------------------------------------------------
                          0.00    0.00   clock core_clock (rise edge)
                          0.00    0.00   clock source latency
     1    0.03    0.00    0.00    0.00 ^ clk (in)
                                         clk (net)
                  0.00    0.00    0.00 ^ clkbuf_0_clk/A (sky130_fd_sc_hd__clkbuf_16)
     4    0.05    0.07    0.13    0.13 ^ clkbuf_0_clk/X (sky130_fd_sc_hd__clkbuf_16)
                                         clknet_0_clk (net)
                  0.07    0.00    0.14 ^ clkbuf_2_1__f_clk/A (sky130_fd_sc_hd__clkbuf_16)
    22    0.07    0.09    0.17    0.30 ^ clkbuf_2_1__f_clk/X (sky130_fd_sc_hd__clkbuf_16)
                                         clknet_2_1__leaf_clk (net)
                  0.09    0.01    0.31 ^ _321_/CLK (sky130_fd_sc_hd__dfrtp_4)
    10    0.05    0.17    0.52    0.83 ^ _321_/Q (sky130_fd_sc_hd__dfrtp_4)
                                         div.count[1] (net)
                  0.17    0.01    0.84 ^ _176_/B (sky130_fd_sc_hd__and4_1)
     1    0.02    0.18    0.31    1.14 ^ _176_/X (sky130_fd_sc_hd__and4_1)
                                         _089_ (net)
                  0.18    0.00    1.15 ^ _177_/A (sky130_fd_sc_hd__clkbuf_4)
    16    0.08    0.23    0.31    1.46 ^ _177_/X (sky130_fd_sc_hd__clkbuf_4)
                                         _090_ (net)
                  0.23    0.01    1.47 ^ _179_/A_N (sky130_fd_sc_hd__and2b_1)
     2    0.02    0.11    0.28    1.75 v _179_/X (sky130_fd_sc_hd__and2b_1)
                                         _092_ (net)
                  0.11    0.00    1.75 v _180_/A (sky130_fd_sc_hd__buf_1)
     1    0.01    0.07    0.15    1.90 v _180_/X (sky130_fd_sc_hd__buf_1)
                                         _029_ (net)
                  0.07    0.00    1.90 v _323_/D (sky130_fd_sc_hd__dfrtp_2)
                                  1.90   data arrival time

                         10.00   10.00   clock core_clock (rise edge)
                          0.00   10.00   clock source latency
     1    0.03    0.00    0.00   10.00 ^ clk (in)
                                         clk (net)
                  0.00    0.00   10.00 ^ clkbuf_0_clk/A (sky130_fd_sc_hd__clkbuf_16)
     4    0.05    0.07    0.13   10.13 ^ clkbuf_0_clk/X (sky130_fd_sc_hd__clkbuf_16)
                                         clknet_0_clk (net)
                  0.07    0.00   10.14 ^ clkbuf_2_3__f_clk/A (sky130_fd_sc_hd__clkbuf_16)
    18    0.05    0.07    0.16   10.29 ^ clkbuf_2_3__f_clk/X (sky130_fd_sc_hd__clkbuf_16)
                                         clknet_2_3__leaf_clk (net)
                  0.07    0.00   10.30 ^ _323_/CLK (sky130_fd_sc_hd__dfrtp_2)
                          0.00   10.30   clock reconvergence pessimism
                         -0.12   10.18   library setup time
                                 10.18   data required time
-----------------------------------------------------------------------------
                                 10.18   data required time
                                 -1.90   data arrival time
-----------------------------------------------------------------------------
                                  8.28   slack (MET)


Startpoint: _321_ (rising edge-triggered flip-flop clocked by core_clock)
Endpoint: _321_ (rising edge-triggered flip-flop clocked by core_clock)
Path Group: core_clock
Path Type: max
Corner: Typical

Fanout     Cap    Slew   Delay    Time   Description
-----------------------------------------------------------------------------
                          0.00    0.00   clock core_clock (rise edge)
                          0.00    0.00   clock source latency
     1    0.03    0.00    0.00    0.00 ^ clk (in)
                                         clk (net)
                  0.00    0.00    0.00 ^ clkbuf_0_clk/A (sky130_fd_sc_hd__clkbuf_16)
     4    0.05    0.07    0.13    0.13 ^ clkbuf_0_clk/X (sky130_fd_sc_hd__clkbuf_16)
                                         clknet_0_clk (net)
                  0.07    0.00    0.14 ^ clkbuf_2_1__f_clk/A (sky130_fd_sc_hd__clkbuf_16)
    22    0.07    0.09    0.17    0.30 ^ clkbuf_2_1__f_clk/X (sky130_fd_sc_hd__clkbuf_16)
                                         clknet_2_1__leaf_clk (net)
                  0.09    0.01    0.31 ^ _321_/CLK (sky130_fd_sc_hd__dfrtp_4)
    10    0.05    0.12    0.56    0.87 v _321_/Q (sky130_fd_sc_hd__dfrtp_4)
                                         div.count[1] (net)
                  0.12    0.00    0.88 v _172_/B (sky130_fd_sc_hd__nand2_2)
     4    0.03    0.18    0.19    1.07 ^ _172_/Y (sky130_fd_sc_hd__nand2_2)
                                         _087_ (net)
                  0.18    0.00    1.07 ^ _173_/B (sky130_fd_sc_hd__and2_1)
     2    0.03    0.25    0.30    1.37 ^ _173_/X (sky130_fd_sc_hd__and2_1)
                                         _088_ (net)
                  0.25    0.00    1.38 ^ _174_/A (sky130_fd_sc_hd__buf_1)
     2    0.04    0.41    0.38    1.75 ^ _174_/X (sky130_fd_sc_hd__buf_1)
                                         _015_ (net)
                  0.41    0.00    1.76 ^ _321_/D (sky130_fd_sc_hd__dfrtp_4)
                                  1.76   data arrival time

                         10.00   10.00   clock core_clock (rise edge)
                          0.00   10.00   clock source latency
     1    0.03    0.00    0.00   10.00 ^ clk (in)
                                         clk (net)
                  0.00    0.00   10.00 ^ clkbuf_0_clk/A (sky130_fd_sc_hd__clkbuf_16)
     4    0.05    0.07    0.13   10.13 ^ clkbuf_0_clk/X (sky130_fd_sc_hd__clkbuf_16)
                                         clknet_0_clk (net)
                  0.07    0.00   10.14 ^ clkbuf_2_1__f_clk/A (sky130_fd_sc_hd__clkbuf_16)
    22    0.07    0.09    0.17   10.30 ^ clkbuf_2_1__f_clk/X (sky130_fd_sc_hd__clkbuf_16)
                                         clknet_2_1__leaf_clk (net)
                  0.09    0.01   10.31 ^ _321_/CLK (sky130_fd_sc_hd__dfrtp_4)
                          0.00   10.31   clock reconvergence pessimism
                         -0.14   10.17   library setup time
                                 10.17   data required time
-----------------------------------------------------------------------------
                                 10.17   data required time
                                 -1.76   data arrival time
-----------------------------------------------------------------------------
                                  8.41   slack (MET)


Startpoint: _321_ (rising edge-triggered flip-flop clocked by core_clock)
Endpoint: _324_ (rising edge-triggered flip-flop clocked by core_clock)
Path Group: core_clock
Path Type: max
Corner: Typical

Fanout     Cap    Slew   Delay    Time   Description
-----------------------------------------------------------------------------
                          0.00    0.00   clock core_clock (rise edge)
                          0.00    0.00   clock source latency
     1    0.03    0.00    0.00    0.00 ^ clk (in)
                                         clk (net)
                  0.00    0.00    0.00 ^ clkbuf_0_clk/A (sky130_fd_sc_hd__clkbuf_16)
     4    0.05    0.07    0.13    0.13 ^ clkbuf_0_clk/X (sky130_fd_sc_hd__clkbuf_16)
                                         clknet_0_clk (net)
                  0.07    0.00    0.14 ^ clkbuf_2_1__f_clk/A (sky130_fd_sc_hd__clkbuf_16)
    22    0.07    0.09    0.17    0.30 ^ clkbuf_2_1__f_clk/X (sky130_fd_sc_hd__clkbuf_16)
                                         clknet_2_1__leaf_clk (net)
                  0.09    0.01    0.31 ^ _321_/CLK (sky130_fd_sc_hd__dfrtp_4)
    10    0.05    0.17    0.52    0.83 ^ _321_/Q (sky130_fd_sc_hd__dfrtp_4)
                                         div.count[1] (net)
                  0.17    0.01    0.84 ^ _176_/B (sky130_fd_sc_hd__and4_1)
     1    0.02    0.18    0.31    1.14 ^ _176_/X (sky130_fd_sc_hd__and4_1)
                                         _089_ (net)
                  0.18    0.00    1.15 ^ _177_/A (sky130_fd_sc_hd__clkbuf_4)
    16    0.08    0.23    0.31    1.46 ^ _177_/X (sky130_fd_sc_hd__clkbuf_4)
                                         _090_ (net)
                  0.23    0.01    1.47 ^ _181_/B (sky130_fd_sc_hd__xor2_1)
     1    0.01    0.26    0.28    1.75 ^ _181_/X (sky130_fd_sc_hd__xor2_1)
                                         _030_ (net)
                  0.26    0.00    1.75 ^ _324_/D (sky130_fd_sc_hd__dfrtp_4)
                                  1.75   data arrival time

                         10.00   10.00   clock core_clock (rise edge)
                          0.00   10.00   clock source latency
     1    0.03    0.00    0.00   10.00 ^ clk (in)
                                         clk (net)
                  0.00    0.00   10.00 ^ clkbuf_0_clk/A (sky130_fd_sc_hd__clkbuf_16)
     4    0.05    0.07    0.13   10.13 ^ clkbuf_0_clk/X (sky130_fd_sc_hd__clkbuf_16)
                                         clknet_0_clk (net)
                  0.07    0.00   10.14 ^ clkbuf_2_0__f_clk/A (sky130_fd_sc_hd__clkbuf_16)
    18    0.06    0.08    0.16   10.30 ^ clkbuf_2_0__f_clk/X (sky130_fd_sc_hd__clkbuf_16)
                                         clknet_2_0__leaf_clk (net)
                  0.08    0.00   10.30 ^ _324_/CLK (sky130_fd_sc_hd__dfrtp_4)
                          0.00   10.30   clock reconvergence pessimism
                         -0.11   10.19   library setup time
                                 10.19   data required time
-----------------------------------------------------------------------------
                                 10.19   data required time
                                 -1.75   data arrival time
-----------------------------------------------------------------------------
                                  8.45   slack (MET)


Startpoint: _320_ (rising edge-triggered flip-flop clocked by core_clock)
Endpoint: _322_ (rising edge-triggered flip-flop clocked by core_clock)
Path Group: core_clock
Path Type: max
Corner: Typical

Fanout     Cap    Slew   Delay    Time   Description
-----------------------------------------------------------------------------
                          0.00    0.00   clock core_clock (rise edge)
                          0.00    0.00   clock source latency
     1    0.03    0.00    0.00    0.00 ^ clk (in)
                                         clk (net)
                  0.00    0.00    0.00 ^ clkbuf_0_clk/A (sky130_fd_sc_hd__clkbuf_16)
     4    0.05    0.07    0.13    0.13 ^ clkbuf_0_clk/X (sky130_fd_sc_hd__clkbuf_16)
                                         clknet_0_clk (net)
                  0.07    0.00    0.14 ^ clkbuf_2_0__f_clk/A (sky130_fd_sc_hd__clkbuf_16)
    18    0.06    0.08    0.16    0.30 ^ clkbuf_2_0__f_clk/X (sky130_fd_sc_hd__clkbuf_16)
                                         clknet_2_0__leaf_clk (net)
                  0.08    0.00    0.30 ^ _320_/CLK (sky130_fd_sc_hd__dfrtp_4)
    12    0.06    0.18    0.53    0.83 ^ _320_/Q (sky130_fd_sc_hd__dfrtp_4)
                                         div.count[0] (net)
                  0.18    0.00    0.83 ^ _172_/A (sky130_fd_sc_hd__nand2_2)
     4    0.03    0.14    0.16    0.99 v _172_/Y (sky130_fd_sc_hd__nand2_2)
                                         _087_ (net)
                  0.14    0.00    1.00 v _175_/B (sky130_fd_sc_hd__xnor2_1)
     2    0.02    0.49    0.45    1.45 ^ _175_/Y (sky130_fd_sc_hd__xnor2_1)
                                         _026_ (net)
                  0.49    0.00    1.45 ^ _322_/D (sky130_fd_sc_hd__dfrtp_4)
                                  1.45   data arrival time

                         10.00   10.00   clock core_clock (rise edge)
                          0.00   10.00   clock source latency
     1    0.03    0.00    0.00   10.00 ^ clk (in)
                                         clk (net)
                  0.00    0.00   10.00 ^ clkbuf_0_clk/A (sky130_fd_sc_hd__clkbuf_16)
     4    0.05    0.07    0.13   10.13 ^ clkbuf_0_clk/X (sky130_fd_sc_hd__clkbuf_16)
                                         clknet_0_clk (net)
                  0.07    0.00   10.14 ^ clkbuf_2_1__f_clk/A (sky130_fd_sc_hd__clkbuf_16)
    22    0.07    0.09    0.17   10.30 ^ clkbuf_2_1__f_clk/X (sky130_fd_sc_hd__clkbuf_16)
                                         clknet_2_1__leaf_clk (net)
                  0.09    0.01   10.31 ^ _322_/CLK (sky130_fd_sc_hd__dfrtp_4)
                          0.00   10.31   clock reconvergence pessimism
                         -0.16   10.15   library setup time
                                 10.15   data required time
-----------------------------------------------------------------------------
                                 10.15   data required time
                                 -1.45   data arrival time
-----------------------------------------------------------------------------
                                  8.70   slack (MET)



worst slack corner Typical: 6.3744
