OpenROAD b16bda7e82721d10566ff7e2b68f1ff0be9f9e38 
Features included (+) or not (-): +Charts +GPU +GUI +Python
This program is licensed under the BSD-3 license. See the LICENSE file for details.
Components of this program may be licensed under more restrictive licenses which must be honored.
define_corners Typical
read_liberty -corner Typical /Users/nigiri/.volare/sky130A/libs.ref/sky130_fd_sc_hd/lib/sky130_fd_sc_hd__tt_025C_1v80.lib
Using 1e-12 for capacitance...
Using 1e+03 for resistance...
Using 1e-09 for time...
Using 1e+00 for voltage...
Using 1e-03 for current...
Using 1e-09 for power...
Using 1e-06 for distance...
[INFO]: Reading ODB at '/openlane/designs/lab3/runs/RUN_2025.05.25_20.36.00/tmp/14-lab3.odb'…
Reading design constraints file at '/openlane/designs/lab3/src/lab3.sdc'…
[INFO]: No (un)set_propagated_clock found in /openlane/designs/lab3/src/lab3.sdc
[INFO]: Propagating all clocks
[INFO]: Setting RC values...
min_report

===========================================================================
report_checks -path_delay min (Hold)
============================================================================
======================= Typical Corner ===================================

Startpoint: _351_ (rising edge-triggered flip-flop clocked by core_clock)
Endpoint: _351_ (rising edge-triggered flip-flop clocked by core_clock)
Path Group: core_clock
Path Type: min

Fanout     Cap    Slew   Delay    Time   Description
-----------------------------------------------------------------------------
                          0.00    0.00   clock core_clock (rise edge)
                          0.00    0.00   clock source latency
     1    0.01    0.00    0.00    0.00 ^ clk (in)
                                         clk (net)
                  0.00    0.00    0.00 ^ clkbuf_0_clk/A (sky130_fd_sc_hd__clkbuf_16)
     4    0.03    0.05    0.12    0.12 ^ clkbuf_0_clk/X (sky130_fd_sc_hd__clkbuf_16)
                                         clknet_0_clk (net)
                  0.05    0.00    0.12 ^ clkbuf_2_3__f_clk/A (sky130_fd_sc_hd__clkbuf_16)
     9    0.03    0.05    0.14    0.26 ^ clkbuf_2_3__f_clk/X (sky130_fd_sc_hd__clkbuf_16)
                                         clknet_2_3__leaf_clk (net)
                  0.05    0.00    0.26 ^ _351_/CLK (sky130_fd_sc_hd__dfrtp_1)
     2    0.01    0.07    0.34    0.60 ^ _351_/Q (sky130_fd_sc_hd__dfrtp_1)
                                         div.count[31] (net)
                  0.07    0.00    0.60 ^ _260_/A (sky130_fd_sc_hd__xor2_1)
     1    0.01    0.05    0.08    0.68 v _260_/X (sky130_fd_sc_hd__xor2_1)
                                         _028_ (net)
                  0.05    0.00    0.68 v _351_/D (sky130_fd_sc_hd__dfrtp_1)
                                  0.68   data arrival time

                          0.00    0.00   clock core_clock (rise edge)
                          0.00    0.00   clock source latency
     1    0.01    0.00    0.00    0.00 ^ clk (in)
                                         clk (net)
                  0.00    0.00    0.00 ^ clkbuf_0_clk/A (sky130_fd_sc_hd__clkbuf_16)
     4    0.03    0.05    0.12    0.12 ^ clkbuf_0_clk/X (sky130_fd_sc_hd__clkbuf_16)
                                         clknet_0_clk (net)
                  0.05    0.00    0.12 ^ clkbuf_2_3__f_clk/A (sky130_fd_sc_hd__clkbuf_16)
     9    0.03    0.05    0.14    0.26 ^ clkbuf_2_3__f_clk/X (sky130_fd_sc_hd__clkbuf_16)
                                         clknet_2_3__leaf_clk (net)
                  0.05    0.00    0.26 ^ _351_/CLK (sky130_fd_sc_hd__dfrtp_1)
                          0.00    0.26   clock reconvergence pessimism
                         -0.04    0.22   library hold time
                                  0.22   data required time
-----------------------------------------------------------------------------
                                  0.22   data required time
                                 -0.68   data arrival time
-----------------------------------------------------------------------------
                                  0.47   slack (MET)


Startpoint: _328_ (rising edge-triggered flip-flop clocked by core_clock)
Endpoint: _328_ (rising edge-triggered flip-flop clocked by core_clock)
Path Group: core_clock
Path Type: min

Fanout     Cap    Slew   Delay    Time   Description
-----------------------------------------------------------------------------
                          0.00    0.00   clock core_clock (rise edge)
                          0.00    0.00   clock source latency
     1    0.01    0.00    0.00    0.00 ^ clk (in)
                                         clk (net)
                  0.00    0.00    0.00 ^ clkbuf_0_clk/A (sky130_fd_sc_hd__clkbuf_16)
     4    0.03    0.05    0.12    0.12 ^ clkbuf_0_clk/X (sky130_fd_sc_hd__clkbuf_16)
                                         clknet_0_clk (net)
                  0.05    0.00    0.12 ^ clkbuf_2_1__f_clk/A (sky130_fd_sc_hd__clkbuf_16)
    11    0.02    0.04    0.13    0.25 ^ clkbuf_2_1__f_clk/X (sky130_fd_sc_hd__clkbuf_16)
                                         clknet_2_1__leaf_clk (net)
                  0.04    0.00    0.25 ^ _328_/CLK (sky130_fd_sc_hd__dfrtp_4)
     6    0.01    0.07    0.41    0.66 ^ _328_/Q (sky130_fd_sc_hd__dfrtp_4)
                                         div.count[8] (net)
                  0.07    0.00    0.66 ^ _194_/A1 (sky130_fd_sc_hd__a21oi_1)
     1    0.00    0.03    0.06    0.72 v _194_/Y (sky130_fd_sc_hd__a21oi_1)
                                         _034_ (net)
                  0.03    0.00    0.72 v _328_/D (sky130_fd_sc_hd__dfrtp_4)
                                  0.72   data arrival time

                          0.00    0.00   clock core_clock (rise edge)
                          0.00    0.00   clock source latency
     1    0.01    0.00    0.00    0.00 ^ clk (in)
                                         clk (net)
                  0.00    0.00    0.00 ^ clkbuf_0_clk/A (sky130_fd_sc_hd__clkbuf_16)
     4    0.03    0.05    0.12    0.12 ^ clkbuf_0_clk/X (sky130_fd_sc_hd__clkbuf_16)
                                         clknet_0_clk (net)
                  0.05    0.00    0.12 ^ clkbuf_2_1__f_clk/A (sky130_fd_sc_hd__clkbuf_16)
    11    0.02    0.04    0.13    0.25 ^ clkbuf_2_1__f_clk/X (sky130_fd_sc_hd__clkbuf_16)
                                         clknet_2_1__leaf_clk (net)
                  0.04    0.00    0.25 ^ _328_/CLK (sky130_fd_sc_hd__dfrtp_4)
                          0.00    0.25   clock reconvergence pessimism
                         -0.04    0.21   library hold time
                                  0.21   data required time
-----------------------------------------------------------------------------
                                  0.21   data required time
                                 -0.72   data arrival time
-----------------------------------------------------------------------------
                                  0.51   slack (MET)


Startpoint: _347_ (rising edge-triggered flip-flop clocked by core_clock)
Endpoint: _347_ (rising edge-triggered flip-flop clocked by core_clock)
Path Group: core_clock
Path Type: min

Fanout     Cap    Slew   Delay    Time   Description
-----------------------------------------------------------------------------
                          0.00    0.00   clock core_clock (rise edge)
                          0.00    0.00   clock source latency
     1    0.01    0.00    0.00    0.00 ^ clk (in)
                                         clk (net)
                  0.00    0.00    0.00 ^ clkbuf_0_clk/A (sky130_fd_sc_hd__clkbuf_16)
     4    0.03    0.05    0.12    0.12 ^ clkbuf_0_clk/X (sky130_fd_sc_hd__clkbuf_16)
                                         clknet_0_clk (net)
                  0.05    0.00    0.12 ^ clkbuf_2_3__f_clk/A (sky130_fd_sc_hd__clkbuf_16)
     9    0.03    0.05    0.14    0.26 ^ clkbuf_2_3__f_clk/X (sky130_fd_sc_hd__clkbuf_16)
                                         clknet_2_3__leaf_clk (net)
                  0.05    0.00    0.26 ^ _347_/CLK (sky130_fd_sc_hd__dfrtp_1)
     3    0.01    0.09    0.35    0.61 ^ _347_/Q (sky130_fd_sc_hd__dfrtp_1)
                                         div.count[27] (net)
                  0.09    0.00    0.61 ^ _252_/A1 (sky130_fd_sc_hd__o21ba_1)
     1    0.00    0.04    0.13    0.74 ^ _252_/X (sky130_fd_sc_hd__o21ba_1)
                                         _023_ (net)
                  0.04    0.00    0.74 ^ _347_/D (sky130_fd_sc_hd__dfrtp_1)
                                  0.74   data arrival time

                          0.00    0.00   clock core_clock (rise edge)
                          0.00    0.00   clock source latency
     1    0.01    0.00    0.00    0.00 ^ clk (in)
                                         clk (net)
                  0.00    0.00    0.00 ^ clkbuf_0_clk/A (sky130_fd_sc_hd__clkbuf_16)
     4    0.03    0.05    0.12    0.12 ^ clkbuf_0_clk/X (sky130_fd_sc_hd__clkbuf_16)
                                         clknet_0_clk (net)
                  0.05    0.00    0.12 ^ clkbuf_2_3__f_clk/A (sky130_fd_sc_hd__clkbuf_16)
     9    0.03    0.05    0.14    0.26 ^ clkbuf_2_3__f_clk/X (sky130_fd_sc_hd__clkbuf_16)
                                         clknet_2_3__leaf_clk (net)
                  0.05    0.00    0.26 ^ _347_/CLK (sky130_fd_sc_hd__dfrtp_1)
                          0.00    0.26   clock reconvergence pessimism
                         -0.03    0.23   library hold time
                                  0.23   data required time
-----------------------------------------------------------------------------
                                  0.23   data required time
                                 -0.74   data arrival time
-----------------------------------------------------------------------------
                                  0.51   slack (MET)


Startpoint: _356_ (rising edge-triggered flip-flop clocked by core_clock)
Endpoint: _356_ (rising edge-triggered flip-flop clocked by core_clock)
Path Group: core_clock
Path Type: min

Fanout     Cap    Slew   Delay    Time   Description
-----------------------------------------------------------------------------
                          0.00    0.00   clock core_clock (rise edge)
                          0.00    0.00   clock source latency
     1    0.01    0.00    0.00    0.00 ^ clk (in)
                                         clk (net)
                  0.00    0.00    0.00 ^ clkbuf_0_clk/A (sky130_fd_sc_hd__clkbuf_16)
     4    0.03    0.05    0.12    0.12 ^ clkbuf_0_clk/X (sky130_fd_sc_hd__clkbuf_16)
                                         clknet_0_clk (net)
                  0.05    0.00    0.12 ^ clkbuf_2_1__f_clk/A (sky130_fd_sc_hd__clkbuf_16)
    11    0.02    0.04    0.13    0.25 ^ clkbuf_2_1__f_clk/X (sky130_fd_sc_hd__clkbuf_16)
                                         clknet_2_1__leaf_clk (net)
                  0.04    0.00    0.25 ^ _356_/CLK (sky130_fd_sc_hd__dfrtp_4)
     5    0.02    0.08    0.42    0.67 ^ _356_/Q (sky130_fd_sc_hd__dfrtp_4)
                                         counter.clk (net)
                  0.08    0.00    0.67 ^ _168_/A (sky130_fd_sc_hd__xnor2_1)
     1    0.00    0.03    0.07    0.74 v _168_/Y (sky130_fd_sc_hd__xnor2_1)
                                         _073_ (net)
                  0.03    0.00    0.74 v _356_/D (sky130_fd_sc_hd__dfrtp_4)
                                  0.74   data arrival time

                          0.00    0.00   clock core_clock (rise edge)
                          0.00    0.00   clock source latency
     1    0.01    0.00    0.00    0.00 ^ clk (in)
                                         clk (net)
                  0.00    0.00    0.00 ^ clkbuf_0_clk/A (sky130_fd_sc_hd__clkbuf_16)
     4    0.03    0.05    0.12    0.12 ^ clkbuf_0_clk/X (sky130_fd_sc_hd__clkbuf_16)
                                         clknet_0_clk (net)
                  0.05    0.00    0.12 ^ clkbuf_2_1__f_clk/A (sky130_fd_sc_hd__clkbuf_16)
    11    0.02    0.04    0.13    0.25 ^ clkbuf_2_1__f_clk/X (sky130_fd_sc_hd__clkbuf_16)
                                         clknet_2_1__leaf_clk (net)
                  0.04    0.00    0.25 ^ _356_/CLK (sky130_fd_sc_hd__dfrtp_4)
                          0.00    0.25   clock reconvergence pessimism
                         -0.04    0.21   library hold time
                                  0.21   data required time
-----------------------------------------------------------------------------
                                  0.21   data required time
                                 -0.74   data arrival time
-----------------------------------------------------------------------------
                                  0.53   slack (MET)


Startpoint: _350_ (rising edge-triggered flip-flop clocked by core_clock)
Endpoint: _350_ (rising edge-triggered flip-flop clocked by core_clock)
Path Group: core_clock
Path Type: min

Fanout     Cap    Slew   Delay    Time   Description
-----------------------------------------------------------------------------
                          0.00    0.00   clock core_clock (rise edge)
                          0.00    0.00   clock source latency
     1    0.01    0.00    0.00    0.00 ^ clk (in)
                                         clk (net)
                  0.00    0.00    0.00 ^ clkbuf_0_clk/A (sky130_fd_sc_hd__clkbuf_16)
     4    0.03    0.05    0.12    0.12 ^ clkbuf_0_clk/X (sky130_fd_sc_hd__clkbuf_16)
                                         clknet_0_clk (net)
                  0.05    0.00    0.12 ^ clkbuf_2_0__f_clk/A (sky130_fd_sc_hd__clkbuf_16)
     9    0.02    0.05    0.13    0.25 ^ clkbuf_2_0__f_clk/X (sky130_fd_sc_hd__clkbuf_16)
                                         clknet_2_0__leaf_clk (net)
                  0.05    0.00    0.25 ^ _350_/CLK (sky130_fd_sc_hd__dfrtp_2)
     3    0.02    0.11    0.40    0.66 ^ _350_/Q (sky130_fd_sc_hd__dfrtp_2)
                                         div.count[30] (net)
                  0.11    0.00    0.66 ^ _258_/A (sky130_fd_sc_hd__xnor2_1)
     1    0.00    0.04    0.09    0.75 v _258_/Y (sky130_fd_sc_hd__xnor2_1)
                                         _027_ (net)
                  0.04    0.00    0.75 v _350_/D (sky130_fd_sc_hd__dfrtp_2)
                                  0.75   data arrival time

                          0.00    0.00   clock core_clock (rise edge)
                          0.00    0.00   clock source latency
     1    0.01    0.00    0.00    0.00 ^ clk (in)
                                         clk (net)
                  0.00    0.00    0.00 ^ clkbuf_0_clk/A (sky130_fd_sc_hd__clkbuf_16)
     4    0.03    0.05    0.12    0.12 ^ clkbuf_0_clk/X (sky130_fd_sc_hd__clkbuf_16)
                                         clknet_0_clk (net)
                  0.05    0.00    0.12 ^ clkbuf_2_0__f_clk/A (sky130_fd_sc_hd__clkbuf_16)
     9    0.02    0.05    0.13    0.25 ^ clkbuf_2_0__f_clk/X (sky130_fd_sc_hd__clkbuf_16)
                                         clknet_2_0__leaf_clk (net)
                  0.05    0.00    0.25 ^ _350_/CLK (sky130_fd_sc_hd__dfrtp_2)
                          0.00    0.25   clock reconvergence pessimism
                         -0.04    0.21   library hold time
                                  0.21   data required time
-----------------------------------------------------------------------------
                                  0.21   data required time
                                 -0.75   data arrival time
-----------------------------------------------------------------------------
                                  0.53   slack (MET)


Startpoint: _333_ (rising edge-triggered flip-flop clocked by core_clock)
Endpoint: _333_ (rising edge-triggered flip-flop clocked by core_clock)
Path Group: core_clock
Path Type: min

Fanout     Cap    Slew   Delay    Time   Description
-----------------------------------------------------------------------------
                          0.00    0.00   clock core_clock (rise edge)
                          0.00    0.00   clock source latency
     1    0.01    0.00    0.00    0.00 ^ clk (in)
                                         clk (net)
                  0.00    0.00    0.00 ^ clkbuf_0_clk/A (sky130_fd_sc_hd__clkbuf_16)
     4    0.03    0.05    0.12    0.12 ^ clkbuf_0_clk/X (sky130_fd_sc_hd__clkbuf_16)
                                         clknet_0_clk (net)
                  0.05    0.00    0.12 ^ clkbuf_2_1__f_clk/A (sky130_fd_sc_hd__clkbuf_16)
    11    0.02    0.04    0.13    0.25 ^ clkbuf_2_1__f_clk/X (sky130_fd_sc_hd__clkbuf_16)
                                         clknet_2_1__leaf_clk (net)
                  0.04    0.00    0.25 ^ _333_/CLK (sky130_fd_sc_hd__dfrtp_2)
     3    0.01    0.07    0.37    0.62 ^ _333_/Q (sky130_fd_sc_hd__dfrtp_2)
                                         div.count[13] (net)
                  0.07    0.00    0.62 ^ _212_/A1 (sky130_fd_sc_hd__o21ba_1)
     1    0.00    0.06    0.14    0.76 ^ _212_/X (sky130_fd_sc_hd__o21ba_1)
                                         _008_ (net)
                  0.06    0.00    0.76 ^ _333_/D (sky130_fd_sc_hd__dfrtp_2)
                                  0.76   data arrival time

                          0.00    0.00   clock core_clock (rise edge)
                          0.00    0.00   clock source latency
     1    0.01    0.00    0.00    0.00 ^ clk (in)
                                         clk (net)
                  0.00    0.00    0.00 ^ clkbuf_0_clk/A (sky130_fd_sc_hd__clkbuf_16)
     4    0.03    0.05    0.12    0.12 ^ clkbuf_0_clk/X (sky130_fd_sc_hd__clkbuf_16)
                                         clknet_0_clk (net)
                  0.05    0.00    0.12 ^ clkbuf_2_1__f_clk/A (sky130_fd_sc_hd__clkbuf_16)
    11    0.02    0.04    0.13    0.25 ^ clkbuf_2_1__f_clk/X (sky130_fd_sc_hd__clkbuf_16)
                                         clknet_2_1__leaf_clk (net)
                  0.04    0.00    0.25 ^ _333_/CLK (sky130_fd_sc_hd__dfrtp_2)
                          0.00    0.25   clock reconvergence pessimism
                         -0.04    0.21   library hold time
                                  0.21   data required time
-----------------------------------------------------------------------------
                                  0.21   data required time
                                 -0.76   data arrival time
-----------------------------------------------------------------------------
                                  0.55   slack (MET)


Startpoint: _346_ (rising edge-triggered flip-flop clocked by core_clock)
Endpoint: _346_ (rising edge-triggered flip-flop clocked by core_clock)
Path Group: core_clock
Path Type: min

Fanout     Cap    Slew   Delay    Time   Description
-----------------------------------------------------------------------------
                          0.00    0.00   clock core_clock (rise edge)
                          0.00    0.00   clock source latency
     1    0.01    0.00    0.00    0.00 ^ clk (in)
                                         clk (net)
                  0.00    0.00    0.00 ^ clkbuf_0_clk/A (sky130_fd_sc_hd__clkbuf_16)
     4    0.03    0.05    0.12    0.12 ^ clkbuf_0_clk/X (sky130_fd_sc_hd__clkbuf_16)
                                         clknet_0_clk (net)
                  0.05    0.00    0.12 ^ clkbuf_2_0__f_clk/A (sky130_fd_sc_hd__clkbuf_16)
     9    0.02    0.05    0.13    0.25 ^ clkbuf_2_0__f_clk/X (sky130_fd_sc_hd__clkbuf_16)
                                         clknet_2_0__leaf_clk (net)
                  0.05    0.00    0.25 ^ _346_/CLK (sky130_fd_sc_hd__dfrtp_2)
     4    0.02    0.13    0.41    0.67 ^ _346_/Q (sky130_fd_sc_hd__dfrtp_2)
                                         div.count[26] (net)
                  0.13    0.00    0.67 ^ _248_/A (sky130_fd_sc_hd__xor2_1)
     1    0.01    0.05    0.10    0.77 v _248_/X (sky130_fd_sc_hd__xor2_1)
                                         _022_ (net)
                  0.05    0.00    0.77 v _346_/D (sky130_fd_sc_hd__dfrtp_2)
                                  0.77   data arrival time

                          0.00    0.00   clock core_clock (rise edge)
                          0.00    0.00   clock source latency
     1    0.01    0.00    0.00    0.00 ^ clk (in)
                                         clk (net)
                  0.00    0.00    0.00 ^ clkbuf_0_clk/A (sky130_fd_sc_hd__clkbuf_16)
     4    0.03    0.05    0.12    0.12 ^ clkbuf_0_clk/X (sky130_fd_sc_hd__clkbuf_16)
                                         clknet_0_clk (net)
                  0.05    0.00    0.12 ^ clkbuf_2_0__f_clk/A (sky130_fd_sc_hd__clkbuf_16)
     9    0.02    0.05    0.13    0.25 ^ clkbuf_2_0__f_clk/X (sky130_fd_sc_hd__clkbuf_16)
                                         clknet_2_0__leaf_clk (net)
                  0.05    0.00    0.25 ^ _346_/CLK (sky130_fd_sc_hd__dfrtp_2)
                          0.00    0.25   clock reconvergence pessimism
                         -0.04    0.21   library hold time
                                  0.21   data required time
-----------------------------------------------------------------------------
                                  0.21   data required time
                                 -0.77   data arrival time
-----------------------------------------------------------------------------
                                  0.56   slack (MET)


Startpoint: _322_ (rising edge-triggered flip-flop clocked by core_clock)
Endpoint: _322_ (rising edge-triggered flip-flop clocked by core_clock)
Path Group: core_clock
Path Type: min

Fanout     Cap    Slew   Delay    Time   Description
-----------------------------------------------------------------------------
                          0.00    0.00   clock core_clock (rise edge)
                          0.00    0.00   clock source latency
     1    0.01    0.00    0.00    0.00 ^ clk (in)
                                         clk (net)
                  0.00    0.00    0.00 ^ clkbuf_0_clk/A (sky130_fd_sc_hd__clkbuf_16)
     4    0.03    0.05    0.12    0.12 ^ clkbuf_0_clk/X (sky130_fd_sc_hd__clkbuf_16)
                                         clknet_0_clk (net)
                  0.05    0.00    0.12 ^ clkbuf_2_1__f_clk/A (sky130_fd_sc_hd__clkbuf_16)
    11    0.02    0.04    0.13    0.25 ^ clkbuf_2_1__f_clk/X (sky130_fd_sc_hd__clkbuf_16)
                                         clknet_2_1__leaf_clk (net)
                  0.04    0.00    0.25 ^ _322_/CLK (sky130_fd_sc_hd__dfrtp_4)
     4    0.02    0.10    0.44    0.69 ^ _322_/Q (sky130_fd_sc_hd__dfrtp_4)
                                         div.count[2] (net)
                  0.10    0.00    0.70 ^ _175_/A (sky130_fd_sc_hd__xnor2_1)
     1    0.00    0.03    0.07    0.77 v _175_/Y (sky130_fd_sc_hd__xnor2_1)
                                         _026_ (net)
                  0.03    0.00    0.77 v _322_/D (sky130_fd_sc_hd__dfrtp_4)
                                  0.77   data arrival time

                          0.00    0.00   clock core_clock (rise edge)
                          0.00    0.00   clock source latency
     1    0.01    0.00    0.00    0.00 ^ clk (in)
                                         clk (net)
                  0.00    0.00    0.00 ^ clkbuf_0_clk/A (sky130_fd_sc_hd__clkbuf_16)
     4    0.03    0.05    0.12    0.12 ^ clkbuf_0_clk/X (sky130_fd_sc_hd__clkbuf_16)
                                         clknet_0_clk (net)
                  0.05    0.00    0.12 ^ clkbuf_2_1__f_clk/A (sky130_fd_sc_hd__clkbuf_16)
    11    0.02    0.04    0.13    0.25 ^ clkbuf_2_1__f_clk/X (sky130_fd_sc_hd__clkbuf_16)
                                         clknet_2_1__leaf_clk (net)
                  0.04    0.00    0.25 ^ _322_/CLK (sky130_fd_sc_hd__dfrtp_4)
                          0.00    0.25   clock reconvergence pessimism
                         -0.04    0.21   library hold time
                                  0.21   data required time
-----------------------------------------------------------------------------
                                  0.21   data required time
                                 -0.77   data arrival time
-----------------------------------------------------------------------------
                                  0.56   slack (MET)


Startpoint: _332_ (rising edge-triggered flip-flop clocked by core_clock)
Endpoint: _332_ (rising edge-triggered flip-flop clocked by core_clock)
Path Group: core_clock
Path Type: min

Fanout     Cap    Slew   Delay    Time   Description
-----------------------------------------------------------------------------
                          0.00    0.00   clock core_clock (rise edge)
                          0.00    0.00   clock source latency
     1    0.01    0.00    0.00    0.00 ^ clk (in)
                                         clk (net)
                  0.00    0.00    0.00 ^ clkbuf_0_clk/A (sky130_fd_sc_hd__clkbuf_16)
     4    0.03    0.05    0.12    0.12 ^ clkbuf_0_clk/X (sky130_fd_sc_hd__clkbuf_16)
                                         clknet_0_clk (net)
                  0.05    0.00    0.12 ^ clkbuf_2_1__f_clk/A (sky130_fd_sc_hd__clkbuf_16)
    11    0.02    0.04    0.13    0.25 ^ clkbuf_2_1__f_clk/X (sky130_fd_sc_hd__clkbuf_16)
                                         clknet_2_1__leaf_clk (net)
                  0.04    0.00    0.25 ^ _332_/CLK (sky130_fd_sc_hd__dfrtp_4)
     4    0.02    0.08    0.42    0.67 ^ _332_/Q (sky130_fd_sc_hd__dfrtp_4)
                                         div.count[12] (net)
                  0.08    0.00    0.67 ^ _208_/A (sky130_fd_sc_hd__xnor2_1)
     1    0.01    0.06    0.09    0.77 v _208_/Y (sky130_fd_sc_hd__xnor2_1)
                                         _007_ (net)
                  0.06    0.00    0.77 v _332_/D (sky130_fd_sc_hd__dfrtp_4)
                                  0.77   data arrival time

                          0.00    0.00   clock core_clock (rise edge)
                          0.00    0.00   clock source latency
     1    0.01    0.00    0.00    0.00 ^ clk (in)
                                         clk (net)
                  0.00    0.00    0.00 ^ clkbuf_0_clk/A (sky130_fd_sc_hd__clkbuf_16)
     4    0.03    0.05    0.12    0.12 ^ clkbuf_0_clk/X (sky130_fd_sc_hd__clkbuf_16)
                                         clknet_0_clk (net)
                  0.05    0.00    0.12 ^ clkbuf_2_1__f_clk/A (sky130_fd_sc_hd__clkbuf_16)
    11    0.02    0.04    0.13    0.25 ^ clkbuf_2_1__f_clk/X (sky130_fd_sc_hd__clkbuf_16)
                                         clknet_2_1__leaf_clk (net)
                  0.04    0.00    0.25 ^ _332_/CLK (sky130_fd_sc_hd__dfrtp_4)
                          0.00    0.25   clock reconvergence pessimism
                         -0.05    0.20   library hold time
                                  0.20   data required time
-----------------------------------------------------------------------------
                                  0.20   data required time
                                 -0.77   data arrival time
-----------------------------------------------------------------------------
                                  0.56   slack (MET)


Startpoint: _327_ (rising edge-triggered flip-flop clocked by core_clock)
Endpoint: _327_ (rising edge-triggered flip-flop clocked by core_clock)
Path Group: core_clock
Path Type: min

Fanout     Cap    Slew   Delay    Time   Description
-----------------------------------------------------------------------------
                          0.00    0.00   clock core_clock (rise edge)
                          0.00    0.00   clock source latency
     1    0.01    0.00    0.00    0.00 ^ clk (in)
                                         clk (net)
                  0.00    0.00    0.00 ^ clkbuf_0_clk/A (sky130_fd_sc_hd__clkbuf_16)
     4    0.03    0.05    0.12    0.12 ^ clkbuf_0_clk/X (sky130_fd_sc_hd__clkbuf_16)
                                         clknet_0_clk (net)
                  0.05    0.00    0.12 ^ clkbuf_2_2__f_clk/A (sky130_fd_sc_hd__clkbuf_16)
     7    0.02    0.04    0.13    0.25 ^ clkbuf_2_2__f_clk/X (sky130_fd_sc_hd__clkbuf_16)
                                         clknet_2_2__leaf_clk (net)
                  0.04    0.00    0.25 ^ _327_/CLK (sky130_fd_sc_hd__dfrtp_2)
     4    0.01    0.06    0.40    0.65 v _327_/Q (sky130_fd_sc_hd__dfrtp_2)
                                         div.count[7] (net)
                  0.06    0.00    0.65 v _189_/A (sky130_fd_sc_hd__inv_2)
     1    0.00    0.03    0.05    0.70 ^ _189_/Y (sky130_fd_sc_hd__inv_2)
                                         _098_ (net)
                  0.03    0.00    0.70 ^ _192_/A1 (sky130_fd_sc_hd__a21oi_1)
     1    0.01    0.05    0.08    0.78 v _192_/Y (sky130_fd_sc_hd__a21oi_1)
                                         _033_ (net)
                  0.05    0.00    0.78 v _327_/D (sky130_fd_sc_hd__dfrtp_2)
                                  0.78   data arrival time

                          0.00    0.00   clock core_clock (rise edge)
                          0.00    0.00   clock source latency
     1    0.01    0.00    0.00    0.00 ^ clk (in)
                                         clk (net)
                  0.00    0.00    0.00 ^ clkbuf_0_clk/A (sky130_fd_sc_hd__clkbuf_16)
     4    0.03    0.05    0.12    0.12 ^ clkbuf_0_clk/X (sky130_fd_sc_hd__clkbuf_16)
                                         clknet_0_clk (net)
                  0.05    0.00    0.12 ^ clkbuf_2_2__f_clk/A (sky130_fd_sc_hd__clkbuf_16)
     7    0.02    0.04    0.13    0.25 ^ clkbuf_2_2__f_clk/X (sky130_fd_sc_hd__clkbuf_16)
                                         clknet_2_2__leaf_clk (net)
                  0.04    0.00    0.25 ^ _327_/CLK (sky130_fd_sc_hd__dfrtp_2)
                          0.00    0.25   clock reconvergence pessimism
                         -0.05    0.20   library hold time
                                  0.20   data required time
-----------------------------------------------------------------------------
                                  0.20   data required time
                                 -0.78   data arrival time
-----------------------------------------------------------------------------
                                  0.57   slack (MET)


Startpoint: _341_ (rising edge-triggered flip-flop clocked by core_clock)
Endpoint: _341_ (rising edge-triggered flip-flop clocked by core_clock)
Path Group: core_clock
Path Type: min

Fanout     Cap    Slew   Delay    Time   Description
-----------------------------------------------------------------------------
                          0.00    0.00   clock core_clock (rise edge)
                          0.00    0.00   clock source latency
     1    0.01    0.00    0.00    0.00 ^ clk (in)
                                         clk (net)
                  0.00    0.00    0.00 ^ clkbuf_0_clk/A (sky130_fd_sc_hd__clkbuf_16)
     4    0.03    0.05    0.12    0.12 ^ clkbuf_0_clk/X (sky130_fd_sc_hd__clkbuf_16)
                                         clknet_0_clk (net)
                  0.05    0.00    0.12 ^ clkbuf_2_1__f_clk/A (sky130_fd_sc_hd__clkbuf_16)
    11    0.02    0.04    0.13    0.25 ^ clkbuf_2_1__f_clk/X (sky130_fd_sc_hd__clkbuf_16)
                                         clknet_2_1__leaf_clk (net)
                  0.04    0.00    0.25 ^ _341_/CLK (sky130_fd_sc_hd__dfrtp_4)
     5    0.01    0.08    0.42    0.67 ^ _341_/Q (sky130_fd_sc_hd__dfrtp_4)
                                         div.count[21] (net)
                  0.08    0.00    0.67 ^ _235_/A (sky130_fd_sc_hd__xor2_1)
     1    0.01    0.06    0.10    0.77 v _235_/X (sky130_fd_sc_hd__xor2_1)
                                         _017_ (net)
                  0.06    0.00    0.77 v _341_/D (sky130_fd_sc_hd__dfrtp_4)
                                  0.77   data arrival time

                          0.00    0.00   clock core_clock (rise edge)
                          0.00    0.00   clock source latency
     1    0.01    0.00    0.00    0.00 ^ clk (in)
                                         clk (net)
                  0.00    0.00    0.00 ^ clkbuf_0_clk/A (sky130_fd_sc_hd__clkbuf_16)
     4    0.03    0.05    0.12    0.12 ^ clkbuf_0_clk/X (sky130_fd_sc_hd__clkbuf_16)
                                         clknet_0_clk (net)
                  0.05    0.00    0.12 ^ clkbuf_2_1__f_clk/A (sky130_fd_sc_hd__clkbuf_16)
    11    0.02    0.04    0.13    0.25 ^ clkbuf_2_1__f_clk/X (sky130_fd_sc_hd__clkbuf_16)
                                         clknet_2_1__leaf_clk (net)
                  0.04    0.00    0.25 ^ _341_/CLK (sky130_fd_sc_hd__dfrtp_4)
                          0.00    0.25   clock reconvergence pessimism
                         -0.05    0.20   library hold time
                                  0.20   data required time
-----------------------------------------------------------------------------
                                  0.20   data required time
                                 -0.77   data arrival time
-----------------------------------------------------------------------------
                                  0.57   slack (MET)


Startpoint: _336_ (rising edge-triggered flip-flop clocked by core_clock)
Endpoint: _336_ (rising edge-triggered flip-flop clocked by core_clock)
Path Group: core_clock
Path Type: min

Fanout     Cap    Slew   Delay    Time   Description
-----------------------------------------------------------------------------
                          0.00    0.00   clock core_clock (rise edge)
                          0.00    0.00   clock source latency
     1    0.01    0.00    0.00    0.00 ^ clk (in)
                                         clk (net)
                  0.00    0.00    0.00 ^ clkbuf_0_clk/A (sky130_fd_sc_hd__clkbuf_16)
     4    0.03    0.05    0.12    0.12 ^ clkbuf_0_clk/X (sky130_fd_sc_hd__clkbuf_16)
                                         clknet_0_clk (net)
                  0.05    0.00    0.12 ^ clkbuf_2_0__f_clk/A (sky130_fd_sc_hd__clkbuf_16)
     9    0.02    0.05    0.13    0.25 ^ clkbuf_2_0__f_clk/X (sky130_fd_sc_hd__clkbuf_16)
                                         clknet_2_0__leaf_clk (net)
                  0.05    0.00    0.25 ^ _336_/CLK (sky130_fd_sc_hd__dfrtp_4)
     6    0.02    0.09    0.43    0.69 ^ _336_/Q (sky130_fd_sc_hd__dfrtp_4)
                                         div.count[16] (net)
                  0.09    0.00    0.69 ^ _219_/A (sky130_fd_sc_hd__xor2_1)
     1    0.01    0.06    0.10    0.78 v _219_/X (sky130_fd_sc_hd__xor2_1)
                                         _011_ (net)
                  0.06    0.00    0.78 v _336_/D (sky130_fd_sc_hd__dfrtp_4)
                                  0.78   data arrival time

                          0.00    0.00   clock core_clock (rise edge)
                          0.00    0.00   clock source latency
     1    0.01    0.00    0.00    0.00 ^ clk (in)
                                         clk (net)
                  0.00    0.00    0.00 ^ clkbuf_0_clk/A (sky130_fd_sc_hd__clkbuf_16)
     4    0.03    0.05    0.12    0.12 ^ clkbuf_0_clk/X (sky130_fd_sc_hd__clkbuf_16)
                                         clknet_0_clk (net)
                  0.05    0.00    0.12 ^ clkbuf_2_0__f_clk/A (sky130_fd_sc_hd__clkbuf_16)
     9    0.02    0.05    0.13    0.25 ^ clkbuf_2_0__f_clk/X (sky130_fd_sc_hd__clkbuf_16)
                                         clknet_2_0__leaf_clk (net)
                  0.05    0.00    0.25 ^ _336_/CLK (sky130_fd_sc_hd__dfrtp_4)
                          0.00    0.25   clock reconvergence pessimism
                         -0.05    0.21   library hold time
                                  0.21   data required time
-----------------------------------------------------------------------------
                                  0.21   data required time
                                 -0.78   data arrival time
-----------------------------------------------------------------------------
                                  0.57   slack (MET)


Startpoint: _344_ (rising edge-triggered flip-flop clocked by core_clock)
Endpoint: _344_ (rising edge-triggered flip-flop clocked by core_clock)
Path Group: core_clock
Path Type: min

Fanout     Cap    Slew   Delay    Time   Description
-----------------------------------------------------------------------------
                          0.00    0.00   clock core_clock (rise edge)
                          0.00    0.00   clock source latency
     1    0.01    0.00    0.00    0.00 ^ clk (in)
                                         clk (net)
                  0.00    0.00    0.00 ^ clkbuf_0_clk/A (sky130_fd_sc_hd__clkbuf_16)
     4    0.03    0.05    0.12    0.12 ^ clkbuf_0_clk/X (sky130_fd_sc_hd__clkbuf_16)
                                         clknet_0_clk (net)
                  0.05    0.00    0.12 ^ clkbuf_2_3__f_clk/A (sky130_fd_sc_hd__clkbuf_16)
     9    0.03    0.05    0.14    0.26 ^ clkbuf_2_3__f_clk/X (sky130_fd_sc_hd__clkbuf_16)
                                         clknet_2_3__leaf_clk (net)
                  0.05    0.00    0.26 ^ _344_/CLK (sky130_fd_sc_hd__dfrtp_4)
     6    0.02    0.08    0.43    0.69 ^ _344_/Q (sky130_fd_sc_hd__dfrtp_4)
                                         div.count[24] (net)
                  0.08    0.00    0.69 ^ _244_/A (sky130_fd_sc_hd__xor2_1)
     1    0.01    0.06    0.10    0.79 v _244_/X (sky130_fd_sc_hd__xor2_1)
                                         _020_ (net)
                  0.06    0.00    0.79 v _344_/D (sky130_fd_sc_hd__dfrtp_4)
                                  0.79   data arrival time

                          0.00    0.00   clock core_clock (rise edge)
                          0.00    0.00   clock source latency
     1    0.01    0.00    0.00    0.00 ^ clk (in)
                                         clk (net)
                  0.00    0.00    0.00 ^ clkbuf_0_clk/A (sky130_fd_sc_hd__clkbuf_16)
     4    0.03    0.05    0.12    0.12 ^ clkbuf_0_clk/X (sky130_fd_sc_hd__clkbuf_16)
                                         clknet_0_clk (net)
                  0.05    0.00    0.12 ^ clkbuf_2_3__f_clk/A (sky130_fd_sc_hd__clkbuf_16)
     9    0.03    0.05    0.14    0.26 ^ clkbuf_2_3__f_clk/X (sky130_fd_sc_hd__clkbuf_16)
                                         clknet_2_3__leaf_clk (net)
                  0.05    0.00    0.26 ^ _344_/CLK (sky130_fd_sc_hd__dfrtp_4)
                          0.00    0.26   clock reconvergence pessimism
                         -0.05    0.21   library hold time
                                  0.21   data required time
-----------------------------------------------------------------------------
                                  0.21   data required time
                                 -0.79   data arrival time
-----------------------------------------------------------------------------
                                  0.58   slack (MET)


Startpoint: _325_ (rising edge-triggered flip-flop clocked by core_clock)
Endpoint: _325_ (rising edge-triggered flip-flop clocked by core_clock)
Path Group: core_clock
Path Type: min

Fanout     Cap    Slew   Delay    Time   Description
-----------------------------------------------------------------------------
                          0.00    0.00   clock core_clock (rise edge)
                          0.00    0.00   clock source latency
     1    0.01    0.00    0.00    0.00 ^ clk (in)
                                         clk (net)
                  0.00    0.00    0.00 ^ clkbuf_0_clk/A (sky130_fd_sc_hd__clkbuf_16)
     4    0.03    0.05    0.12    0.12 ^ clkbuf_0_clk/X (sky130_fd_sc_hd__clkbuf_16)
                                         clknet_0_clk (net)
                  0.05    0.00    0.12 ^ clkbuf_2_2__f_clk/A (sky130_fd_sc_hd__clkbuf_16)
     7    0.02    0.04    0.13    0.25 ^ clkbuf_2_2__f_clk/X (sky130_fd_sc_hd__clkbuf_16)
                                         clknet_2_2__leaf_clk (net)
                  0.04    0.00    0.25 ^ _325_/CLK (sky130_fd_sc_hd__dfrtp_4)
     5    0.02    0.08    0.43    0.68 ^ _325_/Q (sky130_fd_sc_hd__dfrtp_4)
                                         div.count[5] (net)
                  0.08    0.00    0.68 ^ _183_/B1 (sky130_fd_sc_hd__a21oi_1)
     1    0.00    0.03    0.04    0.72 v _183_/Y (sky130_fd_sc_hd__a21oi_1)
                                         _094_ (net)
                  0.03    0.00    0.72 v _184_/B (sky130_fd_sc_hd__nor2_1)
     1    0.00    0.06    0.07    0.79 ^ _184_/Y (sky130_fd_sc_hd__nor2_1)
                                         _031_ (net)
                  0.06    0.00    0.79 ^ _325_/D (sky130_fd_sc_hd__dfrtp_4)
                                  0.79   data arrival time

                          0.00    0.00   clock core_clock (rise edge)
                          0.00    0.00   clock source latency
     1    0.01    0.00    0.00    0.00 ^ clk (in)
                                         clk (net)
                  0.00    0.00    0.00 ^ clkbuf_0_clk/A (sky130_fd_sc_hd__clkbuf_16)
     4    0.03    0.05    0.12    0.12 ^ clkbuf_0_clk/X (sky130_fd_sc_hd__clkbuf_16)
                                         clknet_0_clk (net)
                  0.05    0.00    0.12 ^ clkbuf_2_2__f_clk/A (sky130_fd_sc_hd__clkbuf_16)
     7    0.02    0.04    0.13    0.25 ^ clkbuf_2_2__f_clk/X (sky130_fd_sc_hd__clkbuf_16)
                                         clknet_2_2__leaf_clk (net)
                  0.04    0.00    0.25 ^ _325_/CLK (sky130_fd_sc_hd__dfrtp_4)
                          0.00    0.25   clock reconvergence pessimism
                         -0.04    0.21   library hold time
                                  0.21   data required time
-----------------------------------------------------------------------------
                                  0.21   data required time
                                 -0.79   data arrival time
-----------------------------------------------------------------------------
                                  0.58   slack (MET)


Startpoint: _330_ (rising edge-triggered flip-flop clocked by core_clock)
Endpoint: _330_ (rising edge-triggered flip-flop clocked by core_clock)
Path Group: core_clock
Path Type: min

Fanout     Cap    Slew   Delay    Time   Description
-----------------------------------------------------------------------------
                          0.00    0.00   clock core_clock (rise edge)
                          0.00    0.00   clock source latency
     1    0.01    0.00    0.00    0.00 ^ clk (in)
                                         clk (net)
                  0.00    0.00    0.00 ^ clkbuf_0_clk/A (sky130_fd_sc_hd__clkbuf_16)
     4    0.03    0.05    0.12    0.12 ^ clkbuf_0_clk/X (sky130_fd_sc_hd__clkbuf_16)
                                         clknet_0_clk (net)
                  0.05    0.00    0.12 ^ clkbuf_2_2__f_clk/A (sky130_fd_sc_hd__clkbuf_16)
     7    0.02    0.04    0.13    0.25 ^ clkbuf_2_2__f_clk/X (sky130_fd_sc_hd__clkbuf_16)
                                         clknet_2_2__leaf_clk (net)
                  0.04    0.00    0.25 ^ _330_/CLK (sky130_fd_sc_hd__dfrtp_4)
     6    0.02    0.10    0.44    0.69 ^ _330_/Q (sky130_fd_sc_hd__dfrtp_4)
                                         div.count[10] (net)
                  0.10    0.00    0.69 ^ _203_/A (sky130_fd_sc_hd__xor2_2)
     1    0.01    0.05    0.10    0.78 v _203_/X (sky130_fd_sc_hd__xor2_2)
                                         _005_ (net)
                  0.05    0.00    0.79 v _330_/D (sky130_fd_sc_hd__dfrtp_4)
                                  0.79   data arrival time

                          0.00    0.00   clock core_clock (rise edge)
                          0.00    0.00   clock source latency
     1    0.01    0.00    0.00    0.00 ^ clk (in)
                                         clk (net)
                  0.00    0.00    0.00 ^ clkbuf_0_clk/A (sky130_fd_sc_hd__clkbuf_16)
     4    0.03    0.05    0.12    0.12 ^ clkbuf_0_clk/X (sky130_fd_sc_hd__clkbuf_16)
                                         clknet_0_clk (net)
                  0.05    0.00    0.12 ^ clkbuf_2_2__f_clk/A (sky130_fd_sc_hd__clkbuf_16)
     7    0.02    0.04    0.13    0.25 ^ clkbuf_2_2__f_clk/X (sky130_fd_sc_hd__clkbuf_16)
                                         clknet_2_2__leaf_clk (net)
                  0.04    0.00    0.25 ^ _330_/CLK (sky130_fd_sc_hd__dfrtp_4)
                          0.00    0.25   clock reconvergence pessimism
                         -0.04    0.20   library hold time
                                  0.20   data required time
-----------------------------------------------------------------------------
                                  0.20   data required time
                                 -0.79   data arrival time
-----------------------------------------------------------------------------
                                  0.58   slack (MET)


Startpoint: _334_ (rising edge-triggered flip-flop clocked by core_clock)
Endpoint: _334_ (rising edge-triggered flip-flop clocked by core_clock)
Path Group: core_clock
Path Type: min

Fanout     Cap    Slew   Delay    Time   Description
-----------------------------------------------------------------------------
                          0.00    0.00   clock core_clock (rise edge)
                          0.00    0.00   clock source latency
     1    0.01    0.00    0.00    0.00 ^ clk (in)
                                         clk (net)
                  0.00    0.00    0.00 ^ clkbuf_0_clk/A (sky130_fd_sc_hd__clkbuf_16)
     4    0.03    0.05    0.12    0.12 ^ clkbuf_0_clk/X (sky130_fd_sc_hd__clkbuf_16)
                                         clknet_0_clk (net)
                  0.05    0.00    0.12 ^ clkbuf_2_2__f_clk/A (sky130_fd_sc_hd__clkbuf_16)
     7    0.02    0.04    0.13    0.25 ^ clkbuf_2_2__f_clk/X (sky130_fd_sc_hd__clkbuf_16)
                                         clknet_2_2__leaf_clk (net)
                  0.04    0.00    0.25 ^ _334_/CLK (sky130_fd_sc_hd__dfrtp_2)
     4    0.02    0.10    0.39    0.64 ^ _334_/Q (sky130_fd_sc_hd__dfrtp_2)
                                         div.count[14] (net)
                  0.10    0.00    0.64 ^ _214_/A1 (sky130_fd_sc_hd__o211a_1)
     1    0.00    0.04    0.16    0.80 ^ _214_/X (sky130_fd_sc_hd__o211a_1)
                                         _009_ (net)
                  0.04    0.00    0.80 ^ _334_/D (sky130_fd_sc_hd__dfrtp_2)
                                  0.80   data arrival time

                          0.00    0.00   clock core_clock (rise edge)
                          0.00    0.00   clock source latency
     1    0.01    0.00    0.00    0.00 ^ clk (in)
                                         clk (net)
                  0.00    0.00    0.00 ^ clkbuf_0_clk/A (sky130_fd_sc_hd__clkbuf_16)
     4    0.03    0.05    0.12    0.12 ^ clkbuf_0_clk/X (sky130_fd_sc_hd__clkbuf_16)
                                         clknet_0_clk (net)
                  0.05    0.00    0.12 ^ clkbuf_2_2__f_clk/A (sky130_fd_sc_hd__clkbuf_16)
     7    0.02    0.04    0.13    0.25 ^ clkbuf_2_2__f_clk/X (sky130_fd_sc_hd__clkbuf_16)
                                         clknet_2_2__leaf_clk (net)
                  0.04    0.00    0.25 ^ _334_/CLK (sky130_fd_sc_hd__dfrtp_2)
                          0.00    0.25   clock reconvergence pessimism
                         -0.03    0.21   library hold time
                                  0.21   data required time
-----------------------------------------------------------------------------
                                  0.21   data required time
                                 -0.80   data arrival time
-----------------------------------------------------------------------------
                                  0.59   slack (MET)


Startpoint: _343_ (rising edge-triggered flip-flop clocked by core_clock)
Endpoint: _343_ (rising edge-triggered flip-flop clocked by core_clock)
Path Group: core_clock
Path Type: min

Fanout     Cap    Slew   Delay    Time   Description
-----------------------------------------------------------------------------
                          0.00    0.00   clock core_clock (rise edge)
                          0.00    0.00   clock source latency
     1    0.01    0.00    0.00    0.00 ^ clk (in)
                                         clk (net)
                  0.00    0.00    0.00 ^ clkbuf_0_clk/A (sky130_fd_sc_hd__clkbuf_16)
     4    0.03    0.05    0.12    0.12 ^ clkbuf_0_clk/X (sky130_fd_sc_hd__clkbuf_16)
                                         clknet_0_clk (net)
                  0.05    0.00    0.12 ^ clkbuf_2_1__f_clk/A (sky130_fd_sc_hd__clkbuf_16)
    11    0.02    0.04    0.13    0.25 ^ clkbuf_2_1__f_clk/X (sky130_fd_sc_hd__clkbuf_16)
                                         clknet_2_1__leaf_clk (net)
                  0.04    0.00    0.25 ^ _343_/CLK (sky130_fd_sc_hd__dfrtp_2)
     3    0.02    0.11    0.40    0.65 ^ _343_/Q (sky130_fd_sc_hd__dfrtp_2)
                                         div.count[23] (net)
                  0.11    0.00    0.65 ^ _240_/A (sky130_fd_sc_hd__xnor2_1)
     1    0.01    0.09    0.13    0.78 v _240_/Y (sky130_fd_sc_hd__xnor2_1)
                                         _019_ (net)
                  0.09    0.00    0.78 v _343_/D (sky130_fd_sc_hd__dfrtp_2)
                                  0.78   data arrival time

                          0.00    0.00   clock core_clock (rise edge)
                          0.00    0.00   clock source latency
     1    0.01    0.00    0.00    0.00 ^ clk (in)
                                         clk (net)
                  0.00    0.00    0.00 ^ clkbuf_0_clk/A (sky130_fd_sc_hd__clkbuf_16)
     4    0.03    0.05    0.12    0.12 ^ clkbuf_0_clk/X (sky130_fd_sc_hd__clkbuf_16)
                                         clknet_0_clk (net)
                  0.05    0.00    0.12 ^ clkbuf_2_1__f_clk/A (sky130_fd_sc_hd__clkbuf_16)
    11    0.02    0.04    0.13    0.25 ^ clkbuf_2_1__f_clk/X (sky130_fd_sc_hd__clkbuf_16)
                                         clknet_2_1__leaf_clk (net)
                  0.04    0.00    0.25 ^ _343_/CLK (sky130_fd_sc_hd__dfrtp_2)
                          0.00    0.25   clock reconvergence pessimism
                         -0.06    0.19   library hold time
                                  0.19   data required time
-----------------------------------------------------------------------------
                                  0.19   data required time
                                 -0.78   data arrival time
-----------------------------------------------------------------------------
                                  0.59   slack (MET)


Startpoint: _337_ (rising edge-triggered flip-flop clocked by core_clock)
Endpoint: _337_ (rising edge-triggered flip-flop clocked by core_clock)
Path Group: core_clock
Path Type: min

Fanout     Cap    Slew   Delay    Time   Description
-----------------------------------------------------------------------------
                          0.00    0.00   clock core_clock (rise edge)
                          0.00    0.00   clock source latency
     1    0.01    0.00    0.00    0.00 ^ clk (in)
                                         clk (net)
                  0.00    0.00    0.00 ^ clkbuf_0_clk/A (sky130_fd_sc_hd__clkbuf_16)
     4    0.03    0.05    0.12    0.12 ^ clkbuf_0_clk/X (sky130_fd_sc_hd__clkbuf_16)
                                         clknet_0_clk (net)
                  0.05    0.00    0.12 ^ clkbuf_2_2__f_clk/A (sky130_fd_sc_hd__clkbuf_16)
     7    0.02    0.04    0.13    0.25 ^ clkbuf_2_2__f_clk/X (sky130_fd_sc_hd__clkbuf_16)
                                         clknet_2_2__leaf_clk (net)
                  0.04    0.00    0.25 ^ _337_/CLK (sky130_fd_sc_hd__dfrtp_4)
     5    0.01    0.07    0.41    0.66 ^ _337_/Q (sky130_fd_sc_hd__dfrtp_4)
                                         div.count[17] (net)
                  0.07    0.00    0.66 ^ _220_/B1 (sky130_fd_sc_hd__a21oi_1)
     1    0.01    0.05    0.06    0.72 v _220_/Y (sky130_fd_sc_hd__a21oi_1)
                                         _119_ (net)
                  0.05    0.00    0.72 v _222_/A (sky130_fd_sc_hd__nor2_2)
     1    0.00    0.05    0.09    0.81 ^ _222_/Y (sky130_fd_sc_hd__nor2_2)
                                         _012_ (net)
                  0.05    0.00    0.81 ^ _337_/D (sky130_fd_sc_hd__dfrtp_4)
                                  0.81   data arrival time

                          0.00    0.00   clock core_clock (rise edge)
                          0.00    0.00   clock source latency
     1    0.01    0.00    0.00    0.00 ^ clk (in)
                                         clk (net)
                  0.00    0.00    0.00 ^ clkbuf_0_clk/A (sky130_fd_sc_hd__clkbuf_16)
     4    0.03    0.05    0.12    0.12 ^ clkbuf_0_clk/X (sky130_fd_sc_hd__clkbuf_16)
                                         clknet_0_clk (net)
                  0.05    0.00    0.12 ^ clkbuf_2_2__f_clk/A (sky130_fd_sc_hd__clkbuf_16)
     7    0.02    0.04    0.13    0.25 ^ clkbuf_2_2__f_clk/X (sky130_fd_sc_hd__clkbuf_16)
                                         clknet_2_2__leaf_clk (net)
                  0.04    0.00    0.25 ^ _337_/CLK (sky130_fd_sc_hd__dfrtp_4)
                          0.00    0.25   clock reconvergence pessimism
                         -0.04    0.21   library hold time
                                  0.21   data required time
-----------------------------------------------------------------------------
                                  0.21   data required time
                                 -0.81   data arrival time
-----------------------------------------------------------------------------
                                  0.60   slack (MET)


Startpoint: _324_ (rising edge-triggered flip-flop clocked by core_clock)
Endpoint: _324_ (rising edge-triggered flip-flop clocked by core_clock)
Path Group: core_clock
Path Type: min

Fanout     Cap    Slew   Delay    Time   Description
-----------------------------------------------------------------------------
                          0.00    0.00   clock core_clock (rise edge)
                          0.00    0.00   clock source latency
     1    0.01    0.00    0.00    0.00 ^ clk (in)
                                         clk (net)
                  0.00    0.00    0.00 ^ clkbuf_0_clk/A (sky130_fd_sc_hd__clkbuf_16)
     4    0.03    0.05    0.12    0.12 ^ clkbuf_0_clk/X (sky130_fd_sc_hd__clkbuf_16)
                                         clknet_0_clk (net)
                  0.05    0.00    0.12 ^ clkbuf_2_0__f_clk/A (sky130_fd_sc_hd__clkbuf_16)
     9    0.02    0.05    0.13    0.25 ^ clkbuf_2_0__f_clk/X (sky130_fd_sc_hd__clkbuf_16)
                                         clknet_2_0__leaf_clk (net)
                  0.05    0.00    0.25 ^ _324_/CLK (sky130_fd_sc_hd__dfrtp_4)
     6    0.03    0.12    0.46    0.71 ^ _324_/Q (sky130_fd_sc_hd__dfrtp_4)
                                         div.count[4] (net)
                  0.12    0.00    0.71 ^ _181_/A (sky130_fd_sc_hd__xor2_1)
     1    0.01    0.05    0.09    0.81 v _181_/X (sky130_fd_sc_hd__xor2_1)
                                         _030_ (net)
                  0.05    0.00    0.81 v _324_/D (sky130_fd_sc_hd__dfrtp_4)
                                  0.81   data arrival time

                          0.00    0.00   clock core_clock (rise edge)
                          0.00    0.00   clock source latency
     1    0.01    0.00    0.00    0.00 ^ clk (in)
                                         clk (net)
                  0.00    0.00    0.00 ^ clkbuf_0_clk/A (sky130_fd_sc_hd__clkbuf_16)
     4    0.03    0.05    0.12    0.12 ^ clkbuf_0_clk/X (sky130_fd_sc_hd__clkbuf_16)
                                         clknet_0_clk (net)
                  0.05    0.00    0.12 ^ clkbuf_2_0__f_clk/A (sky130_fd_sc_hd__clkbuf_16)
     9    0.02    0.05    0.13    0.25 ^ clkbuf_2_0__f_clk/X (sky130_fd_sc_hd__clkbuf_16)
                                         clknet_2_0__leaf_clk (net)
                  0.05    0.00    0.25 ^ _324_/CLK (sky130_fd_sc_hd__dfrtp_4)
                          0.00    0.25   clock reconvergence pessimism
                         -0.04    0.21   library hold time
                                  0.21   data required time
-----------------------------------------------------------------------------
                                  0.21   data required time
                                 -0.81   data arrival time
-----------------------------------------------------------------------------
                                  0.60   slack (MET)


Startpoint: _340_ (rising edge-triggered flip-flop clocked by core_clock)
Endpoint: _340_ (rising edge-triggered flip-flop clocked by core_clock)
Path Group: core_clock
Path Type: min

Fanout     Cap    Slew   Delay    Time   Description
-----------------------------------------------------------------------------
                          0.00    0.00   clock core_clock (rise edge)
                          0.00    0.00   clock source latency
     1    0.01    0.00    0.00    0.00 ^ clk (in)
                                         clk (net)
                  0.00    0.00    0.00 ^ clkbuf_0_clk/A (sky130_fd_sc_hd__clkbuf_16)
     4    0.03    0.05    0.12    0.12 ^ clkbuf_0_clk/X (sky130_fd_sc_hd__clkbuf_16)
                                         clknet_0_clk (net)
                  0.05    0.00    0.12 ^ clkbuf_2_2__f_clk/A (sky130_fd_sc_hd__clkbuf_16)
     7    0.02    0.04    0.13    0.25 ^ clkbuf_2_2__f_clk/X (sky130_fd_sc_hd__clkbuf_16)
                                         clknet_2_2__leaf_clk (net)
                  0.04    0.00    0.25 ^ _340_/CLK (sky130_fd_sc_hd__dfrtp_4)
     4    0.01    0.06    0.40    0.65 ^ _340_/Q (sky130_fd_sc_hd__dfrtp_4)
                                         div.count[20] (net)
                  0.06    0.00    0.65 ^ _233_/B1 (sky130_fd_sc_hd__a21oi_1)
     1    0.01    0.06    0.07    0.71 v _233_/Y (sky130_fd_sc_hd__a21oi_1)
                                         _129_ (net)
                  0.06    0.00    0.72 v _234_/B (sky130_fd_sc_hd__nor2_1)
     1    0.00    0.10    0.11    0.82 ^ _234_/Y (sky130_fd_sc_hd__nor2_1)
                                         _016_ (net)
                  0.10    0.00    0.82 ^ _340_/D (sky130_fd_sc_hd__dfrtp_4)
                                  0.82   data arrival time

                          0.00    0.00   clock core_clock (rise edge)
                          0.00    0.00   clock source latency
     1    0.01    0.00    0.00    0.00 ^ clk (in)
                                         clk (net)
                  0.00    0.00    0.00 ^ clkbuf_0_clk/A (sky130_fd_sc_hd__clkbuf_16)
     4    0.03    0.05    0.12    0.12 ^ clkbuf_0_clk/X (sky130_fd_sc_hd__clkbuf_16)
                                         clknet_0_clk (net)
                  0.05    0.00    0.12 ^ clkbuf_2_2__f_clk/A (sky130_fd_sc_hd__clkbuf_16)
     7    0.02    0.04    0.13    0.25 ^ clkbuf_2_2__f_clk/X (sky130_fd_sc_hd__clkbuf_16)
                                         clknet_2_2__leaf_clk (net)
                  0.04    0.00    0.25 ^ _340_/CLK (sky130_fd_sc_hd__dfrtp_4)
                          0.00    0.25   clock reconvergence pessimism
                         -0.05    0.20   library hold time
                                  0.20   data required time
-----------------------------------------------------------------------------
                                  0.20   data required time
                                 -0.82   data arrival time
-----------------------------------------------------------------------------
                                  0.62   slack (MET)


Startpoint: _335_ (rising edge-triggered flip-flop clocked by core_clock)
Endpoint: _335_ (rising edge-triggered flip-flop clocked by core_clock)
Path Group: core_clock
Path Type: min

Fanout     Cap    Slew   Delay    Time   Description
-----------------------------------------------------------------------------
                          0.00    0.00   clock core_clock (rise edge)
                          0.00    0.00   clock source latency
     1    0.01    0.00    0.00    0.00 ^ clk (in)
                                         clk (net)
                  0.00    0.00    0.00 ^ clkbuf_0_clk/A (sky130_fd_sc_hd__clkbuf_16)
     4    0.03    0.05    0.12    0.12 ^ clkbuf_0_clk/X (sky130_fd_sc_hd__clkbuf_16)
                                         clknet_0_clk (net)
                  0.05    0.00    0.12 ^ clkbuf_2_3__f_clk/A (sky130_fd_sc_hd__clkbuf_16)
     9    0.03    0.05    0.14    0.26 ^ clkbuf_2_3__f_clk/X (sky130_fd_sc_hd__clkbuf_16)
                                         clknet_2_3__leaf_clk (net)
                  0.05    0.00    0.26 ^ _335_/CLK (sky130_fd_sc_hd__dfrtp_4)
     3    0.03    0.11    0.45    0.71 ^ _335_/Q (sky130_fd_sc_hd__dfrtp_4)
                                         div.count[15] (net)
                  0.11    0.00    0.72 ^ _215_/A (sky130_fd_sc_hd__xnor2_2)
     1    0.01    0.08    0.11    0.83 v _215_/Y (sky130_fd_sc_hd__xnor2_2)
                                         _010_ (net)
                  0.08    0.00    0.83 v _335_/D (sky130_fd_sc_hd__dfrtp_4)
                                  0.83   data arrival time

                          0.00    0.00   clock core_clock (rise edge)
                          0.00    0.00   clock source latency
     1    0.01    0.00    0.00    0.00 ^ clk (in)
                                         clk (net)
                  0.00    0.00    0.00 ^ clkbuf_0_clk/A (sky130_fd_sc_hd__clkbuf_16)
     4    0.03    0.05    0.12    0.12 ^ clkbuf_0_clk/X (sky130_fd_sc_hd__clkbuf_16)
                                         clknet_0_clk (net)
                  0.05    0.00    0.12 ^ clkbuf_2_3__f_clk/A (sky130_fd_sc_hd__clkbuf_16)
     9    0.03    0.05    0.14    0.26 ^ clkbuf_2_3__f_clk/X (sky130_fd_sc_hd__clkbuf_16)
                                         clknet_2_3__leaf_clk (net)
                  0.05    0.00    0.26 ^ _335_/CLK (sky130_fd_sc_hd__dfrtp_4)
                          0.00    0.26   clock reconvergence pessimism
                         -0.05    0.21   library hold time
                                  0.21   data required time
-----------------------------------------------------------------------------
                                  0.21   data required time
                                 -0.83   data arrival time
-----------------------------------------------------------------------------
                                  0.63   slack (MET)


Startpoint: _345_ (rising edge-triggered flip-flop clocked by core_clock)
Endpoint: _345_ (rising edge-triggered flip-flop clocked by core_clock)
Path Group: core_clock
Path Type: min

Fanout     Cap    Slew   Delay    Time   Description
-----------------------------------------------------------------------------
                          0.00    0.00   clock core_clock (rise edge)
                          0.00    0.00   clock source latency
     1    0.01    0.00    0.00    0.00 ^ clk (in)
                                         clk (net)
                  0.00    0.00    0.00 ^ clkbuf_0_clk/A (sky130_fd_sc_hd__clkbuf_16)
     4    0.03    0.05    0.12    0.12 ^ clkbuf_0_clk/X (sky130_fd_sc_hd__clkbuf_16)
                                         clknet_0_clk (net)
                  0.05    0.00    0.12 ^ clkbuf_2_3__f_clk/A (sky130_fd_sc_hd__clkbuf_16)
     9    0.03    0.05    0.14    0.26 ^ clkbuf_2_3__f_clk/X (sky130_fd_sc_hd__clkbuf_16)
                                         clknet_2_3__leaf_clk (net)
                  0.05    0.00    0.26 ^ _345_/CLK (sky130_fd_sc_hd__dfrtp_2)
     5    0.01    0.06    0.42    0.68 v _345_/Q (sky130_fd_sc_hd__dfrtp_2)
                                         div.count[25] (net)
                  0.06    0.00    0.68 v _245_/B1 (sky130_fd_sc_hd__a21oi_2)
     1    0.00    0.07    0.10    0.77 ^ _245_/Y (sky130_fd_sc_hd__a21oi_2)
                                         _136_ (net)
                  0.07    0.00    0.77 ^ _247_/A (sky130_fd_sc_hd__nor2_1)
     1    0.01    0.06    0.07    0.85 v _247_/Y (sky130_fd_sc_hd__nor2_1)
                                         _021_ (net)
                  0.06    0.00    0.85 v _345_/D (sky130_fd_sc_hd__dfrtp_2)
                                  0.85   data arrival time

                          0.00    0.00   clock core_clock (rise edge)
                          0.00    0.00   clock source latency
     1    0.01    0.00    0.00    0.00 ^ clk (in)
                                         clk (net)
                  0.00    0.00    0.00 ^ clkbuf_0_clk/A (sky130_fd_sc_hd__clkbuf_16)
     4    0.03    0.05    0.12    0.12 ^ clkbuf_0_clk/X (sky130_fd_sc_hd__clkbuf_16)
                                         clknet_0_clk (net)
                  0.05    0.00    0.12 ^ clkbuf_2_3__f_clk/A (sky130_fd_sc_hd__clkbuf_16)
     9    0.03    0.05    0.14    0.26 ^ clkbuf_2_3__f_clk/X (sky130_fd_sc_hd__clkbuf_16)
                                         clknet_2_3__leaf_clk (net)
                  0.05    0.00    0.26 ^ _345_/CLK (sky130_fd_sc_hd__dfrtp_2)
                          0.00    0.26   clock reconvergence pessimism
                         -0.05    0.22   library hold time
                                  0.22   data required time
-----------------------------------------------------------------------------
                                  0.22   data required time
                                 -0.85   data arrival time
-----------------------------------------------------------------------------
                                  0.63   slack (MET)


Startpoint: _349_ (rising edge-triggered flip-flop clocked by core_clock)
Endpoint: _349_ (rising edge-triggered flip-flop clocked by core_clock)
Path Group: core_clock
Path Type: min

Fanout     Cap    Slew   Delay    Time   Description
-----------------------------------------------------------------------------
                          0.00    0.00   clock core_clock (rise edge)
                          0.00    0.00   clock source latency
     1    0.01    0.00    0.00    0.00 ^ clk (in)
                                         clk (net)
                  0.00    0.00    0.00 ^ clkbuf_0_clk/A (sky130_fd_sc_hd__clkbuf_16)
     4    0.03    0.05    0.12    0.12 ^ clkbuf_0_clk/X (sky130_fd_sc_hd__clkbuf_16)
                                         clknet_0_clk (net)
                  0.05    0.00    0.12 ^ clkbuf_2_3__f_clk/A (sky130_fd_sc_hd__clkbuf_16)
     9    0.03    0.05    0.14    0.26 ^ clkbuf_2_3__f_clk/X (sky130_fd_sc_hd__clkbuf_16)
                                         clknet_2_3__leaf_clk (net)
                  0.05    0.00    0.26 ^ _349_/CLK (sky130_fd_sc_hd__dfrtp_4)
     4    0.02    0.09    0.44    0.70 ^ _349_/Q (sky130_fd_sc_hd__dfrtp_4)
                                         div.count[29] (net)
                  0.09    0.00    0.70 ^ _257_/A1 (sky130_fd_sc_hd__o21a_1)
     1    0.01    0.12    0.19    0.89 ^ _257_/X (sky130_fd_sc_hd__o21a_1)
                                         _025_ (net)
                  0.12    0.00    0.89 ^ _349_/D (sky130_fd_sc_hd__dfrtp_4)
                                  0.89   data arrival time

                          0.00    0.00   clock core_clock (rise edge)
                          0.00    0.00   clock source latency
     1    0.01    0.00    0.00    0.00 ^ clk (in)
                                         clk (net)
                  0.00    0.00    0.00 ^ clkbuf_0_clk/A (sky130_fd_sc_hd__clkbuf_16)
     4    0.03    0.05    0.12    0.12 ^ clkbuf_0_clk/X (sky130_fd_sc_hd__clkbuf_16)
                                         clknet_0_clk (net)
                  0.05    0.00    0.12 ^ clkbuf_2_3__f_clk/A (sky130_fd_sc_hd__clkbuf_16)
     9    0.03    0.05    0.14    0.26 ^ clkbuf_2_3__f_clk/X (sky130_fd_sc_hd__clkbuf_16)
                                         clknet_2_3__leaf_clk (net)
                  0.05    0.00    0.26 ^ _349_/CLK (sky130_fd_sc_hd__dfrtp_4)
                          0.00    0.26   clock reconvergence pessimism
                         -0.05    0.21   library hold time
                                  0.21   data required time
-----------------------------------------------------------------------------
                                  0.21   data required time
                                 -0.89   data arrival time
-----------------------------------------------------------------------------
                                  0.67   slack (MET)


Startpoint: _329_ (rising edge-triggered flip-flop clocked by core_clock)
Endpoint: _329_ (rising edge-triggered flip-flop clocked by core_clock)
Path Group: core_clock
Path Type: min

Fanout     Cap    Slew   Delay    Time   Description
-----------------------------------------------------------------------------
                          0.00    0.00   clock core_clock (rise edge)
                          0.00    0.00   clock source latency
     1    0.01    0.00    0.00    0.00 ^ clk (in)
                                         clk (net)
                  0.00    0.00    0.00 ^ clkbuf_0_clk/A (sky130_fd_sc_hd__clkbuf_16)
     4    0.03    0.05    0.12    0.12 ^ clkbuf_0_clk/X (sky130_fd_sc_hd__clkbuf_16)
                                         clknet_0_clk (net)
                  0.05    0.00    0.12 ^ clkbuf_2_1__f_clk/A (sky130_fd_sc_hd__clkbuf_16)
    11    0.02    0.04    0.13    0.25 ^ clkbuf_2_1__f_clk/X (sky130_fd_sc_hd__clkbuf_16)
                                         clknet_2_1__leaf_clk (net)
                  0.04    0.00    0.25 ^ _329_/CLK (sky130_fd_sc_hd__dfrtp_4)
     4    0.02    0.09    0.44    0.69 ^ _329_/Q (sky130_fd_sc_hd__dfrtp_4)
                                         div.count[9] (net)
                  0.09    0.00    0.69 ^ _200_/B1 (sky130_fd_sc_hd__a31o_1)
     1    0.00    0.04    0.10    0.79 ^ _200_/X (sky130_fd_sc_hd__a31o_1)
                                         _107_ (net)
                  0.04    0.00    0.79 ^ _201_/B (sky130_fd_sc_hd__nand2_1)
     1    0.00    0.03    0.04    0.83 v _201_/Y (sky130_fd_sc_hd__nand2_1)
                                         _108_ (net)
                  0.03    0.00    0.83 v _202_/B (sky130_fd_sc_hd__nor2_1)
     1    0.00    0.06    0.06    0.89 ^ _202_/Y (sky130_fd_sc_hd__nor2_1)
                                         _035_ (net)
                  0.06    0.00    0.89 ^ _329_/D (sky130_fd_sc_hd__dfrtp_4)
                                  0.89   data arrival time

                          0.00    0.00   clock core_clock (rise edge)
                          0.00    0.00   clock source latency
     1    0.01    0.00    0.00    0.00 ^ clk (in)
                                         clk (net)
                  0.00    0.00    0.00 ^ clkbuf_0_clk/A (sky130_fd_sc_hd__clkbuf_16)
     4    0.03    0.05    0.12    0.12 ^ clkbuf_0_clk/X (sky130_fd_sc_hd__clkbuf_16)
                                         clknet_0_clk (net)
                  0.05    0.00    0.12 ^ clkbuf_2_1__f_clk/A (sky130_fd_sc_hd__clkbuf_16)
    11    0.02    0.04    0.13    0.25 ^ clkbuf_2_1__f_clk/X (sky130_fd_sc_hd__clkbuf_16)
                                         clknet_2_1__leaf_clk (net)
                  0.04    0.00    0.25 ^ _329_/CLK (sky130_fd_sc_hd__dfrtp_4)
                          0.00    0.25   clock reconvergence pessimism
                         -0.04    0.21   library hold time
                                  0.21   data required time
-----------------------------------------------------------------------------
                                  0.21   data required time
                                 -0.89   data arrival time
-----------------------------------------------------------------------------
                                  0.68   slack (MET)


Startpoint: _323_ (rising edge-triggered flip-flop clocked by core_clock)
Endpoint: _323_ (rising edge-triggered flip-flop clocked by core_clock)
Path Group: core_clock
Path Type: min

Fanout     Cap    Slew   Delay    Time   Description
-----------------------------------------------------------------------------
                          0.00    0.00   clock core_clock (rise edge)
                          0.00    0.00   clock source latency
     1    0.01    0.00    0.00    0.00 ^ clk (in)
                                         clk (net)
                  0.00    0.00    0.00 ^ clkbuf_0_clk/A (sky130_fd_sc_hd__clkbuf_16)
     4    0.03    0.05    0.12    0.12 ^ clkbuf_0_clk/X (sky130_fd_sc_hd__clkbuf_16)
                                         clknet_0_clk (net)
                  0.05    0.00    0.12 ^ clkbuf_2_3__f_clk/A (sky130_fd_sc_hd__clkbuf_16)
     9    0.03    0.05    0.14    0.26 ^ clkbuf_2_3__f_clk/X (sky130_fd_sc_hd__clkbuf_16)
                                         clknet_2_3__leaf_clk (net)
                  0.05    0.00    0.26 ^ _323_/CLK (sky130_fd_sc_hd__dfrtp_2)
     3    0.02    0.10    0.40    0.66 ^ _323_/Q (sky130_fd_sc_hd__dfrtp_2)
                                         div.count[3] (net)
                  0.10    0.00    0.66 ^ _178_/B1 (sky130_fd_sc_hd__a31o_1)
     1    0.00    0.04    0.10    0.76 ^ _178_/X (sky130_fd_sc_hd__a31o_1)
                                         _091_ (net)
                  0.04    0.00    0.76 ^ _179_/B (sky130_fd_sc_hd__and2b_1)
     1    0.00    0.04    0.11    0.86 ^ _179_/X (sky130_fd_sc_hd__and2b_1)
                                         _092_ (net)
                  0.04    0.00    0.86 ^ _180_/A (sky130_fd_sc_hd__buf_1)
     1    0.00    0.04    0.07    0.94 ^ _180_/X (sky130_fd_sc_hd__buf_1)
                                         _029_ (net)
                  0.04    0.00    0.94 ^ _323_/D (sky130_fd_sc_hd__dfrtp_2)
                                  0.94   data arrival time

                          0.00    0.00   clock core_clock (rise edge)
                          0.00    0.00   clock source latency
     1    0.01    0.00    0.00    0.00 ^ clk (in)
                                         clk (net)
                  0.00    0.00    0.00 ^ clkbuf_0_clk/A (sky130_fd_sc_hd__clkbuf_16)
     4    0.03    0.05    0.12    0.12 ^ clkbuf_0_clk/X (sky130_fd_sc_hd__clkbuf_16)
                                         clknet_0_clk (net)
                  0.05    0.00    0.12 ^ clkbuf_2_3__f_clk/A (sky130_fd_sc_hd__clkbuf_16)
     9    0.03    0.05    0.14    0.26 ^ clkbuf_2_3__f_clk/X (sky130_fd_sc_hd__clkbuf_16)
                                         clknet_2_3__leaf_clk (net)
                  0.05    0.00    0.26 ^ _323_/CLK (sky130_fd_sc_hd__dfrtp_2)
                          0.00    0.26   clock reconvergence pessimism
                         -0.03    0.23   library hold time
                                  0.23   data required time
-----------------------------------------------------------------------------
                                  0.23   data required time
                                 -0.94   data arrival time
-----------------------------------------------------------------------------
                                  0.71   slack (MET)


Startpoint: _348_ (rising edge-triggered flip-flop clocked by core_clock)
Endpoint: _348_ (rising edge-triggered flip-flop clocked by core_clock)
Path Group: core_clock
Path Type: min

Fanout     Cap    Slew   Delay    Time   Description
-----------------------------------------------------------------------------
                          0.00    0.00   clock core_clock (rise edge)
                          0.00    0.00   clock source latency
     1    0.01    0.00    0.00    0.00 ^ clk (in)
                                         clk (net)
                  0.00    0.00    0.00 ^ clkbuf_0_clk/A (sky130_fd_sc_hd__clkbuf_16)
     4    0.03    0.05    0.12    0.12 ^ clkbuf_0_clk/X (sky130_fd_sc_hd__clkbuf_16)
                                         clknet_0_clk (net)
                  0.05    0.00    0.12 ^ clkbuf_2_1__f_clk/A (sky130_fd_sc_hd__clkbuf_16)
    11    0.02    0.04    0.13    0.25 ^ clkbuf_2_1__f_clk/X (sky130_fd_sc_hd__clkbuf_16)
                                         clknet_2_1__leaf_clk (net)
                  0.04    0.00    0.25 ^ _348_/CLK (sky130_fd_sc_hd__dfrtp_4)
     6    0.01    0.08    0.42    0.67 ^ _348_/Q (sky130_fd_sc_hd__dfrtp_4)
                                         div.count[28] (net)
                  0.08    0.00    0.67 ^ _253_/A (sky130_fd_sc_hd__and2_1)
     2    0.01    0.11    0.17    0.84 ^ _253_/X (sky130_fd_sc_hd__and2_1)
                                         _141_ (net)
                  0.11    0.00    0.84 ^ _255_/A (sky130_fd_sc_hd__nor2_1)
     1    0.01    0.06    0.09    0.93 v _255_/Y (sky130_fd_sc_hd__nor2_1)
                                         _024_ (net)
                  0.06    0.00    0.93 v _348_/D (sky130_fd_sc_hd__dfrtp_4)
                                  0.93   data arrival time

                          0.00    0.00   clock core_clock (rise edge)
                          0.00    0.00   clock source latency
     1    0.01    0.00    0.00    0.00 ^ clk (in)
                                         clk (net)
                  0.00    0.00    0.00 ^ clkbuf_0_clk/A (sky130_fd_sc_hd__clkbuf_16)
     4    0.03    0.05    0.12    0.12 ^ clkbuf_0_clk/X (sky130_fd_sc_hd__clkbuf_16)
                                         clknet_0_clk (net)
                  0.05    0.00    0.12 ^ clkbuf_2_1__f_clk/A (sky130_fd_sc_hd__clkbuf_16)
    11    0.02    0.04    0.13    0.25 ^ clkbuf_2_1__f_clk/X (sky130_fd_sc_hd__clkbuf_16)
                                         clknet_2_1__leaf_clk (net)
                  0.04    0.00    0.25 ^ _348_/CLK (sky130_fd_sc_hd__dfrtp_4)
                          0.00    0.25   clock reconvergence pessimism
                         -0.05    0.20   library hold time
                                  0.20   data required time
-----------------------------------------------------------------------------
                                  0.20   data required time
                                 -0.93   data arrival time
-----------------------------------------------------------------------------
                                  0.72   slack (MET)


Startpoint: _320_ (rising edge-triggered flip-flop clocked by core_clock)
Endpoint: _321_ (rising edge-triggered flip-flop clocked by core_clock)
Path Group: core_clock
Path Type: min

Fanout     Cap    Slew   Delay    Time   Description
-----------------------------------------------------------------------------
                          0.00    0.00   clock core_clock (rise edge)
                          0.00    0.00   clock source latency
     1    0.01    0.00    0.00    0.00 ^ clk (in)
                                         clk (net)
                  0.00    0.00    0.00 ^ clkbuf_0_clk/A (sky130_fd_sc_hd__clkbuf_16)
     4    0.03    0.05    0.12    0.12 ^ clkbuf_0_clk/X (sky130_fd_sc_hd__clkbuf_16)
                                         clknet_0_clk (net)
                  0.05    0.00    0.12 ^ clkbuf_2_0__f_clk/A (sky130_fd_sc_hd__clkbuf_16)
     9    0.02    0.05    0.13    0.25 ^ clkbuf_2_0__f_clk/X (sky130_fd_sc_hd__clkbuf_16)
                                         clknet_2_0__leaf_clk (net)
                  0.05    0.00    0.25 ^ _320_/CLK (sky130_fd_sc_hd__dfrtp_4)
     6    0.01    0.07    0.42    0.67 ^ _320_/Q (sky130_fd_sc_hd__dfrtp_4)
                                         div.count[0] (net)
                  0.07    0.00    0.67 ^ _172_/A (sky130_fd_sc_hd__nand2_2)
     2    0.02    0.08    0.09    0.76 v _172_/Y (sky130_fd_sc_hd__nand2_2)
                                         _087_ (net)
                  0.08    0.00    0.76 v _173_/B (sky130_fd_sc_hd__and2_1)
     1    0.00    0.03    0.16    0.92 v _173_/X (sky130_fd_sc_hd__and2_1)
                                         _088_ (net)
                  0.03    0.00    0.92 v _174_/A (sky130_fd_sc_hd__buf_1)
     1    0.00    0.02    0.08    1.00 v _174_/X (sky130_fd_sc_hd__buf_1)
                                         _015_ (net)
                  0.02    0.00    1.00 v _321_/D (sky130_fd_sc_hd__dfrtp_4)
                                  1.00   data arrival time

                          0.00    0.00   clock core_clock (rise edge)
                          0.00    0.00   clock source latency
     1    0.01    0.00    0.00    0.00 ^ clk (in)
                                         clk (net)
                  0.00    0.00    0.00 ^ clkbuf_0_clk/A (sky130_fd_sc_hd__clkbuf_16)
     4    0.03    0.05    0.12    0.12 ^ clkbuf_0_clk/X (sky130_fd_sc_hd__clkbuf_16)
                                         clknet_0_clk (net)
                  0.05    0.00    0.12 ^ clkbuf_2_1__f_clk/A (sky130_fd_sc_hd__clkbuf_16)
    11    0.02    0.04    0.13    0.25 ^ clkbuf_2_1__f_clk/X (sky130_fd_sc_hd__clkbuf_16)
                                         clknet_2_1__leaf_clk (net)
                  0.04    0.00    0.25 ^ _321_/CLK (sky130_fd_sc_hd__dfrtp_4)
                          0.00    0.25   clock reconvergence pessimism
                         -0.03    0.22   library hold time
                                  0.22   data required time
-----------------------------------------------------------------------------
                                  0.22   data required time
                                 -1.00   data arrival time
-----------------------------------------------------------------------------
                                  0.78   slack (MET)


Startpoint: _320_ (rising edge-triggered flip-flop clocked by core_clock)
Endpoint: _320_ (rising edge-triggered flip-flop clocked by core_clock)
Path Group: core_clock
Path Type: min

Fanout     Cap    Slew   Delay    Time   Description
-----------------------------------------------------------------------------
                          0.00    0.00   clock core_clock (rise edge)
                          0.00    0.00   clock source latency
     1    0.01    0.00    0.00    0.00 ^ clk (in)
                                         clk (net)
                  0.00    0.00    0.00 ^ clkbuf_0_clk/A (sky130_fd_sc_hd__clkbuf_16)
     4    0.03    0.05    0.12    0.12 ^ clkbuf_0_clk/X (sky130_fd_sc_hd__clkbuf_16)
                                         clknet_0_clk (net)
                  0.05    0.00    0.12 ^ clkbuf_2_0__f_clk/A (sky130_fd_sc_hd__clkbuf_16)
     9    0.02    0.05    0.13    0.25 ^ clkbuf_2_0__f_clk/X (sky130_fd_sc_hd__clkbuf_16)
                                         clknet_2_0__leaf_clk (net)
                  0.05    0.00    0.25 ^ _320_/CLK (sky130_fd_sc_hd__dfrtp_4)
     6    0.01    0.07    0.42    0.67 ^ _320_/Q (sky130_fd_sc_hd__dfrtp_4)
                                         div.count[0] (net)
                  0.07    0.00    0.67 ^ _169_/A_N (sky130_fd_sc_hd__and2b_1)
     1    0.01    0.07    0.21    0.89 v _169_/X (sky130_fd_sc_hd__and2b_1)
                                         _085_ (net)
                  0.07    0.00    0.89 v _170_/A (sky130_fd_sc_hd__clkbuf_1)
     1    0.01    0.04    0.11    1.00 v _170_/X (sky130_fd_sc_hd__clkbuf_1)
                                         _004_ (net)
                  0.04    0.00    1.00 v _320_/D (sky130_fd_sc_hd__dfrtp_4)
                                  1.00   data arrival time

                          0.00    0.00   clock core_clock (rise edge)
                          0.00    0.00   clock source latency
     1    0.01    0.00    0.00    0.00 ^ clk (in)
                                         clk (net)
                  0.00    0.00    0.00 ^ clkbuf_0_clk/A (sky130_fd_sc_hd__clkbuf_16)
     4    0.03    0.05    0.12    0.12 ^ clkbuf_0_clk/X (sky130_fd_sc_hd__clkbuf_16)
                                         clknet_0_clk (net)
                  0.05    0.00    0.12 ^ clkbuf_2_0__f_clk/A (sky130_fd_sc_hd__clkbuf_16)
     9    0.02    0.05    0.13    0.25 ^ clkbuf_2_0__f_clk/X (sky130_fd_sc_hd__clkbuf_16)
                                         clknet_2_0__leaf_clk (net)
                  0.05    0.00    0.25 ^ _320_/CLK (sky130_fd_sc_hd__dfrtp_4)
                          0.00    0.25   clock reconvergence pessimism
                         -0.04    0.21   library hold time
                                  0.21   data required time
-----------------------------------------------------------------------------
                                  0.21   data required time
                                 -1.00   data arrival time
-----------------------------------------------------------------------------
                                  0.78   slack (MET)


Startpoint: _337_ (rising edge-triggered flip-flop clocked by core_clock)
Endpoint: _338_ (rising edge-triggered flip-flop clocked by core_clock)
Path Group: core_clock
Path Type: min

Fanout     Cap    Slew   Delay    Time   Description
-----------------------------------------------------------------------------
                          0.00    0.00   clock core_clock (rise edge)
                          0.00    0.00   clock source latency
     1    0.01    0.00    0.00    0.00 ^ clk (in)
                                         clk (net)
                  0.00    0.00    0.00 ^ clkbuf_0_clk/A (sky130_fd_sc_hd__clkbuf_16)
     4    0.03    0.05    0.12    0.12 ^ clkbuf_0_clk/X (sky130_fd_sc_hd__clkbuf_16)
                                         clknet_0_clk (net)
                  0.05    0.00    0.12 ^ clkbuf_2_2__f_clk/A (sky130_fd_sc_hd__clkbuf_16)
     7    0.02    0.04    0.13    0.25 ^ clkbuf_2_2__f_clk/X (sky130_fd_sc_hd__clkbuf_16)
                                         clknet_2_2__leaf_clk (net)
                  0.04    0.00    0.25 ^ _337_/CLK (sky130_fd_sc_hd__dfrtp_4)
     5    0.01    0.07    0.41    0.66 ^ _337_/Q (sky130_fd_sc_hd__dfrtp_4)
                                         div.count[17] (net)
                  0.07    0.00    0.66 ^ _224_/A (sky130_fd_sc_hd__nand4_2)
     2    0.00    0.07    0.07    0.73 v _224_/Y (sky130_fd_sc_hd__nand4_2)
                                         _122_ (net)
                  0.07    0.00    0.73 v _225_/C (sky130_fd_sc_hd__and3_1)
     1    0.00    0.03    0.18    0.91 v _225_/X (sky130_fd_sc_hd__and3_1)
                                         _123_ (net)
                  0.03    0.00    0.91 v _226_/A (sky130_fd_sc_hd__buf_1)
     1    0.01    0.05    0.11    1.02 v _226_/X (sky130_fd_sc_hd__buf_1)
                                         _013_ (net)
                  0.05    0.00    1.02 v _338_/D (sky130_fd_sc_hd__dfrtp_4)
                                  1.02   data arrival time

                          0.00    0.00   clock core_clock (rise edge)
                          0.00    0.00   clock source latency
     1    0.01    0.00    0.00    0.00 ^ clk (in)
                                         clk (net)
                  0.00    0.00    0.00 ^ clkbuf_0_clk/A (sky130_fd_sc_hd__clkbuf_16)
     4    0.03    0.05    0.12    0.12 ^ clkbuf_0_clk/X (sky130_fd_sc_hd__clkbuf_16)
                                         clknet_0_clk (net)
                  0.05    0.00    0.12 ^ clkbuf_2_0__f_clk/A (sky130_fd_sc_hd__clkbuf_16)
     9    0.02    0.05    0.13    0.25 ^ clkbuf_2_0__f_clk/X (sky130_fd_sc_hd__clkbuf_16)
                                         clknet_2_0__leaf_clk (net)
                  0.05    0.00    0.25 ^ _338_/CLK (sky130_fd_sc_hd__dfrtp_4)
                          0.00    0.25   clock reconvergence pessimism
                         -0.05    0.21   library hold time
                                  0.21   data required time
-----------------------------------------------------------------------------
                                  0.21   data required time
                                 -1.02   data arrival time
-----------------------------------------------------------------------------
                                  0.81   slack (MET)


Startpoint: _326_ (rising edge-triggered flip-flop clocked by core_clock)
Endpoint: _326_ (rising edge-triggered flip-flop clocked by core_clock)
Path Group: core_clock
Path Type: min

Fanout     Cap    Slew   Delay    Time   Description
-----------------------------------------------------------------------------
                          0.00    0.00   clock core_clock (rise edge)
                          0.00    0.00   clock source latency
     1    0.01    0.00    0.00    0.00 ^ clk (in)
                                         clk (net)
                  0.00    0.00    0.00 ^ clkbuf_0_clk/A (sky130_fd_sc_hd__clkbuf_16)
     4    0.03    0.05    0.12    0.12 ^ clkbuf_0_clk/X (sky130_fd_sc_hd__clkbuf_16)
                                         clknet_0_clk (net)
                  0.05    0.00    0.12 ^ clkbuf_2_1__f_clk/A (sky130_fd_sc_hd__clkbuf_16)
    11    0.02    0.04    0.13    0.25 ^ clkbuf_2_1__f_clk/X (sky130_fd_sc_hd__clkbuf_16)
                                         clknet_2_1__leaf_clk (net)
                  0.04    0.00    0.25 ^ _326_/CLK (sky130_fd_sc_hd__dfrtp_4)
     5    0.02    0.08    0.43    0.68 ^ _326_/Q (sky130_fd_sc_hd__dfrtp_4)
                                         div.count[6] (net)
                  0.08    0.00    0.68 ^ _186_/A (sky130_fd_sc_hd__nand2_1)
     2    0.01    0.10    0.11    0.79 v _186_/Y (sky130_fd_sc_hd__nand2_1)
                                         _096_ (net)
                  0.10    0.00    0.79 v _187_/C (sky130_fd_sc_hd__and3_1)
     1    0.00    0.03    0.19    0.99 v _187_/X (sky130_fd_sc_hd__and3_1)
                                         _097_ (net)
                  0.03    0.00    0.99 v _188_/A (sky130_fd_sc_hd__buf_1)
     1    0.01    0.06    0.11    1.10 v _188_/X (sky130_fd_sc_hd__buf_1)
                                         _032_ (net)
                  0.06    0.00    1.10 v _326_/D (sky130_fd_sc_hd__dfrtp_4)
                                  1.10   data arrival time

                          0.00    0.00   clock core_clock (rise edge)
                          0.00    0.00   clock source latency
     1    0.01    0.00    0.00    0.00 ^ clk (in)
                                         clk (net)
                  0.00    0.00    0.00 ^ clkbuf_0_clk/A (sky130_fd_sc_hd__clkbuf_16)
     4    0.03    0.05    0.12    0.12 ^ clkbuf_0_clk/X (sky130_fd_sc_hd__clkbuf_16)
                                         clknet_0_clk (net)
                  0.05    0.00    0.12 ^ clkbuf_2_1__f_clk/A (sky130_fd_sc_hd__clkbuf_16)
    11    0.02    0.04    0.13    0.25 ^ clkbuf_2_1__f_clk/X (sky130_fd_sc_hd__clkbuf_16)
                                         clknet_2_1__leaf_clk (net)
                  0.04    0.00    0.25 ^ _326_/CLK (sky130_fd_sc_hd__dfrtp_4)
                          0.00    0.25   clock reconvergence pessimism
                         -0.05    0.20   library hold time
                                  0.20   data required time
-----------------------------------------------------------------------------
                                  0.20   data required time
                                 -1.10   data arrival time
-----------------------------------------------------------------------------
                                  0.90   slack (MET)


Startpoint: _331_ (rising edge-triggered flip-flop clocked by core_clock)
Endpoint: _331_ (rising edge-triggered flip-flop clocked by core_clock)
Path Group: core_clock
Path Type: min

Fanout     Cap    Slew   Delay    Time   Description
-----------------------------------------------------------------------------
                          0.00    0.00   clock core_clock (rise edge)
                          0.00    0.00   clock source latency
     1    0.01    0.00    0.00    0.00 ^ clk (in)
                                         clk (net)
                  0.00    0.00    0.00 ^ clkbuf_0_clk/A (sky130_fd_sc_hd__clkbuf_16)
     4    0.03    0.05    0.12    0.12 ^ clkbuf_0_clk/X (sky130_fd_sc_hd__clkbuf_16)
                                         clknet_0_clk (net)
                  0.05    0.00    0.12 ^ clkbuf_2_3__f_clk/A (sky130_fd_sc_hd__clkbuf_16)
     9    0.03    0.05    0.14    0.26 ^ clkbuf_2_3__f_clk/X (sky130_fd_sc_hd__clkbuf_16)
                                         clknet_2_3__leaf_clk (net)
                  0.05    0.00    0.26 ^ _331_/CLK (sky130_fd_sc_hd__dfrtp_4)
     5    0.02    0.10    0.45    0.71 ^ _331_/Q (sky130_fd_sc_hd__dfrtp_4)
                                         div.count[11] (net)
                  0.10    0.00    0.71 ^ _204_/B1 (sky130_fd_sc_hd__a21o_1)
     1    0.00    0.03    0.08    0.79 ^ _204_/X (sky130_fd_sc_hd__a21o_1)
                                         _109_ (net)
                  0.03    0.00    0.79 ^ _206_/B (sky130_fd_sc_hd__and3_1)
     1    0.02    0.16    0.23    1.02 ^ _206_/X (sky130_fd_sc_hd__and3_1)
                                         _111_ (net)
                  0.16    0.00    1.02 ^ _207_/A (sky130_fd_sc_hd__clkbuf_1)
     1    0.01    0.07    0.13    1.15 ^ _207_/X (sky130_fd_sc_hd__clkbuf_1)
                                         _006_ (net)
                  0.07    0.00    1.15 ^ _331_/D (sky130_fd_sc_hd__dfrtp_4)
                                  1.15   data arrival time

                          0.00    0.00   clock core_clock (rise edge)
                          0.00    0.00   clock source latency
     1    0.01    0.00    0.00    0.00 ^ clk (in)
                                         clk (net)
                  0.00    0.00    0.00 ^ clkbuf_0_clk/A (sky130_fd_sc_hd__clkbuf_16)
     4    0.03    0.05    0.12    0.12 ^ clkbuf_0_clk/X (sky130_fd_sc_hd__clkbuf_16)
                                         clknet_0_clk (net)
                  0.05    0.00    0.12 ^ clkbuf_2_3__f_clk/A (sky130_fd_sc_hd__clkbuf_16)
     9    0.03    0.05    0.14    0.26 ^ clkbuf_2_3__f_clk/X (sky130_fd_sc_hd__clkbuf_16)
                                         clknet_2_3__leaf_clk (net)
                  0.05    0.00    0.26 ^ _331_/CLK (sky130_fd_sc_hd__dfrtp_4)
                          0.00    0.26   clock reconvergence pessimism
                         -0.04    0.22   library hold time
                                  0.22   data required time
-----------------------------------------------------------------------------
                                  0.22   data required time
                                 -1.15   data arrival time
-----------------------------------------------------------------------------
                                  0.92   slack (MET)


Startpoint: _341_ (rising edge-triggered flip-flop clocked by core_clock)
Endpoint: _342_ (rising edge-triggered flip-flop clocked by core_clock)
Path Group: core_clock
Path Type: min

Fanout     Cap    Slew   Delay    Time   Description
-----------------------------------------------------------------------------
                          0.00    0.00   clock core_clock (rise edge)
                          0.00    0.00   clock source latency
     1    0.01    0.00    0.00    0.00 ^ clk (in)
                                         clk (net)
                  0.00    0.00    0.00 ^ clkbuf_0_clk/A (sky130_fd_sc_hd__clkbuf_16)
     4    0.03    0.05    0.12    0.12 ^ clkbuf_0_clk/X (sky130_fd_sc_hd__clkbuf_16)
                                         clknet_0_clk (net)
                  0.05    0.00    0.12 ^ clkbuf_2_1__f_clk/A (sky130_fd_sc_hd__clkbuf_16)
    11    0.02    0.04    0.13    0.25 ^ clkbuf_2_1__f_clk/X (sky130_fd_sc_hd__clkbuf_16)
                                         clknet_2_1__leaf_clk (net)
                  0.04    0.00    0.25 ^ _341_/CLK (sky130_fd_sc_hd__dfrtp_4)
     5    0.01    0.08    0.42    0.67 ^ _341_/Q (sky130_fd_sc_hd__dfrtp_4)
                                         div.count[21] (net)
                  0.08    0.00    0.67 ^ _237_/A (sky130_fd_sc_hd__nand3_2)
     2    0.02    0.11    0.11    0.78 v _237_/Y (sky130_fd_sc_hd__nand3_2)
                                         _131_ (net)
                  0.11    0.00    0.78 v _238_/C (sky130_fd_sc_hd__and3_1)
     1    0.01    0.06    0.24    1.02 v _238_/X (sky130_fd_sc_hd__and3_1)
                                         _132_ (net)
                  0.06    0.00    1.02 v _239_/A (sky130_fd_sc_hd__buf_1)
     1    0.01    0.08    0.14    1.16 v _239_/X (sky130_fd_sc_hd__buf_1)
                                         _018_ (net)
                  0.08    0.00    1.16 v _342_/D (sky130_fd_sc_hd__dfrtp_4)
                                  1.16   data arrival time

                          0.00    0.00   clock core_clock (rise edge)
                          0.00    0.00   clock source latency
     1    0.01    0.00    0.00    0.00 ^ clk (in)
                                         clk (net)
                  0.00    0.00    0.00 ^ clkbuf_0_clk/A (sky130_fd_sc_hd__clkbuf_16)
     4    0.03    0.05    0.12    0.12 ^ clkbuf_0_clk/X (sky130_fd_sc_hd__clkbuf_16)
                                         clknet_0_clk (net)
                  0.05    0.00    0.12 ^ clkbuf_2_0__f_clk/A (sky130_fd_sc_hd__clkbuf_16)
     9    0.02    0.05    0.13    0.25 ^ clkbuf_2_0__f_clk/X (sky130_fd_sc_hd__clkbuf_16)
                                         clknet_2_0__leaf_clk (net)
                  0.05    0.00    0.25 ^ _342_/CLK (sky130_fd_sc_hd__dfrtp_4)
                          0.00    0.25   clock reconvergence pessimism
                         -0.06    0.20   library hold time
                                  0.20   data required time
-----------------------------------------------------------------------------
                                  0.20   data required time
                                 -1.16   data arrival time
-----------------------------------------------------------------------------
                                  0.97   slack (MET)


Startpoint: _339_ (rising edge-triggered flip-flop clocked by core_clock)
Endpoint: _339_ (rising edge-triggered flip-flop clocked by core_clock)
Path Group: core_clock
Path Type: min

Fanout     Cap    Slew   Delay    Time   Description
-----------------------------------------------------------------------------
                          0.00    0.00   clock core_clock (rise edge)
                          0.00    0.00   clock source latency
     1    0.01    0.00    0.00    0.00 ^ clk (in)
                                         clk (net)
                  0.00    0.00    0.00 ^ clkbuf_0_clk/A (sky130_fd_sc_hd__clkbuf_16)
     4    0.03    0.05    0.12    0.12 ^ clkbuf_0_clk/X (sky130_fd_sc_hd__clkbuf_16)
                                         clknet_0_clk (net)
                  0.05    0.00    0.12 ^ clkbuf_2_0__f_clk/A (sky130_fd_sc_hd__clkbuf_16)
     9    0.02    0.05    0.13    0.25 ^ clkbuf_2_0__f_clk/X (sky130_fd_sc_hd__clkbuf_16)
                                         clknet_2_0__leaf_clk (net)
                  0.05    0.00    0.25 ^ _339_/CLK (sky130_fd_sc_hd__dfrtp_4)
     3    0.01    0.06    0.40    0.66 ^ _339_/Q (sky130_fd_sc_hd__dfrtp_4)
                                         div.count[19] (net)
                  0.06    0.00    0.66 ^ _227_/A (sky130_fd_sc_hd__or2b_1)
     1    0.01    0.10    0.14    0.79 ^ _227_/X (sky130_fd_sc_hd__or2b_1)
                                         _124_ (net)
                  0.10    0.00    0.80 ^ _230_/B (sky130_fd_sc_hd__and3_1)
     1    0.01    0.12    0.21    1.01 ^ _230_/X (sky130_fd_sc_hd__and3_1)
                                         _127_ (net)
                  0.12    0.00    1.01 ^ _231_/A (sky130_fd_sc_hd__buf_1)
     1    0.01    0.13    0.16    1.17 ^ _231_/X (sky130_fd_sc_hd__buf_1)
                                         _014_ (net)
                  0.13    0.00    1.17 ^ _339_/D (sky130_fd_sc_hd__dfrtp_4)
                                  1.17   data arrival time

                          0.00    0.00   clock core_clock (rise edge)
                          0.00    0.00   clock source latency
     1    0.01    0.00    0.00    0.00 ^ clk (in)
                                         clk (net)
                  0.00    0.00    0.00 ^ clkbuf_0_clk/A (sky130_fd_sc_hd__clkbuf_16)
     4    0.03    0.05    0.12    0.12 ^ clkbuf_0_clk/X (sky130_fd_sc_hd__clkbuf_16)
                                         clknet_0_clk (net)
                  0.05    0.00    0.12 ^ clkbuf_2_0__f_clk/A (sky130_fd_sc_hd__clkbuf_16)
     9    0.02    0.05    0.13    0.25 ^ clkbuf_2_0__f_clk/X (sky130_fd_sc_hd__clkbuf_16)
                                         clknet_2_0__leaf_clk (net)
                  0.05    0.00    0.25 ^ _339_/CLK (sky130_fd_sc_hd__dfrtp_4)
                          0.00    0.25   clock reconvergence pessimism
                         -0.05    0.20   library hold time
                                  0.20   data required time
-----------------------------------------------------------------------------
                                  0.20   data required time
                                 -1.17   data arrival time
-----------------------------------------------------------------------------
                                  0.97   slack (MET)



worst slack corner Typical: 0.4674
min_report_end
max_report

===========================================================================
report_checks -path_delay max (Setup)
============================================================================
======================= Typical Corner ===================================

Startpoint: _335_ (rising edge-triggered flip-flop clocked by core_clock)
Endpoint: _342_ (rising edge-triggered flip-flop clocked by core_clock)
Path Group: core_clock
Path Type: max

Fanout     Cap    Slew   Delay    Time   Description
-----------------------------------------------------------------------------
                          0.00    0.00   clock core_clock (rise edge)
                          0.00    0.00   clock source latency
     1    0.01    0.00    0.00    0.00 ^ clk (in)
                                         clk (net)
                  0.00    0.00    0.00 ^ clkbuf_0_clk/A (sky130_fd_sc_hd__clkbuf_16)
     4    0.03    0.05    0.12    0.12 ^ clkbuf_0_clk/X (sky130_fd_sc_hd__clkbuf_16)
                                         clknet_0_clk (net)
                  0.05    0.00    0.12 ^ clkbuf_2_3__f_clk/A (sky130_fd_sc_hd__clkbuf_16)
     9    0.03    0.05    0.14    0.26 ^ clkbuf_2_3__f_clk/X (sky130_fd_sc_hd__clkbuf_16)
                                         clknet_2_3__leaf_clk (net)
                  0.05    0.00    0.26 ^ _335_/CLK (sky130_fd_sc_hd__dfrtp_4)
     3    0.03    0.09    0.51    0.77 v _335_/Q (sky130_fd_sc_hd__dfrtp_4)
                                         div.count[15] (net)
                  0.09    0.00    0.78 v _157_/A (sky130_fd_sc_hd__or4b_2)
     1    0.02    0.15    0.75    1.52 v _157_/X (sky130_fd_sc_hd__or4b_2)
                                         _074_ (net)
                  0.15    0.00    1.53 v _161_/A (sky130_fd_sc_hd__or4_2)
     2    0.02    0.15    0.77    2.30 v _161_/X (sky130_fd_sc_hd__or4_2)
                                         _078_ (net)
                  0.15    0.00    2.30 v _167_/A (sky130_fd_sc_hd__or4_4)
     6    0.01    0.10    0.59    2.89 v _167_/X (sky130_fd_sc_hd__or4_4)
                                         _084_ (net)
                  0.10    0.00    2.89 v _238_/A (sky130_fd_sc_hd__and3_1)
     1    0.01    0.07    0.20    3.09 v _238_/X (sky130_fd_sc_hd__and3_1)
                                         _132_ (net)
                  0.07    0.00    3.09 v _239_/A (sky130_fd_sc_hd__buf_1)
     1    0.01    0.08    0.14    3.24 v _239_/X (sky130_fd_sc_hd__buf_1)
                                         _018_ (net)
                  0.08    0.00    3.24 v _342_/D (sky130_fd_sc_hd__dfrtp_4)
                                  3.24   data arrival time

                         10.00   10.00   clock core_clock (rise edge)
                          0.00   10.00   clock source latency
     1    0.01    0.00    0.00   10.00 ^ clk (in)
                                         clk (net)
                  0.00    0.00   10.00 ^ clkbuf_0_clk/A (sky130_fd_sc_hd__clkbuf_16)
     4    0.03    0.05    0.12   10.12 ^ clkbuf_0_clk/X (sky130_fd_sc_hd__clkbuf_16)
                                         clknet_0_clk (net)
                  0.05    0.00   10.12 ^ clkbuf_2_0__f_clk/A (sky130_fd_sc_hd__clkbuf_16)
     9    0.02    0.05    0.13   10.25 ^ clkbuf_2_0__f_clk/X (sky130_fd_sc_hd__clkbuf_16)
                                         clknet_2_0__leaf_clk (net)
                  0.05    0.00   10.25 ^ _342_/CLK (sky130_fd_sc_hd__dfrtp_4)
                          0.00   10.25   clock reconvergence pessimism
                         -0.13   10.12   library setup time
                                 10.12   data required time
-----------------------------------------------------------------------------
                                 10.12   data required time
                                 -3.24   data arrival time
-----------------------------------------------------------------------------
                                  6.89   slack (MET)


Startpoint: _335_ (rising edge-triggered flip-flop clocked by core_clock)
Endpoint: _339_ (rising edge-triggered flip-flop clocked by core_clock)
Path Group: core_clock
Path Type: max

Fanout     Cap    Slew   Delay    Time   Description
-----------------------------------------------------------------------------
                          0.00    0.00   clock core_clock (rise edge)
                          0.00    0.00   clock source latency
     1    0.01    0.00    0.00    0.00 ^ clk (in)
                                         clk (net)
                  0.00    0.00    0.00 ^ clkbuf_0_clk/A (sky130_fd_sc_hd__clkbuf_16)
     4    0.03    0.05    0.12    0.12 ^ clkbuf_0_clk/X (sky130_fd_sc_hd__clkbuf_16)
                                         clknet_0_clk (net)
                  0.05    0.00    0.12 ^ clkbuf_2_3__f_clk/A (sky130_fd_sc_hd__clkbuf_16)
     9    0.03    0.05    0.14    0.26 ^ clkbuf_2_3__f_clk/X (sky130_fd_sc_hd__clkbuf_16)
                                         clknet_2_3__leaf_clk (net)
                  0.05    0.00    0.26 ^ _335_/CLK (sky130_fd_sc_hd__dfrtp_4)
     3    0.03    0.09    0.51    0.77 v _335_/Q (sky130_fd_sc_hd__dfrtp_4)
                                         div.count[15] (net)
                  0.09    0.00    0.78 v _157_/A (sky130_fd_sc_hd__or4b_2)
     1    0.02    0.15    0.75    1.52 v _157_/X (sky130_fd_sc_hd__or4b_2)
                                         _074_ (net)
                  0.15    0.00    1.53 v _161_/A (sky130_fd_sc_hd__or4_2)
     2    0.02    0.15    0.77    2.30 v _161_/X (sky130_fd_sc_hd__or4_2)
                                         _078_ (net)
                  0.15    0.00    2.30 v _167_/A (sky130_fd_sc_hd__or4_4)
     6    0.01    0.10    0.59    2.89 v _167_/X (sky130_fd_sc_hd__or4_4)
                                         _084_ (net)
                  0.10    0.00    2.89 v _230_/A (sky130_fd_sc_hd__and3_1)
     1    0.01    0.07    0.20    3.09 v _230_/X (sky130_fd_sc_hd__and3_1)
                                         _127_ (net)
                  0.07    0.00    3.09 v _231_/A (sky130_fd_sc_hd__buf_1)
     1    0.01    0.07    0.13    3.23 v _231_/X (sky130_fd_sc_hd__buf_1)
                                         _014_ (net)
                  0.07    0.00    3.23 v _339_/D (sky130_fd_sc_hd__dfrtp_4)
                                  3.23   data arrival time

                         10.00   10.00   clock core_clock (rise edge)
                          0.00   10.00   clock source latency
     1    0.01    0.00    0.00   10.00 ^ clk (in)
                                         clk (net)
                  0.00    0.00   10.00 ^ clkbuf_0_clk/A (sky130_fd_sc_hd__clkbuf_16)
     4    0.03    0.05    0.12   10.12 ^ clkbuf_0_clk/X (sky130_fd_sc_hd__clkbuf_16)
                                         clknet_0_clk (net)
                  0.05    0.00   10.12 ^ clkbuf_2_0__f_clk/A (sky130_fd_sc_hd__clkbuf_16)
     9    0.02    0.05    0.13   10.25 ^ clkbuf_2_0__f_clk/X (sky130_fd_sc_hd__clkbuf_16)
                                         clknet_2_0__leaf_clk (net)
                  0.05    0.00   10.25 ^ _339_/CLK (sky130_fd_sc_hd__dfrtp_4)
                          0.00   10.25   clock reconvergence pessimism
                         -0.12   10.13   library setup time
                                 10.13   data required time
-----------------------------------------------------------------------------
                                 10.13   data required time
                                 -3.23   data arrival time
-----------------------------------------------------------------------------
                                  6.90   slack (MET)


Startpoint: _335_ (rising edge-triggered flip-flop clocked by core_clock)
Endpoint: _320_ (rising edge-triggered flip-flop clocked by core_clock)
Path Group: core_clock
Path Type: max

Fanout     Cap    Slew   Delay    Time   Description
-----------------------------------------------------------------------------
                          0.00    0.00   clock core_clock (rise edge)
                          0.00    0.00   clock source latency
     1    0.01    0.00    0.00    0.00 ^ clk (in)
                                         clk (net)
                  0.00    0.00    0.00 ^ clkbuf_0_clk/A (sky130_fd_sc_hd__clkbuf_16)
     4    0.03    0.05    0.12    0.12 ^ clkbuf_0_clk/X (sky130_fd_sc_hd__clkbuf_16)
                                         clknet_0_clk (net)
                  0.05    0.00    0.12 ^ clkbuf_2_3__f_clk/A (sky130_fd_sc_hd__clkbuf_16)
     9    0.03    0.05    0.14    0.26 ^ clkbuf_2_3__f_clk/X (sky130_fd_sc_hd__clkbuf_16)
                                         clknet_2_3__leaf_clk (net)
                  0.05    0.00    0.26 ^ _335_/CLK (sky130_fd_sc_hd__dfrtp_4)
     3    0.03    0.09    0.51    0.77 v _335_/Q (sky130_fd_sc_hd__dfrtp_4)
                                         div.count[15] (net)
                  0.09    0.00    0.78 v _157_/A (sky130_fd_sc_hd__or4b_2)
     1    0.02    0.15    0.75    1.52 v _157_/X (sky130_fd_sc_hd__or4b_2)
                                         _074_ (net)
                  0.15    0.00    1.53 v _161_/A (sky130_fd_sc_hd__or4_2)
     2    0.02    0.15    0.77    2.30 v _161_/X (sky130_fd_sc_hd__or4_2)
                                         _078_ (net)
                  0.15    0.00    2.30 v _167_/A (sky130_fd_sc_hd__or4_4)
     6    0.01    0.10    0.59    2.89 v _167_/X (sky130_fd_sc_hd__or4_4)
                                         _084_ (net)
                  0.10    0.00    2.89 v _169_/B (sky130_fd_sc_hd__and2b_1)
     1    0.01    0.07    0.21    3.11 v _169_/X (sky130_fd_sc_hd__and2b_1)
                                         _085_ (net)
                  0.07    0.00    3.11 v _170_/A (sky130_fd_sc_hd__clkbuf_1)
     1    0.01    0.04    0.11    3.22 v _170_/X (sky130_fd_sc_hd__clkbuf_1)
                                         _004_ (net)
                  0.04    0.00    3.22 v _320_/D (sky130_fd_sc_hd__dfrtp_4)
                                  3.22   data arrival time

                         10.00   10.00   clock core_clock (rise edge)
                          0.00   10.00   clock source latency
     1    0.01    0.00    0.00   10.00 ^ clk (in)
                                         clk (net)
                  0.00    0.00   10.00 ^ clkbuf_0_clk/A (sky130_fd_sc_hd__clkbuf_16)
     4    0.03    0.05    0.12   10.12 ^ clkbuf_0_clk/X (sky130_fd_sc_hd__clkbuf_16)
                                         clknet_0_clk (net)
                  0.05    0.00   10.12 ^ clkbuf_2_0__f_clk/A (sky130_fd_sc_hd__clkbuf_16)
     9    0.02    0.05    0.13   10.25 ^ clkbuf_2_0__f_clk/X (sky130_fd_sc_hd__clkbuf_16)
                                         clknet_2_0__leaf_clk (net)
                  0.05    0.00   10.25 ^ _320_/CLK (sky130_fd_sc_hd__dfrtp_4)
                          0.00   10.25   clock reconvergence pessimism
                         -0.11   10.14   library setup time
                                 10.14   data required time
-----------------------------------------------------------------------------
                                 10.14   data required time
                                 -3.22   data arrival time
-----------------------------------------------------------------------------
                                  6.93   slack (MET)


Startpoint: _335_ (rising edge-triggered flip-flop clocked by core_clock)
Endpoint: _326_ (rising edge-triggered flip-flop clocked by core_clock)
Path Group: core_clock
Path Type: max

Fanout     Cap    Slew   Delay    Time   Description
-----------------------------------------------------------------------------
                          0.00    0.00   clock core_clock (rise edge)
                          0.00    0.00   clock source latency
     1    0.01    0.00    0.00    0.00 ^ clk (in)
                                         clk (net)
                  0.00    0.00    0.00 ^ clkbuf_0_clk/A (sky130_fd_sc_hd__clkbuf_16)
     4    0.03    0.05    0.12    0.12 ^ clkbuf_0_clk/X (sky130_fd_sc_hd__clkbuf_16)
                                         clknet_0_clk (net)
                  0.05    0.00    0.12 ^ clkbuf_2_3__f_clk/A (sky130_fd_sc_hd__clkbuf_16)
     9    0.03    0.05    0.14    0.26 ^ clkbuf_2_3__f_clk/X (sky130_fd_sc_hd__clkbuf_16)
                                         clknet_2_3__leaf_clk (net)
                  0.05    0.00    0.26 ^ _335_/CLK (sky130_fd_sc_hd__dfrtp_4)
     3    0.03    0.09    0.51    0.77 v _335_/Q (sky130_fd_sc_hd__dfrtp_4)
                                         div.count[15] (net)
                  0.09    0.00    0.78 v _157_/A (sky130_fd_sc_hd__or4b_2)
     1    0.02    0.15    0.75    1.52 v _157_/X (sky130_fd_sc_hd__or4b_2)
                                         _074_ (net)
                  0.15    0.00    1.53 v _161_/A (sky130_fd_sc_hd__or4_2)
     2    0.02    0.15    0.77    2.30 v _161_/X (sky130_fd_sc_hd__or4_2)
                                         _078_ (net)
                  0.15    0.00    2.30 v _167_/A (sky130_fd_sc_hd__or4_4)
     6    0.01    0.10    0.59    2.89 v _167_/X (sky130_fd_sc_hd__or4_4)
                                         _084_ (net)
                  0.10    0.00    2.89 v _187_/A (sky130_fd_sc_hd__and3_1)
     1    0.00    0.03    0.16    3.05 v _187_/X (sky130_fd_sc_hd__and3_1)
                                         _097_ (net)
                  0.03    0.00    3.05 v _188_/A (sky130_fd_sc_hd__buf_1)
     1    0.01    0.06    0.11    3.16 v _188_/X (sky130_fd_sc_hd__buf_1)
                                         _032_ (net)
                  0.06    0.00    3.17 v _326_/D (sky130_fd_sc_hd__dfrtp_4)
                                  3.17   data arrival time

                         10.00   10.00   clock core_clock (rise edge)
                          0.00   10.00   clock source latency
     1    0.01    0.00    0.00   10.00 ^ clk (in)
                                         clk (net)
                  0.00    0.00   10.00 ^ clkbuf_0_clk/A (sky130_fd_sc_hd__clkbuf_16)
     4    0.03    0.05    0.12   10.12 ^ clkbuf_0_clk/X (sky130_fd_sc_hd__clkbuf_16)
                                         clknet_0_clk (net)
                  0.05    0.00   10.12 ^ clkbuf_2_1__f_clk/A (sky130_fd_sc_hd__clkbuf_16)
    11    0.02    0.04    0.13   10.25 ^ clkbuf_2_1__f_clk/X (sky130_fd_sc_hd__clkbuf_16)
                                         clknet_2_1__leaf_clk (net)
                  0.04    0.00   10.25 ^ _326_/CLK (sky130_fd_sc_hd__dfrtp_4)
                          0.00   10.25   clock reconvergence pessimism
                         -0.12   10.13   library setup time
                                 10.13   data required time
-----------------------------------------------------------------------------
                                 10.13   data required time
                                 -3.17   data arrival time
-----------------------------------------------------------------------------
                                  6.96   slack (MET)


Startpoint: _335_ (rising edge-triggered flip-flop clocked by core_clock)
Endpoint: _331_ (rising edge-triggered flip-flop clocked by core_clock)
Path Group: core_clock
Path Type: max

Fanout     Cap    Slew   Delay    Time   Description
-----------------------------------------------------------------------------
                          0.00    0.00   clock core_clock (rise edge)
                          0.00    0.00   clock source latency
     1    0.01    0.00    0.00    0.00 ^ clk (in)
                                         clk (net)
                  0.00    0.00    0.00 ^ clkbuf_0_clk/A (sky130_fd_sc_hd__clkbuf_16)
     4    0.03    0.05    0.12    0.12 ^ clkbuf_0_clk/X (sky130_fd_sc_hd__clkbuf_16)
                                         clknet_0_clk (net)
                  0.05    0.00    0.12 ^ clkbuf_2_3__f_clk/A (sky130_fd_sc_hd__clkbuf_16)
     9    0.03    0.05    0.14    0.26 ^ clkbuf_2_3__f_clk/X (sky130_fd_sc_hd__clkbuf_16)
                                         clknet_2_3__leaf_clk (net)
                  0.05    0.00    0.26 ^ _335_/CLK (sky130_fd_sc_hd__dfrtp_4)
     3    0.03    0.09    0.51    0.77 v _335_/Q (sky130_fd_sc_hd__dfrtp_4)
                                         div.count[15] (net)
                  0.09    0.00    0.78 v _157_/A (sky130_fd_sc_hd__or4b_2)
     1    0.02    0.15    0.75    1.52 v _157_/X (sky130_fd_sc_hd__or4b_2)
                                         _074_ (net)
                  0.15    0.00    1.53 v _161_/A (sky130_fd_sc_hd__or4_2)
     2    0.02    0.15    0.77    2.30 v _161_/X (sky130_fd_sc_hd__or4_2)
                                         _078_ (net)
                  0.15    0.00    2.30 v _199_/A (sky130_fd_sc_hd__or3_4)
     4    0.02    0.08    0.45    2.75 v _199_/X (sky130_fd_sc_hd__or3_4)
                                         _106_ (net)
                  0.08    0.00    2.75 v _206_/A (sky130_fd_sc_hd__and3_1)
     1    0.02    0.09    0.21    2.96 v _206_/X (sky130_fd_sc_hd__and3_1)
                                         _111_ (net)
                  0.09    0.00    2.96 v _207_/A (sky130_fd_sc_hd__clkbuf_1)
     1    0.01    0.04    0.12    3.08 v _207_/X (sky130_fd_sc_hd__clkbuf_1)
                                         _006_ (net)
                  0.04    0.00    3.08 v _331_/D (sky130_fd_sc_hd__dfrtp_4)
                                  3.08   data arrival time

                         10.00   10.00   clock core_clock (rise edge)
                          0.00   10.00   clock source latency
     1    0.01    0.00    0.00   10.00 ^ clk (in)
                                         clk (net)
                  0.00    0.00   10.00 ^ clkbuf_0_clk/A (sky130_fd_sc_hd__clkbuf_16)
     4    0.03    0.05    0.12   10.12 ^ clkbuf_0_clk/X (sky130_fd_sc_hd__clkbuf_16)
                                         clknet_0_clk (net)
                  0.05    0.00   10.12 ^ clkbuf_2_3__f_clk/A (sky130_fd_sc_hd__clkbuf_16)
     9    0.03    0.05    0.14   10.26 ^ clkbuf_2_3__f_clk/X (sky130_fd_sc_hd__clkbuf_16)
                                         clknet_2_3__leaf_clk (net)
                  0.05    0.00   10.26 ^ _331_/CLK (sky130_fd_sc_hd__dfrtp_4)
                          0.00   10.26   clock reconvergence pessimism
                         -0.11   10.15   library setup time
                                 10.15   data required time
-----------------------------------------------------------------------------
                                 10.15   data required time
                                 -3.08   data arrival time
-----------------------------------------------------------------------------
                                  7.07   slack (MET)


Startpoint: _335_ (rising edge-triggered flip-flop clocked by core_clock)
Endpoint: _356_ (rising edge-triggered flip-flop clocked by core_clock)
Path Group: core_clock
Path Type: max

Fanout     Cap    Slew   Delay    Time   Description
-----------------------------------------------------------------------------
                          0.00    0.00   clock core_clock (rise edge)
                          0.00    0.00   clock source latency
     1    0.01    0.00    0.00    0.00 ^ clk (in)
                                         clk (net)
                  0.00    0.00    0.00 ^ clkbuf_0_clk/A (sky130_fd_sc_hd__clkbuf_16)
     4    0.03    0.05    0.12    0.12 ^ clkbuf_0_clk/X (sky130_fd_sc_hd__clkbuf_16)
                                         clknet_0_clk (net)
                  0.05    0.00    0.12 ^ clkbuf_2_3__f_clk/A (sky130_fd_sc_hd__clkbuf_16)
     9    0.03    0.05    0.14    0.26 ^ clkbuf_2_3__f_clk/X (sky130_fd_sc_hd__clkbuf_16)
                                         clknet_2_3__leaf_clk (net)
                  0.05    0.00    0.26 ^ _335_/CLK (sky130_fd_sc_hd__dfrtp_4)
     3    0.03    0.09    0.51    0.77 v _335_/Q (sky130_fd_sc_hd__dfrtp_4)
                                         div.count[15] (net)
                  0.09    0.00    0.78 v _157_/A (sky130_fd_sc_hd__or4b_2)
     1    0.02    0.15    0.75    1.52 v _157_/X (sky130_fd_sc_hd__or4b_2)
                                         _074_ (net)
                  0.15    0.00    1.53 v _161_/A (sky130_fd_sc_hd__or4_2)
     2    0.02    0.15    0.77    2.30 v _161_/X (sky130_fd_sc_hd__or4_2)
                                         _078_ (net)
                  0.15    0.00    2.30 v _167_/A (sky130_fd_sc_hd__or4_4)
     6    0.01    0.10    0.59    2.89 v _167_/X (sky130_fd_sc_hd__or4_4)
                                         _084_ (net)
                  0.10    0.00    2.89 v _168_/B (sky130_fd_sc_hd__xnor2_1)
     1    0.00    0.04    0.14    3.03 v _168_/Y (sky130_fd_sc_hd__xnor2_1)
                                         _073_ (net)
                  0.04    0.00    3.03 v _356_/D (sky130_fd_sc_hd__dfrtp_4)
                                  3.03   data arrival time

                         10.00   10.00   clock core_clock (rise edge)
                          0.00   10.00   clock source latency
     1    0.01    0.00    0.00   10.00 ^ clk (in)
                                         clk (net)
                  0.00    0.00   10.00 ^ clkbuf_0_clk/A (sky130_fd_sc_hd__clkbuf_16)
     4    0.03    0.05    0.12   10.12 ^ clkbuf_0_clk/X (sky130_fd_sc_hd__clkbuf_16)
                                         clknet_0_clk (net)
                  0.05    0.00   10.12 ^ clkbuf_2_1__f_clk/A (sky130_fd_sc_hd__clkbuf_16)
    11    0.02    0.04    0.13   10.25 ^ clkbuf_2_1__f_clk/X (sky130_fd_sc_hd__clkbuf_16)
                                         clknet_2_1__leaf_clk (net)
                  0.04    0.00   10.25 ^ _356_/CLK (sky130_fd_sc_hd__dfrtp_4)
                          0.00   10.25   clock reconvergence pessimism
                         -0.11   10.14   library setup time
                                 10.14   data required time
-----------------------------------------------------------------------------
                                 10.14   data required time
                                 -3.03   data arrival time
-----------------------------------------------------------------------------
                                  7.11   slack (MET)


Startpoint: _335_ (rising edge-triggered flip-flop clocked by core_clock)
Endpoint: _328_ (rising edge-triggered flip-flop clocked by core_clock)
Path Group: core_clock
Path Type: max

Fanout     Cap    Slew   Delay    Time   Description
-----------------------------------------------------------------------------
                          0.00    0.00   clock core_clock (rise edge)
                          0.00    0.00   clock source latency
     1    0.01    0.00    0.00    0.00 ^ clk (in)
                                         clk (net)
                  0.00    0.00    0.00 ^ clkbuf_0_clk/A (sky130_fd_sc_hd__clkbuf_16)
     4    0.03    0.05    0.12    0.12 ^ clkbuf_0_clk/X (sky130_fd_sc_hd__clkbuf_16)
                                         clknet_0_clk (net)
                  0.05    0.00    0.12 ^ clkbuf_2_3__f_clk/A (sky130_fd_sc_hd__clkbuf_16)
     9    0.03    0.05    0.14    0.26 ^ clkbuf_2_3__f_clk/X (sky130_fd_sc_hd__clkbuf_16)
                                         clknet_2_3__leaf_clk (net)
                  0.05    0.00    0.26 ^ _335_/CLK (sky130_fd_sc_hd__dfrtp_4)
     3    0.03    0.09    0.51    0.77 v _335_/Q (sky130_fd_sc_hd__dfrtp_4)
                                         div.count[15] (net)
                  0.09    0.00    0.78 v _157_/A (sky130_fd_sc_hd__or4b_2)
     1    0.02    0.15    0.75    1.52 v _157_/X (sky130_fd_sc_hd__or4b_2)
                                         _074_ (net)
                  0.15    0.00    1.53 v _161_/A (sky130_fd_sc_hd__or4_2)
     2    0.02    0.15    0.77    2.30 v _161_/X (sky130_fd_sc_hd__or4_2)
                                         _078_ (net)
                  0.15    0.00    2.30 v _167_/A (sky130_fd_sc_hd__or4_4)
     6    0.01    0.10    0.59    2.89 v _167_/X (sky130_fd_sc_hd__or4_4)
                                         _084_ (net)
                  0.10    0.00    2.89 v _193_/B1 (sky130_fd_sc_hd__o21ai_1)
     1    0.00    0.10    0.09    2.99 ^ _193_/Y (sky130_fd_sc_hd__o21ai_1)
                                         _101_ (net)
                  0.10    0.00    2.99 ^ _194_/B1 (sky130_fd_sc_hd__a21oi_1)
     1    0.00    0.04    0.04    3.03 v _194_/Y (sky130_fd_sc_hd__a21oi_1)
                                         _034_ (net)
                  0.04    0.00    3.03 v _328_/D (sky130_fd_sc_hd__dfrtp_4)
                                  3.03   data arrival time

                         10.00   10.00   clock core_clock (rise edge)
                          0.00   10.00   clock source latency
     1    0.01    0.00    0.00   10.00 ^ clk (in)
                                         clk (net)
                  0.00    0.00   10.00 ^ clkbuf_0_clk/A (sky130_fd_sc_hd__clkbuf_16)
     4    0.03    0.05    0.12   10.12 ^ clkbuf_0_clk/X (sky130_fd_sc_hd__clkbuf_16)
                                         clknet_0_clk (net)
                  0.05    0.00   10.12 ^ clkbuf_2_1__f_clk/A (sky130_fd_sc_hd__clkbuf_16)
    11    0.02    0.04    0.13   10.25 ^ clkbuf_2_1__f_clk/X (sky130_fd_sc_hd__clkbuf_16)
                                         clknet_2_1__leaf_clk (net)
                  0.04    0.00   10.25 ^ _328_/CLK (sky130_fd_sc_hd__dfrtp_4)
                          0.00   10.25   clock reconvergence pessimism
                         -0.11   10.14   library setup time
                                 10.14   data required time
-----------------------------------------------------------------------------
                                 10.14   data required time
                                 -3.03   data arrival time
-----------------------------------------------------------------------------
                                  7.11   slack (MET)


Startpoint: _335_ (rising edge-triggered flip-flop clocked by core_clock)
Endpoint: _338_ (rising edge-triggered flip-flop clocked by core_clock)
Path Group: core_clock
Path Type: max

Fanout     Cap    Slew   Delay    Time   Description
-----------------------------------------------------------------------------
                          0.00    0.00   clock core_clock (rise edge)
                          0.00    0.00   clock source latency
     1    0.01    0.00    0.00    0.00 ^ clk (in)
                                         clk (net)
                  0.00    0.00    0.00 ^ clkbuf_0_clk/A (sky130_fd_sc_hd__clkbuf_16)
     4    0.03    0.05    0.12    0.12 ^ clkbuf_0_clk/X (sky130_fd_sc_hd__clkbuf_16)
                                         clknet_0_clk (net)
                  0.05    0.00    0.12 ^ clkbuf_2_3__f_clk/A (sky130_fd_sc_hd__clkbuf_16)
     9    0.03    0.05    0.14    0.26 ^ clkbuf_2_3__f_clk/X (sky130_fd_sc_hd__clkbuf_16)
                                         clknet_2_3__leaf_clk (net)
                  0.05    0.00    0.26 ^ _335_/CLK (sky130_fd_sc_hd__dfrtp_4)
     3    0.03    0.09    0.51    0.77 v _335_/Q (sky130_fd_sc_hd__dfrtp_4)
                                         div.count[15] (net)
                  0.09    0.00    0.78 v _157_/A (sky130_fd_sc_hd__or4b_2)
     1    0.02    0.15    0.75    1.52 v _157_/X (sky130_fd_sc_hd__or4b_2)
                                         _074_ (net)
                  0.15    0.00    1.53 v _161_/A (sky130_fd_sc_hd__or4_2)
     2    0.02    0.15    0.77    2.30 v _161_/X (sky130_fd_sc_hd__or4_2)
                                         _078_ (net)
                  0.15    0.00    2.30 v _199_/A (sky130_fd_sc_hd__or3_4)
     4    0.02    0.08    0.45    2.75 v _199_/X (sky130_fd_sc_hd__or3_4)
                                         _106_ (net)
                  0.08    0.00    2.75 v _225_/A (sky130_fd_sc_hd__and3_1)
     1    0.00    0.03    0.15    2.90 v _225_/X (sky130_fd_sc_hd__and3_1)
                                         _123_ (net)
                  0.03    0.00    2.90 v _226_/A (sky130_fd_sc_hd__buf_1)
     1    0.01    0.05    0.11    3.01 v _226_/X (sky130_fd_sc_hd__buf_1)
                                         _013_ (net)
                  0.05    0.00    3.01 v _338_/D (sky130_fd_sc_hd__dfrtp_4)
                                  3.01   data arrival time

                         10.00   10.00   clock core_clock (rise edge)
                          0.00   10.00   clock source latency
     1    0.01    0.00    0.00   10.00 ^ clk (in)
                                         clk (net)
                  0.00    0.00   10.00 ^ clkbuf_0_clk/A (sky130_fd_sc_hd__clkbuf_16)
     4    0.03    0.05    0.12   10.12 ^ clkbuf_0_clk/X (sky130_fd_sc_hd__clkbuf_16)
                                         clknet_0_clk (net)
                  0.05    0.00   10.12 ^ clkbuf_2_0__f_clk/A (sky130_fd_sc_hd__clkbuf_16)
     9    0.02    0.05    0.13   10.25 ^ clkbuf_2_0__f_clk/X (sky130_fd_sc_hd__clkbuf_16)
                                         clknet_2_0__leaf_clk (net)
                  0.05    0.00   10.25 ^ _338_/CLK (sky130_fd_sc_hd__dfrtp_4)
                          0.00   10.25   clock reconvergence pessimism
                         -0.12   10.14   library setup time
                                 10.14   data required time
-----------------------------------------------------------------------------
                                 10.14   data required time
                                 -3.01   data arrival time
-----------------------------------------------------------------------------
                                  7.13   slack (MET)


Startpoint: _335_ (rising edge-triggered flip-flop clocked by core_clock)
Endpoint: _334_ (rising edge-triggered flip-flop clocked by core_clock)
Path Group: core_clock
Path Type: max

Fanout     Cap    Slew   Delay    Time   Description
-----------------------------------------------------------------------------
                          0.00    0.00   clock core_clock (rise edge)
                          0.00    0.00   clock source latency
     1    0.01    0.00    0.00    0.00 ^ clk (in)
                                         clk (net)
                  0.00    0.00    0.00 ^ clkbuf_0_clk/A (sky130_fd_sc_hd__clkbuf_16)
     4    0.03    0.05    0.12    0.12 ^ clkbuf_0_clk/X (sky130_fd_sc_hd__clkbuf_16)
                                         clknet_0_clk (net)
                  0.05    0.00    0.12 ^ clkbuf_2_3__f_clk/A (sky130_fd_sc_hd__clkbuf_16)
     9    0.03    0.05    0.14    0.26 ^ clkbuf_2_3__f_clk/X (sky130_fd_sc_hd__clkbuf_16)
                                         clknet_2_3__leaf_clk (net)
                  0.05    0.00    0.26 ^ _335_/CLK (sky130_fd_sc_hd__dfrtp_4)
     3    0.03    0.09    0.51    0.77 v _335_/Q (sky130_fd_sc_hd__dfrtp_4)
                                         div.count[15] (net)
                  0.09    0.00    0.78 v _157_/A (sky130_fd_sc_hd__or4b_2)
     1    0.02    0.15    0.75    1.52 v _157_/X (sky130_fd_sc_hd__or4b_2)
                                         _074_ (net)
                  0.15    0.00    1.53 v _161_/A (sky130_fd_sc_hd__or4_2)
     2    0.02    0.15    0.77    2.30 v _161_/X (sky130_fd_sc_hd__or4_2)
                                         _078_ (net)
                  0.15    0.00    2.30 v _199_/A (sky130_fd_sc_hd__or3_4)
     4    0.02    0.08    0.45    2.75 v _199_/X (sky130_fd_sc_hd__or3_4)
                                         _106_ (net)
                  0.08    0.00    2.75 v _214_/C1 (sky130_fd_sc_hd__o211a_1)
     1    0.00    0.04    0.12    2.87 v _214_/X (sky130_fd_sc_hd__o211a_1)
                                         _009_ (net)
                  0.04    0.00    2.87 v _334_/D (sky130_fd_sc_hd__dfrtp_2)
                                  2.87   data arrival time

                         10.00   10.00   clock core_clock (rise edge)
                          0.00   10.00   clock source latency
     1    0.01    0.00    0.00   10.00 ^ clk (in)
                                         clk (net)
                  0.00    0.00   10.00 ^ clkbuf_0_clk/A (sky130_fd_sc_hd__clkbuf_16)
     4    0.03    0.05    0.12   10.12 ^ clkbuf_0_clk/X (sky130_fd_sc_hd__clkbuf_16)
                                         clknet_0_clk (net)
                  0.05    0.00   10.12 ^ clkbuf_2_2__f_clk/A (sky130_fd_sc_hd__clkbuf_16)
     7    0.02    0.04    0.13   10.25 ^ clkbuf_2_2__f_clk/X (sky130_fd_sc_hd__clkbuf_16)
                                         clknet_2_2__leaf_clk (net)
                  0.04    0.00   10.25 ^ _334_/CLK (sky130_fd_sc_hd__dfrtp_2)
                          0.00   10.25   clock reconvergence pessimism
                         -0.11   10.14   library setup time
                                 10.14   data required time
-----------------------------------------------------------------------------
                                 10.14   data required time
                                 -2.87   data arrival time
-----------------------------------------------------------------------------
                                  7.26   slack (MET)


Startpoint: _335_ (rising edge-triggered flip-flop clocked by core_clock)
Endpoint: _329_ (rising edge-triggered flip-flop clocked by core_clock)
Path Group: core_clock
Path Type: max

Fanout     Cap    Slew   Delay    Time   Description
-----------------------------------------------------------------------------
                          0.00    0.00   clock core_clock (rise edge)
                          0.00    0.00   clock source latency
     1    0.01    0.00    0.00    0.00 ^ clk (in)
                                         clk (net)
                  0.00    0.00    0.00 ^ clkbuf_0_clk/A (sky130_fd_sc_hd__clkbuf_16)
     4    0.03    0.05    0.12    0.12 ^ clkbuf_0_clk/X (sky130_fd_sc_hd__clkbuf_16)
                                         clknet_0_clk (net)
                  0.05    0.00    0.12 ^ clkbuf_2_3__f_clk/A (sky130_fd_sc_hd__clkbuf_16)
     9    0.03    0.05    0.14    0.26 ^ clkbuf_2_3__f_clk/X (sky130_fd_sc_hd__clkbuf_16)
                                         clknet_2_3__leaf_clk (net)
                  0.05    0.00    0.26 ^ _335_/CLK (sky130_fd_sc_hd__dfrtp_4)
     3    0.03    0.09    0.51    0.77 v _335_/Q (sky130_fd_sc_hd__dfrtp_4)
                                         div.count[15] (net)
                  0.09    0.00    0.78 v _157_/A (sky130_fd_sc_hd__or4b_2)
     1    0.02    0.15    0.75    1.52 v _157_/X (sky130_fd_sc_hd__or4b_2)
                                         _074_ (net)
                  0.15    0.00    1.53 v _161_/A (sky130_fd_sc_hd__or4_2)
     2    0.02    0.15    0.77    2.30 v _161_/X (sky130_fd_sc_hd__or4_2)
                                         _078_ (net)
                  0.15    0.00    2.30 v _199_/A (sky130_fd_sc_hd__or3_4)
     4    0.02    0.08    0.45    2.75 v _199_/X (sky130_fd_sc_hd__or3_4)
                                         _106_ (net)
                  0.08    0.00    2.75 v _201_/A (sky130_fd_sc_hd__nand2_1)
     1    0.00    0.04    0.07    2.82 ^ _201_/Y (sky130_fd_sc_hd__nand2_1)
                                         _108_ (net)
                  0.04    0.00    2.82 ^ _202_/B (sky130_fd_sc_hd__nor2_1)
     1    0.00    0.03    0.03    2.85 v _202_/Y (sky130_fd_sc_hd__nor2_1)
                                         _035_ (net)
                  0.03    0.00    2.85 v _329_/D (sky130_fd_sc_hd__dfrtp_4)
                                  2.85   data arrival time

                         10.00   10.00   clock core_clock (rise edge)
                          0.00   10.00   clock source latency
     1    0.01    0.00    0.00   10.00 ^ clk (in)
                                         clk (net)
                  0.00    0.00   10.00 ^ clkbuf_0_clk/A (sky130_fd_sc_hd__clkbuf_16)
     4    0.03    0.05    0.12   10.12 ^ clkbuf_0_clk/X (sky130_fd_sc_hd__clkbuf_16)
                                         clknet_0_clk (net)
                  0.05    0.00   10.12 ^ clkbuf_2_1__f_clk/A (sky130_fd_sc_hd__clkbuf_16)
    11    0.02    0.04    0.13   10.25 ^ clkbuf_2_1__f_clk/X (sky130_fd_sc_hd__clkbuf_16)
                                         clknet_2_1__leaf_clk (net)
                  0.04    0.00   10.25 ^ _329_/CLK (sky130_fd_sc_hd__dfrtp_4)
                          0.00   10.25   clock reconvergence pessimism
                         -0.11   10.14   library setup time
                                 10.14   data required time
-----------------------------------------------------------------------------
                                 10.14   data required time
                                 -2.85   data arrival time
-----------------------------------------------------------------------------
                                  7.29   slack (MET)


Startpoint: _322_ (rising edge-triggered flip-flop clocked by core_clock)
Endpoint: _349_ (rising edge-triggered flip-flop clocked by core_clock)
Path Group: core_clock
Path Type: max

Fanout     Cap    Slew   Delay    Time   Description
-----------------------------------------------------------------------------
                          0.00    0.00   clock core_clock (rise edge)
                          0.00    0.00   clock source latency
     1    0.01    0.00    0.00    0.00 ^ clk (in)
                                         clk (net)
                  0.00    0.00    0.00 ^ clkbuf_0_clk/A (sky130_fd_sc_hd__clkbuf_16)
     4    0.03    0.05    0.12    0.12 ^ clkbuf_0_clk/X (sky130_fd_sc_hd__clkbuf_16)
                                         clknet_0_clk (net)
                  0.05    0.00    0.12 ^ clkbuf_2_1__f_clk/A (sky130_fd_sc_hd__clkbuf_16)
    11    0.02    0.04    0.13    0.25 ^ clkbuf_2_1__f_clk/X (sky130_fd_sc_hd__clkbuf_16)
                                         clknet_2_1__leaf_clk (net)
                  0.04    0.00    0.25 ^ _322_/CLK (sky130_fd_sc_hd__dfrtp_4)
     4    0.02    0.08    0.50    0.75 v _322_/Q (sky130_fd_sc_hd__dfrtp_4)
                                         div.count[2] (net)
                  0.08    0.00    0.75 v _176_/C (sky130_fd_sc_hd__and4_1)
     1    0.00    0.04    0.19    0.95 v _176_/X (sky130_fd_sc_hd__and4_1)
                                         _089_ (net)
                  0.04    0.00    0.95 v _177_/A (sky130_fd_sc_hd__clkbuf_4)
     8    0.02    0.05    0.15    1.10 v _177_/X (sky130_fd_sc_hd__clkbuf_4)
                                         _090_ (net)
                  0.05    0.00    1.10 v _217_/A (sky130_fd_sc_hd__and4_1)
     1    0.01    0.07    0.18    1.28 v _217_/X (sky130_fd_sc_hd__and4_1)
                                         _117_ (net)
                  0.07    0.00    1.28 v _218_/A (sky130_fd_sc_hd__clkbuf_4)
     9    0.03    0.07    0.18    1.46 v _218_/X (sky130_fd_sc_hd__clkbuf_4)
                                         _118_ (net)
                  0.07    0.00    1.46 v _251_/A (sky130_fd_sc_hd__and3_2)
     5    0.03    0.09    0.24    1.70 v _251_/X (sky130_fd_sc_hd__and3_2)
                                         _140_ (net)
                  0.09    0.00    1.70 v _253_/B (sky130_fd_sc_hd__and2_1)
     2    0.01    0.06    0.20    1.90 v _253_/X (sky130_fd_sc_hd__and2_1)
                                         _141_ (net)
                  0.06    0.00    1.90 v _257_/A2 (sky130_fd_sc_hd__o21a_1)
     1    0.01    0.08    0.21    2.12 v _257_/X (sky130_fd_sc_hd__o21a_1)
                                         _025_ (net)
                  0.08    0.00    2.12 v _349_/D (sky130_fd_sc_hd__dfrtp_4)
                                  2.12   data arrival time

                         10.00   10.00   clock core_clock (rise edge)
                          0.00   10.00   clock source latency
     1    0.01    0.00    0.00   10.00 ^ clk (in)
                                         clk (net)
                  0.00    0.00   10.00 ^ clkbuf_0_clk/A (sky130_fd_sc_hd__clkbuf_16)
     4    0.03    0.05    0.12   10.12 ^ clkbuf_0_clk/X (sky130_fd_sc_hd__clkbuf_16)
                                         clknet_0_clk (net)
                  0.05    0.00   10.12 ^ clkbuf_2_3__f_clk/A (sky130_fd_sc_hd__clkbuf_16)
     9    0.03    0.05    0.14   10.26 ^ clkbuf_2_3__f_clk/X (sky130_fd_sc_hd__clkbuf_16)
                                         clknet_2_3__leaf_clk (net)
                  0.05    0.00   10.26 ^ _349_/CLK (sky130_fd_sc_hd__dfrtp_4)
                          0.00   10.26   clock reconvergence pessimism
                         -0.13   10.14   library setup time
                                 10.14   data required time
-----------------------------------------------------------------------------
                                 10.14   data required time
                                 -2.12   data arrival time
-----------------------------------------------------------------------------
                                  8.02   slack (MET)


Startpoint: _321_ (rising edge-triggered flip-flop clocked by core_clock)
Endpoint: _351_ (rising edge-triggered flip-flop clocked by core_clock)
Path Group: core_clock
Path Type: max

Fanout     Cap    Slew   Delay    Time   Description
-----------------------------------------------------------------------------
                          0.00    0.00   clock core_clock (rise edge)
                          0.00    0.00   clock source latency
     1    0.01    0.00    0.00    0.00 ^ clk (in)
                                         clk (net)
                  0.00    0.00    0.00 ^ clkbuf_0_clk/A (sky130_fd_sc_hd__clkbuf_16)
     4    0.03    0.05    0.12    0.12 ^ clkbuf_0_clk/X (sky130_fd_sc_hd__clkbuf_16)
                                         clknet_0_clk (net)
                  0.05    0.00    0.12 ^ clkbuf_2_1__f_clk/A (sky130_fd_sc_hd__clkbuf_16)
    11    0.02    0.04    0.13    0.25 ^ clkbuf_2_1__f_clk/X (sky130_fd_sc_hd__clkbuf_16)
                                         clknet_2_1__leaf_clk (net)
                  0.04    0.00    0.25 ^ _321_/CLK (sky130_fd_sc_hd__dfrtp_4)
     5    0.03    0.11    0.45    0.70 ^ _321_/Q (sky130_fd_sc_hd__dfrtp_4)
                                         div.count[1] (net)
                  0.11    0.00    0.70 ^ _176_/B (sky130_fd_sc_hd__and4_1)
     1    0.00    0.05    0.18    0.88 ^ _176_/X (sky130_fd_sc_hd__and4_1)
                                         _089_ (net)
                  0.05    0.00    0.88 ^ _177_/A (sky130_fd_sc_hd__clkbuf_4)
     8    0.02    0.07    0.15    1.03 ^ _177_/X (sky130_fd_sc_hd__clkbuf_4)
                                         _090_ (net)
                  0.07    0.00    1.03 ^ _217_/A (sky130_fd_sc_hd__and4_1)
     1    0.01    0.11    0.22    1.25 ^ _217_/X (sky130_fd_sc_hd__and4_1)
                                         _117_ (net)
                  0.11    0.00    1.26 ^ _218_/A (sky130_fd_sc_hd__clkbuf_4)
     9    0.03    0.10    0.20    1.45 ^ _218_/X (sky130_fd_sc_hd__clkbuf_4)
                                         _118_ (net)
                  0.10    0.00    1.46 ^ _251_/A (sky130_fd_sc_hd__and3_2)
     5    0.03    0.15    0.27    1.72 ^ _251_/X (sky130_fd_sc_hd__and3_2)
                                         _140_ (net)
                  0.15    0.00    1.72 ^ _259_/D (sky130_fd_sc_hd__and4_1)
     1    0.01    0.09    0.24    1.97 ^ _259_/X (sky130_fd_sc_hd__and4_1)
                                         _144_ (net)
                  0.09    0.00    1.97 ^ _260_/B (sky130_fd_sc_hd__xor2_1)
     1    0.01    0.16    0.19    2.15 ^ _260_/X (sky130_fd_sc_hd__xor2_1)
                                         _028_ (net)
                  0.16    0.00    2.15 ^ _351_/D (sky130_fd_sc_hd__dfrtp_1)
                                  2.15   data arrival time

                         10.00   10.00   clock core_clock (rise edge)
                          0.00   10.00   clock source latency
     1    0.01    0.00    0.00   10.00 ^ clk (in)
                                         clk (net)
                  0.00    0.00   10.00 ^ clkbuf_0_clk/A (sky130_fd_sc_hd__clkbuf_16)
     4    0.03    0.05    0.12   10.12 ^ clkbuf_0_clk/X (sky130_fd_sc_hd__clkbuf_16)
                                         clknet_0_clk (net)
                  0.05    0.00   10.12 ^ clkbuf_2_3__f_clk/A (sky130_fd_sc_hd__clkbuf_16)
     9    0.03    0.05    0.14   10.26 ^ clkbuf_2_3__f_clk/X (sky130_fd_sc_hd__clkbuf_16)
                                         clknet_2_3__leaf_clk (net)
                  0.05    0.00   10.26 ^ _351_/CLK (sky130_fd_sc_hd__dfrtp_1)
                          0.00   10.26   clock reconvergence pessimism
                         -0.09   10.18   library setup time
                                 10.18   data required time
-----------------------------------------------------------------------------
                                 10.18   data required time
                                 -2.15   data arrival time
-----------------------------------------------------------------------------
                                  8.02   slack (MET)


Startpoint: _321_ (rising edge-triggered flip-flop clocked by core_clock)
Endpoint: _343_ (rising edge-triggered flip-flop clocked by core_clock)
Path Group: core_clock
Path Type: max

Fanout     Cap    Slew   Delay    Time   Description
-----------------------------------------------------------------------------
                          0.00    0.00   clock core_clock (rise edge)
                          0.00    0.00   clock source latency
     1    0.01    0.00    0.00    0.00 ^ clk (in)
                                         clk (net)
                  0.00    0.00    0.00 ^ clkbuf_0_clk/A (sky130_fd_sc_hd__clkbuf_16)
     4    0.03    0.05    0.12    0.12 ^ clkbuf_0_clk/X (sky130_fd_sc_hd__clkbuf_16)
                                         clknet_0_clk (net)
                  0.05    0.00    0.12 ^ clkbuf_2_1__f_clk/A (sky130_fd_sc_hd__clkbuf_16)
    11    0.02    0.04    0.13    0.25 ^ clkbuf_2_1__f_clk/X (sky130_fd_sc_hd__clkbuf_16)
                                         clknet_2_1__leaf_clk (net)
                  0.04    0.00    0.25 ^ _321_/CLK (sky130_fd_sc_hd__dfrtp_4)
     5    0.03    0.11    0.45    0.70 ^ _321_/Q (sky130_fd_sc_hd__dfrtp_4)
                                         div.count[1] (net)
                  0.11    0.00    0.70 ^ _176_/B (sky130_fd_sc_hd__and4_1)
     1    0.00    0.05    0.18    0.88 ^ _176_/X (sky130_fd_sc_hd__and4_1)
                                         _089_ (net)
                  0.05    0.00    0.88 ^ _177_/A (sky130_fd_sc_hd__clkbuf_4)
     8    0.02    0.07    0.15    1.03 ^ _177_/X (sky130_fd_sc_hd__clkbuf_4)
                                         _090_ (net)
                  0.07    0.00    1.03 ^ _217_/A (sky130_fd_sc_hd__and4_1)
     1    0.01    0.11    0.22    1.25 ^ _217_/X (sky130_fd_sc_hd__and4_1)
                                         _117_ (net)
                  0.11    0.00    1.26 ^ _218_/A (sky130_fd_sc_hd__clkbuf_4)
     9    0.03    0.10    0.20    1.45 ^ _218_/X (sky130_fd_sc_hd__clkbuf_4)
                                         _118_ (net)
                  0.10    0.00    1.45 ^ _232_/B (sky130_fd_sc_hd__and3_2)
     4    0.01    0.10    0.23    1.68 ^ _232_/X (sky130_fd_sc_hd__and3_2)
                                         _128_ (net)
                  0.10    0.00    1.68 ^ _237_/C (sky130_fd_sc_hd__nand3_2)
     2    0.02    0.11    0.13    1.81 v _237_/Y (sky130_fd_sc_hd__nand3_2)
                                         _131_ (net)
                  0.11    0.00    1.81 v _240_/B (sky130_fd_sc_hd__xnor2_1)
     1    0.01    0.28    0.27    2.09 ^ _240_/Y (sky130_fd_sc_hd__xnor2_1)
                                         _019_ (net)
                  0.28    0.00    2.09 ^ _343_/D (sky130_fd_sc_hd__dfrtp_2)
                                  2.09   data arrival time

                         10.00   10.00   clock core_clock (rise edge)
                          0.00   10.00   clock source latency
     1    0.01    0.00    0.00   10.00 ^ clk (in)
                                         clk (net)
                  0.00    0.00   10.00 ^ clkbuf_0_clk/A (sky130_fd_sc_hd__clkbuf_16)
     4    0.03    0.05    0.12   10.12 ^ clkbuf_0_clk/X (sky130_fd_sc_hd__clkbuf_16)
                                         clknet_0_clk (net)
                  0.05    0.00   10.12 ^ clkbuf_2_1__f_clk/A (sky130_fd_sc_hd__clkbuf_16)
    11    0.02    0.04    0.13   10.25 ^ clkbuf_2_1__f_clk/X (sky130_fd_sc_hd__clkbuf_16)
                                         clknet_2_1__leaf_clk (net)
                  0.04    0.00   10.25 ^ _343_/CLK (sky130_fd_sc_hd__dfrtp_2)
                          0.00   10.25   clock reconvergence pessimism
                         -0.12   10.13   library setup time
                                 10.13   data required time
-----------------------------------------------------------------------------
                                 10.13   data required time
                                 -2.09   data arrival time
-----------------------------------------------------------------------------
                                  8.05   slack (MET)


Startpoint: _322_ (rising edge-triggered flip-flop clocked by core_clock)
Endpoint: _348_ (rising edge-triggered flip-flop clocked by core_clock)
Path Group: core_clock
Path Type: max

Fanout     Cap    Slew   Delay    Time   Description
-----------------------------------------------------------------------------
                          0.00    0.00   clock core_clock (rise edge)
                          0.00    0.00   clock source latency
     1    0.01    0.00    0.00    0.00 ^ clk (in)
                                         clk (net)
                  0.00    0.00    0.00 ^ clkbuf_0_clk/A (sky130_fd_sc_hd__clkbuf_16)
     4    0.03    0.05    0.12    0.12 ^ clkbuf_0_clk/X (sky130_fd_sc_hd__clkbuf_16)
                                         clknet_0_clk (net)
                  0.05    0.00    0.12 ^ clkbuf_2_1__f_clk/A (sky130_fd_sc_hd__clkbuf_16)
    11    0.02    0.04    0.13    0.25 ^ clkbuf_2_1__f_clk/X (sky130_fd_sc_hd__clkbuf_16)
                                         clknet_2_1__leaf_clk (net)
                  0.04    0.00    0.25 ^ _322_/CLK (sky130_fd_sc_hd__dfrtp_4)
     4    0.02    0.08    0.50    0.75 v _322_/Q (sky130_fd_sc_hd__dfrtp_4)
                                         div.count[2] (net)
                  0.08    0.00    0.75 v _176_/C (sky130_fd_sc_hd__and4_1)
     1    0.00    0.04    0.19    0.95 v _176_/X (sky130_fd_sc_hd__and4_1)
                                         _089_ (net)
                  0.04    0.00    0.95 v _177_/A (sky130_fd_sc_hd__clkbuf_4)
     8    0.02    0.05    0.15    1.10 v _177_/X (sky130_fd_sc_hd__clkbuf_4)
                                         _090_ (net)
                  0.05    0.00    1.10 v _217_/A (sky130_fd_sc_hd__and4_1)
     1    0.01    0.07    0.18    1.28 v _217_/X (sky130_fd_sc_hd__and4_1)
                                         _117_ (net)
                  0.07    0.00    1.28 v _218_/A (sky130_fd_sc_hd__clkbuf_4)
     9    0.03    0.07    0.18    1.46 v _218_/X (sky130_fd_sc_hd__clkbuf_4)
                                         _118_ (net)
                  0.07    0.00    1.46 v _251_/A (sky130_fd_sc_hd__and3_2)
     5    0.03    0.09    0.24    1.70 v _251_/X (sky130_fd_sc_hd__and3_2)
                                         _140_ (net)
                  0.09    0.00    1.70 v _254_/B (sky130_fd_sc_hd__nor2_1)
     1    0.01    0.28    0.24    1.95 ^ _254_/Y (sky130_fd_sc_hd__nor2_1)
                                         _142_ (net)
                  0.28    0.00    1.95 ^ _255_/B (sky130_fd_sc_hd__nor2_1)
     1    0.01    0.09    0.12    2.07 v _255_/Y (sky130_fd_sc_hd__nor2_1)
                                         _024_ (net)
                  0.09    0.00    2.07 v _348_/D (sky130_fd_sc_hd__dfrtp_4)
                                  2.07   data arrival time

                         10.00   10.00   clock core_clock (rise edge)
                          0.00   10.00   clock source latency
     1    0.01    0.00    0.00   10.00 ^ clk (in)
                                         clk (net)
                  0.00    0.00   10.00 ^ clkbuf_0_clk/A (sky130_fd_sc_hd__clkbuf_16)
     4    0.03    0.05    0.12   10.12 ^ clkbuf_0_clk/X (sky130_fd_sc_hd__clkbuf_16)
                                         clknet_0_clk (net)
                  0.05    0.00   10.12 ^ clkbuf_2_1__f_clk/A (sky130_fd_sc_hd__clkbuf_16)
    11    0.02    0.04    0.13   10.25 ^ clkbuf_2_1__f_clk/X (sky130_fd_sc_hd__clkbuf_16)
                                         clknet_2_1__leaf_clk (net)
                  0.04    0.00   10.25 ^ _348_/CLK (sky130_fd_sc_hd__dfrtp_4)
                          0.00   10.25   clock reconvergence pessimism
                         -0.13   10.12   library setup time
                                 10.12   data required time
-----------------------------------------------------------------------------
                                 10.12   data required time
                                 -2.07   data arrival time
-----------------------------------------------------------------------------
                                  8.05   slack (MET)


Startpoint: _322_ (rising edge-triggered flip-flop clocked by core_clock)
Endpoint: _347_ (rising edge-triggered flip-flop clocked by core_clock)
Path Group: core_clock
Path Type: max

Fanout     Cap    Slew   Delay    Time   Description
-----------------------------------------------------------------------------
                          0.00    0.00   clock core_clock (rise edge)
                          0.00    0.00   clock source latency
     1    0.01    0.00    0.00    0.00 ^ clk (in)
                                         clk (net)
                  0.00    0.00    0.00 ^ clkbuf_0_clk/A (sky130_fd_sc_hd__clkbuf_16)
     4    0.03    0.05    0.12    0.12 ^ clkbuf_0_clk/X (sky130_fd_sc_hd__clkbuf_16)
                                         clknet_0_clk (net)
                  0.05    0.00    0.12 ^ clkbuf_2_1__f_clk/A (sky130_fd_sc_hd__clkbuf_16)
    11    0.02    0.04    0.13    0.25 ^ clkbuf_2_1__f_clk/X (sky130_fd_sc_hd__clkbuf_16)
                                         clknet_2_1__leaf_clk (net)
                  0.04    0.00    0.25 ^ _322_/CLK (sky130_fd_sc_hd__dfrtp_4)
     4    0.02    0.08    0.50    0.75 v _322_/Q (sky130_fd_sc_hd__dfrtp_4)
                                         div.count[2] (net)
                  0.08    0.00    0.75 v _176_/C (sky130_fd_sc_hd__and4_1)
     1    0.00    0.04    0.19    0.95 v _176_/X (sky130_fd_sc_hd__and4_1)
                                         _089_ (net)
                  0.04    0.00    0.95 v _177_/A (sky130_fd_sc_hd__clkbuf_4)
     8    0.02    0.05    0.15    1.10 v _177_/X (sky130_fd_sc_hd__clkbuf_4)
                                         _090_ (net)
                  0.05    0.00    1.10 v _217_/A (sky130_fd_sc_hd__and4_1)
     1    0.01    0.07    0.18    1.28 v _217_/X (sky130_fd_sc_hd__and4_1)
                                         _117_ (net)
                  0.07    0.00    1.28 v _218_/A (sky130_fd_sc_hd__clkbuf_4)
     9    0.03    0.07    0.18    1.46 v _218_/X (sky130_fd_sc_hd__clkbuf_4)
                                         _118_ (net)
                  0.07    0.00    1.46 v _243_/A (sky130_fd_sc_hd__and2_2)
     4    0.02    0.08    0.23    1.69 v _243_/X (sky130_fd_sc_hd__and2_2)
                                         _135_ (net)
                  0.08    0.00    1.69 v _249_/D (sky130_fd_sc_hd__and4_1)
     1    0.01    0.06    0.24    1.93 v _249_/X (sky130_fd_sc_hd__and4_1)
                                         _138_ (net)
                  0.06    0.00    1.93 v _252_/A2 (sky130_fd_sc_hd__o21ba_1)
     1    0.00    0.03    0.16    2.09 v _252_/X (sky130_fd_sc_hd__o21ba_1)
                                         _023_ (net)
                  0.03    0.00    2.09 v _347_/D (sky130_fd_sc_hd__dfrtp_1)
                                  2.09   data arrival time

                         10.00   10.00   clock core_clock (rise edge)
                          0.00   10.00   clock source latency
     1    0.01    0.00    0.00   10.00 ^ clk (in)
                                         clk (net)
                  0.00    0.00   10.00 ^ clkbuf_0_clk/A (sky130_fd_sc_hd__clkbuf_16)
     4    0.03    0.05    0.12   10.12 ^ clkbuf_0_clk/X (sky130_fd_sc_hd__clkbuf_16)
                                         clknet_0_clk (net)
                  0.05    0.00   10.12 ^ clkbuf_2_3__f_clk/A (sky130_fd_sc_hd__clkbuf_16)
     9    0.03    0.05    0.14   10.26 ^ clkbuf_2_3__f_clk/X (sky130_fd_sc_hd__clkbuf_16)
                                         clknet_2_3__leaf_clk (net)
                  0.05    0.00   10.26 ^ _347_/CLK (sky130_fd_sc_hd__dfrtp_1)
                          0.00   10.26   clock reconvergence pessimism
                         -0.11   10.15   library setup time
                                 10.15   data required time
-----------------------------------------------------------------------------
                                 10.15   data required time
                                 -2.09   data arrival time
-----------------------------------------------------------------------------
                                  8.06   slack (MET)


Startpoint: _322_ (rising edge-triggered flip-flop clocked by core_clock)
Endpoint: _345_ (rising edge-triggered flip-flop clocked by core_clock)
Path Group: core_clock
Path Type: max

Fanout     Cap    Slew   Delay    Time   Description
-----------------------------------------------------------------------------
                          0.00    0.00   clock core_clock (rise edge)
                          0.00    0.00   clock source latency
     1    0.01    0.00    0.00    0.00 ^ clk (in)
                                         clk (net)
                  0.00    0.00    0.00 ^ clkbuf_0_clk/A (sky130_fd_sc_hd__clkbuf_16)
     4    0.03    0.05    0.12    0.12 ^ clkbuf_0_clk/X (sky130_fd_sc_hd__clkbuf_16)
                                         clknet_0_clk (net)
                  0.05    0.00    0.12 ^ clkbuf_2_1__f_clk/A (sky130_fd_sc_hd__clkbuf_16)
    11    0.02    0.04    0.13    0.25 ^ clkbuf_2_1__f_clk/X (sky130_fd_sc_hd__clkbuf_16)
                                         clknet_2_1__leaf_clk (net)
                  0.04    0.00    0.25 ^ _322_/CLK (sky130_fd_sc_hd__dfrtp_4)
     4    0.02    0.08    0.50    0.75 v _322_/Q (sky130_fd_sc_hd__dfrtp_4)
                                         div.count[2] (net)
                  0.08    0.00    0.75 v _176_/C (sky130_fd_sc_hd__and4_1)
     1    0.00    0.04    0.19    0.95 v _176_/X (sky130_fd_sc_hd__and4_1)
                                         _089_ (net)
                  0.04    0.00    0.95 v _177_/A (sky130_fd_sc_hd__clkbuf_4)
     8    0.02    0.05    0.15    1.10 v _177_/X (sky130_fd_sc_hd__clkbuf_4)
                                         _090_ (net)
                  0.05    0.00    1.10 v _217_/A (sky130_fd_sc_hd__and4_1)
     1    0.01    0.07    0.18    1.28 v _217_/X (sky130_fd_sc_hd__and4_1)
                                         _117_ (net)
                  0.07    0.00    1.28 v _218_/A (sky130_fd_sc_hd__clkbuf_4)
     9    0.03    0.07    0.18    1.46 v _218_/X (sky130_fd_sc_hd__clkbuf_4)
                                         _118_ (net)
                  0.07    0.00    1.46 v _243_/A (sky130_fd_sc_hd__and2_2)
     4    0.02    0.08    0.23    1.69 v _243_/X (sky130_fd_sc_hd__and2_2)
                                         _135_ (net)
                  0.08    0.00    1.69 v _246_/C (sky130_fd_sc_hd__and3_1)
     2    0.01    0.05    0.21    1.90 v _246_/X (sky130_fd_sc_hd__and3_1)
                                         _137_ (net)
                  0.05    0.00    1.90 v _247_/B (sky130_fd_sc_hd__nor2_1)
     1    0.01    0.21    0.18    2.08 ^ _247_/Y (sky130_fd_sc_hd__nor2_1)
                                         _021_ (net)
                  0.21    0.00    2.09 ^ _345_/D (sky130_fd_sc_hd__dfrtp_2)
                                  2.09   data arrival time

                         10.00   10.00   clock core_clock (rise edge)
                          0.00   10.00   clock source latency
     1    0.01    0.00    0.00   10.00 ^ clk (in)
                                         clk (net)
                  0.00    0.00   10.00 ^ clkbuf_0_clk/A (sky130_fd_sc_hd__clkbuf_16)
     4    0.03    0.05    0.12   10.12 ^ clkbuf_0_clk/X (sky130_fd_sc_hd__clkbuf_16)
                                         clknet_0_clk (net)
                  0.05    0.00   10.12 ^ clkbuf_2_3__f_clk/A (sky130_fd_sc_hd__clkbuf_16)
     9    0.03    0.05    0.14   10.26 ^ clkbuf_2_3__f_clk/X (sky130_fd_sc_hd__clkbuf_16)
                                         clknet_2_3__leaf_clk (net)
                  0.05    0.00   10.26 ^ _345_/CLK (sky130_fd_sc_hd__dfrtp_2)
                          0.00   10.26   clock reconvergence pessimism
                         -0.10   10.16   library setup time
                                 10.16   data required time
-----------------------------------------------------------------------------
                                 10.16   data required time
                                 -2.09   data arrival time
-----------------------------------------------------------------------------
                                  8.08   slack (MET)


Startpoint: _322_ (rising edge-triggered flip-flop clocked by core_clock)
Endpoint: _346_ (rising edge-triggered flip-flop clocked by core_clock)
Path Group: core_clock
Path Type: max

Fanout     Cap    Slew   Delay    Time   Description
-----------------------------------------------------------------------------
                          0.00    0.00   clock core_clock (rise edge)
                          0.00    0.00   clock source latency
     1    0.01    0.00    0.00    0.00 ^ clk (in)
                                         clk (net)
                  0.00    0.00    0.00 ^ clkbuf_0_clk/A (sky130_fd_sc_hd__clkbuf_16)
     4    0.03    0.05    0.12    0.12 ^ clkbuf_0_clk/X (sky130_fd_sc_hd__clkbuf_16)
                                         clknet_0_clk (net)
                  0.05    0.00    0.12 ^ clkbuf_2_1__f_clk/A (sky130_fd_sc_hd__clkbuf_16)
    11    0.02    0.04    0.13    0.25 ^ clkbuf_2_1__f_clk/X (sky130_fd_sc_hd__clkbuf_16)
                                         clknet_2_1__leaf_clk (net)
                  0.04    0.00    0.25 ^ _322_/CLK (sky130_fd_sc_hd__dfrtp_4)
     4    0.02    0.08    0.50    0.75 v _322_/Q (sky130_fd_sc_hd__dfrtp_4)
                                         div.count[2] (net)
                  0.08    0.00    0.75 v _176_/C (sky130_fd_sc_hd__and4_1)
     1    0.00    0.04    0.19    0.95 v _176_/X (sky130_fd_sc_hd__and4_1)
                                         _089_ (net)
                  0.04    0.00    0.95 v _177_/A (sky130_fd_sc_hd__clkbuf_4)
     8    0.02    0.05    0.15    1.10 v _177_/X (sky130_fd_sc_hd__clkbuf_4)
                                         _090_ (net)
                  0.05    0.00    1.10 v _217_/A (sky130_fd_sc_hd__and4_1)
     1    0.01    0.07    0.18    1.28 v _217_/X (sky130_fd_sc_hd__and4_1)
                                         _117_ (net)
                  0.07    0.00    1.28 v _218_/A (sky130_fd_sc_hd__clkbuf_4)
     9    0.03    0.07    0.18    1.46 v _218_/X (sky130_fd_sc_hd__clkbuf_4)
                                         _118_ (net)
                  0.07    0.00    1.46 v _243_/A (sky130_fd_sc_hd__and2_2)
     4    0.02    0.08    0.23    1.69 v _243_/X (sky130_fd_sc_hd__and2_2)
                                         _135_ (net)
                  0.08    0.00    1.69 v _246_/C (sky130_fd_sc_hd__and3_1)
     2    0.01    0.05    0.21    1.90 v _246_/X (sky130_fd_sc_hd__and3_1)
                                         _137_ (net)
                  0.05    0.00    1.90 v _248_/B (sky130_fd_sc_hd__xor2_1)
     1    0.01    0.06    0.15    2.05 v _248_/X (sky130_fd_sc_hd__xor2_1)
                                         _022_ (net)
                  0.06    0.00    2.05 v _346_/D (sky130_fd_sc_hd__dfrtp_2)
                                  2.05   data arrival time

                         10.00   10.00   clock core_clock (rise edge)
                          0.00   10.00   clock source latency
     1    0.01    0.00    0.00   10.00 ^ clk (in)
                                         clk (net)
                  0.00    0.00   10.00 ^ clkbuf_0_clk/A (sky130_fd_sc_hd__clkbuf_16)
     4    0.03    0.05    0.12   10.12 ^ clkbuf_0_clk/X (sky130_fd_sc_hd__clkbuf_16)
                                         clknet_0_clk (net)
                  0.05    0.00   10.12 ^ clkbuf_2_0__f_clk/A (sky130_fd_sc_hd__clkbuf_16)
     9    0.02    0.05    0.13   10.25 ^ clkbuf_2_0__f_clk/X (sky130_fd_sc_hd__clkbuf_16)
                                         clknet_2_0__leaf_clk (net)
                  0.05    0.00   10.25 ^ _346_/CLK (sky130_fd_sc_hd__dfrtp_2)
                          0.00   10.25   clock reconvergence pessimism
                         -0.12   10.13   library setup time
                                 10.13   data required time
-----------------------------------------------------------------------------
                                 10.13   data required time
                                 -2.05   data arrival time
-----------------------------------------------------------------------------
                                  8.08   slack (MET)


Startpoint: _321_ (rising edge-triggered flip-flop clocked by core_clock)
Endpoint: _350_ (rising edge-triggered flip-flop clocked by core_clock)
Path Group: core_clock
Path Type: max

Fanout     Cap    Slew   Delay    Time   Description
-----------------------------------------------------------------------------
                          0.00    0.00   clock core_clock (rise edge)
                          0.00    0.00   clock source latency
     1    0.01    0.00    0.00    0.00 ^ clk (in)
                                         clk (net)
                  0.00    0.00    0.00 ^ clkbuf_0_clk/A (sky130_fd_sc_hd__clkbuf_16)
     4    0.03    0.05    0.12    0.12 ^ clkbuf_0_clk/X (sky130_fd_sc_hd__clkbuf_16)
                                         clknet_0_clk (net)
                  0.05    0.00    0.12 ^ clkbuf_2_1__f_clk/A (sky130_fd_sc_hd__clkbuf_16)
    11    0.02    0.04    0.13    0.25 ^ clkbuf_2_1__f_clk/X (sky130_fd_sc_hd__clkbuf_16)
                                         clknet_2_1__leaf_clk (net)
                  0.04    0.00    0.25 ^ _321_/CLK (sky130_fd_sc_hd__dfrtp_4)
     5    0.03    0.11    0.45    0.70 ^ _321_/Q (sky130_fd_sc_hd__dfrtp_4)
                                         div.count[1] (net)
                  0.11    0.00    0.70 ^ _176_/B (sky130_fd_sc_hd__and4_1)
     1    0.00    0.05    0.18    0.88 ^ _176_/X (sky130_fd_sc_hd__and4_1)
                                         _089_ (net)
                  0.05    0.00    0.88 ^ _177_/A (sky130_fd_sc_hd__clkbuf_4)
     8    0.02    0.07    0.15    1.03 ^ _177_/X (sky130_fd_sc_hd__clkbuf_4)
                                         _090_ (net)
                  0.07    0.00    1.03 ^ _217_/A (sky130_fd_sc_hd__and4_1)
     1    0.01    0.11    0.22    1.25 ^ _217_/X (sky130_fd_sc_hd__and4_1)
                                         _117_ (net)
                  0.11    0.00    1.26 ^ _218_/A (sky130_fd_sc_hd__clkbuf_4)
     9    0.03    0.10    0.20    1.45 ^ _218_/X (sky130_fd_sc_hd__clkbuf_4)
                                         _118_ (net)
                  0.10    0.00    1.46 ^ _251_/A (sky130_fd_sc_hd__and3_2)
     5    0.03    0.15    0.27    1.72 ^ _251_/X (sky130_fd_sc_hd__and3_2)
                                         _140_ (net)
                  0.15    0.00    1.73 ^ _256_/C (sky130_fd_sc_hd__nand3_2)
     2    0.01    0.07    0.10    1.82 v _256_/Y (sky130_fd_sc_hd__nand3_2)
                                         _143_ (net)
                  0.07    0.00    1.82 v _258_/B (sky130_fd_sc_hd__xnor2_1)
     1    0.00    0.05    0.13    1.96 v _258_/Y (sky130_fd_sc_hd__xnor2_1)
                                         _027_ (net)
                  0.05    0.00    1.96 v _350_/D (sky130_fd_sc_hd__dfrtp_2)
                                  1.96   data arrival time

                         10.00   10.00   clock core_clock (rise edge)
                          0.00   10.00   clock source latency
     1    0.01    0.00    0.00   10.00 ^ clk (in)
                                         clk (net)
                  0.00    0.00   10.00 ^ clkbuf_0_clk/A (sky130_fd_sc_hd__clkbuf_16)
     4    0.03    0.05    0.12   10.12 ^ clkbuf_0_clk/X (sky130_fd_sc_hd__clkbuf_16)
                                         clknet_0_clk (net)
                  0.05    0.00   10.12 ^ clkbuf_2_0__f_clk/A (sky130_fd_sc_hd__clkbuf_16)
     9    0.02    0.05    0.13   10.25 ^ clkbuf_2_0__f_clk/X (sky130_fd_sc_hd__clkbuf_16)
                                         clknet_2_0__leaf_clk (net)
                  0.05    0.00   10.25 ^ _350_/CLK (sky130_fd_sc_hd__dfrtp_2)
                          0.00   10.25   clock reconvergence pessimism
                         -0.12   10.14   library setup time
                                 10.14   data required time
-----------------------------------------------------------------------------
                                 10.14   data required time
                                 -1.96   data arrival time
-----------------------------------------------------------------------------
                                  8.18   slack (MET)


Startpoint: _321_ (rising edge-triggered flip-flop clocked by core_clock)
Endpoint: _341_ (rising edge-triggered flip-flop clocked by core_clock)
Path Group: core_clock
Path Type: max

Fanout     Cap    Slew   Delay    Time   Description
-----------------------------------------------------------------------------
                          0.00    0.00   clock core_clock (rise edge)
                          0.00    0.00   clock source latency
     1    0.01    0.00    0.00    0.00 ^ clk (in)
                                         clk (net)
                  0.00    0.00    0.00 ^ clkbuf_0_clk/A (sky130_fd_sc_hd__clkbuf_16)
     4    0.03    0.05    0.12    0.12 ^ clkbuf_0_clk/X (sky130_fd_sc_hd__clkbuf_16)
                                         clknet_0_clk (net)
                  0.05    0.00    0.12 ^ clkbuf_2_1__f_clk/A (sky130_fd_sc_hd__clkbuf_16)
    11    0.02    0.04    0.13    0.25 ^ clkbuf_2_1__f_clk/X (sky130_fd_sc_hd__clkbuf_16)
                                         clknet_2_1__leaf_clk (net)
                  0.04    0.00    0.25 ^ _321_/CLK (sky130_fd_sc_hd__dfrtp_4)
     5    0.03    0.11    0.45    0.70 ^ _321_/Q (sky130_fd_sc_hd__dfrtp_4)
                                         div.count[1] (net)
                  0.11    0.00    0.70 ^ _176_/B (sky130_fd_sc_hd__and4_1)
     1    0.00    0.05    0.18    0.88 ^ _176_/X (sky130_fd_sc_hd__and4_1)
                                         _089_ (net)
                  0.05    0.00    0.88 ^ _177_/A (sky130_fd_sc_hd__clkbuf_4)
     8    0.02    0.07    0.15    1.03 ^ _177_/X (sky130_fd_sc_hd__clkbuf_4)
                                         _090_ (net)
                  0.07    0.00    1.03 ^ _217_/A (sky130_fd_sc_hd__and4_1)
     1    0.01    0.11    0.22    1.25 ^ _217_/X (sky130_fd_sc_hd__and4_1)
                                         _117_ (net)
                  0.11    0.00    1.26 ^ _218_/A (sky130_fd_sc_hd__clkbuf_4)
     9    0.03    0.10    0.20    1.45 ^ _218_/X (sky130_fd_sc_hd__clkbuf_4)
                                         _118_ (net)
                  0.10    0.00    1.45 ^ _232_/B (sky130_fd_sc_hd__and3_2)
     4    0.01    0.10    0.23    1.68 ^ _232_/X (sky130_fd_sc_hd__and3_2)
                                         _128_ (net)
                  0.10    0.00    1.68 ^ _235_/B (sky130_fd_sc_hd__xor2_1)
     1    0.01    0.24    0.24    1.93 ^ _235_/X (sky130_fd_sc_hd__xor2_1)
                                         _017_ (net)
                  0.24    0.00    1.93 ^ _341_/D (sky130_fd_sc_hd__dfrtp_4)
                                  1.93   data arrival time

                         10.00   10.00   clock core_clock (rise edge)
                          0.00   10.00   clock source latency
     1    0.01    0.00    0.00   10.00 ^ clk (in)
                                         clk (net)
                  0.00    0.00   10.00 ^ clkbuf_0_clk/A (sky130_fd_sc_hd__clkbuf_16)
     4    0.03    0.05    0.12   10.12 ^ clkbuf_0_clk/X (sky130_fd_sc_hd__clkbuf_16)
                                         clknet_0_clk (net)
                  0.05    0.00   10.12 ^ clkbuf_2_1__f_clk/A (sky130_fd_sc_hd__clkbuf_16)
    11    0.02    0.04    0.13   10.25 ^ clkbuf_2_1__f_clk/X (sky130_fd_sc_hd__clkbuf_16)
                                         clknet_2_1__leaf_clk (net)
                  0.04    0.00   10.25 ^ _341_/CLK (sky130_fd_sc_hd__dfrtp_4)
                          0.00   10.25   clock reconvergence pessimism
                         -0.11   10.14   library setup time
                                 10.14   data required time
-----------------------------------------------------------------------------
                                 10.14   data required time
                                 -1.93   data arrival time
-----------------------------------------------------------------------------
                                  8.22   slack (MET)


Startpoint: _322_ (rising edge-triggered flip-flop clocked by core_clock)
Endpoint: _335_ (rising edge-triggered flip-flop clocked by core_clock)
Path Group: core_clock
Path Type: max

Fanout     Cap    Slew   Delay    Time   Description
-----------------------------------------------------------------------------
                          0.00    0.00   clock core_clock (rise edge)
                          0.00    0.00   clock source latency
     1    0.01    0.00    0.00    0.00 ^ clk (in)
                                         clk (net)
                  0.00    0.00    0.00 ^ clkbuf_0_clk/A (sky130_fd_sc_hd__clkbuf_16)
     4    0.03    0.05    0.12    0.12 ^ clkbuf_0_clk/X (sky130_fd_sc_hd__clkbuf_16)
                                         clknet_0_clk (net)
                  0.05    0.00    0.12 ^ clkbuf_2_1__f_clk/A (sky130_fd_sc_hd__clkbuf_16)
    11    0.02    0.04    0.13    0.25 ^ clkbuf_2_1__f_clk/X (sky130_fd_sc_hd__clkbuf_16)
                                         clknet_2_1__leaf_clk (net)
                  0.04    0.00    0.25 ^ _322_/CLK (sky130_fd_sc_hd__dfrtp_4)
     4    0.02    0.08    0.50    0.75 v _322_/Q (sky130_fd_sc_hd__dfrtp_4)
                                         div.count[2] (net)
                  0.08    0.00    0.75 v _176_/C (sky130_fd_sc_hd__and4_1)
     1    0.00    0.04    0.19    0.95 v _176_/X (sky130_fd_sc_hd__and4_1)
                                         _089_ (net)
                  0.04    0.00    0.95 v _177_/A (sky130_fd_sc_hd__clkbuf_4)
     8    0.02    0.05    0.15    1.10 v _177_/X (sky130_fd_sc_hd__clkbuf_4)
                                         _090_ (net)
                  0.05    0.00    1.10 v _195_/C (sky130_fd_sc_hd__and4_1)
     1    0.00    0.04    0.18    1.28 v _195_/X (sky130_fd_sc_hd__and4_1)
                                         _102_ (net)
                  0.04    0.00    1.28 v _196_/A (sky130_fd_sc_hd__clkbuf_4)
     6    0.03    0.08    0.18    1.45 v _196_/X (sky130_fd_sc_hd__clkbuf_4)
                                         _103_ (net)
                  0.08    0.00    1.45 v _211_/A (sky130_fd_sc_hd__and2_2)
     3    0.01    0.05    0.19    1.65 v _211_/X (sky130_fd_sc_hd__and2_2)
                                         _114_ (net)
                  0.05    0.00    1.65 v _213_/B (sky130_fd_sc_hd__nand2_2)
     2    0.02    0.12    0.12    1.77 ^ _213_/Y (sky130_fd_sc_hd__nand2_2)
                                         _115_ (net)
                  0.12    0.00    1.77 ^ _215_/B (sky130_fd_sc_hd__xnor2_2)
     1    0.01    0.23    0.16    1.93 ^ _215_/Y (sky130_fd_sc_hd__xnor2_2)
                                         _010_ (net)
                  0.23    0.00    1.93 ^ _335_/D (sky130_fd_sc_hd__dfrtp_4)
                                  1.93   data arrival time

                         10.00   10.00   clock core_clock (rise edge)
                          0.00   10.00   clock source latency
     1    0.01    0.00    0.00   10.00 ^ clk (in)
                                         clk (net)
                  0.00    0.00   10.00 ^ clkbuf_0_clk/A (sky130_fd_sc_hd__clkbuf_16)
     4    0.03    0.05    0.12   10.12 ^ clkbuf_0_clk/X (sky130_fd_sc_hd__clkbuf_16)
                                         clknet_0_clk (net)
                  0.05    0.00   10.12 ^ clkbuf_2_3__f_clk/A (sky130_fd_sc_hd__clkbuf_16)
     9    0.03    0.05    0.14   10.26 ^ clkbuf_2_3__f_clk/X (sky130_fd_sc_hd__clkbuf_16)
                                         clknet_2_3__leaf_clk (net)
                  0.05    0.00   10.26 ^ _335_/CLK (sky130_fd_sc_hd__dfrtp_4)
                          0.00   10.26   clock reconvergence pessimism
                         -0.11   10.16   library setup time
                                 10.16   data required time
-----------------------------------------------------------------------------
                                 10.16   data required time
                                 -1.93   data arrival time
-----------------------------------------------------------------------------
                                  8.23   slack (MET)


Startpoint: _321_ (rising edge-triggered flip-flop clocked by core_clock)
Endpoint: _344_ (rising edge-triggered flip-flop clocked by core_clock)
Path Group: core_clock
Path Type: max

Fanout     Cap    Slew   Delay    Time   Description
-----------------------------------------------------------------------------
                          0.00    0.00   clock core_clock (rise edge)
                          0.00    0.00   clock source latency
     1    0.01    0.00    0.00    0.00 ^ clk (in)
                                         clk (net)
                  0.00    0.00    0.00 ^ clkbuf_0_clk/A (sky130_fd_sc_hd__clkbuf_16)
     4    0.03    0.05    0.12    0.12 ^ clkbuf_0_clk/X (sky130_fd_sc_hd__clkbuf_16)
                                         clknet_0_clk (net)
                  0.05    0.00    0.12 ^ clkbuf_2_1__f_clk/A (sky130_fd_sc_hd__clkbuf_16)
    11    0.02    0.04    0.13    0.25 ^ clkbuf_2_1__f_clk/X (sky130_fd_sc_hd__clkbuf_16)
                                         clknet_2_1__leaf_clk (net)
                  0.04    0.00    0.25 ^ _321_/CLK (sky130_fd_sc_hd__dfrtp_4)
     5    0.03    0.11    0.45    0.70 ^ _321_/Q (sky130_fd_sc_hd__dfrtp_4)
                                         div.count[1] (net)
                  0.11    0.00    0.70 ^ _176_/B (sky130_fd_sc_hd__and4_1)
     1    0.00    0.05    0.18    0.88 ^ _176_/X (sky130_fd_sc_hd__and4_1)
                                         _089_ (net)
                  0.05    0.00    0.88 ^ _177_/A (sky130_fd_sc_hd__clkbuf_4)
     8    0.02    0.07    0.15    1.03 ^ _177_/X (sky130_fd_sc_hd__clkbuf_4)
                                         _090_ (net)
                  0.07    0.00    1.03 ^ _217_/A (sky130_fd_sc_hd__and4_1)
     1    0.01    0.11    0.22    1.25 ^ _217_/X (sky130_fd_sc_hd__and4_1)
                                         _117_ (net)
                  0.11    0.00    1.26 ^ _218_/A (sky130_fd_sc_hd__clkbuf_4)
     9    0.03    0.10    0.20    1.45 ^ _218_/X (sky130_fd_sc_hd__clkbuf_4)
                                         _118_ (net)
                  0.10    0.00    1.45 ^ _243_/A (sky130_fd_sc_hd__and2_2)
     4    0.03    0.14    0.23    1.68 ^ _243_/X (sky130_fd_sc_hd__and2_2)
                                         _135_ (net)
                  0.14    0.00    1.69 ^ _244_/B (sky130_fd_sc_hd__xor2_1)
     1    0.01    0.23    0.24    1.93 ^ _244_/X (sky130_fd_sc_hd__xor2_1)
                                         _020_ (net)
                  0.23    0.00    1.93 ^ _344_/D (sky130_fd_sc_hd__dfrtp_4)
                                  1.93   data arrival time

                         10.00   10.00   clock core_clock (rise edge)
                          0.00   10.00   clock source latency
     1    0.01    0.00    0.00   10.00 ^ clk (in)
                                         clk (net)
                  0.00    0.00   10.00 ^ clkbuf_0_clk/A (sky130_fd_sc_hd__clkbuf_16)
     4    0.03    0.05    0.12   10.12 ^ clkbuf_0_clk/X (sky130_fd_sc_hd__clkbuf_16)
                                         clknet_0_clk (net)
                  0.05    0.00   10.12 ^ clkbuf_2_3__f_clk/A (sky130_fd_sc_hd__clkbuf_16)
     9    0.03    0.05    0.14   10.26 ^ clkbuf_2_3__f_clk/X (sky130_fd_sc_hd__clkbuf_16)
                                         clknet_2_3__leaf_clk (net)
                  0.05    0.00   10.26 ^ _344_/CLK (sky130_fd_sc_hd__dfrtp_4)
                          0.00   10.26   clock reconvergence pessimism
                         -0.10   10.16   library setup time
                                 10.16   data required time
-----------------------------------------------------------------------------
                                 10.16   data required time
                                 -1.93   data arrival time
-----------------------------------------------------------------------------
                                  8.23   slack (MET)


Startpoint: _322_ (rising edge-triggered flip-flop clocked by core_clock)
Endpoint: _333_ (rising edge-triggered flip-flop clocked by core_clock)
Path Group: core_clock
Path Type: max

Fanout     Cap    Slew   Delay    Time   Description
-----------------------------------------------------------------------------
                          0.00    0.00   clock core_clock (rise edge)
                          0.00    0.00   clock source latency
     1    0.01    0.00    0.00    0.00 ^ clk (in)
                                         clk (net)
                  0.00    0.00    0.00 ^ clkbuf_0_clk/A (sky130_fd_sc_hd__clkbuf_16)
     4    0.03    0.05    0.12    0.12 ^ clkbuf_0_clk/X (sky130_fd_sc_hd__clkbuf_16)
                                         clknet_0_clk (net)
                  0.05    0.00    0.12 ^ clkbuf_2_1__f_clk/A (sky130_fd_sc_hd__clkbuf_16)
    11    0.02    0.04    0.13    0.25 ^ clkbuf_2_1__f_clk/X (sky130_fd_sc_hd__clkbuf_16)
                                         clknet_2_1__leaf_clk (net)
                  0.04    0.00    0.25 ^ _322_/CLK (sky130_fd_sc_hd__dfrtp_4)
     4    0.02    0.08    0.50    0.75 v _322_/Q (sky130_fd_sc_hd__dfrtp_4)
                                         div.count[2] (net)
                  0.08    0.00    0.75 v _176_/C (sky130_fd_sc_hd__and4_1)
     1    0.00    0.04    0.19    0.95 v _176_/X (sky130_fd_sc_hd__and4_1)
                                         _089_ (net)
                  0.04    0.00    0.95 v _177_/A (sky130_fd_sc_hd__clkbuf_4)
     8    0.02    0.05    0.15    1.10 v _177_/X (sky130_fd_sc_hd__clkbuf_4)
                                         _090_ (net)
                  0.05    0.00    1.10 v _195_/C (sky130_fd_sc_hd__and4_1)
     1    0.00    0.04    0.18    1.28 v _195_/X (sky130_fd_sc_hd__and4_1)
                                         _102_ (net)
                  0.04    0.00    1.28 v _196_/A (sky130_fd_sc_hd__clkbuf_4)
     6    0.03    0.08    0.18    1.45 v _196_/X (sky130_fd_sc_hd__clkbuf_4)
                                         _103_ (net)
                  0.08    0.00    1.46 v _209_/D (sky130_fd_sc_hd__and4_1)
     1    0.01    0.06    0.24    1.69 v _209_/X (sky130_fd_sc_hd__and4_1)
                                         _112_ (net)
                  0.06    0.00    1.69 v _212_/A2 (sky130_fd_sc_hd__o21ba_1)
     1    0.00    0.04    0.18    1.87 v _212_/X (sky130_fd_sc_hd__o21ba_1)
                                         _008_ (net)
                  0.04    0.00    1.87 v _333_/D (sky130_fd_sc_hd__dfrtp_2)
                                  1.87   data arrival time

                         10.00   10.00   clock core_clock (rise edge)
                          0.00   10.00   clock source latency
     1    0.01    0.00    0.00   10.00 ^ clk (in)
                                         clk (net)
                  0.00    0.00   10.00 ^ clkbuf_0_clk/A (sky130_fd_sc_hd__clkbuf_16)
     4    0.03    0.05    0.12   10.12 ^ clkbuf_0_clk/X (sky130_fd_sc_hd__clkbuf_16)
                                         clknet_0_clk (net)
                  0.05    0.00   10.12 ^ clkbuf_2_1__f_clk/A (sky130_fd_sc_hd__clkbuf_16)
    11    0.02    0.04    0.13   10.25 ^ clkbuf_2_1__f_clk/X (sky130_fd_sc_hd__clkbuf_16)
                                         clknet_2_1__leaf_clk (net)
                  0.04    0.00   10.25 ^ _333_/CLK (sky130_fd_sc_hd__dfrtp_2)
                          0.00   10.25   clock reconvergence pessimism
                         -0.12   10.13   library setup time
                                 10.13   data required time
-----------------------------------------------------------------------------
                                 10.13   data required time
                                 -1.87   data arrival time
-----------------------------------------------------------------------------
                                  8.26   slack (MET)


Startpoint: _322_ (rising edge-triggered flip-flop clocked by core_clock)
Endpoint: _340_ (rising edge-triggered flip-flop clocked by core_clock)
Path Group: core_clock
Path Type: max

Fanout     Cap    Slew   Delay    Time   Description
-----------------------------------------------------------------------------
                          0.00    0.00   clock core_clock (rise edge)
                          0.00    0.00   clock source latency
     1    0.01    0.00    0.00    0.00 ^ clk (in)
                                         clk (net)
                  0.00    0.00    0.00 ^ clkbuf_0_clk/A (sky130_fd_sc_hd__clkbuf_16)
     4    0.03    0.05    0.12    0.12 ^ clkbuf_0_clk/X (sky130_fd_sc_hd__clkbuf_16)
                                         clknet_0_clk (net)
                  0.05    0.00    0.12 ^ clkbuf_2_1__f_clk/A (sky130_fd_sc_hd__clkbuf_16)
    11    0.02    0.04    0.13    0.25 ^ clkbuf_2_1__f_clk/X (sky130_fd_sc_hd__clkbuf_16)
                                         clknet_2_1__leaf_clk (net)
                  0.04    0.00    0.25 ^ _322_/CLK (sky130_fd_sc_hd__dfrtp_4)
     4    0.02    0.08    0.50    0.75 v _322_/Q (sky130_fd_sc_hd__dfrtp_4)
                                         div.count[2] (net)
                  0.08    0.00    0.75 v _176_/C (sky130_fd_sc_hd__and4_1)
     1    0.00    0.04    0.19    0.95 v _176_/X (sky130_fd_sc_hd__and4_1)
                                         _089_ (net)
                  0.04    0.00    0.95 v _177_/A (sky130_fd_sc_hd__clkbuf_4)
     8    0.02    0.05    0.15    1.10 v _177_/X (sky130_fd_sc_hd__clkbuf_4)
                                         _090_ (net)
                  0.05    0.00    1.10 v _217_/A (sky130_fd_sc_hd__and4_1)
     1    0.01    0.07    0.18    1.28 v _217_/X (sky130_fd_sc_hd__and4_1)
                                         _117_ (net)
                  0.07    0.00    1.28 v _218_/A (sky130_fd_sc_hd__clkbuf_4)
     9    0.03    0.07    0.18    1.46 v _218_/X (sky130_fd_sc_hd__clkbuf_4)
                                         _118_ (net)
                  0.07    0.00    1.46 v _233_/A1 (sky130_fd_sc_hd__a21oi_1)
     1    0.01    0.26    0.25    1.71 ^ _233_/Y (sky130_fd_sc_hd__a21oi_1)
                                         _129_ (net)
                  0.26    0.00    1.71 ^ _234_/B (sky130_fd_sc_hd__nor2_1)
     1    0.00    0.06    0.08    1.79 v _234_/Y (sky130_fd_sc_hd__nor2_1)
                                         _016_ (net)
                  0.06    0.00    1.79 v _340_/D (sky130_fd_sc_hd__dfrtp_4)
                                  1.79   data arrival time

                         10.00   10.00   clock core_clock (rise edge)
                          0.00   10.00   clock source latency
     1    0.01    0.00    0.00   10.00 ^ clk (in)
                                         clk (net)
                  0.00    0.00   10.00 ^ clkbuf_0_clk/A (sky130_fd_sc_hd__clkbuf_16)
     4    0.03    0.05    0.12   10.12 ^ clkbuf_0_clk/X (sky130_fd_sc_hd__clkbuf_16)
                                         clknet_0_clk (net)
                  0.05    0.00   10.12 ^ clkbuf_2_2__f_clk/A (sky130_fd_sc_hd__clkbuf_16)
     7    0.02    0.04    0.13   10.25 ^ clkbuf_2_2__f_clk/X (sky130_fd_sc_hd__clkbuf_16)
                                         clknet_2_2__leaf_clk (net)
                  0.04    0.00   10.25 ^ _340_/CLK (sky130_fd_sc_hd__dfrtp_4)
                          0.00   10.25   clock reconvergence pessimism
                         -0.12   10.13   library setup time
                                 10.13   data required time
-----------------------------------------------------------------------------
                                 10.13   data required time
                                 -1.79   data arrival time
-----------------------------------------------------------------------------
                                  8.34   slack (MET)


Startpoint: _321_ (rising edge-triggered flip-flop clocked by core_clock)
Endpoint: _332_ (rising edge-triggered flip-flop clocked by core_clock)
Path Group: core_clock
Path Type: max

Fanout     Cap    Slew   Delay    Time   Description
-----------------------------------------------------------------------------
                          0.00    0.00   clock core_clock (rise edge)
                          0.00    0.00   clock source latency
     1    0.01    0.00    0.00    0.00 ^ clk (in)
                                         clk (net)
                  0.00    0.00    0.00 ^ clkbuf_0_clk/A (sky130_fd_sc_hd__clkbuf_16)
     4    0.03    0.05    0.12    0.12 ^ clkbuf_0_clk/X (sky130_fd_sc_hd__clkbuf_16)
                                         clknet_0_clk (net)
                  0.05    0.00    0.12 ^ clkbuf_2_1__f_clk/A (sky130_fd_sc_hd__clkbuf_16)
    11    0.02    0.04    0.13    0.25 ^ clkbuf_2_1__f_clk/X (sky130_fd_sc_hd__clkbuf_16)
                                         clknet_2_1__leaf_clk (net)
                  0.04    0.00    0.25 ^ _321_/CLK (sky130_fd_sc_hd__dfrtp_4)
     5    0.03    0.11    0.45    0.70 ^ _321_/Q (sky130_fd_sc_hd__dfrtp_4)
                                         div.count[1] (net)
                  0.11    0.00    0.70 ^ _176_/B (sky130_fd_sc_hd__and4_1)
     1    0.00    0.05    0.18    0.88 ^ _176_/X (sky130_fd_sc_hd__and4_1)
                                         _089_ (net)
                  0.05    0.00    0.88 ^ _177_/A (sky130_fd_sc_hd__clkbuf_4)
     8    0.02    0.07    0.15    1.03 ^ _177_/X (sky130_fd_sc_hd__clkbuf_4)
                                         _090_ (net)
                  0.07    0.00    1.03 ^ _195_/C (sky130_fd_sc_hd__and4_1)
     1    0.00    0.05    0.18    1.21 ^ _195_/X (sky130_fd_sc_hd__and4_1)
                                         _102_ (net)
                  0.05    0.00    1.21 ^ _196_/A (sky130_fd_sc_hd__clkbuf_4)
     6    0.03    0.11    0.19    1.40 ^ _196_/X (sky130_fd_sc_hd__clkbuf_4)
                                         _103_ (net)
                  0.11    0.00    1.40 ^ _205_/C (sky130_fd_sc_hd__nand3_2)
     2    0.02    0.13    0.15    1.55 v _205_/Y (sky130_fd_sc_hd__nand3_2)
                                         _110_ (net)
                  0.13    0.00    1.55 v _208_/B (sky130_fd_sc_hd__xnor2_1)
     1    0.01    0.18    0.21    1.76 ^ _208_/Y (sky130_fd_sc_hd__xnor2_1)
                                         _007_ (net)
                  0.18    0.00    1.76 ^ _332_/D (sky130_fd_sc_hd__dfrtp_4)
                                  1.76   data arrival time

                         10.00   10.00   clock core_clock (rise edge)
                          0.00   10.00   clock source latency
     1    0.01    0.00    0.00   10.00 ^ clk (in)
                                         clk (net)
                  0.00    0.00   10.00 ^ clkbuf_0_clk/A (sky130_fd_sc_hd__clkbuf_16)
     4    0.03    0.05    0.12   10.12 ^ clkbuf_0_clk/X (sky130_fd_sc_hd__clkbuf_16)
                                         clknet_0_clk (net)
                  0.05    0.00   10.12 ^ clkbuf_2_1__f_clk/A (sky130_fd_sc_hd__clkbuf_16)
    11    0.02    0.04    0.13   10.25 ^ clkbuf_2_1__f_clk/X (sky130_fd_sc_hd__clkbuf_16)
                                         clknet_2_1__leaf_clk (net)
                  0.04    0.00   10.25 ^ _332_/CLK (sky130_fd_sc_hd__dfrtp_4)
                          0.00   10.25   clock reconvergence pessimism
                         -0.09   10.15   library setup time
                                 10.15   data required time
-----------------------------------------------------------------------------
                                 10.15   data required time
                                 -1.76   data arrival time
-----------------------------------------------------------------------------
                                  8.40   slack (MET)


Startpoint: _322_ (rising edge-triggered flip-flop clocked by core_clock)
Endpoint: _337_ (rising edge-triggered flip-flop clocked by core_clock)
Path Group: core_clock
Path Type: max

Fanout     Cap    Slew   Delay    Time   Description
-----------------------------------------------------------------------------
                          0.00    0.00   clock core_clock (rise edge)
                          0.00    0.00   clock source latency
     1    0.01    0.00    0.00    0.00 ^ clk (in)
                                         clk (net)
                  0.00    0.00    0.00 ^ clkbuf_0_clk/A (sky130_fd_sc_hd__clkbuf_16)
     4    0.03    0.05    0.12    0.12 ^ clkbuf_0_clk/X (sky130_fd_sc_hd__clkbuf_16)
                                         clknet_0_clk (net)
                  0.05    0.00    0.12 ^ clkbuf_2_1__f_clk/A (sky130_fd_sc_hd__clkbuf_16)
    11    0.02    0.04    0.13    0.25 ^ clkbuf_2_1__f_clk/X (sky130_fd_sc_hd__clkbuf_16)
                                         clknet_2_1__leaf_clk (net)
                  0.04    0.00    0.25 ^ _322_/CLK (sky130_fd_sc_hd__dfrtp_4)
     4    0.02    0.08    0.50    0.75 v _322_/Q (sky130_fd_sc_hd__dfrtp_4)
                                         div.count[2] (net)
                  0.08    0.00    0.75 v _176_/C (sky130_fd_sc_hd__and4_1)
     1    0.00    0.04    0.19    0.95 v _176_/X (sky130_fd_sc_hd__and4_1)
                                         _089_ (net)
                  0.04    0.00    0.95 v _177_/A (sky130_fd_sc_hd__clkbuf_4)
     8    0.02    0.05    0.15    1.10 v _177_/X (sky130_fd_sc_hd__clkbuf_4)
                                         _090_ (net)
                  0.05    0.00    1.10 v _217_/A (sky130_fd_sc_hd__and4_1)
     1    0.01    0.07    0.18    1.28 v _217_/X (sky130_fd_sc_hd__and4_1)
                                         _117_ (net)
                  0.07    0.00    1.28 v _218_/A (sky130_fd_sc_hd__clkbuf_4)
     9    0.03    0.07    0.18    1.46 v _218_/X (sky130_fd_sc_hd__clkbuf_4)
                                         _118_ (net)
                  0.07    0.00    1.46 v _220_/A2 (sky130_fd_sc_hd__a21oi_1)
     1    0.01    0.20    0.22    1.68 ^ _220_/Y (sky130_fd_sc_hd__a21oi_1)
                                         _119_ (net)
                  0.20    0.00    1.68 ^ _222_/A (sky130_fd_sc_hd__nor2_2)
     1    0.00    0.04    0.06    1.74 v _222_/Y (sky130_fd_sc_hd__nor2_2)
                                         _012_ (net)
                  0.04    0.00    1.74 v _337_/D (sky130_fd_sc_hd__dfrtp_4)
                                  1.74   data arrival time

                         10.00   10.00   clock core_clock (rise edge)
                          0.00   10.00   clock source latency
     1    0.01    0.00    0.00   10.00 ^ clk (in)
                                         clk (net)
                  0.00    0.00   10.00 ^ clkbuf_0_clk/A (sky130_fd_sc_hd__clkbuf_16)
     4    0.03    0.05    0.12   10.12 ^ clkbuf_0_clk/X (sky130_fd_sc_hd__clkbuf_16)
                                         clknet_0_clk (net)
                  0.05    0.00   10.12 ^ clkbuf_2_2__f_clk/A (sky130_fd_sc_hd__clkbuf_16)
     7    0.02    0.04    0.13   10.25 ^ clkbuf_2_2__f_clk/X (sky130_fd_sc_hd__clkbuf_16)
                                         clknet_2_2__leaf_clk (net)
                  0.04    0.00   10.25 ^ _337_/CLK (sky130_fd_sc_hd__dfrtp_4)
                          0.00   10.25   clock reconvergence pessimism
                         -0.11   10.14   library setup time
                                 10.14   data required time
-----------------------------------------------------------------------------
                                 10.14   data required time
                                 -1.74   data arrival time
-----------------------------------------------------------------------------
                                  8.40   slack (MET)


Startpoint: _321_ (rising edge-triggered flip-flop clocked by core_clock)
Endpoint: _336_ (rising edge-triggered flip-flop clocked by core_clock)
Path Group: core_clock
Path Type: max

Fanout     Cap    Slew   Delay    Time   Description
-----------------------------------------------------------------------------
                          0.00    0.00   clock core_clock (rise edge)
                          0.00    0.00   clock source latency
     1    0.01    0.00    0.00    0.00 ^ clk (in)
                                         clk (net)
                  0.00    0.00    0.00 ^ clkbuf_0_clk/A (sky130_fd_sc_hd__clkbuf_16)
     4    0.03    0.05    0.12    0.12 ^ clkbuf_0_clk/X (sky130_fd_sc_hd__clkbuf_16)
                                         clknet_0_clk (net)
                  0.05    0.00    0.12 ^ clkbuf_2_1__f_clk/A (sky130_fd_sc_hd__clkbuf_16)
    11    0.02    0.04    0.13    0.25 ^ clkbuf_2_1__f_clk/X (sky130_fd_sc_hd__clkbuf_16)
                                         clknet_2_1__leaf_clk (net)
                  0.04    0.00    0.25 ^ _321_/CLK (sky130_fd_sc_hd__dfrtp_4)
     5    0.03    0.11    0.45    0.70 ^ _321_/Q (sky130_fd_sc_hd__dfrtp_4)
                                         div.count[1] (net)
                  0.11    0.00    0.70 ^ _176_/B (sky130_fd_sc_hd__and4_1)
     1    0.00    0.05    0.18    0.88 ^ _176_/X (sky130_fd_sc_hd__and4_1)
                                         _089_ (net)
                  0.05    0.00    0.88 ^ _177_/A (sky130_fd_sc_hd__clkbuf_4)
     8    0.02    0.07    0.15    1.03 ^ _177_/X (sky130_fd_sc_hd__clkbuf_4)
                                         _090_ (net)
                  0.07    0.00    1.03 ^ _217_/A (sky130_fd_sc_hd__and4_1)
     1    0.01    0.11    0.22    1.25 ^ _217_/X (sky130_fd_sc_hd__and4_1)
                                         _117_ (net)
                  0.11    0.00    1.26 ^ _218_/A (sky130_fd_sc_hd__clkbuf_4)
     9    0.03    0.10    0.20    1.45 ^ _218_/X (sky130_fd_sc_hd__clkbuf_4)
                                         _118_ (net)
                  0.10    0.00    1.45 ^ _219_/B (sky130_fd_sc_hd__xor2_1)
     1    0.01    0.20    0.22    1.67 ^ _219_/X (sky130_fd_sc_hd__xor2_1)
                                         _011_ (net)
                  0.20    0.00    1.67 ^ _336_/D (sky130_fd_sc_hd__dfrtp_4)
                                  1.67   data arrival time

                         10.00   10.00   clock core_clock (rise edge)
                          0.00   10.00   clock source latency
     1    0.01    0.00    0.00   10.00 ^ clk (in)
                                         clk (net)
                  0.00    0.00   10.00 ^ clkbuf_0_clk/A (sky130_fd_sc_hd__clkbuf_16)
     4    0.03    0.05    0.12   10.12 ^ clkbuf_0_clk/X (sky130_fd_sc_hd__clkbuf_16)
                                         clknet_0_clk (net)
                  0.05    0.00   10.12 ^ clkbuf_2_0__f_clk/A (sky130_fd_sc_hd__clkbuf_16)
     9    0.02    0.05    0.13   10.25 ^ clkbuf_2_0__f_clk/X (sky130_fd_sc_hd__clkbuf_16)
                                         clknet_2_0__leaf_clk (net)
                  0.05    0.00   10.25 ^ _336_/CLK (sky130_fd_sc_hd__dfrtp_4)
                          0.00   10.25   clock reconvergence pessimism
                         -0.10   10.15   library setup time
                                 10.15   data required time
-----------------------------------------------------------------------------
                                 10.15   data required time
                                 -1.67   data arrival time
-----------------------------------------------------------------------------
                                  8.48   slack (MET)


Startpoint: _322_ (rising edge-triggered flip-flop clocked by core_clock)
Endpoint: _330_ (rising edge-triggered flip-flop clocked by core_clock)
Path Group: core_clock
Path Type: max

Fanout     Cap    Slew   Delay    Time   Description
-----------------------------------------------------------------------------
                          0.00    0.00   clock core_clock (rise edge)
                          0.00    0.00   clock source latency
     1    0.01    0.00    0.00    0.00 ^ clk (in)
                                         clk (net)
                  0.00    0.00    0.00 ^ clkbuf_0_clk/A (sky130_fd_sc_hd__clkbuf_16)
     4    0.03    0.05    0.12    0.12 ^ clkbuf_0_clk/X (sky130_fd_sc_hd__clkbuf_16)
                                         clknet_0_clk (net)
                  0.05    0.00    0.12 ^ clkbuf_2_1__f_clk/A (sky130_fd_sc_hd__clkbuf_16)
    11    0.02    0.04    0.13    0.25 ^ clkbuf_2_1__f_clk/X (sky130_fd_sc_hd__clkbuf_16)
                                         clknet_2_1__leaf_clk (net)
                  0.04    0.00    0.25 ^ _322_/CLK (sky130_fd_sc_hd__dfrtp_4)
     4    0.02    0.08    0.50    0.75 v _322_/Q (sky130_fd_sc_hd__dfrtp_4)
                                         div.count[2] (net)
                  0.08    0.00    0.75 v _176_/C (sky130_fd_sc_hd__and4_1)
     1    0.00    0.04    0.19    0.95 v _176_/X (sky130_fd_sc_hd__and4_1)
                                         _089_ (net)
                  0.04    0.00    0.95 v _177_/A (sky130_fd_sc_hd__clkbuf_4)
     8    0.02    0.05    0.15    1.10 v _177_/X (sky130_fd_sc_hd__clkbuf_4)
                                         _090_ (net)
                  0.05    0.00    1.10 v _195_/C (sky130_fd_sc_hd__and4_1)
     1    0.00    0.04    0.18    1.28 v _195_/X (sky130_fd_sc_hd__and4_1)
                                         _102_ (net)
                  0.04    0.00    1.28 v _196_/A (sky130_fd_sc_hd__clkbuf_4)
     6    0.03    0.08    0.18    1.45 v _196_/X (sky130_fd_sc_hd__clkbuf_4)
                                         _103_ (net)
                  0.08    0.00    1.46 v _203_/B (sky130_fd_sc_hd__xor2_2)
     1    0.01    0.07    0.17    1.63 v _203_/X (sky130_fd_sc_hd__xor2_2)
                                         _005_ (net)
                  0.07    0.00    1.63 v _330_/D (sky130_fd_sc_hd__dfrtp_4)
                                  1.63   data arrival time

                         10.00   10.00   clock core_clock (rise edge)
                          0.00   10.00   clock source latency
     1    0.01    0.00    0.00   10.00 ^ clk (in)
                                         clk (net)
                  0.00    0.00   10.00 ^ clkbuf_0_clk/A (sky130_fd_sc_hd__clkbuf_16)
     4    0.03    0.05    0.12   10.12 ^ clkbuf_0_clk/X (sky130_fd_sc_hd__clkbuf_16)
                                         clknet_0_clk (net)
                  0.05    0.00   10.12 ^ clkbuf_2_2__f_clk/A (sky130_fd_sc_hd__clkbuf_16)
     7    0.02    0.04    0.13   10.25 ^ clkbuf_2_2__f_clk/X (sky130_fd_sc_hd__clkbuf_16)
                                         clknet_2_2__leaf_clk (net)
                  0.04    0.00   10.25 ^ _330_/CLK (sky130_fd_sc_hd__dfrtp_4)
                          0.00   10.25   clock reconvergence pessimism
                         -0.13   10.12   library setup time
                                 10.12   data required time
-----------------------------------------------------------------------------
                                 10.12   data required time
                                 -1.63   data arrival time
-----------------------------------------------------------------------------
                                  8.49   slack (MET)


Startpoint: _322_ (rising edge-triggered flip-flop clocked by core_clock)
Endpoint: _327_ (rising edge-triggered flip-flop clocked by core_clock)
Path Group: core_clock
Path Type: max

Fanout     Cap    Slew   Delay    Time   Description
-----------------------------------------------------------------------------
                          0.00    0.00   clock core_clock (rise edge)
                          0.00    0.00   clock source latency
     1    0.01    0.00    0.00    0.00 ^ clk (in)
                                         clk (net)
                  0.00    0.00    0.00 ^ clkbuf_0_clk/A (sky130_fd_sc_hd__clkbuf_16)
     4    0.03    0.05    0.12    0.12 ^ clkbuf_0_clk/X (sky130_fd_sc_hd__clkbuf_16)
                                         clknet_0_clk (net)
                  0.05    0.00    0.12 ^ clkbuf_2_1__f_clk/A (sky130_fd_sc_hd__clkbuf_16)
    11    0.02    0.04    0.13    0.25 ^ clkbuf_2_1__f_clk/X (sky130_fd_sc_hd__clkbuf_16)
                                         clknet_2_1__leaf_clk (net)
                  0.04    0.00    0.25 ^ _322_/CLK (sky130_fd_sc_hd__dfrtp_4)
     4    0.02    0.08    0.50    0.75 v _322_/Q (sky130_fd_sc_hd__dfrtp_4)
                                         div.count[2] (net)
                  0.08    0.00    0.75 v _176_/C (sky130_fd_sc_hd__and4_1)
     1    0.00    0.04    0.19    0.95 v _176_/X (sky130_fd_sc_hd__and4_1)
                                         _089_ (net)
                  0.04    0.00    0.95 v _177_/A (sky130_fd_sc_hd__clkbuf_4)
     8    0.02    0.05    0.15    1.10 v _177_/X (sky130_fd_sc_hd__clkbuf_4)
                                         _090_ (net)
                  0.05    0.00    1.10 v _182_/C (sky130_fd_sc_hd__and3_2)
     3    0.01    0.06    0.24    1.34 v _182_/X (sky130_fd_sc_hd__and3_2)
                                         _093_ (net)
                  0.06    0.00    1.34 v _186_/B (sky130_fd_sc_hd__nand2_1)
     2    0.01    0.14    0.14    1.48 ^ _186_/Y (sky130_fd_sc_hd__nand2_1)
                                         _096_ (net)
                  0.14    0.00    1.48 ^ _192_/A2 (sky130_fd_sc_hd__a21oi_1)
     1    0.01    0.08    0.11    1.60 v _192_/Y (sky130_fd_sc_hd__a21oi_1)
                                         _033_ (net)
                  0.08    0.00    1.60 v _327_/D (sky130_fd_sc_hd__dfrtp_2)
                                  1.60   data arrival time

                         10.00   10.00   clock core_clock (rise edge)
                          0.00   10.00   clock source latency
     1    0.01    0.00    0.00   10.00 ^ clk (in)
                                         clk (net)
                  0.00    0.00   10.00 ^ clkbuf_0_clk/A (sky130_fd_sc_hd__clkbuf_16)
     4    0.03    0.05    0.12   10.12 ^ clkbuf_0_clk/X (sky130_fd_sc_hd__clkbuf_16)
                                         clknet_0_clk (net)
                  0.05    0.00   10.12 ^ clkbuf_2_2__f_clk/A (sky130_fd_sc_hd__clkbuf_16)
     7    0.02    0.04    0.13   10.25 ^ clkbuf_2_2__f_clk/X (sky130_fd_sc_hd__clkbuf_16)
                                         clknet_2_2__leaf_clk (net)
                  0.04    0.00   10.25 ^ _327_/CLK (sky130_fd_sc_hd__dfrtp_2)
                          0.00   10.25   clock reconvergence pessimism
                         -0.13   10.12   library setup time
                                 10.12   data required time
-----------------------------------------------------------------------------
                                 10.12   data required time
                                 -1.60   data arrival time
-----------------------------------------------------------------------------
                                  8.52   slack (MET)


Startpoint: _322_ (rising edge-triggered flip-flop clocked by core_clock)
Endpoint: _325_ (rising edge-triggered flip-flop clocked by core_clock)
Path Group: core_clock
Path Type: max

Fanout     Cap    Slew   Delay    Time   Description
-----------------------------------------------------------------------------
                          0.00    0.00   clock core_clock (rise edge)
                          0.00    0.00   clock source latency
     1    0.01    0.00    0.00    0.00 ^ clk (in)
                                         clk (net)
                  0.00    0.00    0.00 ^ clkbuf_0_clk/A (sky130_fd_sc_hd__clkbuf_16)
     4    0.03    0.05    0.12    0.12 ^ clkbuf_0_clk/X (sky130_fd_sc_hd__clkbuf_16)
                                         clknet_0_clk (net)
                  0.05    0.00    0.12 ^ clkbuf_2_1__f_clk/A (sky130_fd_sc_hd__clkbuf_16)
    11    0.02    0.04    0.13    0.25 ^ clkbuf_2_1__f_clk/X (sky130_fd_sc_hd__clkbuf_16)
                                         clknet_2_1__leaf_clk (net)
                  0.04    0.00    0.25 ^ _322_/CLK (sky130_fd_sc_hd__dfrtp_4)
     4    0.02    0.08    0.50    0.75 v _322_/Q (sky130_fd_sc_hd__dfrtp_4)
                                         div.count[2] (net)
                  0.08    0.00    0.75 v _176_/C (sky130_fd_sc_hd__and4_1)
     1    0.00    0.04    0.19    0.95 v _176_/X (sky130_fd_sc_hd__and4_1)
                                         _089_ (net)
                  0.04    0.00    0.95 v _177_/A (sky130_fd_sc_hd__clkbuf_4)
     8    0.02    0.05    0.15    1.10 v _177_/X (sky130_fd_sc_hd__clkbuf_4)
                                         _090_ (net)
                  0.05    0.00    1.10 v _182_/C (sky130_fd_sc_hd__and3_2)
     3    0.01    0.06    0.24    1.34 v _182_/X (sky130_fd_sc_hd__and3_2)
                                         _093_ (net)
                  0.06    0.00    1.34 v _184_/A (sky130_fd_sc_hd__nor2_1)
     1    0.00    0.07    0.09    1.44 ^ _184_/Y (sky130_fd_sc_hd__nor2_1)
                                         _031_ (net)
                  0.07    0.00    1.44 ^ _325_/D (sky130_fd_sc_hd__dfrtp_4)
                                  1.44   data arrival time

                         10.00   10.00   clock core_clock (rise edge)
                          0.00   10.00   clock source latency
     1    0.01    0.00    0.00   10.00 ^ clk (in)
                                         clk (net)
                  0.00    0.00   10.00 ^ clkbuf_0_clk/A (sky130_fd_sc_hd__clkbuf_16)
     4    0.03    0.05    0.12   10.12 ^ clkbuf_0_clk/X (sky130_fd_sc_hd__clkbuf_16)
                                         clknet_0_clk (net)
                  0.05    0.00   10.12 ^ clkbuf_2_2__f_clk/A (sky130_fd_sc_hd__clkbuf_16)
     7    0.02    0.04    0.13   10.25 ^ clkbuf_2_2__f_clk/X (sky130_fd_sc_hd__clkbuf_16)
                                         clknet_2_2__leaf_clk (net)
                  0.04    0.00   10.25 ^ _325_/CLK (sky130_fd_sc_hd__dfrtp_4)
                          0.00   10.25   clock reconvergence pessimism
                         -0.07   10.18   library setup time
                                 10.18   data required time
-----------------------------------------------------------------------------
                                 10.18   data required time
                                 -1.44   data arrival time
-----------------------------------------------------------------------------
                                  8.74   slack (MET)


Startpoint: _322_ (rising edge-triggered flip-flop clocked by core_clock)
Endpoint: _323_ (rising edge-triggered flip-flop clocked by core_clock)
Path Group: core_clock
Path Type: max

Fanout     Cap    Slew   Delay    Time   Description
-----------------------------------------------------------------------------
                          0.00    0.00   clock core_clock (rise edge)
                          0.00    0.00   clock source latency
     1    0.01    0.00    0.00    0.00 ^ clk (in)
                                         clk (net)
                  0.00    0.00    0.00 ^ clkbuf_0_clk/A (sky130_fd_sc_hd__clkbuf_16)
     4    0.03    0.05    0.12    0.12 ^ clkbuf_0_clk/X (sky130_fd_sc_hd__clkbuf_16)
                                         clknet_0_clk (net)
                  0.05    0.00    0.12 ^ clkbuf_2_1__f_clk/A (sky130_fd_sc_hd__clkbuf_16)
    11    0.02    0.04    0.13    0.25 ^ clkbuf_2_1__f_clk/X (sky130_fd_sc_hd__clkbuf_16)
                                         clknet_2_1__leaf_clk (net)
                  0.04    0.00    0.25 ^ _322_/CLK (sky130_fd_sc_hd__dfrtp_4)
     4    0.02    0.08    0.50    0.75 v _322_/Q (sky130_fd_sc_hd__dfrtp_4)
                                         div.count[2] (net)
                  0.08    0.00    0.75 v _176_/C (sky130_fd_sc_hd__and4_1)
     1    0.00    0.04    0.19    0.95 v _176_/X (sky130_fd_sc_hd__and4_1)
                                         _089_ (net)
                  0.04    0.00    0.95 v _177_/A (sky130_fd_sc_hd__clkbuf_4)
     8    0.02    0.05    0.15    1.10 v _177_/X (sky130_fd_sc_hd__clkbuf_4)
                                         _090_ (net)
                  0.05    0.00    1.10 v _179_/A_N (sky130_fd_sc_hd__and2b_1)
     1    0.00    0.04    0.18    1.28 ^ _179_/X (sky130_fd_sc_hd__and2b_1)
                                         _092_ (net)
                  0.04    0.00    1.28 ^ _180_/A (sky130_fd_sc_hd__buf_1)
     1    0.00    0.04    0.07    1.35 ^ _180_/X (sky130_fd_sc_hd__buf_1)
                                         _029_ (net)
                  0.04    0.00    1.35 ^ _323_/D (sky130_fd_sc_hd__dfrtp_2)
                                  1.35   data arrival time

                         10.00   10.00   clock core_clock (rise edge)
                          0.00   10.00   clock source latency
     1    0.01    0.00    0.00   10.00 ^ clk (in)
                                         clk (net)
                  0.00    0.00   10.00 ^ clkbuf_0_clk/A (sky130_fd_sc_hd__clkbuf_16)
     4    0.03    0.05    0.12   10.12 ^ clkbuf_0_clk/X (sky130_fd_sc_hd__clkbuf_16)
                                         clknet_0_clk (net)
                  0.05    0.00   10.12 ^ clkbuf_2_3__f_clk/A (sky130_fd_sc_hd__clkbuf_16)
     9    0.03    0.05    0.14   10.26 ^ clkbuf_2_3__f_clk/X (sky130_fd_sc_hd__clkbuf_16)
                                         clknet_2_3__leaf_clk (net)
                  0.05    0.00   10.26 ^ _323_/CLK (sky130_fd_sc_hd__dfrtp_2)
                          0.00   10.26   clock reconvergence pessimism
                         -0.06   10.20   library setup time
                                 10.20   data required time
-----------------------------------------------------------------------------
                                 10.20   data required time
                                 -1.35   data arrival time
-----------------------------------------------------------------------------
                                  8.85   slack (MET)


Startpoint: _322_ (rising edge-triggered flip-flop clocked by core_clock)
Endpoint: _324_ (rising edge-triggered flip-flop clocked by core_clock)
Path Group: core_clock
Path Type: max

Fanout     Cap    Slew   Delay    Time   Description
-----------------------------------------------------------------------------
                          0.00    0.00   clock core_clock (rise edge)
                          0.00    0.00   clock source latency
     1    0.01    0.00    0.00    0.00 ^ clk (in)
                                         clk (net)
                  0.00    0.00    0.00 ^ clkbuf_0_clk/A (sky130_fd_sc_hd__clkbuf_16)
     4    0.03    0.05    0.12    0.12 ^ clkbuf_0_clk/X (sky130_fd_sc_hd__clkbuf_16)
                                         clknet_0_clk (net)
                  0.05    0.00    0.12 ^ clkbuf_2_1__f_clk/A (sky130_fd_sc_hd__clkbuf_16)
    11    0.02    0.04    0.13    0.25 ^ clkbuf_2_1__f_clk/X (sky130_fd_sc_hd__clkbuf_16)
                                         clknet_2_1__leaf_clk (net)
                  0.04    0.00    0.25 ^ _322_/CLK (sky130_fd_sc_hd__dfrtp_4)
     4    0.02    0.08    0.50    0.75 v _322_/Q (sky130_fd_sc_hd__dfrtp_4)
                                         div.count[2] (net)
                  0.08    0.00    0.75 v _176_/C (sky130_fd_sc_hd__and4_1)
     1    0.00    0.04    0.19    0.95 v _176_/X (sky130_fd_sc_hd__and4_1)
                                         _089_ (net)
                  0.04    0.00    0.95 v _177_/A (sky130_fd_sc_hd__clkbuf_4)
     8    0.02    0.05    0.15    1.10 v _177_/X (sky130_fd_sc_hd__clkbuf_4)
                                         _090_ (net)
                  0.05    0.00    1.10 v _181_/B (sky130_fd_sc_hd__xor2_1)
     1    0.01    0.06    0.15    1.25 v _181_/X (sky130_fd_sc_hd__xor2_1)
                                         _030_ (net)
                  0.06    0.00    1.25 v _324_/D (sky130_fd_sc_hd__dfrtp_4)
                                  1.25   data arrival time

                         10.00   10.00   clock core_clock (rise edge)
                          0.00   10.00   clock source latency
     1    0.01    0.00    0.00   10.00 ^ clk (in)
                                         clk (net)
                  0.00    0.00   10.00 ^ clkbuf_0_clk/A (sky130_fd_sc_hd__clkbuf_16)
     4    0.03    0.05    0.12   10.12 ^ clkbuf_0_clk/X (sky130_fd_sc_hd__clkbuf_16)
                                         clknet_0_clk (net)
                  0.05    0.00   10.12 ^ clkbuf_2_0__f_clk/A (sky130_fd_sc_hd__clkbuf_16)
     9    0.02    0.05    0.13   10.25 ^ clkbuf_2_0__f_clk/X (sky130_fd_sc_hd__clkbuf_16)
                                         clknet_2_0__leaf_clk (net)
                  0.05    0.00   10.25 ^ _324_/CLK (sky130_fd_sc_hd__dfrtp_4)
                          0.00   10.25   clock reconvergence pessimism
                         -0.12   10.13   library setup time
                                 10.13   data required time
-----------------------------------------------------------------------------
                                 10.13   data required time
                                 -1.25   data arrival time
-----------------------------------------------------------------------------
                                  8.88   slack (MET)


Startpoint: _321_ (rising edge-triggered flip-flop clocked by core_clock)
Endpoint: _321_ (rising edge-triggered flip-flop clocked by core_clock)
Path Group: core_clock
Path Type: max

Fanout     Cap    Slew   Delay    Time   Description
-----------------------------------------------------------------------------
                          0.00    0.00   clock core_clock (rise edge)
                          0.00    0.00   clock source latency
     1    0.01    0.00    0.00    0.00 ^ clk (in)
                                         clk (net)
                  0.00    0.00    0.00 ^ clkbuf_0_clk/A (sky130_fd_sc_hd__clkbuf_16)
     4    0.03    0.05    0.12    0.12 ^ clkbuf_0_clk/X (sky130_fd_sc_hd__clkbuf_16)
                                         clknet_0_clk (net)
                  0.05    0.00    0.12 ^ clkbuf_2_1__f_clk/A (sky130_fd_sc_hd__clkbuf_16)
    11    0.02    0.04    0.13    0.25 ^ clkbuf_2_1__f_clk/X (sky130_fd_sc_hd__clkbuf_16)
                                         clknet_2_1__leaf_clk (net)
                  0.04    0.00    0.25 ^ _321_/CLK (sky130_fd_sc_hd__dfrtp_4)
     5    0.03    0.09    0.51    0.76 v _321_/Q (sky130_fd_sc_hd__dfrtp_4)
                                         div.count[1] (net)
                  0.09    0.00    0.76 v _171_/B (sky130_fd_sc_hd__or2_1)
     1    0.01    0.09    0.27    1.02 v _171_/X (sky130_fd_sc_hd__or2_1)
                                         _086_ (net)
                  0.09    0.00    1.03 v _173_/A (sky130_fd_sc_hd__and2_1)
     1    0.00    0.03    0.15    1.17 v _173_/X (sky130_fd_sc_hd__and2_1)
                                         _088_ (net)
                  0.03    0.00    1.17 v _174_/A (sky130_fd_sc_hd__buf_1)
     1    0.00    0.02    0.08    1.25 v _174_/X (sky130_fd_sc_hd__buf_1)
                                         _015_ (net)
                  0.02    0.00    1.25 v _321_/D (sky130_fd_sc_hd__dfrtp_4)
                                  1.25   data arrival time

                         10.00   10.00   clock core_clock (rise edge)
                          0.00   10.00   clock source latency
     1    0.01    0.00    0.00   10.00 ^ clk (in)
                                         clk (net)
                  0.00    0.00   10.00 ^ clkbuf_0_clk/A (sky130_fd_sc_hd__clkbuf_16)
     4    0.03    0.05    0.12   10.12 ^ clkbuf_0_clk/X (sky130_fd_sc_hd__clkbuf_16)
                                         clknet_0_clk (net)
                  0.05    0.00   10.12 ^ clkbuf_2_1__f_clk/A (sky130_fd_sc_hd__clkbuf_16)
    11    0.02    0.04    0.13   10.25 ^ clkbuf_2_1__f_clk/X (sky130_fd_sc_hd__clkbuf_16)
                                         clknet_2_1__leaf_clk (net)
                  0.04    0.00   10.25 ^ _321_/CLK (sky130_fd_sc_hd__dfrtp_4)
                          0.00   10.25   clock reconvergence pessimism
                         -0.10   10.14   library setup time
                                 10.14   data required time
-----------------------------------------------------------------------------
                                 10.14   data required time
                                 -1.25   data arrival time
-----------------------------------------------------------------------------
                                  8.90   slack (MET)


Startpoint: _321_ (rising edge-triggered flip-flop clocked by core_clock)
Endpoint: _322_ (rising edge-triggered flip-flop clocked by core_clock)
Path Group: core_clock
Path Type: max

Fanout     Cap    Slew   Delay    Time   Description
-----------------------------------------------------------------------------
                          0.00    0.00   clock core_clock (rise edge)
                          0.00    0.00   clock source latency
     1    0.01    0.00    0.00    0.00 ^ clk (in)
                                         clk (net)
                  0.00    0.00    0.00 ^ clkbuf_0_clk/A (sky130_fd_sc_hd__clkbuf_16)
     4    0.03    0.05    0.12    0.12 ^ clkbuf_0_clk/X (sky130_fd_sc_hd__clkbuf_16)
                                         clknet_0_clk (net)
                  0.05    0.00    0.12 ^ clkbuf_2_1__f_clk/A (sky130_fd_sc_hd__clkbuf_16)
    11    0.02    0.04    0.13    0.25 ^ clkbuf_2_1__f_clk/X (sky130_fd_sc_hd__clkbuf_16)
                                         clknet_2_1__leaf_clk (net)
                  0.04    0.00    0.25 ^ _321_/CLK (sky130_fd_sc_hd__dfrtp_4)
     5    0.03    0.09    0.51    0.76 v _321_/Q (sky130_fd_sc_hd__dfrtp_4)
                                         div.count[1] (net)
                  0.09    0.00    0.76 v _172_/B (sky130_fd_sc_hd__nand2_2)
     2    0.02    0.11    0.13    0.89 ^ _172_/Y (sky130_fd_sc_hd__nand2_2)
                                         _087_ (net)
                  0.11    0.00    0.89 ^ _175_/B (sky130_fd_sc_hd__xnor2_1)
     1    0.00    0.10    0.12    1.00 ^ _175_/Y (sky130_fd_sc_hd__xnor2_1)
                                         _026_ (net)
                  0.10    0.00    1.00 ^ _322_/D (sky130_fd_sc_hd__dfrtp_4)
                                  1.00   data arrival time

                         10.00   10.00   clock core_clock (rise edge)
                          0.00   10.00   clock source latency
     1    0.01    0.00    0.00   10.00 ^ clk (in)
                                         clk (net)
                  0.00    0.00   10.00 ^ clkbuf_0_clk/A (sky130_fd_sc_hd__clkbuf_16)
     4    0.03    0.05    0.12   10.12 ^ clkbuf_0_clk/X (sky130_fd_sc_hd__clkbuf_16)
                                         clknet_0_clk (net)
                  0.05    0.00   10.12 ^ clkbuf_2_1__f_clk/A (sky130_fd_sc_hd__clkbuf_16)
    11    0.02    0.04    0.13   10.25 ^ clkbuf_2_1__f_clk/X (sky130_fd_sc_hd__clkbuf_16)
                                         clknet_2_1__leaf_clk (net)
                  0.04    0.00   10.25 ^ _322_/CLK (sky130_fd_sc_hd__dfrtp_4)
                          0.00   10.25   clock reconvergence pessimism
                         -0.08   10.17   library setup time
                                 10.17   data required time
-----------------------------------------------------------------------------
                                 10.17   data required time
                                 -1.00   data arrival time
-----------------------------------------------------------------------------
                                  9.17   slack (MET)



worst slack corner Typical: 6.8865
max_report_end
checks_report

===========================================================================
report_checks -unconstrained
===========================================================================
======================= Typical Corner ===================================

Startpoint: _335_ (rising edge-triggered flip-flop clocked by core_clock)
Endpoint: _342_ (rising edge-triggered flip-flop clocked by core_clock)
Path Group: core_clock
Path Type: max

Fanout     Cap    Slew   Delay    Time   Description
-----------------------------------------------------------------------------
                          0.00    0.00   clock core_clock (rise edge)
                          0.00    0.00   clock source latency
     1    0.01    0.00    0.00    0.00 ^ clk (in)
                                         clk (net)
                  0.00    0.00    0.00 ^ clkbuf_0_clk/A (sky130_fd_sc_hd__clkbuf_16)
     4    0.03    0.05    0.12    0.12 ^ clkbuf_0_clk/X (sky130_fd_sc_hd__clkbuf_16)
                                         clknet_0_clk (net)
                  0.05    0.00    0.12 ^ clkbuf_2_3__f_clk/A (sky130_fd_sc_hd__clkbuf_16)
     9    0.03    0.05    0.14    0.26 ^ clkbuf_2_3__f_clk/X (sky130_fd_sc_hd__clkbuf_16)
                                         clknet_2_3__leaf_clk (net)
                  0.05    0.00    0.26 ^ _335_/CLK (sky130_fd_sc_hd__dfrtp_4)
     3    0.03    0.09    0.51    0.77 v _335_/Q (sky130_fd_sc_hd__dfrtp_4)
                                         div.count[15] (net)
                  0.09    0.00    0.78 v _157_/A (sky130_fd_sc_hd__or4b_2)
     1    0.02    0.15    0.75    1.52 v _157_/X (sky130_fd_sc_hd__or4b_2)
                                         _074_ (net)
                  0.15    0.00    1.53 v _161_/A (sky130_fd_sc_hd__or4_2)
     2    0.02    0.15    0.77    2.30 v _161_/X (sky130_fd_sc_hd__or4_2)
                                         _078_ (net)
                  0.15    0.00    2.30 v _167_/A (sky130_fd_sc_hd__or4_4)
     6    0.01    0.10    0.59    2.89 v _167_/X (sky130_fd_sc_hd__or4_4)
                                         _084_ (net)
                  0.10    0.00    2.89 v _238_/A (sky130_fd_sc_hd__and3_1)
     1    0.01    0.07    0.20    3.09 v _238_/X (sky130_fd_sc_hd__and3_1)
                                         _132_ (net)
                  0.07    0.00    3.09 v _239_/A (sky130_fd_sc_hd__buf_1)
     1    0.01    0.08    0.14    3.24 v _239_/X (sky130_fd_sc_hd__buf_1)
                                         _018_ (net)
                  0.08    0.00    3.24 v _342_/D (sky130_fd_sc_hd__dfrtp_4)
                                  3.24   data arrival time

                         10.00   10.00   clock core_clock (rise edge)
                          0.00   10.00   clock source latency
     1    0.01    0.00    0.00   10.00 ^ clk (in)
                                         clk (net)
                  0.00    0.00   10.00 ^ clkbuf_0_clk/A (sky130_fd_sc_hd__clkbuf_16)
     4    0.03    0.05    0.12   10.12 ^ clkbuf_0_clk/X (sky130_fd_sc_hd__clkbuf_16)
                                         clknet_0_clk (net)
                  0.05    0.00   10.12 ^ clkbuf_2_0__f_clk/A (sky130_fd_sc_hd__clkbuf_16)
     9    0.02    0.05    0.13   10.25 ^ clkbuf_2_0__f_clk/X (sky130_fd_sc_hd__clkbuf_16)
                                         clknet_2_0__leaf_clk (net)
                  0.05    0.00   10.25 ^ _342_/CLK (sky130_fd_sc_hd__dfrtp_4)
                          0.00   10.25   clock reconvergence pessimism
                         -0.13   10.12   library setup time
                                 10.12   data required time
-----------------------------------------------------------------------------
                                 10.12   data required time
                                 -3.24   data arrival time
-----------------------------------------------------------------------------
                                  6.89   slack (MET)




===========================================================================
report_checks --slack_max -0.01
============================================================================
======================= Typical Corner ===================================

No paths found.


===========================================================================
 report_check_types -max_slew -max_cap -max_fanout -violators
============================================================================
======================= Typical Corner ===================================


max slew violations count Typical: 0
max fanout violations count Typical: 0
max cap violations count Typical: 0

===========================================================================
report_parasitic_annotation -report_unannotated
============================================================================
Found 7 unannotated drivers.
 clkload0/Y
 clkload1/Y
 clkload2/Y
 lab3_10/LO
 lab3_11/LO
 lab3_8/HI
 lab3_9/LO
Found 113 partially unannotated drivers.
 clk
 rst_button
 _162_/X
 _163_/X
 _164_/X
 _167_/X
 _168_/Y
 _173_/X
 _174_/X
 _175_/Y
 _176_/X
 _177_/X
 _178_/X
 _179_/X
 _180_/X
 _182_/X
 _183_/Y
 _184_/Y
 _187_/X
 _189_/Y
 _190_/X
 _191_/X
 _193_/Y
 _194_/Y
 _195_/X
 _196_/X
 _198_/X
 _199_/X
 _200_/X
 _201_/Y
 _202_/Y
 _204_/X
 _210_/X
 _211_/X
 _218_/X
 _221_/X
 _222_/Y
 _224_/Y
 _225_/X
 _229_/Y
 _232_/X
 _243_/X
 _244_/X
 _245_/Y
 _246_/X
 _252_/X
 _256_/Y
 _257_/X
 _261_/X
 _262_/X
 _264_/Y
 _265_/X
 _266_/Y
 _267_/X
 _268_/X
 _269_/X
 _270_/Y
 _272_/Y
 _273_/Y
 _274_/X
 _276_/X
 _277_/X
 _278_/Y
 _279_/X
 _280_/X
 _283_/Y
 _287_/Y
 _289_/Y
 _291_/X
 _295_/Y
 _296_/Y
 _297_/Y
 _299_/Y
 _300_/Y
 _302_/X
 _304_/Y
 _305_/Y
 _306_/Y
 _311_/Y
 _314_/Y
 _319_/Y
 _320_/Q
 _325_/Q
 _326_/Q
 _327_/Q
 _328_/Q
 _329_/Q
 _330_/Q
 _331_/Q
 _332_/Q
 _333_/Q
 _334_/Q
 _336_/Q
 _337_/Q
 _339_/Q
 _340_/Q
 _341_/Q
 _342_/Q
 _344_/Q
 _345_/Q
 _347_/Q
 _348_/Q
 _349_/Q
 _351_/Q
 _352_/Q
 _353_/Q
 _354_/Q
 _355_/Q
 _356_/Q
 clkbuf_0_clk/X
 clkbuf_2_0__f_clk/X
 clkbuf_2_1__f_clk/X
 clkbuf_2_2__f_clk/X

===========================================================================
max slew violation count 0
max fanout violation count 0
max cap violation count 0
============================================================================

===========================================================================
check_setup -verbose -unconstrained_endpoints -multiple_clock -no_clock -no_input_delay -loops -generated_clocks
===========================================================================
Warning: There is 1 input port missing set_input_delay.
  rst_button
Warning: There are 4 unclocked register/latch pins.
  _352_/CLK
  _353_/CLK
  _354_/CLK
  _355_/CLK
Warning: There are 15 unconstrained endpoints.
  an[0]
  an[1]
  an[2]
  an[3]
  seg[0]
  seg[1]
  seg[2]
  seg[3]
  seg[4]
  seg[5]
  seg[6]
  _352_/D
  _353_/D
  _354_/D
  _355_/D
checks_report_end
power_report

===========================================================================
 report_power
============================================================================
======================= Typical Corner ===================================

Group                  Internal  Switching    Leakage      Total
                          Power      Power      Power      Power (Watts)
----------------------------------------------------------------
Sequential             1.34e-04   0.00e+00   4.37e-10   1.34e-04  50.1%
Combinational          3.07e-14   7.17e-14   6.72e-10   6.72e-10   0.0%
Clock                  9.03e-05   4.26e-05   3.74e-10   1.33e-04  49.9%
Macro                  0.00e+00   0.00e+00   0.00e+00   0.00e+00   0.0%
Pad                    0.00e+00   0.00e+00   0.00e+00   0.00e+00   0.0%
----------------------------------------------------------------
Total                  2.24e-04   4.26e-05   1.48e-09   2.67e-04 100.0%
                          84.0%      16.0%       0.0%

power_report_end
skew_report

===========================================================================
report_clock_skew
============================================================================
Clock core_clock
   0.25 source latency _321_/CLK ^
  -0.26 target latency _349_/CLK ^
   0.00 CRPR
--------------
  -0.01 setup skew

skew_report_end
summary_report

===========================================================================
report_tns
============================================================================
tns 0.00

===========================================================================
report_wns
============================================================================
wns 0.00

===========================================================================
report_worst_slack -max (Setup)
============================================================================
worst slack 6.89

===========================================================================
report_worst_slack -min (Hold)
============================================================================
worst slack 0.47
summary_report_end
area_report

===========================================================================
report_design_area
============================================================================
Design area 2564 u^2 18% utilization.
area_report_end
check_nonpropagated_clocks
check_nonpropagated_clocks_end
[WARNING] Did not save OpenROAD database!
Writing SDF to '/openlane/designs/lab3/runs/RUN_2025.05.25_20.36.00/results/signoff/lab3.sdf'…
Writing timing model to '/openlane/designs/lab3/runs/RUN_2025.05.25_20.36.00/results/signoff/lab3.lib'…
