OpenROAD b16bda7e82721d10566ff7e2b68f1ff0be9f9e38 
Features included (+) or not (-): +Charts +GPU +GUI +Python
This program is licensed under the BSD-3 license. See the LICENSE file for details.
Components of this program may be licensed under more restrictive licenses which must be honored.
define_corners Typical
read_liberty -corner Typical /Users/nigiri/.volare/sky130A/libs.ref/sky130_fd_sc_hd/lib/sky130_fd_sc_hd__tt_025C_1v80.lib
Using 1e-12 for capacitance...
Using 1e+03 for resistance...
Using 1e-09 for time...
Using 1e+00 for voltage...
Using 1e-03 for current...
Using 1e-09 for power...
Using 1e-06 for distance...
[INFO]: Reading ODB at '/openlane/designs/lab3/runs/RUN_2025.05.25_20.36.00/tmp/routing/20-global.odb'…
Reading design constraints file at '/openlane/designs/lab3/src/lab3.sdc'…
[INFO]: No (un)set_propagated_clock found in /openlane/designs/lab3/src/lab3.sdc
[INFO]: Propagating all clocks
min_report

===========================================================================
report_checks -path_delay min (Hold)
============================================================================
======================= Typical Corner ===================================

Startpoint: _351_ (rising edge-triggered flip-flop clocked by core_clock)
Endpoint: _351_ (rising edge-triggered flip-flop clocked by core_clock)
Path Group: core_clock
Path Type: min

Fanout     Cap    Slew   Delay    Time   Description
-----------------------------------------------------------------------------
                          0.00    0.00   clock core_clock (rise edge)
                          0.00    0.00   clock source latency
     1    0.01    0.00    0.00    0.00 ^ clk (in)
                                         clk (net)
                  0.00    0.00    0.00 ^ clkbuf_0_clk/A (sky130_fd_sc_hd__clkbuf_16)
     4    0.03    0.05    0.12    0.12 ^ clkbuf_0_clk/X (sky130_fd_sc_hd__clkbuf_16)
                                         clknet_0_clk (net)
                  0.05    0.00    0.12 ^ clkbuf_2_3__f_clk/A (sky130_fd_sc_hd__clkbuf_16)
    18    0.03    0.05    0.14    0.26 ^ clkbuf_2_3__f_clk/X (sky130_fd_sc_hd__clkbuf_16)
                                         clknet_2_3__leaf_clk (net)
                  0.05    0.00    0.26 ^ _351_/CLK (sky130_fd_sc_hd__dfrtp_1)
     2    0.01    0.07    0.34    0.60 ^ _351_/Q (sky130_fd_sc_hd__dfrtp_1)
                                         div.count[31] (net)
                  0.07    0.00    0.60 ^ _260_/A (sky130_fd_sc_hd__xor2_1)
     1    0.00    0.03    0.06    0.66 v _260_/X (sky130_fd_sc_hd__xor2_1)
                                         _028_ (net)
                  0.03    0.00    0.66 v _351_/D (sky130_fd_sc_hd__dfrtp_1)
                                  0.66   data arrival time

                          0.00    0.00   clock core_clock (rise edge)
                          0.00    0.00   clock source latency
     1    0.01    0.00    0.00    0.00 ^ clk (in)
                                         clk (net)
                  0.00    0.00    0.00 ^ clkbuf_0_clk/A (sky130_fd_sc_hd__clkbuf_16)
     4    0.03    0.05    0.12    0.12 ^ clkbuf_0_clk/X (sky130_fd_sc_hd__clkbuf_16)
                                         clknet_0_clk (net)
                  0.05    0.00    0.12 ^ clkbuf_2_3__f_clk/A (sky130_fd_sc_hd__clkbuf_16)
    18    0.03    0.05    0.14    0.26 ^ clkbuf_2_3__f_clk/X (sky130_fd_sc_hd__clkbuf_16)
                                         clknet_2_3__leaf_clk (net)
                  0.05    0.00    0.26 ^ _351_/CLK (sky130_fd_sc_hd__dfrtp_1)
                          0.00    0.26   clock reconvergence pessimism
                         -0.04    0.22   library hold time
                                  0.22   data required time
-----------------------------------------------------------------------------
                                  0.22   data required time
                                 -0.66   data arrival time
-----------------------------------------------------------------------------
                                  0.44   slack (MET)


Startpoint: _350_ (rising edge-triggered flip-flop clocked by core_clock)
Endpoint: _350_ (rising edge-triggered flip-flop clocked by core_clock)
Path Group: core_clock
Path Type: min

Fanout     Cap    Slew   Delay    Time   Description
-----------------------------------------------------------------------------
                          0.00    0.00   clock core_clock (rise edge)
                          0.00    0.00   clock source latency
     1    0.01    0.00    0.00    0.00 ^ clk (in)
                                         clk (net)
                  0.00    0.00    0.00 ^ clkbuf_0_clk/A (sky130_fd_sc_hd__clkbuf_16)
     4    0.03    0.05    0.12    0.12 ^ clkbuf_0_clk/X (sky130_fd_sc_hd__clkbuf_16)
                                         clknet_0_clk (net)
                  0.05    0.00    0.12 ^ clkbuf_2_0__f_clk/A (sky130_fd_sc_hd__clkbuf_16)
    18    0.03    0.05    0.14    0.26 ^ clkbuf_2_0__f_clk/X (sky130_fd_sc_hd__clkbuf_16)
                                         clknet_2_0__leaf_clk (net)
                  0.05    0.00    0.26 ^ _350_/CLK (sky130_fd_sc_hd__dfrtp_2)
     6    0.01    0.07    0.37    0.63 ^ _350_/Q (sky130_fd_sc_hd__dfrtp_2)
                                         div.count[30] (net)
                  0.07    0.00    0.63 ^ _258_/A (sky130_fd_sc_hd__xnor2_1)
     1    0.00    0.03    0.07    0.69 v _258_/Y (sky130_fd_sc_hd__xnor2_1)
                                         _027_ (net)
                  0.03    0.00    0.69 v _350_/D (sky130_fd_sc_hd__dfrtp_2)
                                  0.69   data arrival time

                          0.00    0.00   clock core_clock (rise edge)
                          0.00    0.00   clock source latency
     1    0.01    0.00    0.00    0.00 ^ clk (in)
                                         clk (net)
                  0.00    0.00    0.00 ^ clkbuf_0_clk/A (sky130_fd_sc_hd__clkbuf_16)
     4    0.03    0.05    0.12    0.12 ^ clkbuf_0_clk/X (sky130_fd_sc_hd__clkbuf_16)
                                         clknet_0_clk (net)
                  0.05    0.00    0.12 ^ clkbuf_2_0__f_clk/A (sky130_fd_sc_hd__clkbuf_16)
    18    0.03    0.05    0.14    0.26 ^ clkbuf_2_0__f_clk/X (sky130_fd_sc_hd__clkbuf_16)
                                         clknet_2_0__leaf_clk (net)
                  0.05    0.00    0.26 ^ _350_/CLK (sky130_fd_sc_hd__dfrtp_2)
                          0.00    0.26   clock reconvergence pessimism
                         -0.03    0.22   library hold time
                                  0.22   data required time
-----------------------------------------------------------------------------
                                  0.22   data required time
                                 -0.69   data arrival time
-----------------------------------------------------------------------------
                                  0.47   slack (MET)


Startpoint: _343_ (rising edge-triggered flip-flop clocked by core_clock)
Endpoint: _343_ (rising edge-triggered flip-flop clocked by core_clock)
Path Group: core_clock
Path Type: min

Fanout     Cap    Slew   Delay    Time   Description
-----------------------------------------------------------------------------
                          0.00    0.00   clock core_clock (rise edge)
                          0.00    0.00   clock source latency
     1    0.01    0.00    0.00    0.00 ^ clk (in)
                                         clk (net)
                  0.00    0.00    0.00 ^ clkbuf_0_clk/A (sky130_fd_sc_hd__clkbuf_16)
     4    0.03    0.05    0.12    0.12 ^ clkbuf_0_clk/X (sky130_fd_sc_hd__clkbuf_16)
                                         clknet_0_clk (net)
                  0.05    0.00    0.12 ^ clkbuf_2_1__f_clk/A (sky130_fd_sc_hd__clkbuf_16)
    22    0.03    0.05    0.14    0.26 ^ clkbuf_2_1__f_clk/X (sky130_fd_sc_hd__clkbuf_16)
                                         clknet_2_1__leaf_clk (net)
                  0.05    0.00    0.26 ^ _343_/CLK (sky130_fd_sc_hd__dfrtp_2)
     6    0.01    0.07    0.37    0.63 ^ _343_/Q (sky130_fd_sc_hd__dfrtp_2)
                                         div.count[23] (net)
                  0.07    0.00    0.63 ^ _240_/A (sky130_fd_sc_hd__xnor2_1)
     2    0.00    0.03    0.07    0.70 v _240_/Y (sky130_fd_sc_hd__xnor2_1)
                                         _019_ (net)
                  0.03    0.00    0.70 v _343_/D (sky130_fd_sc_hd__dfrtp_2)
                                  0.70   data arrival time

                          0.00    0.00   clock core_clock (rise edge)
                          0.00    0.00   clock source latency
     1    0.01    0.00    0.00    0.00 ^ clk (in)
                                         clk (net)
                  0.00    0.00    0.00 ^ clkbuf_0_clk/A (sky130_fd_sc_hd__clkbuf_16)
     4    0.03    0.05    0.12    0.12 ^ clkbuf_0_clk/X (sky130_fd_sc_hd__clkbuf_16)
                                         clknet_0_clk (net)
                  0.05    0.00    0.12 ^ clkbuf_2_1__f_clk/A (sky130_fd_sc_hd__clkbuf_16)
    22    0.03    0.05    0.14    0.26 ^ clkbuf_2_1__f_clk/X (sky130_fd_sc_hd__clkbuf_16)
                                         clknet_2_1__leaf_clk (net)
                  0.05    0.00    0.26 ^ _343_/CLK (sky130_fd_sc_hd__dfrtp_2)
                          0.00    0.26   clock reconvergence pessimism
                         -0.04    0.22   library hold time
                                  0.22   data required time
-----------------------------------------------------------------------------
                                  0.22   data required time
                                 -0.70   data arrival time
-----------------------------------------------------------------------------
                                  0.48   slack (MET)


Startpoint: _346_ (rising edge-triggered flip-flop clocked by core_clock)
Endpoint: _346_ (rising edge-triggered flip-flop clocked by core_clock)
Path Group: core_clock
Path Type: min

Fanout     Cap    Slew   Delay    Time   Description
-----------------------------------------------------------------------------
                          0.00    0.00   clock core_clock (rise edge)
                          0.00    0.00   clock source latency
     1    0.01    0.00    0.00    0.00 ^ clk (in)
                                         clk (net)
                  0.00    0.00    0.00 ^ clkbuf_0_clk/A (sky130_fd_sc_hd__clkbuf_16)
     4    0.03    0.05    0.12    0.12 ^ clkbuf_0_clk/X (sky130_fd_sc_hd__clkbuf_16)
                                         clknet_0_clk (net)
                  0.05    0.00    0.12 ^ clkbuf_2_0__f_clk/A (sky130_fd_sc_hd__clkbuf_16)
    18    0.03    0.05    0.14    0.26 ^ clkbuf_2_0__f_clk/X (sky130_fd_sc_hd__clkbuf_16)
                                         clknet_2_0__leaf_clk (net)
                  0.05    0.00    0.26 ^ _346_/CLK (sky130_fd_sc_hd__dfrtp_2)
     8    0.01    0.08    0.38    0.64 ^ _346_/Q (sky130_fd_sc_hd__dfrtp_2)
                                         div.count[26] (net)
                  0.08    0.00    0.64 ^ _248_/A (sky130_fd_sc_hd__xor2_1)
     1    0.00    0.03    0.06    0.70 v _248_/X (sky130_fd_sc_hd__xor2_1)
                                         _022_ (net)
                  0.03    0.00    0.70 v _346_/D (sky130_fd_sc_hd__dfrtp_2)
                                  0.70   data arrival time

                          0.00    0.00   clock core_clock (rise edge)
                          0.00    0.00   clock source latency
     1    0.01    0.00    0.00    0.00 ^ clk (in)
                                         clk (net)
                  0.00    0.00    0.00 ^ clkbuf_0_clk/A (sky130_fd_sc_hd__clkbuf_16)
     4    0.03    0.05    0.12    0.12 ^ clkbuf_0_clk/X (sky130_fd_sc_hd__clkbuf_16)
                                         clknet_0_clk (net)
                  0.05    0.00    0.12 ^ clkbuf_2_0__f_clk/A (sky130_fd_sc_hd__clkbuf_16)
    18    0.03    0.05    0.14    0.26 ^ clkbuf_2_0__f_clk/X (sky130_fd_sc_hd__clkbuf_16)
                                         clknet_2_0__leaf_clk (net)
                  0.05    0.00    0.26 ^ _346_/CLK (sky130_fd_sc_hd__dfrtp_2)
                          0.00    0.26   clock reconvergence pessimism
                         -0.04    0.22   library hold time
                                  0.22   data required time
-----------------------------------------------------------------------------
                                  0.22   data required time
                                 -0.70   data arrival time
-----------------------------------------------------------------------------
                                  0.48   slack (MET)


Startpoint: _333_ (rising edge-triggered flip-flop clocked by core_clock)
Endpoint: _333_ (rising edge-triggered flip-flop clocked by core_clock)
Path Group: core_clock
Path Type: min

Fanout     Cap    Slew   Delay    Time   Description
-----------------------------------------------------------------------------
                          0.00    0.00   clock core_clock (rise edge)
                          0.00    0.00   clock source latency
     1    0.01    0.00    0.00    0.00 ^ clk (in)
                                         clk (net)
                  0.00    0.00    0.00 ^ clkbuf_0_clk/A (sky130_fd_sc_hd__clkbuf_16)
     4    0.03    0.05    0.12    0.12 ^ clkbuf_0_clk/X (sky130_fd_sc_hd__clkbuf_16)
                                         clknet_0_clk (net)
                  0.05    0.00    0.12 ^ clkbuf_2_1__f_clk/A (sky130_fd_sc_hd__clkbuf_16)
    22    0.03    0.05    0.14    0.26 ^ clkbuf_2_1__f_clk/X (sky130_fd_sc_hd__clkbuf_16)
                                         clknet_2_1__leaf_clk (net)
                  0.05    0.00    0.26 ^ _333_/CLK (sky130_fd_sc_hd__dfrtp_2)
     6    0.01    0.06    0.36    0.62 ^ _333_/Q (sky130_fd_sc_hd__dfrtp_2)
                                         div.count[13] (net)
                  0.06    0.00    0.62 ^ _212_/A1 (sky130_fd_sc_hd__o21ba_1)
     1    0.00    0.04    0.12    0.74 ^ _212_/X (sky130_fd_sc_hd__o21ba_1)
                                         _008_ (net)
                  0.04    0.00    0.74 ^ _333_/D (sky130_fd_sc_hd__dfrtp_2)
                                  0.74   data arrival time

                          0.00    0.00   clock core_clock (rise edge)
                          0.00    0.00   clock source latency
     1    0.01    0.00    0.00    0.00 ^ clk (in)
                                         clk (net)
                  0.00    0.00    0.00 ^ clkbuf_0_clk/A (sky130_fd_sc_hd__clkbuf_16)
     4    0.03    0.05    0.12    0.12 ^ clkbuf_0_clk/X (sky130_fd_sc_hd__clkbuf_16)
                                         clknet_0_clk (net)
                  0.05    0.00    0.12 ^ clkbuf_2_1__f_clk/A (sky130_fd_sc_hd__clkbuf_16)
    22    0.03    0.05    0.14    0.26 ^ clkbuf_2_1__f_clk/X (sky130_fd_sc_hd__clkbuf_16)
                                         clknet_2_1__leaf_clk (net)
                  0.05    0.00    0.26 ^ _333_/CLK (sky130_fd_sc_hd__dfrtp_2)
                          0.00    0.26   clock reconvergence pessimism
                         -0.03    0.23   library hold time
                                  0.23   data required time
-----------------------------------------------------------------------------
                                  0.23   data required time
                                 -0.74   data arrival time
-----------------------------------------------------------------------------
                                  0.51   slack (MET)


Startpoint: _347_ (rising edge-triggered flip-flop clocked by core_clock)
Endpoint: _347_ (rising edge-triggered flip-flop clocked by core_clock)
Path Group: core_clock
Path Type: min

Fanout     Cap    Slew   Delay    Time   Description
-----------------------------------------------------------------------------
                          0.00    0.00   clock core_clock (rise edge)
                          0.00    0.00   clock source latency
     1    0.01    0.00    0.00    0.00 ^ clk (in)
                                         clk (net)
                  0.00    0.00    0.00 ^ clkbuf_0_clk/A (sky130_fd_sc_hd__clkbuf_16)
     4    0.03    0.05    0.12    0.12 ^ clkbuf_0_clk/X (sky130_fd_sc_hd__clkbuf_16)
                                         clknet_0_clk (net)
                  0.05    0.00    0.12 ^ clkbuf_2_3__f_clk/A (sky130_fd_sc_hd__clkbuf_16)
    18    0.03    0.05    0.14    0.26 ^ clkbuf_2_3__f_clk/X (sky130_fd_sc_hd__clkbuf_16)
                                         clknet_2_3__leaf_clk (net)
                  0.05    0.00    0.26 ^ _347_/CLK (sky130_fd_sc_hd__dfrtp_1)
     6    0.01    0.09    0.36    0.61 ^ _347_/Q (sky130_fd_sc_hd__dfrtp_1)
                                         div.count[27] (net)
                  0.09    0.00    0.61 ^ _252_/A1 (sky130_fd_sc_hd__o21ba_1)
     1    0.00    0.04    0.13    0.74 ^ _252_/X (sky130_fd_sc_hd__o21ba_1)
                                         _023_ (net)
                  0.04    0.00    0.74 ^ _347_/D (sky130_fd_sc_hd__dfrtp_1)
                                  0.74   data arrival time

                          0.00    0.00   clock core_clock (rise edge)
                          0.00    0.00   clock source latency
     1    0.01    0.00    0.00    0.00 ^ clk (in)
                                         clk (net)
                  0.00    0.00    0.00 ^ clkbuf_0_clk/A (sky130_fd_sc_hd__clkbuf_16)
     4    0.03    0.05    0.12    0.12 ^ clkbuf_0_clk/X (sky130_fd_sc_hd__clkbuf_16)
                                         clknet_0_clk (net)
                  0.05    0.00    0.12 ^ clkbuf_2_3__f_clk/A (sky130_fd_sc_hd__clkbuf_16)
    18    0.03    0.05    0.14    0.26 ^ clkbuf_2_3__f_clk/X (sky130_fd_sc_hd__clkbuf_16)
                                         clknet_2_3__leaf_clk (net)
                  0.05    0.00    0.26 ^ _347_/CLK (sky130_fd_sc_hd__dfrtp_1)
                          0.00    0.26   clock reconvergence pessimism
                         -0.03    0.22   library hold time
                                  0.22   data required time
-----------------------------------------------------------------------------
                                  0.22   data required time
                                 -0.74   data arrival time
-----------------------------------------------------------------------------
                                  0.51   slack (MET)


Startpoint: _332_ (rising edge-triggered flip-flop clocked by core_clock)
Endpoint: _332_ (rising edge-triggered flip-flop clocked by core_clock)
Path Group: core_clock
Path Type: min

Fanout     Cap    Slew   Delay    Time   Description
-----------------------------------------------------------------------------
                          0.00    0.00   clock core_clock (rise edge)
                          0.00    0.00   clock source latency
     1    0.01    0.00    0.00    0.00 ^ clk (in)
                                         clk (net)
                  0.00    0.00    0.00 ^ clkbuf_0_clk/A (sky130_fd_sc_hd__clkbuf_16)
     4    0.03    0.05    0.12    0.12 ^ clkbuf_0_clk/X (sky130_fd_sc_hd__clkbuf_16)
                                         clknet_0_clk (net)
                  0.05    0.00    0.12 ^ clkbuf_2_1__f_clk/A (sky130_fd_sc_hd__clkbuf_16)
    22    0.03    0.05    0.14    0.26 ^ clkbuf_2_1__f_clk/X (sky130_fd_sc_hd__clkbuf_16)
                                         clknet_2_1__leaf_clk (net)
                  0.05    0.00    0.26 ^ _332_/CLK (sky130_fd_sc_hd__dfrtp_4)
     8    0.01    0.07    0.42    0.68 ^ _332_/Q (sky130_fd_sc_hd__dfrtp_4)
                                         div.count[12] (net)
                  0.07    0.00    0.68 ^ _208_/A (sky130_fd_sc_hd__xnor2_1)
     1    0.00    0.03    0.07    0.74 v _208_/Y (sky130_fd_sc_hd__xnor2_1)
                                         _007_ (net)
                  0.03    0.00    0.74 v _332_/D (sky130_fd_sc_hd__dfrtp_4)
                                  0.74   data arrival time

                          0.00    0.00   clock core_clock (rise edge)
                          0.00    0.00   clock source latency
     1    0.01    0.00    0.00    0.00 ^ clk (in)
                                         clk (net)
                  0.00    0.00    0.00 ^ clkbuf_0_clk/A (sky130_fd_sc_hd__clkbuf_16)
     4    0.03    0.05    0.12    0.12 ^ clkbuf_0_clk/X (sky130_fd_sc_hd__clkbuf_16)
                                         clknet_0_clk (net)
                  0.05    0.00    0.12 ^ clkbuf_2_1__f_clk/A (sky130_fd_sc_hd__clkbuf_16)
    22    0.03    0.05    0.14    0.26 ^ clkbuf_2_1__f_clk/X (sky130_fd_sc_hd__clkbuf_16)
                                         clknet_2_1__leaf_clk (net)
                  0.05    0.00    0.26 ^ _332_/CLK (sky130_fd_sc_hd__dfrtp_4)
                          0.00    0.26   clock reconvergence pessimism
                         -0.03    0.22   library hold time
                                  0.22   data required time
-----------------------------------------------------------------------------
                                  0.22   data required time
                                 -0.74   data arrival time
-----------------------------------------------------------------------------
                                  0.52   slack (MET)


Startpoint: _335_ (rising edge-triggered flip-flop clocked by core_clock)
Endpoint: _335_ (rising edge-triggered flip-flop clocked by core_clock)
Path Group: core_clock
Path Type: min

Fanout     Cap    Slew   Delay    Time   Description
-----------------------------------------------------------------------------
                          0.00    0.00   clock core_clock (rise edge)
                          0.00    0.00   clock source latency
     1    0.01    0.00    0.00    0.00 ^ clk (in)
                                         clk (net)
                  0.00    0.00    0.00 ^ clkbuf_0_clk/A (sky130_fd_sc_hd__clkbuf_16)
     4    0.03    0.05    0.12    0.12 ^ clkbuf_0_clk/X (sky130_fd_sc_hd__clkbuf_16)
                                         clknet_0_clk (net)
                  0.05    0.00    0.12 ^ clkbuf_2_3__f_clk/A (sky130_fd_sc_hd__clkbuf_16)
    18    0.03    0.05    0.14    0.26 ^ clkbuf_2_3__f_clk/X (sky130_fd_sc_hd__clkbuf_16)
                                         clknet_2_3__leaf_clk (net)
                  0.05    0.00    0.26 ^ _335_/CLK (sky130_fd_sc_hd__dfrtp_4)
     6    0.01    0.08    0.42    0.68 ^ _335_/Q (sky130_fd_sc_hd__dfrtp_4)
                                         div.count[15] (net)
                  0.08    0.00    0.68 ^ _215_/A (sky130_fd_sc_hd__xnor2_2)
     2    0.00    0.03    0.07    0.75 v _215_/Y (sky130_fd_sc_hd__xnor2_2)
                                         _010_ (net)
                  0.03    0.00    0.75 v _335_/D (sky130_fd_sc_hd__dfrtp_4)
                                  0.75   data arrival time

                          0.00    0.00   clock core_clock (rise edge)
                          0.00    0.00   clock source latency
     1    0.01    0.00    0.00    0.00 ^ clk (in)
                                         clk (net)
                  0.00    0.00    0.00 ^ clkbuf_0_clk/A (sky130_fd_sc_hd__clkbuf_16)
     4    0.03    0.05    0.12    0.12 ^ clkbuf_0_clk/X (sky130_fd_sc_hd__clkbuf_16)
                                         clknet_0_clk (net)
                  0.05    0.00    0.12 ^ clkbuf_2_3__f_clk/A (sky130_fd_sc_hd__clkbuf_16)
    18    0.03    0.05    0.14    0.26 ^ clkbuf_2_3__f_clk/X (sky130_fd_sc_hd__clkbuf_16)
                                         clknet_2_3__leaf_clk (net)
                  0.05    0.00    0.26 ^ _335_/CLK (sky130_fd_sc_hd__dfrtp_4)
                          0.00    0.26   clock reconvergence pessimism
                         -0.03    0.22   library hold time
                                  0.22   data required time
-----------------------------------------------------------------------------
                                  0.22   data required time
                                 -0.75   data arrival time
-----------------------------------------------------------------------------
                                  0.53   slack (MET)


Startpoint: _322_ (rising edge-triggered flip-flop clocked by core_clock)
Endpoint: _322_ (rising edge-triggered flip-flop clocked by core_clock)
Path Group: core_clock
Path Type: min

Fanout     Cap    Slew   Delay    Time   Description
-----------------------------------------------------------------------------
                          0.00    0.00   clock core_clock (rise edge)
                          0.00    0.00   clock source latency
     1    0.01    0.00    0.00    0.00 ^ clk (in)
                                         clk (net)
                  0.00    0.00    0.00 ^ clkbuf_0_clk/A (sky130_fd_sc_hd__clkbuf_16)
     4    0.03    0.05    0.12    0.12 ^ clkbuf_0_clk/X (sky130_fd_sc_hd__clkbuf_16)
                                         clknet_0_clk (net)
                  0.05    0.00    0.12 ^ clkbuf_2_1__f_clk/A (sky130_fd_sc_hd__clkbuf_16)
    22    0.03    0.05    0.14    0.26 ^ clkbuf_2_1__f_clk/X (sky130_fd_sc_hd__clkbuf_16)
                                         clknet_2_1__leaf_clk (net)
                  0.05    0.00    0.26 ^ _322_/CLK (sky130_fd_sc_hd__dfrtp_4)
     8    0.01    0.08    0.42    0.68 ^ _322_/Q (sky130_fd_sc_hd__dfrtp_4)
                                         div.count[2] (net)
                  0.08    0.00    0.68 ^ _175_/A (sky130_fd_sc_hd__xnor2_1)
     2    0.00    0.03    0.07    0.75 v _175_/Y (sky130_fd_sc_hd__xnor2_1)
                                         _026_ (net)
                  0.03    0.00    0.75 v _322_/D (sky130_fd_sc_hd__dfrtp_4)
                                  0.75   data arrival time

                          0.00    0.00   clock core_clock (rise edge)
                          0.00    0.00   clock source latency
     1    0.01    0.00    0.00    0.00 ^ clk (in)
                                         clk (net)
                  0.00    0.00    0.00 ^ clkbuf_0_clk/A (sky130_fd_sc_hd__clkbuf_16)
     4    0.03    0.05    0.12    0.12 ^ clkbuf_0_clk/X (sky130_fd_sc_hd__clkbuf_16)
                                         clknet_0_clk (net)
                  0.05    0.00    0.12 ^ clkbuf_2_1__f_clk/A (sky130_fd_sc_hd__clkbuf_16)
    22    0.03    0.05    0.14    0.26 ^ clkbuf_2_1__f_clk/X (sky130_fd_sc_hd__clkbuf_16)
                                         clknet_2_1__leaf_clk (net)
                  0.05    0.00    0.26 ^ _322_/CLK (sky130_fd_sc_hd__dfrtp_4)
                          0.00    0.26   clock reconvergence pessimism
                         -0.04    0.22   library hold time
                                  0.22   data required time
-----------------------------------------------------------------------------
                                  0.22   data required time
                                 -0.75   data arrival time
-----------------------------------------------------------------------------
                                  0.53   slack (MET)


Startpoint: _328_ (rising edge-triggered flip-flop clocked by core_clock)
Endpoint: _328_ (rising edge-triggered flip-flop clocked by core_clock)
Path Group: core_clock
Path Type: min

Fanout     Cap    Slew   Delay    Time   Description
-----------------------------------------------------------------------------
                          0.00    0.00   clock core_clock (rise edge)
                          0.00    0.00   clock source latency
     1    0.01    0.00    0.00    0.00 ^ clk (in)
                                         clk (net)
                  0.00    0.00    0.00 ^ clkbuf_0_clk/A (sky130_fd_sc_hd__clkbuf_16)
     4    0.03    0.05    0.12    0.12 ^ clkbuf_0_clk/X (sky130_fd_sc_hd__clkbuf_16)
                                         clknet_0_clk (net)
                  0.05    0.00    0.12 ^ clkbuf_2_1__f_clk/A (sky130_fd_sc_hd__clkbuf_16)
    22    0.03    0.05    0.14    0.26 ^ clkbuf_2_1__f_clk/X (sky130_fd_sc_hd__clkbuf_16)
                                         clknet_2_1__leaf_clk (net)
                  0.05    0.00    0.26 ^ _328_/CLK (sky130_fd_sc_hd__dfrtp_4)
    12    0.02    0.09    0.43    0.69 ^ _328_/Q (sky130_fd_sc_hd__dfrtp_4)
                                         div.count[8] (net)
                  0.09    0.00    0.69 ^ _194_/A1 (sky130_fd_sc_hd__a21oi_1)
     1    0.00    0.03    0.06    0.75 v _194_/Y (sky130_fd_sc_hd__a21oi_1)
                                         _034_ (net)
                  0.03    0.00    0.75 v _328_/D (sky130_fd_sc_hd__dfrtp_4)
                                  0.75   data arrival time

                          0.00    0.00   clock core_clock (rise edge)
                          0.00    0.00   clock source latency
     1    0.01    0.00    0.00    0.00 ^ clk (in)
                                         clk (net)
                  0.00    0.00    0.00 ^ clkbuf_0_clk/A (sky130_fd_sc_hd__clkbuf_16)
     4    0.03    0.05    0.12    0.12 ^ clkbuf_0_clk/X (sky130_fd_sc_hd__clkbuf_16)
                                         clknet_0_clk (net)
                  0.05    0.00    0.12 ^ clkbuf_2_1__f_clk/A (sky130_fd_sc_hd__clkbuf_16)
    22    0.03    0.05    0.14    0.26 ^ clkbuf_2_1__f_clk/X (sky130_fd_sc_hd__clkbuf_16)
                                         clknet_2_1__leaf_clk (net)
                  0.05    0.00    0.26 ^ _328_/CLK (sky130_fd_sc_hd__dfrtp_4)
                          0.00    0.26   clock reconvergence pessimism
                         -0.03    0.22   library hold time
                                  0.22   data required time
-----------------------------------------------------------------------------
                                  0.22   data required time
                                 -0.75   data arrival time
-----------------------------------------------------------------------------
                                  0.53   slack (MET)


Startpoint: _356_ (rising edge-triggered flip-flop clocked by core_clock)
Endpoint: _356_ (rising edge-triggered flip-flop clocked by core_clock)
Path Group: core_clock
Path Type: min

Fanout     Cap    Slew   Delay    Time   Description
-----------------------------------------------------------------------------
                          0.00    0.00   clock core_clock (rise edge)
                          0.00    0.00   clock source latency
     1    0.01    0.00    0.00    0.00 ^ clk (in)
                                         clk (net)
                  0.00    0.00    0.00 ^ clkbuf_0_clk/A (sky130_fd_sc_hd__clkbuf_16)
     4    0.03    0.05    0.12    0.12 ^ clkbuf_0_clk/X (sky130_fd_sc_hd__clkbuf_16)
                                         clknet_0_clk (net)
                  0.05    0.00    0.12 ^ clkbuf_2_1__f_clk/A (sky130_fd_sc_hd__clkbuf_16)
    22    0.03    0.05    0.14    0.26 ^ clkbuf_2_1__f_clk/X (sky130_fd_sc_hd__clkbuf_16)
                                         clknet_2_1__leaf_clk (net)
                  0.05    0.00    0.26 ^ _356_/CLK (sky130_fd_sc_hd__dfrtp_4)
    10    0.02    0.08    0.43    0.69 ^ _356_/Q (sky130_fd_sc_hd__dfrtp_4)
                                         counter.clk (net)
                  0.08    0.00    0.69 ^ _168_/A (sky130_fd_sc_hd__xnor2_1)
     1    0.00    0.03    0.07    0.76 v _168_/Y (sky130_fd_sc_hd__xnor2_1)
                                         _073_ (net)
                  0.03    0.00    0.76 v _356_/D (sky130_fd_sc_hd__dfrtp_4)
                                  0.76   data arrival time

                          0.00    0.00   clock core_clock (rise edge)
                          0.00    0.00   clock source latency
     1    0.01    0.00    0.00    0.00 ^ clk (in)
                                         clk (net)
                  0.00    0.00    0.00 ^ clkbuf_0_clk/A (sky130_fd_sc_hd__clkbuf_16)
     4    0.03    0.05    0.12    0.12 ^ clkbuf_0_clk/X (sky130_fd_sc_hd__clkbuf_16)
                                         clknet_0_clk (net)
                  0.05    0.00    0.12 ^ clkbuf_2_1__f_clk/A (sky130_fd_sc_hd__clkbuf_16)
    22    0.03    0.05    0.14    0.26 ^ clkbuf_2_1__f_clk/X (sky130_fd_sc_hd__clkbuf_16)
                                         clknet_2_1__leaf_clk (net)
                  0.05    0.00    0.26 ^ _356_/CLK (sky130_fd_sc_hd__dfrtp_4)
                          0.00    0.26   clock reconvergence pessimism
                         -0.03    0.22   library hold time
                                  0.22   data required time
-----------------------------------------------------------------------------
                                  0.22   data required time
                                 -0.76   data arrival time
-----------------------------------------------------------------------------
                                  0.53   slack (MET)


Startpoint: _324_ (rising edge-triggered flip-flop clocked by core_clock)
Endpoint: _324_ (rising edge-triggered flip-flop clocked by core_clock)
Path Group: core_clock
Path Type: min

Fanout     Cap    Slew   Delay    Time   Description
-----------------------------------------------------------------------------
                          0.00    0.00   clock core_clock (rise edge)
                          0.00    0.00   clock source latency
     1    0.01    0.00    0.00    0.00 ^ clk (in)
                                         clk (net)
                  0.00    0.00    0.00 ^ clkbuf_0_clk/A (sky130_fd_sc_hd__clkbuf_16)
     4    0.03    0.05    0.12    0.12 ^ clkbuf_0_clk/X (sky130_fd_sc_hd__clkbuf_16)
                                         clknet_0_clk (net)
                  0.05    0.00    0.12 ^ clkbuf_2_0__f_clk/A (sky130_fd_sc_hd__clkbuf_16)
    18    0.03    0.05    0.14    0.26 ^ clkbuf_2_0__f_clk/X (sky130_fd_sc_hd__clkbuf_16)
                                         clknet_2_0__leaf_clk (net)
                  0.05    0.00    0.26 ^ _324_/CLK (sky130_fd_sc_hd__dfrtp_4)
    12    0.02    0.09    0.43    0.69 ^ _324_/Q (sky130_fd_sc_hd__dfrtp_4)
                                         div.count[4] (net)
                  0.09    0.00    0.69 ^ _181_/A (sky130_fd_sc_hd__xor2_1)
     1    0.00    0.03    0.07    0.76 v _181_/X (sky130_fd_sc_hd__xor2_1)
                                         _030_ (net)
                  0.03    0.00    0.76 v _324_/D (sky130_fd_sc_hd__dfrtp_4)
                                  0.76   data arrival time

                          0.00    0.00   clock core_clock (rise edge)
                          0.00    0.00   clock source latency
     1    0.01    0.00    0.00    0.00 ^ clk (in)
                                         clk (net)
                  0.00    0.00    0.00 ^ clkbuf_0_clk/A (sky130_fd_sc_hd__clkbuf_16)
     4    0.03    0.05    0.12    0.12 ^ clkbuf_0_clk/X (sky130_fd_sc_hd__clkbuf_16)
                                         clknet_0_clk (net)
                  0.05    0.00    0.12 ^ clkbuf_2_0__f_clk/A (sky130_fd_sc_hd__clkbuf_16)
    18    0.03    0.05    0.14    0.26 ^ clkbuf_2_0__f_clk/X (sky130_fd_sc_hd__clkbuf_16)
                                         clknet_2_0__leaf_clk (net)
                  0.05    0.00    0.26 ^ _324_/CLK (sky130_fd_sc_hd__dfrtp_4)
                          0.00    0.26   clock reconvergence pessimism
                         -0.04    0.22   library hold time
                                  0.22   data required time
-----------------------------------------------------------------------------
                                  0.22   data required time
                                 -0.76   data arrival time
-----------------------------------------------------------------------------
                                  0.54   slack (MET)


Startpoint: _341_ (rising edge-triggered flip-flop clocked by core_clock)
Endpoint: _341_ (rising edge-triggered flip-flop clocked by core_clock)
Path Group: core_clock
Path Type: min

Fanout     Cap    Slew   Delay    Time   Description
-----------------------------------------------------------------------------
                          0.00    0.00   clock core_clock (rise edge)
                          0.00    0.00   clock source latency
     1    0.01    0.00    0.00    0.00 ^ clk (in)
                                         clk (net)
                  0.00    0.00    0.00 ^ clkbuf_0_clk/A (sky130_fd_sc_hd__clkbuf_16)
     4    0.03    0.05    0.12    0.12 ^ clkbuf_0_clk/X (sky130_fd_sc_hd__clkbuf_16)
                                         clknet_0_clk (net)
                  0.05    0.00    0.12 ^ clkbuf_2_1__f_clk/A (sky130_fd_sc_hd__clkbuf_16)
    22    0.03    0.05    0.14    0.26 ^ clkbuf_2_1__f_clk/X (sky130_fd_sc_hd__clkbuf_16)
                                         clknet_2_1__leaf_clk (net)
                  0.05    0.00    0.26 ^ _341_/CLK (sky130_fd_sc_hd__dfrtp_4)
    10    0.02    0.09    0.44    0.69 ^ _341_/Q (sky130_fd_sc_hd__dfrtp_4)
                                         div.count[21] (net)
                  0.09    0.00    0.69 ^ _235_/A (sky130_fd_sc_hd__xor2_1)
     2    0.00    0.04    0.07    0.77 v _235_/X (sky130_fd_sc_hd__xor2_1)
                                         _017_ (net)
                  0.04    0.00    0.77 v _341_/D (sky130_fd_sc_hd__dfrtp_4)
                                  0.77   data arrival time

                          0.00    0.00   clock core_clock (rise edge)
                          0.00    0.00   clock source latency
     1    0.01    0.00    0.00    0.00 ^ clk (in)
                                         clk (net)
                  0.00    0.00    0.00 ^ clkbuf_0_clk/A (sky130_fd_sc_hd__clkbuf_16)
     4    0.03    0.05    0.12    0.12 ^ clkbuf_0_clk/X (sky130_fd_sc_hd__clkbuf_16)
                                         clknet_0_clk (net)
                  0.05    0.00    0.12 ^ clkbuf_2_1__f_clk/A (sky130_fd_sc_hd__clkbuf_16)
    22    0.03    0.05    0.14    0.26 ^ clkbuf_2_1__f_clk/X (sky130_fd_sc_hd__clkbuf_16)
                                         clknet_2_1__leaf_clk (net)
                  0.05    0.00    0.26 ^ _341_/CLK (sky130_fd_sc_hd__dfrtp_4)
                          0.00    0.26   clock reconvergence pessimism
                         -0.04    0.22   library hold time
                                  0.22   data required time
-----------------------------------------------------------------------------
                                  0.22   data required time
                                 -0.77   data arrival time
-----------------------------------------------------------------------------
                                  0.54   slack (MET)


Startpoint: _336_ (rising edge-triggered flip-flop clocked by core_clock)
Endpoint: _336_ (rising edge-triggered flip-flop clocked by core_clock)
Path Group: core_clock
Path Type: min

Fanout     Cap    Slew   Delay    Time   Description
-----------------------------------------------------------------------------
                          0.00    0.00   clock core_clock (rise edge)
                          0.00    0.00   clock source latency
     1    0.01    0.00    0.00    0.00 ^ clk (in)
                                         clk (net)
                  0.00    0.00    0.00 ^ clkbuf_0_clk/A (sky130_fd_sc_hd__clkbuf_16)
     4    0.03    0.05    0.12    0.12 ^ clkbuf_0_clk/X (sky130_fd_sc_hd__clkbuf_16)
                                         clknet_0_clk (net)
                  0.05    0.00    0.12 ^ clkbuf_2_0__f_clk/A (sky130_fd_sc_hd__clkbuf_16)
    18    0.03    0.05    0.14    0.26 ^ clkbuf_2_0__f_clk/X (sky130_fd_sc_hd__clkbuf_16)
                                         clknet_2_0__leaf_clk (net)
                  0.05    0.00    0.26 ^ _336_/CLK (sky130_fd_sc_hd__dfrtp_4)
    12    0.02    0.10    0.44    0.70 ^ _336_/Q (sky130_fd_sc_hd__dfrtp_4)
                                         div.count[16] (net)
                  0.10    0.00    0.70 ^ _219_/A (sky130_fd_sc_hd__xor2_1)
     1    0.00    0.03    0.07    0.77 v _219_/X (sky130_fd_sc_hd__xor2_1)
                                         _011_ (net)
                  0.03    0.00    0.77 v _336_/D (sky130_fd_sc_hd__dfrtp_4)
                                  0.77   data arrival time

                          0.00    0.00   clock core_clock (rise edge)
                          0.00    0.00   clock source latency
     1    0.01    0.00    0.00    0.00 ^ clk (in)
                                         clk (net)
                  0.00    0.00    0.00 ^ clkbuf_0_clk/A (sky130_fd_sc_hd__clkbuf_16)
     4    0.03    0.05    0.12    0.12 ^ clkbuf_0_clk/X (sky130_fd_sc_hd__clkbuf_16)
                                         clknet_0_clk (net)
                  0.05    0.00    0.12 ^ clkbuf_2_0__f_clk/A (sky130_fd_sc_hd__clkbuf_16)
    18    0.03    0.05    0.14    0.26 ^ clkbuf_2_0__f_clk/X (sky130_fd_sc_hd__clkbuf_16)
                                         clknet_2_0__leaf_clk (net)
                  0.05    0.00    0.26 ^ _336_/CLK (sky130_fd_sc_hd__dfrtp_4)
                          0.00    0.26   clock reconvergence pessimism
                         -0.04    0.22   library hold time
                                  0.22   data required time
-----------------------------------------------------------------------------
                                  0.22   data required time
                                 -0.77   data arrival time
-----------------------------------------------------------------------------
                                  0.55   slack (MET)


Startpoint: _327_ (rising edge-triggered flip-flop clocked by core_clock)
Endpoint: _327_ (rising edge-triggered flip-flop clocked by core_clock)
Path Group: core_clock
Path Type: min

Fanout     Cap    Slew   Delay    Time   Description
-----------------------------------------------------------------------------
                          0.00    0.00   clock core_clock (rise edge)
                          0.00    0.00   clock source latency
     1    0.01    0.00    0.00    0.00 ^ clk (in)
                                         clk (net)
                  0.00    0.00    0.00 ^ clkbuf_0_clk/A (sky130_fd_sc_hd__clkbuf_16)
     4    0.03    0.05    0.12    0.12 ^ clkbuf_0_clk/X (sky130_fd_sc_hd__clkbuf_16)
                                         clknet_0_clk (net)
                  0.05    0.00    0.12 ^ clkbuf_2_2__f_clk/A (sky130_fd_sc_hd__clkbuf_16)
    14    0.03    0.05    0.14    0.26 ^ clkbuf_2_2__f_clk/X (sky130_fd_sc_hd__clkbuf_16)
                                         clknet_2_2__leaf_clk (net)
                  0.05    0.00    0.26 ^ _327_/CLK (sky130_fd_sc_hd__dfrtp_2)
     8    0.01    0.06    0.42    0.67 v _327_/Q (sky130_fd_sc_hd__dfrtp_2)
                                         div.count[7] (net)
                  0.06    0.00    0.67 v _189_/A (sky130_fd_sc_hd__inv_2)
     2    0.00    0.03    0.05    0.72 ^ _189_/Y (sky130_fd_sc_hd__inv_2)
                                         _098_ (net)
                  0.03    0.00    0.72 ^ _192_/A1 (sky130_fd_sc_hd__a21oi_1)
     1    0.00    0.03    0.04    0.77 v _192_/Y (sky130_fd_sc_hd__a21oi_1)
                                         _033_ (net)
                  0.03    0.00    0.77 v _327_/D (sky130_fd_sc_hd__dfrtp_2)
                                  0.77   data arrival time

                          0.00    0.00   clock core_clock (rise edge)
                          0.00    0.00   clock source latency
     1    0.01    0.00    0.00    0.00 ^ clk (in)
                                         clk (net)
                  0.00    0.00    0.00 ^ clkbuf_0_clk/A (sky130_fd_sc_hd__clkbuf_16)
     4    0.03    0.05    0.12    0.12 ^ clkbuf_0_clk/X (sky130_fd_sc_hd__clkbuf_16)
                                         clknet_0_clk (net)
                  0.05    0.00    0.12 ^ clkbuf_2_2__f_clk/A (sky130_fd_sc_hd__clkbuf_16)
    14    0.03    0.05    0.14    0.26 ^ clkbuf_2_2__f_clk/X (sky130_fd_sc_hd__clkbuf_16)
                                         clknet_2_2__leaf_clk (net)
                  0.05    0.00    0.26 ^ _327_/CLK (sky130_fd_sc_hd__dfrtp_2)
                          0.00    0.26   clock reconvergence pessimism
                         -0.03    0.22   library hold time
                                  0.22   data required time
-----------------------------------------------------------------------------
                                  0.22   data required time
                                 -0.77   data arrival time
-----------------------------------------------------------------------------
                                  0.55   slack (MET)


Startpoint: _344_ (rising edge-triggered flip-flop clocked by core_clock)
Endpoint: _344_ (rising edge-triggered flip-flop clocked by core_clock)
Path Group: core_clock
Path Type: min

Fanout     Cap    Slew   Delay    Time   Description
-----------------------------------------------------------------------------
                          0.00    0.00   clock core_clock (rise edge)
                          0.00    0.00   clock source latency
     1    0.01    0.00    0.00    0.00 ^ clk (in)
                                         clk (net)
                  0.00    0.00    0.00 ^ clkbuf_0_clk/A (sky130_fd_sc_hd__clkbuf_16)
     4    0.03    0.05    0.12    0.12 ^ clkbuf_0_clk/X (sky130_fd_sc_hd__clkbuf_16)
                                         clknet_0_clk (net)
                  0.05    0.00    0.12 ^ clkbuf_2_3__f_clk/A (sky130_fd_sc_hd__clkbuf_16)
    18    0.03    0.05    0.14    0.26 ^ clkbuf_2_3__f_clk/X (sky130_fd_sc_hd__clkbuf_16)
                                         clknet_2_3__leaf_clk (net)
                  0.05    0.00    0.26 ^ _344_/CLK (sky130_fd_sc_hd__dfrtp_4)
    12    0.02    0.09    0.44    0.70 ^ _344_/Q (sky130_fd_sc_hd__dfrtp_4)
                                         div.count[24] (net)
                  0.09    0.00    0.70 ^ _244_/A (sky130_fd_sc_hd__xor2_1)
     2    0.00    0.04    0.07    0.77 v _244_/X (sky130_fd_sc_hd__xor2_1)
                                         _020_ (net)
                  0.04    0.00    0.77 v _344_/D (sky130_fd_sc_hd__dfrtp_4)
                                  0.77   data arrival time

                          0.00    0.00   clock core_clock (rise edge)
                          0.00    0.00   clock source latency
     1    0.01    0.00    0.00    0.00 ^ clk (in)
                                         clk (net)
                  0.00    0.00    0.00 ^ clkbuf_0_clk/A (sky130_fd_sc_hd__clkbuf_16)
     4    0.03    0.05    0.12    0.12 ^ clkbuf_0_clk/X (sky130_fd_sc_hd__clkbuf_16)
                                         clknet_0_clk (net)
                  0.05    0.00    0.12 ^ clkbuf_2_3__f_clk/A (sky130_fd_sc_hd__clkbuf_16)
    18    0.03    0.05    0.14    0.26 ^ clkbuf_2_3__f_clk/X (sky130_fd_sc_hd__clkbuf_16)
                                         clknet_2_3__leaf_clk (net)
                  0.05    0.00    0.26 ^ _344_/CLK (sky130_fd_sc_hd__dfrtp_4)
                          0.00    0.26   clock reconvergence pessimism
                         -0.04    0.22   library hold time
                                  0.22   data required time
-----------------------------------------------------------------------------
                                  0.22   data required time
                                 -0.77   data arrival time
-----------------------------------------------------------------------------
                                  0.55   slack (MET)


Startpoint: _340_ (rising edge-triggered flip-flop clocked by core_clock)
Endpoint: _340_ (rising edge-triggered flip-flop clocked by core_clock)
Path Group: core_clock
Path Type: min

Fanout     Cap    Slew   Delay    Time   Description
-----------------------------------------------------------------------------
                          0.00    0.00   clock core_clock (rise edge)
                          0.00    0.00   clock source latency
     1    0.01    0.00    0.00    0.00 ^ clk (in)
                                         clk (net)
                  0.00    0.00    0.00 ^ clkbuf_0_clk/A (sky130_fd_sc_hd__clkbuf_16)
     4    0.03    0.05    0.12    0.12 ^ clkbuf_0_clk/X (sky130_fd_sc_hd__clkbuf_16)
                                         clknet_0_clk (net)
                  0.05    0.00    0.12 ^ clkbuf_2_2__f_clk/A (sky130_fd_sc_hd__clkbuf_16)
    14    0.03    0.05    0.14    0.26 ^ clkbuf_2_2__f_clk/X (sky130_fd_sc_hd__clkbuf_16)
                                         clknet_2_2__leaf_clk (net)
                  0.05    0.00    0.26 ^ _340_/CLK (sky130_fd_sc_hd__dfrtp_4)
     8    0.01    0.07    0.41    0.67 ^ _340_/Q (sky130_fd_sc_hd__dfrtp_4)
                                         div.count[20] (net)
                  0.07    0.00    0.67 ^ _233_/B1 (sky130_fd_sc_hd__a21oi_1)
     2    0.00    0.03    0.04    0.71 v _233_/Y (sky130_fd_sc_hd__a21oi_1)
                                         _129_ (net)
                  0.03    0.00    0.71 v _234_/B (sky130_fd_sc_hd__nor2_1)
     1    0.00    0.06    0.07    0.78 ^ _234_/Y (sky130_fd_sc_hd__nor2_1)
                                         _016_ (net)
                  0.06    0.00    0.78 ^ _340_/D (sky130_fd_sc_hd__dfrtp_4)
                                  0.78   data arrival time

                          0.00    0.00   clock core_clock (rise edge)
                          0.00    0.00   clock source latency
     1    0.01    0.00    0.00    0.00 ^ clk (in)
                                         clk (net)
                  0.00    0.00    0.00 ^ clkbuf_0_clk/A (sky130_fd_sc_hd__clkbuf_16)
     4    0.03    0.05    0.12    0.12 ^ clkbuf_0_clk/X (sky130_fd_sc_hd__clkbuf_16)
                                         clknet_0_clk (net)
                  0.05    0.00    0.12 ^ clkbuf_2_2__f_clk/A (sky130_fd_sc_hd__clkbuf_16)
    14    0.03    0.05    0.14    0.26 ^ clkbuf_2_2__f_clk/X (sky130_fd_sc_hd__clkbuf_16)
                                         clknet_2_2__leaf_clk (net)
                  0.05    0.00    0.26 ^ _340_/CLK (sky130_fd_sc_hd__dfrtp_4)
                          0.00    0.26   clock reconvergence pessimism
                         -0.04    0.22   library hold time
                                  0.22   data required time
-----------------------------------------------------------------------------
                                  0.22   data required time
                                 -0.78   data arrival time
-----------------------------------------------------------------------------
                                  0.56   slack (MET)


Startpoint: _330_ (rising edge-triggered flip-flop clocked by core_clock)
Endpoint: _330_ (rising edge-triggered flip-flop clocked by core_clock)
Path Group: core_clock
Path Type: min

Fanout     Cap    Slew   Delay    Time   Description
-----------------------------------------------------------------------------
                          0.00    0.00   clock core_clock (rise edge)
                          0.00    0.00   clock source latency
     1    0.01    0.00    0.00    0.00 ^ clk (in)
                                         clk (net)
                  0.00    0.00    0.00 ^ clkbuf_0_clk/A (sky130_fd_sc_hd__clkbuf_16)
     4    0.03    0.05    0.12    0.12 ^ clkbuf_0_clk/X (sky130_fd_sc_hd__clkbuf_16)
                                         clknet_0_clk (net)
                  0.05    0.00    0.12 ^ clkbuf_2_2__f_clk/A (sky130_fd_sc_hd__clkbuf_16)
    14    0.03    0.05    0.14    0.26 ^ clkbuf_2_2__f_clk/X (sky130_fd_sc_hd__clkbuf_16)
                                         clknet_2_2__leaf_clk (net)
                  0.05    0.00    0.26 ^ _330_/CLK (sky130_fd_sc_hd__dfrtp_4)
    12    0.03    0.11    0.45    0.71 ^ _330_/Q (sky130_fd_sc_hd__dfrtp_4)
                                         div.count[10] (net)
                  0.11    0.00    0.71 ^ _203_/A (sky130_fd_sc_hd__xor2_2)
     2    0.00    0.03    0.07    0.78 v _203_/X (sky130_fd_sc_hd__xor2_2)
                                         _005_ (net)
                  0.03    0.00    0.78 v _330_/D (sky130_fd_sc_hd__dfrtp_4)
                                  0.78   data arrival time

                          0.00    0.00   clock core_clock (rise edge)
                          0.00    0.00   clock source latency
     1    0.01    0.00    0.00    0.00 ^ clk (in)
                                         clk (net)
                  0.00    0.00    0.00 ^ clkbuf_0_clk/A (sky130_fd_sc_hd__clkbuf_16)
     4    0.03    0.05    0.12    0.12 ^ clkbuf_0_clk/X (sky130_fd_sc_hd__clkbuf_16)
                                         clknet_0_clk (net)
                  0.05    0.00    0.12 ^ clkbuf_2_2__f_clk/A (sky130_fd_sc_hd__clkbuf_16)
    14    0.03    0.05    0.14    0.26 ^ clkbuf_2_2__f_clk/X (sky130_fd_sc_hd__clkbuf_16)
                                         clknet_2_2__leaf_clk (net)
                  0.05    0.00    0.26 ^ _330_/CLK (sky130_fd_sc_hd__dfrtp_4)
                          0.00    0.26   clock reconvergence pessimism
                         -0.04    0.22   library hold time
                                  0.22   data required time
-----------------------------------------------------------------------------
                                  0.22   data required time
                                 -0.78   data arrival time
-----------------------------------------------------------------------------
                                  0.56   slack (MET)


Startpoint: _345_ (rising edge-triggered flip-flop clocked by core_clock)
Endpoint: _345_ (rising edge-triggered flip-flop clocked by core_clock)
Path Group: core_clock
Path Type: min

Fanout     Cap    Slew   Delay    Time   Description
-----------------------------------------------------------------------------
                          0.00    0.00   clock core_clock (rise edge)
                          0.00    0.00   clock source latency
     1    0.01    0.00    0.00    0.00 ^ clk (in)
                                         clk (net)
                  0.00    0.00    0.00 ^ clkbuf_0_clk/A (sky130_fd_sc_hd__clkbuf_16)
     4    0.03    0.05    0.12    0.12 ^ clkbuf_0_clk/X (sky130_fd_sc_hd__clkbuf_16)
                                         clknet_0_clk (net)
                  0.05    0.00    0.12 ^ clkbuf_2_3__f_clk/A (sky130_fd_sc_hd__clkbuf_16)
    18    0.03    0.05    0.14    0.26 ^ clkbuf_2_3__f_clk/X (sky130_fd_sc_hd__clkbuf_16)
                                         clknet_2_3__leaf_clk (net)
                  0.05    0.00    0.26 ^ _345_/CLK (sky130_fd_sc_hd__dfrtp_2)
    10    0.02    0.10    0.39    0.65 ^ _345_/Q (sky130_fd_sc_hd__dfrtp_2)
                                         div.count[25] (net)
                  0.10    0.00    0.65 ^ _245_/B1 (sky130_fd_sc_hd__a21oi_2)
     2    0.00    0.03    0.04    0.68 v _245_/Y (sky130_fd_sc_hd__a21oi_2)
                                         _136_ (net)
                  0.03    0.00    0.68 v _247_/A (sky130_fd_sc_hd__nor2_1)
     2    0.00    0.08    0.09    0.78 ^ _247_/Y (sky130_fd_sc_hd__nor2_1)
                                         _021_ (net)
                  0.08    0.00    0.78 ^ _345_/D (sky130_fd_sc_hd__dfrtp_2)
                                  0.78   data arrival time

                          0.00    0.00   clock core_clock (rise edge)
                          0.00    0.00   clock source latency
     1    0.01    0.00    0.00    0.00 ^ clk (in)
                                         clk (net)
                  0.00    0.00    0.00 ^ clkbuf_0_clk/A (sky130_fd_sc_hd__clkbuf_16)
     4    0.03    0.05    0.12    0.12 ^ clkbuf_0_clk/X (sky130_fd_sc_hd__clkbuf_16)
                                         clknet_0_clk (net)
                  0.05    0.00    0.12 ^ clkbuf_2_3__f_clk/A (sky130_fd_sc_hd__clkbuf_16)
    18    0.03    0.05    0.14    0.26 ^ clkbuf_2_3__f_clk/X (sky130_fd_sc_hd__clkbuf_16)
                                         clknet_2_3__leaf_clk (net)
                  0.05    0.00    0.26 ^ _345_/CLK (sky130_fd_sc_hd__dfrtp_2)
                          0.00    0.26   clock reconvergence pessimism
                         -0.04    0.22   library hold time
                                  0.22   data required time
-----------------------------------------------------------------------------
                                  0.22   data required time
                                 -0.78   data arrival time
-----------------------------------------------------------------------------
                                  0.56   slack (MET)


Startpoint: _334_ (rising edge-triggered flip-flop clocked by core_clock)
Endpoint: _334_ (rising edge-triggered flip-flop clocked by core_clock)
Path Group: core_clock
Path Type: min

Fanout     Cap    Slew   Delay    Time   Description
-----------------------------------------------------------------------------
                          0.00    0.00   clock core_clock (rise edge)
                          0.00    0.00   clock source latency
     1    0.01    0.00    0.00    0.00 ^ clk (in)
                                         clk (net)
                  0.00    0.00    0.00 ^ clkbuf_0_clk/A (sky130_fd_sc_hd__clkbuf_16)
     4    0.03    0.05    0.12    0.12 ^ clkbuf_0_clk/X (sky130_fd_sc_hd__clkbuf_16)
                                         clknet_0_clk (net)
                  0.05    0.00    0.12 ^ clkbuf_2_2__f_clk/A (sky130_fd_sc_hd__clkbuf_16)
    14    0.03    0.05    0.14    0.26 ^ clkbuf_2_2__f_clk/X (sky130_fd_sc_hd__clkbuf_16)
                                         clknet_2_2__leaf_clk (net)
                  0.05    0.00    0.26 ^ _334_/CLK (sky130_fd_sc_hd__dfrtp_2)
     8    0.01    0.09    0.38    0.64 ^ _334_/Q (sky130_fd_sc_hd__dfrtp_2)
                                         div.count[14] (net)
                  0.09    0.00    0.64 ^ _214_/A1 (sky130_fd_sc_hd__o211a_1)
     1    0.00    0.04    0.15    0.79 ^ _214_/X (sky130_fd_sc_hd__o211a_1)
                                         _009_ (net)
                  0.04    0.00    0.79 ^ _334_/D (sky130_fd_sc_hd__dfrtp_2)
                                  0.79   data arrival time

                          0.00    0.00   clock core_clock (rise edge)
                          0.00    0.00   clock source latency
     1    0.01    0.00    0.00    0.00 ^ clk (in)
                                         clk (net)
                  0.00    0.00    0.00 ^ clkbuf_0_clk/A (sky130_fd_sc_hd__clkbuf_16)
     4    0.03    0.05    0.12    0.12 ^ clkbuf_0_clk/X (sky130_fd_sc_hd__clkbuf_16)
                                         clknet_0_clk (net)
                  0.05    0.00    0.12 ^ clkbuf_2_2__f_clk/A (sky130_fd_sc_hd__clkbuf_16)
    14    0.03    0.05    0.14    0.26 ^ clkbuf_2_2__f_clk/X (sky130_fd_sc_hd__clkbuf_16)
                                         clknet_2_2__leaf_clk (net)
                  0.05    0.00    0.26 ^ _334_/CLK (sky130_fd_sc_hd__dfrtp_2)
                          0.00    0.26   clock reconvergence pessimism
                         -0.03    0.22   library hold time
                                  0.22   data required time
-----------------------------------------------------------------------------
                                  0.22   data required time
                                 -0.79   data arrival time
-----------------------------------------------------------------------------
                                  0.56   slack (MET)


Startpoint: _325_ (rising edge-triggered flip-flop clocked by core_clock)
Endpoint: _325_ (rising edge-triggered flip-flop clocked by core_clock)
Path Group: core_clock
Path Type: min

Fanout     Cap    Slew   Delay    Time   Description
-----------------------------------------------------------------------------
                          0.00    0.00   clock core_clock (rise edge)
                          0.00    0.00   clock source latency
     1    0.01    0.00    0.00    0.00 ^ clk (in)
                                         clk (net)
                  0.00    0.00    0.00 ^ clkbuf_0_clk/A (sky130_fd_sc_hd__clkbuf_16)
     4    0.03    0.05    0.12    0.12 ^ clkbuf_0_clk/X (sky130_fd_sc_hd__clkbuf_16)
                                         clknet_0_clk (net)
                  0.05    0.00    0.12 ^ clkbuf_2_2__f_clk/A (sky130_fd_sc_hd__clkbuf_16)
    14    0.03    0.05    0.14    0.26 ^ clkbuf_2_2__f_clk/X (sky130_fd_sc_hd__clkbuf_16)
                                         clknet_2_2__leaf_clk (net)
                  0.05    0.00    0.26 ^ _325_/CLK (sky130_fd_sc_hd__dfrtp_4)
    10    0.01    0.08    0.42    0.67 ^ _325_/Q (sky130_fd_sc_hd__dfrtp_4)
                                         div.count[5] (net)
                  0.08    0.00    0.67 ^ _183_/B1 (sky130_fd_sc_hd__a21oi_1)
     2    0.00    0.03    0.05    0.72 v _183_/Y (sky130_fd_sc_hd__a21oi_1)
                                         _094_ (net)
                  0.03    0.00    0.72 v _184_/B (sky130_fd_sc_hd__nor2_1)
     1    0.00    0.06    0.07    0.79 ^ _184_/Y (sky130_fd_sc_hd__nor2_1)
                                         _031_ (net)
                  0.06    0.00    0.79 ^ _325_/D (sky130_fd_sc_hd__dfrtp_4)
                                  0.79   data arrival time

                          0.00    0.00   clock core_clock (rise edge)
                          0.00    0.00   clock source latency
     1    0.01    0.00    0.00    0.00 ^ clk (in)
                                         clk (net)
                  0.00    0.00    0.00 ^ clkbuf_0_clk/A (sky130_fd_sc_hd__clkbuf_16)
     4    0.03    0.05    0.12    0.12 ^ clkbuf_0_clk/X (sky130_fd_sc_hd__clkbuf_16)
                                         clknet_0_clk (net)
                  0.05    0.00    0.12 ^ clkbuf_2_2__f_clk/A (sky130_fd_sc_hd__clkbuf_16)
    14    0.03    0.05    0.14    0.26 ^ clkbuf_2_2__f_clk/X (sky130_fd_sc_hd__clkbuf_16)
                                         clknet_2_2__leaf_clk (net)
                  0.05    0.00    0.26 ^ _325_/CLK (sky130_fd_sc_hd__dfrtp_4)
                          0.00    0.26   clock reconvergence pessimism
                         -0.04    0.22   library hold time
                                  0.22   data required time
-----------------------------------------------------------------------------
                                  0.22   data required time
                                 -0.79   data arrival time
-----------------------------------------------------------------------------
                                  0.57   slack (MET)


Startpoint: _349_ (rising edge-triggered flip-flop clocked by core_clock)
Endpoint: _349_ (rising edge-triggered flip-flop clocked by core_clock)
Path Group: core_clock
Path Type: min

Fanout     Cap    Slew   Delay    Time   Description
-----------------------------------------------------------------------------
                          0.00    0.00   clock core_clock (rise edge)
                          0.00    0.00   clock source latency
     1    0.01    0.00    0.00    0.00 ^ clk (in)
                                         clk (net)
                  0.00    0.00    0.00 ^ clkbuf_0_clk/A (sky130_fd_sc_hd__clkbuf_16)
     4    0.03    0.05    0.12    0.12 ^ clkbuf_0_clk/X (sky130_fd_sc_hd__clkbuf_16)
                                         clknet_0_clk (net)
                  0.05    0.00    0.12 ^ clkbuf_2_3__f_clk/A (sky130_fd_sc_hd__clkbuf_16)
    18    0.03    0.05    0.14    0.26 ^ clkbuf_2_3__f_clk/X (sky130_fd_sc_hd__clkbuf_16)
                                         clknet_2_3__leaf_clk (net)
                  0.05    0.00    0.26 ^ _349_/CLK (sky130_fd_sc_hd__dfrtp_4)
     8    0.01    0.08    0.42    0.68 ^ _349_/Q (sky130_fd_sc_hd__dfrtp_4)
                                         div.count[29] (net)
                  0.08    0.00    0.68 ^ _257_/A1 (sky130_fd_sc_hd__o21a_1)
     2    0.00    0.04    0.12    0.80 ^ _257_/X (sky130_fd_sc_hd__o21a_1)
                                         _025_ (net)
                  0.04    0.00    0.80 ^ _349_/D (sky130_fd_sc_hd__dfrtp_4)
                                  0.80   data arrival time

                          0.00    0.00   clock core_clock (rise edge)
                          0.00    0.00   clock source latency
     1    0.01    0.00    0.00    0.00 ^ clk (in)
                                         clk (net)
                  0.00    0.00    0.00 ^ clkbuf_0_clk/A (sky130_fd_sc_hd__clkbuf_16)
     4    0.03    0.05    0.12    0.12 ^ clkbuf_0_clk/X (sky130_fd_sc_hd__clkbuf_16)
                                         clknet_0_clk (net)
                  0.05    0.00    0.12 ^ clkbuf_2_3__f_clk/A (sky130_fd_sc_hd__clkbuf_16)
    18    0.03    0.05    0.14    0.26 ^ clkbuf_2_3__f_clk/X (sky130_fd_sc_hd__clkbuf_16)
                                         clknet_2_3__leaf_clk (net)
                  0.05    0.00    0.26 ^ _349_/CLK (sky130_fd_sc_hd__dfrtp_4)
                          0.00    0.26   clock reconvergence pessimism
                         -0.03    0.22   library hold time
                                  0.22   data required time
-----------------------------------------------------------------------------
                                  0.22   data required time
                                 -0.80   data arrival time
-----------------------------------------------------------------------------
                                  0.58   slack (MET)


Startpoint: _348_ (rising edge-triggered flip-flop clocked by core_clock)
Endpoint: _348_ (rising edge-triggered flip-flop clocked by core_clock)
Path Group: core_clock
Path Type: min

Fanout     Cap    Slew   Delay    Time   Description
-----------------------------------------------------------------------------
                          0.00    0.00   clock core_clock (rise edge)
                          0.00    0.00   clock source latency
     1    0.01    0.00    0.00    0.00 ^ clk (in)
                                         clk (net)
                  0.00    0.00    0.00 ^ clkbuf_0_clk/A (sky130_fd_sc_hd__clkbuf_16)
     4    0.03    0.05    0.12    0.12 ^ clkbuf_0_clk/X (sky130_fd_sc_hd__clkbuf_16)
                                         clknet_0_clk (net)
                  0.05    0.00    0.12 ^ clkbuf_2_1__f_clk/A (sky130_fd_sc_hd__clkbuf_16)
    22    0.03    0.05    0.14    0.26 ^ clkbuf_2_1__f_clk/X (sky130_fd_sc_hd__clkbuf_16)
                                         clknet_2_1__leaf_clk (net)
                  0.05    0.00    0.26 ^ _348_/CLK (sky130_fd_sc_hd__dfrtp_4)
    12    0.02    0.09    0.43    0.69 ^ _348_/Q (sky130_fd_sc_hd__dfrtp_4)
                                         div.count[28] (net)
                  0.09    0.00    0.69 ^ _254_/A (sky130_fd_sc_hd__nor2_1)
     2    0.00    0.03    0.05    0.75 v _254_/Y (sky130_fd_sc_hd__nor2_1)
                                         _142_ (net)
                  0.03    0.00    0.75 v _255_/B (sky130_fd_sc_hd__nor2_1)
     1    0.00    0.06    0.07    0.82 ^ _255_/Y (sky130_fd_sc_hd__nor2_1)
                                         _024_ (net)
                  0.06    0.00    0.82 ^ _348_/D (sky130_fd_sc_hd__dfrtp_4)
                                  0.82   data arrival time

                          0.00    0.00   clock core_clock (rise edge)
                          0.00    0.00   clock source latency
     1    0.01    0.00    0.00    0.00 ^ clk (in)
                                         clk (net)
                  0.00    0.00    0.00 ^ clkbuf_0_clk/A (sky130_fd_sc_hd__clkbuf_16)
     4    0.03    0.05    0.12    0.12 ^ clkbuf_0_clk/X (sky130_fd_sc_hd__clkbuf_16)
                                         clknet_0_clk (net)
                  0.05    0.00    0.12 ^ clkbuf_2_1__f_clk/A (sky130_fd_sc_hd__clkbuf_16)
    22    0.03    0.05    0.14    0.26 ^ clkbuf_2_1__f_clk/X (sky130_fd_sc_hd__clkbuf_16)
                                         clknet_2_1__leaf_clk (net)
                  0.05    0.00    0.26 ^ _348_/CLK (sky130_fd_sc_hd__dfrtp_4)
                          0.00    0.26   clock reconvergence pessimism
                         -0.04    0.22   library hold time
                                  0.22   data required time
-----------------------------------------------------------------------------
                                  0.22   data required time
                                 -0.82   data arrival time
-----------------------------------------------------------------------------
                                  0.59   slack (MET)


Startpoint: _337_ (rising edge-triggered flip-flop clocked by core_clock)
Endpoint: _337_ (rising edge-triggered flip-flop clocked by core_clock)
Path Group: core_clock
Path Type: min

Fanout     Cap    Slew   Delay    Time   Description
-----------------------------------------------------------------------------
                          0.00    0.00   clock core_clock (rise edge)
                          0.00    0.00   clock source latency
     1    0.01    0.00    0.00    0.00 ^ clk (in)
                                         clk (net)
                  0.00    0.00    0.00 ^ clkbuf_0_clk/A (sky130_fd_sc_hd__clkbuf_16)
     4    0.03    0.05    0.12    0.12 ^ clkbuf_0_clk/X (sky130_fd_sc_hd__clkbuf_16)
                                         clknet_0_clk (net)
                  0.05    0.00    0.12 ^ clkbuf_2_2__f_clk/A (sky130_fd_sc_hd__clkbuf_16)
    14    0.03    0.05    0.14    0.26 ^ clkbuf_2_2__f_clk/X (sky130_fd_sc_hd__clkbuf_16)
                                         clknet_2_2__leaf_clk (net)
                  0.05    0.00    0.26 ^ _337_/CLK (sky130_fd_sc_hd__dfrtp_4)
    10    0.02    0.08    0.43    0.68 ^ _337_/Q (sky130_fd_sc_hd__dfrtp_4)
                                         div.count[17] (net)
                  0.08    0.00    0.68 ^ _220_/B1 (sky130_fd_sc_hd__a21oi_1)
     1    0.00    0.04    0.05    0.73 v _220_/Y (sky130_fd_sc_hd__a21oi_1)
                                         _119_ (net)
                  0.04    0.00    0.73 v _222_/A (sky130_fd_sc_hd__nor2_2)
     2    0.00    0.06    0.09    0.82 ^ _222_/Y (sky130_fd_sc_hd__nor2_2)
                                         _012_ (net)
                  0.06    0.00    0.82 ^ _337_/D (sky130_fd_sc_hd__dfrtp_4)
                                  0.82   data arrival time

                          0.00    0.00   clock core_clock (rise edge)
                          0.00    0.00   clock source latency
     1    0.01    0.00    0.00    0.00 ^ clk (in)
                                         clk (net)
                  0.00    0.00    0.00 ^ clkbuf_0_clk/A (sky130_fd_sc_hd__clkbuf_16)
     4    0.03    0.05    0.12    0.12 ^ clkbuf_0_clk/X (sky130_fd_sc_hd__clkbuf_16)
                                         clknet_0_clk (net)
                  0.05    0.00    0.12 ^ clkbuf_2_2__f_clk/A (sky130_fd_sc_hd__clkbuf_16)
    14    0.03    0.05    0.14    0.26 ^ clkbuf_2_2__f_clk/X (sky130_fd_sc_hd__clkbuf_16)
                                         clknet_2_2__leaf_clk (net)
                  0.05    0.00    0.26 ^ _337_/CLK (sky130_fd_sc_hd__dfrtp_4)
                          0.00    0.26   clock reconvergence pessimism
                         -0.04    0.22   library hold time
                                  0.22   data required time
-----------------------------------------------------------------------------
                                  0.22   data required time
                                 -0.82   data arrival time
-----------------------------------------------------------------------------
                                  0.61   slack (MET)


Startpoint: _323_ (rising edge-triggered flip-flop clocked by core_clock)
Endpoint: _323_ (rising edge-triggered flip-flop clocked by core_clock)
Path Group: core_clock
Path Type: min

Fanout     Cap    Slew   Delay    Time   Description
-----------------------------------------------------------------------------
                          0.00    0.00   clock core_clock (rise edge)
                          0.00    0.00   clock source latency
     1    0.01    0.00    0.00    0.00 ^ clk (in)
                                         clk (net)
                  0.00    0.00    0.00 ^ clkbuf_0_clk/A (sky130_fd_sc_hd__clkbuf_16)
     4    0.03    0.05    0.12    0.12 ^ clkbuf_0_clk/X (sky130_fd_sc_hd__clkbuf_16)
                                         clknet_0_clk (net)
                  0.05    0.00    0.12 ^ clkbuf_2_3__f_clk/A (sky130_fd_sc_hd__clkbuf_16)
    18    0.03    0.05    0.14    0.26 ^ clkbuf_2_3__f_clk/X (sky130_fd_sc_hd__clkbuf_16)
                                         clknet_2_3__leaf_clk (net)
                  0.05    0.00    0.26 ^ _323_/CLK (sky130_fd_sc_hd__dfrtp_2)
     6    0.01    0.06    0.36    0.62 ^ _323_/Q (sky130_fd_sc_hd__dfrtp_2)
                                         div.count[3] (net)
                  0.06    0.00    0.62 ^ _178_/B1 (sky130_fd_sc_hd__a31o_1)
     1    0.00    0.03    0.08    0.70 ^ _178_/X (sky130_fd_sc_hd__a31o_1)
                                         _091_ (net)
                  0.03    0.00    0.70 ^ _179_/B (sky130_fd_sc_hd__and2b_1)
     2    0.00    0.05    0.11    0.81 ^ _179_/X (sky130_fd_sc_hd__and2b_1)
                                         _092_ (net)
                  0.05    0.00    0.81 ^ _180_/A (sky130_fd_sc_hd__buf_1)
     1    0.00    0.04    0.07    0.89 ^ _180_/X (sky130_fd_sc_hd__buf_1)
                                         _029_ (net)
                  0.04    0.00    0.89 ^ _323_/D (sky130_fd_sc_hd__dfrtp_2)
                                  0.89   data arrival time

                          0.00    0.00   clock core_clock (rise edge)
                          0.00    0.00   clock source latency
     1    0.01    0.00    0.00    0.00 ^ clk (in)
                                         clk (net)
                  0.00    0.00    0.00 ^ clkbuf_0_clk/A (sky130_fd_sc_hd__clkbuf_16)
     4    0.03    0.05    0.12    0.12 ^ clkbuf_0_clk/X (sky130_fd_sc_hd__clkbuf_16)
                                         clknet_0_clk (net)
                  0.05    0.00    0.12 ^ clkbuf_2_3__f_clk/A (sky130_fd_sc_hd__clkbuf_16)
    18    0.03    0.05    0.14    0.26 ^ clkbuf_2_3__f_clk/X (sky130_fd_sc_hd__clkbuf_16)
                                         clknet_2_3__leaf_clk (net)
                  0.05    0.00    0.26 ^ _323_/CLK (sky130_fd_sc_hd__dfrtp_2)
                          0.00    0.26   clock reconvergence pessimism
                         -0.03    0.22   library hold time
                                  0.22   data required time
-----------------------------------------------------------------------------
                                  0.22   data required time
                                 -0.89   data arrival time
-----------------------------------------------------------------------------
                                  0.66   slack (MET)


Startpoint: _329_ (rising edge-triggered flip-flop clocked by core_clock)
Endpoint: _329_ (rising edge-triggered flip-flop clocked by core_clock)
Path Group: core_clock
Path Type: min

Fanout     Cap    Slew   Delay    Time   Description
-----------------------------------------------------------------------------
                          0.00    0.00   clock core_clock (rise edge)
                          0.00    0.00   clock source latency
     1    0.01    0.00    0.00    0.00 ^ clk (in)
                                         clk (net)
                  0.00    0.00    0.00 ^ clkbuf_0_clk/A (sky130_fd_sc_hd__clkbuf_16)
     4    0.03    0.05    0.12    0.12 ^ clkbuf_0_clk/X (sky130_fd_sc_hd__clkbuf_16)
                                         clknet_0_clk (net)
                  0.05    0.00    0.12 ^ clkbuf_2_1__f_clk/A (sky130_fd_sc_hd__clkbuf_16)
    22    0.03    0.05    0.14    0.26 ^ clkbuf_2_1__f_clk/X (sky130_fd_sc_hd__clkbuf_16)
                                         clknet_2_1__leaf_clk (net)
                  0.05    0.00    0.26 ^ _329_/CLK (sky130_fd_sc_hd__dfrtp_4)
     8    0.01    0.07    0.41    0.67 ^ _329_/Q (sky130_fd_sc_hd__dfrtp_4)
                                         div.count[9] (net)
                  0.07    0.00    0.67 ^ _200_/B1 (sky130_fd_sc_hd__a31o_1)
     2    0.00    0.05    0.10    0.77 ^ _200_/X (sky130_fd_sc_hd__a31o_1)
                                         _107_ (net)
                  0.05    0.00    0.77 ^ _201_/B (sky130_fd_sc_hd__nand2_1)
     1    0.00    0.03    0.05    0.82 v _201_/Y (sky130_fd_sc_hd__nand2_1)
                                         _108_ (net)
                  0.03    0.00    0.82 v _202_/B (sky130_fd_sc_hd__nor2_1)
     1    0.00    0.06    0.07    0.88 ^ _202_/Y (sky130_fd_sc_hd__nor2_1)
                                         _035_ (net)
                  0.06    0.00    0.88 ^ _329_/D (sky130_fd_sc_hd__dfrtp_4)
                                  0.88   data arrival time

                          0.00    0.00   clock core_clock (rise edge)
                          0.00    0.00   clock source latency
     1    0.01    0.00    0.00    0.00 ^ clk (in)
                                         clk (net)
                  0.00    0.00    0.00 ^ clkbuf_0_clk/A (sky130_fd_sc_hd__clkbuf_16)
     4    0.03    0.05    0.12    0.12 ^ clkbuf_0_clk/X (sky130_fd_sc_hd__clkbuf_16)
                                         clknet_0_clk (net)
                  0.05    0.00    0.12 ^ clkbuf_2_1__f_clk/A (sky130_fd_sc_hd__clkbuf_16)
    22    0.03    0.05    0.14    0.26 ^ clkbuf_2_1__f_clk/X (sky130_fd_sc_hd__clkbuf_16)
                                         clknet_2_1__leaf_clk (net)
                  0.05    0.00    0.26 ^ _329_/CLK (sky130_fd_sc_hd__dfrtp_4)
                          0.00    0.26   clock reconvergence pessimism
                         -0.04    0.22   library hold time
                                  0.22   data required time
-----------------------------------------------------------------------------
                                  0.22   data required time
                                 -0.88   data arrival time
-----------------------------------------------------------------------------
                                  0.66   slack (MET)


Startpoint: _320_ (rising edge-triggered flip-flop clocked by core_clock)
Endpoint: _320_ (rising edge-triggered flip-flop clocked by core_clock)
Path Group: core_clock
Path Type: min

Fanout     Cap    Slew   Delay    Time   Description
-----------------------------------------------------------------------------
                          0.00    0.00   clock core_clock (rise edge)
                          0.00    0.00   clock source latency
     1    0.01    0.00    0.00    0.00 ^ clk (in)
                                         clk (net)
                  0.00    0.00    0.00 ^ clkbuf_0_clk/A (sky130_fd_sc_hd__clkbuf_16)
     4    0.03    0.05    0.12    0.12 ^ clkbuf_0_clk/X (sky130_fd_sc_hd__clkbuf_16)
                                         clknet_0_clk (net)
                  0.05    0.00    0.12 ^ clkbuf_2_0__f_clk/A (sky130_fd_sc_hd__clkbuf_16)
    18    0.03    0.05    0.14    0.26 ^ clkbuf_2_0__f_clk/X (sky130_fd_sc_hd__clkbuf_16)
                                         clknet_2_0__leaf_clk (net)
                  0.05    0.00    0.26 ^ _320_/CLK (sky130_fd_sc_hd__dfrtp_4)
    12    0.02    0.09    0.43    0.69 ^ _320_/Q (sky130_fd_sc_hd__dfrtp_4)
                                         div.count[0] (net)
                  0.09    0.00    0.69 ^ _169_/A_N (sky130_fd_sc_hd__and2b_1)
     2    0.00    0.03    0.18    0.87 v _169_/X (sky130_fd_sc_hd__and2b_1)
                                         _085_ (net)
                  0.03    0.00    0.87 v _170_/A (sky130_fd_sc_hd__clkbuf_1)
     1    0.00    0.02    0.08    0.95 v _170_/X (sky130_fd_sc_hd__clkbuf_1)
                                         _004_ (net)
                  0.02    0.00    0.95 v _320_/D (sky130_fd_sc_hd__dfrtp_4)
                                  0.95   data arrival time

                          0.00    0.00   clock core_clock (rise edge)
                          0.00    0.00   clock source latency
     1    0.01    0.00    0.00    0.00 ^ clk (in)
                                         clk (net)
                  0.00    0.00    0.00 ^ clkbuf_0_clk/A (sky130_fd_sc_hd__clkbuf_16)
     4    0.03    0.05    0.12    0.12 ^ clkbuf_0_clk/X (sky130_fd_sc_hd__clkbuf_16)
                                         clknet_0_clk (net)
                  0.05    0.00    0.12 ^ clkbuf_2_0__f_clk/A (sky130_fd_sc_hd__clkbuf_16)
    18    0.03    0.05    0.14    0.26 ^ clkbuf_2_0__f_clk/X (sky130_fd_sc_hd__clkbuf_16)
                                         clknet_2_0__leaf_clk (net)
                  0.05    0.00    0.26 ^ _320_/CLK (sky130_fd_sc_hd__dfrtp_4)
                          0.00    0.26   clock reconvergence pessimism
                         -0.03    0.23   library hold time
                                  0.23   data required time
-----------------------------------------------------------------------------
                                  0.23   data required time
                                 -0.95   data arrival time
-----------------------------------------------------------------------------
                                  0.73   slack (MET)


Startpoint: _338_ (rising edge-triggered flip-flop clocked by core_clock)
Endpoint: _338_ (rising edge-triggered flip-flop clocked by core_clock)
Path Group: core_clock
Path Type: min

Fanout     Cap    Slew   Delay    Time   Description
-----------------------------------------------------------------------------
                          0.00    0.00   clock core_clock (rise edge)
                          0.00    0.00   clock source latency
     1    0.01    0.00    0.00    0.00 ^ clk (in)
                                         clk (net)
                  0.00    0.00    0.00 ^ clkbuf_0_clk/A (sky130_fd_sc_hd__clkbuf_16)
     4    0.03    0.05    0.12    0.12 ^ clkbuf_0_clk/X (sky130_fd_sc_hd__clkbuf_16)
                                         clknet_0_clk (net)
                  0.05    0.00    0.12 ^ clkbuf_2_0__f_clk/A (sky130_fd_sc_hd__clkbuf_16)
    18    0.03    0.05    0.14    0.26 ^ clkbuf_2_0__f_clk/X (sky130_fd_sc_hd__clkbuf_16)
                                         clknet_2_0__leaf_clk (net)
                  0.05    0.00    0.26 ^ _338_/CLK (sky130_fd_sc_hd__dfrtp_4)
     8    0.01    0.08    0.42    0.68 ^ _338_/Q (sky130_fd_sc_hd__dfrtp_4)
                                         div.count[18] (net)
                  0.08    0.00    0.68 ^ _223_/A (sky130_fd_sc_hd__or2_1)
     1    0.00    0.03    0.09    0.77 ^ _223_/X (sky130_fd_sc_hd__or2_1)
                                         _121_ (net)
                  0.03    0.00    0.77 ^ _225_/B (sky130_fd_sc_hd__and3_1)
     1    0.00    0.05    0.13    0.90 ^ _225_/X (sky130_fd_sc_hd__and3_1)
                                         _123_ (net)
                  0.05    0.00    0.90 ^ _226_/A (sky130_fd_sc_hd__buf_1)
     1    0.00    0.04    0.07    0.97 ^ _226_/X (sky130_fd_sc_hd__buf_1)
                                         _013_ (net)
                  0.04    0.00    0.97 ^ _338_/D (sky130_fd_sc_hd__dfrtp_4)
                                  0.97   data arrival time

                          0.00    0.00   clock core_clock (rise edge)
                          0.00    0.00   clock source latency
     1    0.01    0.00    0.00    0.00 ^ clk (in)
                                         clk (net)
                  0.00    0.00    0.00 ^ clkbuf_0_clk/A (sky130_fd_sc_hd__clkbuf_16)
     4    0.03    0.05    0.12    0.12 ^ clkbuf_0_clk/X (sky130_fd_sc_hd__clkbuf_16)
                                         clknet_0_clk (net)
                  0.05    0.00    0.12 ^ clkbuf_2_0__f_clk/A (sky130_fd_sc_hd__clkbuf_16)
    18    0.03    0.05    0.14    0.26 ^ clkbuf_2_0__f_clk/X (sky130_fd_sc_hd__clkbuf_16)
                                         clknet_2_0__leaf_clk (net)
                  0.05    0.00    0.26 ^ _338_/CLK (sky130_fd_sc_hd__dfrtp_4)
                          0.00    0.26   clock reconvergence pessimism
                         -0.03    0.22   library hold time
                                  0.22   data required time
-----------------------------------------------------------------------------
                                  0.22   data required time
                                 -0.97   data arrival time
-----------------------------------------------------------------------------
                                  0.75   slack (MET)


Startpoint: _339_ (rising edge-triggered flip-flop clocked by core_clock)
Endpoint: _339_ (rising edge-triggered flip-flop clocked by core_clock)
Path Group: core_clock
Path Type: min

Fanout     Cap    Slew   Delay    Time   Description
-----------------------------------------------------------------------------
                          0.00    0.00   clock core_clock (rise edge)
                          0.00    0.00   clock source latency
     1    0.01    0.00    0.00    0.00 ^ clk (in)
                                         clk (net)
                  0.00    0.00    0.00 ^ clkbuf_0_clk/A (sky130_fd_sc_hd__clkbuf_16)
     4    0.03    0.05    0.12    0.12 ^ clkbuf_0_clk/X (sky130_fd_sc_hd__clkbuf_16)
                                         clknet_0_clk (net)
                  0.05    0.00    0.12 ^ clkbuf_2_0__f_clk/A (sky130_fd_sc_hd__clkbuf_16)
    18    0.03    0.05    0.14    0.26 ^ clkbuf_2_0__f_clk/X (sky130_fd_sc_hd__clkbuf_16)
                                         clknet_2_0__leaf_clk (net)
                  0.05    0.00    0.26 ^ _339_/CLK (sky130_fd_sc_hd__dfrtp_4)
     6    0.01    0.06    0.40    0.66 ^ _339_/Q (sky130_fd_sc_hd__dfrtp_4)
                                         div.count[19] (net)
                  0.06    0.00    0.66 ^ _227_/A (sky130_fd_sc_hd__or2b_1)
     2    0.00    0.04    0.09    0.75 ^ _227_/X (sky130_fd_sc_hd__or2b_1)
                                         _124_ (net)
                  0.04    0.00    0.75 ^ _230_/B (sky130_fd_sc_hd__and3_1)
     2    0.00    0.05    0.14    0.89 ^ _230_/X (sky130_fd_sc_hd__and3_1)
                                         _127_ (net)
                  0.05    0.00    0.89 ^ _231_/A (sky130_fd_sc_hd__buf_1)
     2    0.00    0.05    0.08    0.98 ^ _231_/X (sky130_fd_sc_hd__buf_1)
                                         _014_ (net)
                  0.05    0.00    0.98 ^ _339_/D (sky130_fd_sc_hd__dfrtp_4)
                                  0.98   data arrival time

                          0.00    0.00   clock core_clock (rise edge)
                          0.00    0.00   clock source latency
     1    0.01    0.00    0.00    0.00 ^ clk (in)
                                         clk (net)
                  0.00    0.00    0.00 ^ clkbuf_0_clk/A (sky130_fd_sc_hd__clkbuf_16)
     4    0.03    0.05    0.12    0.12 ^ clkbuf_0_clk/X (sky130_fd_sc_hd__clkbuf_16)
                                         clknet_0_clk (net)
                  0.05    0.00    0.12 ^ clkbuf_2_0__f_clk/A (sky130_fd_sc_hd__clkbuf_16)
    18    0.03    0.05    0.14    0.26 ^ clkbuf_2_0__f_clk/X (sky130_fd_sc_hd__clkbuf_16)
                                         clknet_2_0__leaf_clk (net)
                  0.05    0.00    0.26 ^ _339_/CLK (sky130_fd_sc_hd__dfrtp_4)
                          0.00    0.26   clock reconvergence pessimism
                         -0.03    0.22   library hold time
                                  0.22   data required time
-----------------------------------------------------------------------------
                                  0.22   data required time
                                 -0.98   data arrival time
-----------------------------------------------------------------------------
                                  0.75   slack (MET)


Startpoint: _342_ (rising edge-triggered flip-flop clocked by core_clock)
Endpoint: _342_ (rising edge-triggered flip-flop clocked by core_clock)
Path Group: core_clock
Path Type: min

Fanout     Cap    Slew   Delay    Time   Description
-----------------------------------------------------------------------------
                          0.00    0.00   clock core_clock (rise edge)
                          0.00    0.00   clock source latency
     1    0.01    0.00    0.00    0.00 ^ clk (in)
                                         clk (net)
                  0.00    0.00    0.00 ^ clkbuf_0_clk/A (sky130_fd_sc_hd__clkbuf_16)
     4    0.03    0.05    0.12    0.12 ^ clkbuf_0_clk/X (sky130_fd_sc_hd__clkbuf_16)
                                         clknet_0_clk (net)
                  0.05    0.00    0.12 ^ clkbuf_2_0__f_clk/A (sky130_fd_sc_hd__clkbuf_16)
    18    0.03    0.05    0.14    0.26 ^ clkbuf_2_0__f_clk/X (sky130_fd_sc_hd__clkbuf_16)
                                         clknet_2_0__leaf_clk (net)
                  0.05    0.00    0.26 ^ _342_/CLK (sky130_fd_sc_hd__dfrtp_4)
     8    0.01    0.08    0.42    0.68 ^ _342_/Q (sky130_fd_sc_hd__dfrtp_4)
                                         div.count[22] (net)
                  0.08    0.00    0.68 ^ _236_/B1 (sky130_fd_sc_hd__a21o_1)
     1    0.00    0.03    0.08    0.75 ^ _236_/X (sky130_fd_sc_hd__a21o_1)
                                         _130_ (net)
                  0.03    0.00    0.75 ^ _238_/B (sky130_fd_sc_hd__and3_1)
     2    0.00    0.05    0.14    0.89 ^ _238_/X (sky130_fd_sc_hd__and3_1)
                                         _132_ (net)
                  0.05    0.00    0.89 ^ _239_/A (sky130_fd_sc_hd__buf_1)
     2    0.00    0.05    0.08    0.98 ^ _239_/X (sky130_fd_sc_hd__buf_1)
                                         _018_ (net)
                  0.05    0.00    0.98 ^ _342_/D (sky130_fd_sc_hd__dfrtp_4)
                                  0.98   data arrival time

                          0.00    0.00   clock core_clock (rise edge)
                          0.00    0.00   clock source latency
     1    0.01    0.00    0.00    0.00 ^ clk (in)
                                         clk (net)
                  0.00    0.00    0.00 ^ clkbuf_0_clk/A (sky130_fd_sc_hd__clkbuf_16)
     4    0.03    0.05    0.12    0.12 ^ clkbuf_0_clk/X (sky130_fd_sc_hd__clkbuf_16)
                                         clknet_0_clk (net)
                  0.05    0.00    0.12 ^ clkbuf_2_0__f_clk/A (sky130_fd_sc_hd__clkbuf_16)
    18    0.03    0.05    0.14    0.26 ^ clkbuf_2_0__f_clk/X (sky130_fd_sc_hd__clkbuf_16)
                                         clknet_2_0__leaf_clk (net)
                  0.05    0.00    0.26 ^ _342_/CLK (sky130_fd_sc_hd__dfrtp_4)
                          0.00    0.26   clock reconvergence pessimism
                         -0.03    0.22   library hold time
                                  0.22   data required time
-----------------------------------------------------------------------------
                                  0.22   data required time
                                 -0.98   data arrival time
-----------------------------------------------------------------------------
                                  0.75   slack (MET)


Startpoint: _321_ (rising edge-triggered flip-flop clocked by core_clock)
Endpoint: _321_ (rising edge-triggered flip-flop clocked by core_clock)
Path Group: core_clock
Path Type: min

Fanout     Cap    Slew   Delay    Time   Description
-----------------------------------------------------------------------------
                          0.00    0.00   clock core_clock (rise edge)
                          0.00    0.00   clock source latency
     1    0.01    0.00    0.00    0.00 ^ clk (in)
                                         clk (net)
                  0.00    0.00    0.00 ^ clkbuf_0_clk/A (sky130_fd_sc_hd__clkbuf_16)
     4    0.03    0.05    0.12    0.12 ^ clkbuf_0_clk/X (sky130_fd_sc_hd__clkbuf_16)
                                         clknet_0_clk (net)
                  0.05    0.00    0.12 ^ clkbuf_2_1__f_clk/A (sky130_fd_sc_hd__clkbuf_16)
    22    0.03    0.05    0.14    0.26 ^ clkbuf_2_1__f_clk/X (sky130_fd_sc_hd__clkbuf_16)
                                         clknet_2_1__leaf_clk (net)
                  0.05    0.00    0.26 ^ _321_/CLK (sky130_fd_sc_hd__dfrtp_4)
    10    0.02    0.08    0.43    0.69 ^ _321_/Q (sky130_fd_sc_hd__dfrtp_4)
                                         div.count[1] (net)
                  0.08    0.00    0.69 ^ _171_/B (sky130_fd_sc_hd__or2_1)
     2    0.00    0.04    0.10    0.79 ^ _171_/X (sky130_fd_sc_hd__or2_1)
                                         _086_ (net)
                  0.04    0.00    0.79 ^ _173_/A (sky130_fd_sc_hd__and2_1)
     2    0.00    0.05    0.11    0.90 ^ _173_/X (sky130_fd_sc_hd__and2_1)
                                         _088_ (net)
                  0.05    0.00    0.90 ^ _174_/A (sky130_fd_sc_hd__buf_1)
     2    0.00    0.05    0.08    0.98 ^ _174_/X (sky130_fd_sc_hd__buf_1)
                                         _015_ (net)
                  0.05    0.00    0.98 ^ _321_/D (sky130_fd_sc_hd__dfrtp_4)
                                  0.98   data arrival time

                          0.00    0.00   clock core_clock (rise edge)
                          0.00    0.00   clock source latency
     1    0.01    0.00    0.00    0.00 ^ clk (in)
                                         clk (net)
                  0.00    0.00    0.00 ^ clkbuf_0_clk/A (sky130_fd_sc_hd__clkbuf_16)
     4    0.03    0.05    0.12    0.12 ^ clkbuf_0_clk/X (sky130_fd_sc_hd__clkbuf_16)
                                         clknet_0_clk (net)
                  0.05    0.00    0.12 ^ clkbuf_2_1__f_clk/A (sky130_fd_sc_hd__clkbuf_16)
    22    0.03    0.05    0.14    0.26 ^ clkbuf_2_1__f_clk/X (sky130_fd_sc_hd__clkbuf_16)
                                         clknet_2_1__leaf_clk (net)
                  0.05    0.00    0.26 ^ _321_/CLK (sky130_fd_sc_hd__dfrtp_4)
                          0.00    0.26   clock reconvergence pessimism
                         -0.03    0.22   library hold time
                                  0.22   data required time
-----------------------------------------------------------------------------
                                  0.22   data required time
                                 -0.98   data arrival time
-----------------------------------------------------------------------------
                                  0.75   slack (MET)


Startpoint: _331_ (rising edge-triggered flip-flop clocked by core_clock)
Endpoint: _331_ (rising edge-triggered flip-flop clocked by core_clock)
Path Group: core_clock
Path Type: min

Fanout     Cap    Slew   Delay    Time   Description
-----------------------------------------------------------------------------
                          0.00    0.00   clock core_clock (rise edge)
                          0.00    0.00   clock source latency
     1    0.01    0.00    0.00    0.00 ^ clk (in)
                                         clk (net)
                  0.00    0.00    0.00 ^ clkbuf_0_clk/A (sky130_fd_sc_hd__clkbuf_16)
     4    0.03    0.05    0.12    0.12 ^ clkbuf_0_clk/X (sky130_fd_sc_hd__clkbuf_16)
                                         clknet_0_clk (net)
                  0.05    0.00    0.12 ^ clkbuf_2_3__f_clk/A (sky130_fd_sc_hd__clkbuf_16)
    18    0.03    0.05    0.14    0.26 ^ clkbuf_2_3__f_clk/X (sky130_fd_sc_hd__clkbuf_16)
                                         clknet_2_3__leaf_clk (net)
                  0.05    0.00    0.26 ^ _331_/CLK (sky130_fd_sc_hd__dfrtp_4)
    10    0.02    0.08    0.43    0.69 ^ _331_/Q (sky130_fd_sc_hd__dfrtp_4)
                                         div.count[11] (net)
                  0.08    0.00    0.69 ^ _204_/B1 (sky130_fd_sc_hd__a21o_1)
     2    0.00    0.03    0.08    0.77 ^ _204_/X (sky130_fd_sc_hd__a21o_1)
                                         _109_ (net)
                  0.03    0.00    0.77 ^ _206_/B (sky130_fd_sc_hd__and3_1)
     2    0.00    0.05    0.14    0.91 ^ _206_/X (sky130_fd_sc_hd__and3_1)
                                         _111_ (net)
                  0.05    0.00    0.91 ^ _207_/A (sky130_fd_sc_hd__clkbuf_1)
     1    0.00    0.04    0.08    0.99 ^ _207_/X (sky130_fd_sc_hd__clkbuf_1)
                                         _006_ (net)
                  0.04    0.00    0.99 ^ _331_/D (sky130_fd_sc_hd__dfrtp_4)
                                  0.99   data arrival time

                          0.00    0.00   clock core_clock (rise edge)
                          0.00    0.00   clock source latency
     1    0.01    0.00    0.00    0.00 ^ clk (in)
                                         clk (net)
                  0.00    0.00    0.00 ^ clkbuf_0_clk/A (sky130_fd_sc_hd__clkbuf_16)
     4    0.03    0.05    0.12    0.12 ^ clkbuf_0_clk/X (sky130_fd_sc_hd__clkbuf_16)
                                         clknet_0_clk (net)
                  0.05    0.00    0.12 ^ clkbuf_2_3__f_clk/A (sky130_fd_sc_hd__clkbuf_16)
    18    0.03    0.05    0.14    0.26 ^ clkbuf_2_3__f_clk/X (sky130_fd_sc_hd__clkbuf_16)
                                         clknet_2_3__leaf_clk (net)
                  0.05    0.00    0.26 ^ _331_/CLK (sky130_fd_sc_hd__dfrtp_4)
                          0.00    0.26   clock reconvergence pessimism
                         -0.03    0.22   library hold time
                                  0.22   data required time
-----------------------------------------------------------------------------
                                  0.22   data required time
                                 -0.99   data arrival time
-----------------------------------------------------------------------------
                                  0.76   slack (MET)


Startpoint: _326_ (rising edge-triggered flip-flop clocked by core_clock)
Endpoint: _326_ (rising edge-triggered flip-flop clocked by core_clock)
Path Group: core_clock
Path Type: min

Fanout     Cap    Slew   Delay    Time   Description
-----------------------------------------------------------------------------
                          0.00    0.00   clock core_clock (rise edge)
                          0.00    0.00   clock source latency
     1    0.01    0.00    0.00    0.00 ^ clk (in)
                                         clk (net)
                  0.00    0.00    0.00 ^ clkbuf_0_clk/A (sky130_fd_sc_hd__clkbuf_16)
     4    0.03    0.05    0.12    0.12 ^ clkbuf_0_clk/X (sky130_fd_sc_hd__clkbuf_16)
                                         clknet_0_clk (net)
                  0.05    0.00    0.12 ^ clkbuf_2_1__f_clk/A (sky130_fd_sc_hd__clkbuf_16)
    22    0.03    0.05    0.14    0.26 ^ clkbuf_2_1__f_clk/X (sky130_fd_sc_hd__clkbuf_16)
                                         clknet_2_1__leaf_clk (net)
                  0.05    0.00    0.26 ^ _326_/CLK (sky130_fd_sc_hd__dfrtp_4)
    10    0.01    0.07    0.42    0.68 ^ _326_/Q (sky130_fd_sc_hd__dfrtp_4)
                                         div.count[6] (net)
                  0.07    0.00    0.68 ^ _185_/A (sky130_fd_sc_hd__or2_1)
     2    0.00    0.04    0.10    0.77 ^ _185_/X (sky130_fd_sc_hd__or2_1)
                                         _095_ (net)
                  0.04    0.00    0.77 ^ _187_/B (sky130_fd_sc_hd__and3_1)
     2    0.00    0.05    0.14    0.92 ^ _187_/X (sky130_fd_sc_hd__and3_1)
                                         _097_ (net)
                  0.05    0.00    0.92 ^ _188_/A (sky130_fd_sc_hd__buf_1)
     1    0.00    0.04    0.08    0.99 ^ _188_/X (sky130_fd_sc_hd__buf_1)
                                         _032_ (net)
                  0.04    0.00    0.99 ^ _326_/D (sky130_fd_sc_hd__dfrtp_4)
                                  0.99   data arrival time

                          0.00    0.00   clock core_clock (rise edge)
                          0.00    0.00   clock source latency
     1    0.01    0.00    0.00    0.00 ^ clk (in)
                                         clk (net)
                  0.00    0.00    0.00 ^ clkbuf_0_clk/A (sky130_fd_sc_hd__clkbuf_16)
     4    0.03    0.05    0.12    0.12 ^ clkbuf_0_clk/X (sky130_fd_sc_hd__clkbuf_16)
                                         clknet_0_clk (net)
                  0.05    0.00    0.12 ^ clkbuf_2_1__f_clk/A (sky130_fd_sc_hd__clkbuf_16)
    22    0.03    0.05    0.14    0.26 ^ clkbuf_2_1__f_clk/X (sky130_fd_sc_hd__clkbuf_16)
                                         clknet_2_1__leaf_clk (net)
                  0.05    0.00    0.26 ^ _326_/CLK (sky130_fd_sc_hd__dfrtp_4)
                          0.00    0.26   clock reconvergence pessimism
                         -0.03    0.23   library hold time
                                  0.23   data required time
-----------------------------------------------------------------------------
                                  0.23   data required time
                                 -0.99   data arrival time
-----------------------------------------------------------------------------
                                  0.77   slack (MET)



worst slack corner Typical: 0.4405
min_report_end
max_report

===========================================================================
report_checks -path_delay max (Setup)
============================================================================
======================= Typical Corner ===================================

Startpoint: _335_ (rising edge-triggered flip-flop clocked by core_clock)
Endpoint: _320_ (rising edge-triggered flip-flop clocked by core_clock)
Path Group: core_clock
Path Type: max

Fanout     Cap    Slew   Delay    Time   Description
-----------------------------------------------------------------------------
                          0.00    0.00   clock core_clock (rise edge)
                          0.00    0.00   clock source latency
     1    0.01    0.00    0.00    0.00 ^ clk (in)
                                         clk (net)
                  0.00    0.00    0.00 ^ clkbuf_0_clk/A (sky130_fd_sc_hd__clkbuf_16)
     4    0.03    0.05    0.12    0.12 ^ clkbuf_0_clk/X (sky130_fd_sc_hd__clkbuf_16)
                                         clknet_0_clk (net)
                  0.05    0.00    0.12 ^ clkbuf_2_3__f_clk/A (sky130_fd_sc_hd__clkbuf_16)
    18    0.03    0.05    0.14    0.26 ^ clkbuf_2_3__f_clk/X (sky130_fd_sc_hd__clkbuf_16)
                                         clknet_2_3__leaf_clk (net)
                  0.05    0.00    0.26 ^ _335_/CLK (sky130_fd_sc_hd__dfrtp_4)
     6    0.01    0.07    0.49    0.74 v _335_/Q (sky130_fd_sc_hd__dfrtp_4)
                                         div.count[15] (net)
                  0.07    0.00    0.74 v _157_/A (sky130_fd_sc_hd__or4b_2)
     2    0.00    0.10    0.66    1.40 v _157_/X (sky130_fd_sc_hd__or4b_2)
                                         _074_ (net)
                  0.10    0.00    1.40 v _161_/A (sky130_fd_sc_hd__or4_2)
     4    0.01    0.12    0.69    2.09 v _161_/X (sky130_fd_sc_hd__or4_2)
                                         _078_ (net)
                  0.12    0.00    2.09 v _167_/A (sky130_fd_sc_hd__or4_4)
    12    0.02    0.11    0.60    2.69 v _167_/X (sky130_fd_sc_hd__or4_4)
                                         _084_ (net)
                  0.11    0.00    2.69 v _169_/B (sky130_fd_sc_hd__and2b_1)
     2    0.00    0.04    0.18    2.87 v _169_/X (sky130_fd_sc_hd__and2b_1)
                                         _085_ (net)
                  0.04    0.00    2.87 v _170_/A (sky130_fd_sc_hd__clkbuf_1)
     1    0.00    0.02    0.08    2.95 v _170_/X (sky130_fd_sc_hd__clkbuf_1)
                                         _004_ (net)
                  0.02    0.00    2.95 v _320_/D (sky130_fd_sc_hd__dfrtp_4)
                                  2.95   data arrival time

                         10.00   10.00   clock core_clock (rise edge)
                          0.00   10.00   clock source latency
     1    0.01    0.00    0.00   10.00 ^ clk (in)
                                         clk (net)
                  0.00    0.00   10.00 ^ clkbuf_0_clk/A (sky130_fd_sc_hd__clkbuf_16)
     4    0.03    0.05    0.12   10.12 ^ clkbuf_0_clk/X (sky130_fd_sc_hd__clkbuf_16)
                                         clknet_0_clk (net)
                  0.05    0.00   10.12 ^ clkbuf_2_0__f_clk/A (sky130_fd_sc_hd__clkbuf_16)
    18    0.03    0.05    0.14   10.26 ^ clkbuf_2_0__f_clk/X (sky130_fd_sc_hd__clkbuf_16)
                                         clknet_2_0__leaf_clk (net)
                  0.05    0.00   10.26 ^ _320_/CLK (sky130_fd_sc_hd__dfrtp_4)
                          0.00   10.26   clock reconvergence pessimism
                         -0.10   10.15   library setup time
                                 10.15   data required time
-----------------------------------------------------------------------------
                                 10.15   data required time
                                 -2.95   data arrival time
-----------------------------------------------------------------------------
                                  7.20   slack (MET)


Startpoint: _335_ (rising edge-triggered flip-flop clocked by core_clock)
Endpoint: _342_ (rising edge-triggered flip-flop clocked by core_clock)
Path Group: core_clock
Path Type: max

Fanout     Cap    Slew   Delay    Time   Description
-----------------------------------------------------------------------------
                          0.00    0.00   clock core_clock (rise edge)
                          0.00    0.00   clock source latency
     1    0.01    0.00    0.00    0.00 ^ clk (in)
                                         clk (net)
                  0.00    0.00    0.00 ^ clkbuf_0_clk/A (sky130_fd_sc_hd__clkbuf_16)
     4    0.03    0.05    0.12    0.12 ^ clkbuf_0_clk/X (sky130_fd_sc_hd__clkbuf_16)
                                         clknet_0_clk (net)
                  0.05    0.00    0.12 ^ clkbuf_2_3__f_clk/A (sky130_fd_sc_hd__clkbuf_16)
    18    0.03    0.05    0.14    0.26 ^ clkbuf_2_3__f_clk/X (sky130_fd_sc_hd__clkbuf_16)
                                         clknet_2_3__leaf_clk (net)
                  0.05    0.00    0.26 ^ _335_/CLK (sky130_fd_sc_hd__dfrtp_4)
     6    0.01    0.07    0.49    0.74 v _335_/Q (sky130_fd_sc_hd__dfrtp_4)
                                         div.count[15] (net)
                  0.07    0.00    0.74 v _157_/A (sky130_fd_sc_hd__or4b_2)
     2    0.00    0.10    0.66    1.40 v _157_/X (sky130_fd_sc_hd__or4b_2)
                                         _074_ (net)
                  0.10    0.00    1.40 v _161_/A (sky130_fd_sc_hd__or4_2)
     4    0.01    0.12    0.69    2.09 v _161_/X (sky130_fd_sc_hd__or4_2)
                                         _078_ (net)
                  0.12    0.00    2.09 v _167_/A (sky130_fd_sc_hd__or4_4)
    12    0.02    0.11    0.60    2.69 v _167_/X (sky130_fd_sc_hd__or4_4)
                                         _084_ (net)
                  0.11    0.00    2.69 v _238_/A (sky130_fd_sc_hd__and3_1)
     2    0.00    0.04    0.17    2.86 v _238_/X (sky130_fd_sc_hd__and3_1)
                                         _132_ (net)
                  0.04    0.00    2.86 v _239_/A (sky130_fd_sc_hd__buf_1)
     2    0.00    0.03    0.08    2.94 v _239_/X (sky130_fd_sc_hd__buf_1)
                                         _018_ (net)
                  0.03    0.00    2.94 v _342_/D (sky130_fd_sc_hd__dfrtp_4)
                                  2.94   data arrival time

                         10.00   10.00   clock core_clock (rise edge)
                          0.00   10.00   clock source latency
     1    0.01    0.00    0.00   10.00 ^ clk (in)
                                         clk (net)
                  0.00    0.00   10.00 ^ clkbuf_0_clk/A (sky130_fd_sc_hd__clkbuf_16)
     4    0.03    0.05    0.12   10.12 ^ clkbuf_0_clk/X (sky130_fd_sc_hd__clkbuf_16)
                                         clknet_0_clk (net)
                  0.05    0.00   10.12 ^ clkbuf_2_0__f_clk/A (sky130_fd_sc_hd__clkbuf_16)
    18    0.03    0.05    0.14   10.26 ^ clkbuf_2_0__f_clk/X (sky130_fd_sc_hd__clkbuf_16)
                                         clknet_2_0__leaf_clk (net)
                  0.05    0.00   10.26 ^ _342_/CLK (sky130_fd_sc_hd__dfrtp_4)
                          0.00   10.26   clock reconvergence pessimism
                         -0.11   10.15   library setup time
                                 10.15   data required time
-----------------------------------------------------------------------------
                                 10.15   data required time
                                 -2.94   data arrival time
-----------------------------------------------------------------------------
                                  7.21   slack (MET)


Startpoint: _335_ (rising edge-triggered flip-flop clocked by core_clock)
Endpoint: _339_ (rising edge-triggered flip-flop clocked by core_clock)
Path Group: core_clock
Path Type: max

Fanout     Cap    Slew   Delay    Time   Description
-----------------------------------------------------------------------------
                          0.00    0.00   clock core_clock (rise edge)
                          0.00    0.00   clock source latency
     1    0.01    0.00    0.00    0.00 ^ clk (in)
                                         clk (net)
                  0.00    0.00    0.00 ^ clkbuf_0_clk/A (sky130_fd_sc_hd__clkbuf_16)
     4    0.03    0.05    0.12    0.12 ^ clkbuf_0_clk/X (sky130_fd_sc_hd__clkbuf_16)
                                         clknet_0_clk (net)
                  0.05    0.00    0.12 ^ clkbuf_2_3__f_clk/A (sky130_fd_sc_hd__clkbuf_16)
    18    0.03    0.05    0.14    0.26 ^ clkbuf_2_3__f_clk/X (sky130_fd_sc_hd__clkbuf_16)
                                         clknet_2_3__leaf_clk (net)
                  0.05    0.00    0.26 ^ _335_/CLK (sky130_fd_sc_hd__dfrtp_4)
     6    0.01    0.07    0.49    0.74 v _335_/Q (sky130_fd_sc_hd__dfrtp_4)
                                         div.count[15] (net)
                  0.07    0.00    0.74 v _157_/A (sky130_fd_sc_hd__or4b_2)
     2    0.00    0.10    0.66    1.40 v _157_/X (sky130_fd_sc_hd__or4b_2)
                                         _074_ (net)
                  0.10    0.00    1.40 v _161_/A (sky130_fd_sc_hd__or4_2)
     4    0.01    0.12    0.69    2.09 v _161_/X (sky130_fd_sc_hd__or4_2)
                                         _078_ (net)
                  0.12    0.00    2.09 v _167_/A (sky130_fd_sc_hd__or4_4)
    12    0.02    0.11    0.60    2.69 v _167_/X (sky130_fd_sc_hd__or4_4)
                                         _084_ (net)
                  0.11    0.00    2.69 v _230_/A (sky130_fd_sc_hd__and3_1)
     2    0.00    0.04    0.17    2.86 v _230_/X (sky130_fd_sc_hd__and3_1)
                                         _127_ (net)
                  0.04    0.00    2.86 v _231_/A (sky130_fd_sc_hd__buf_1)
     2    0.00    0.03    0.08    2.94 v _231_/X (sky130_fd_sc_hd__buf_1)
                                         _014_ (net)
                  0.03    0.00    2.94 v _339_/D (sky130_fd_sc_hd__dfrtp_4)
                                  2.94   data arrival time

                         10.00   10.00   clock core_clock (rise edge)
                          0.00   10.00   clock source latency
     1    0.01    0.00    0.00   10.00 ^ clk (in)
                                         clk (net)
                  0.00    0.00   10.00 ^ clkbuf_0_clk/A (sky130_fd_sc_hd__clkbuf_16)
     4    0.03    0.05    0.12   10.12 ^ clkbuf_0_clk/X (sky130_fd_sc_hd__clkbuf_16)
                                         clknet_0_clk (net)
                  0.05    0.00   10.12 ^ clkbuf_2_0__f_clk/A (sky130_fd_sc_hd__clkbuf_16)
    18    0.03    0.05    0.14   10.26 ^ clkbuf_2_0__f_clk/X (sky130_fd_sc_hd__clkbuf_16)
                                         clknet_2_0__leaf_clk (net)
                  0.05    0.00   10.26 ^ _339_/CLK (sky130_fd_sc_hd__dfrtp_4)
                          0.00   10.26   clock reconvergence pessimism
                         -0.11   10.15   library setup time
                                 10.15   data required time
-----------------------------------------------------------------------------
                                 10.15   data required time
                                 -2.94   data arrival time
-----------------------------------------------------------------------------
                                  7.21   slack (MET)


Startpoint: _335_ (rising edge-triggered flip-flop clocked by core_clock)
Endpoint: _326_ (rising edge-triggered flip-flop clocked by core_clock)
Path Group: core_clock
Path Type: max

Fanout     Cap    Slew   Delay    Time   Description
-----------------------------------------------------------------------------
                          0.00    0.00   clock core_clock (rise edge)
                          0.00    0.00   clock source latency
     1    0.01    0.00    0.00    0.00 ^ clk (in)
                                         clk (net)
                  0.00    0.00    0.00 ^ clkbuf_0_clk/A (sky130_fd_sc_hd__clkbuf_16)
     4    0.03    0.05    0.12    0.12 ^ clkbuf_0_clk/X (sky130_fd_sc_hd__clkbuf_16)
                                         clknet_0_clk (net)
                  0.05    0.00    0.12 ^ clkbuf_2_3__f_clk/A (sky130_fd_sc_hd__clkbuf_16)
    18    0.03    0.05    0.14    0.26 ^ clkbuf_2_3__f_clk/X (sky130_fd_sc_hd__clkbuf_16)
                                         clknet_2_3__leaf_clk (net)
                  0.05    0.00    0.26 ^ _335_/CLK (sky130_fd_sc_hd__dfrtp_4)
     6    0.01    0.07    0.49    0.74 v _335_/Q (sky130_fd_sc_hd__dfrtp_4)
                                         div.count[15] (net)
                  0.07    0.00    0.74 v _157_/A (sky130_fd_sc_hd__or4b_2)
     2    0.00    0.10    0.66    1.40 v _157_/X (sky130_fd_sc_hd__or4b_2)
                                         _074_ (net)
                  0.10    0.00    1.40 v _161_/A (sky130_fd_sc_hd__or4_2)
     4    0.01    0.12    0.69    2.09 v _161_/X (sky130_fd_sc_hd__or4_2)
                                         _078_ (net)
                  0.12    0.00    2.09 v _167_/A (sky130_fd_sc_hd__or4_4)
    12    0.02    0.11    0.60    2.69 v _167_/X (sky130_fd_sc_hd__or4_4)
                                         _084_ (net)
                  0.11    0.00    2.69 v _187_/A (sky130_fd_sc_hd__and3_1)
     2    0.00    0.04    0.17    2.86 v _187_/X (sky130_fd_sc_hd__and3_1)
                                         _097_ (net)
                  0.04    0.00    2.86 v _188_/A (sky130_fd_sc_hd__buf_1)
     1    0.00    0.02    0.08    2.94 v _188_/X (sky130_fd_sc_hd__buf_1)
                                         _032_ (net)
                  0.02    0.00    2.94 v _326_/D (sky130_fd_sc_hd__dfrtp_4)
                                  2.94   data arrival time

                         10.00   10.00   clock core_clock (rise edge)
                          0.00   10.00   clock source latency
     1    0.01    0.00    0.00   10.00 ^ clk (in)
                                         clk (net)
                  0.00    0.00   10.00 ^ clkbuf_0_clk/A (sky130_fd_sc_hd__clkbuf_16)
     4    0.03    0.05    0.12   10.12 ^ clkbuf_0_clk/X (sky130_fd_sc_hd__clkbuf_16)
                                         clknet_0_clk (net)
                  0.05    0.00   10.12 ^ clkbuf_2_1__f_clk/A (sky130_fd_sc_hd__clkbuf_16)
    22    0.03    0.05    0.14   10.26 ^ clkbuf_2_1__f_clk/X (sky130_fd_sc_hd__clkbuf_16)
                                         clknet_2_1__leaf_clk (net)
                  0.05    0.00   10.26 ^ _326_/CLK (sky130_fd_sc_hd__dfrtp_4)
                          0.00   10.26   clock reconvergence pessimism
                         -0.10   10.16   library setup time
                                 10.16   data required time
-----------------------------------------------------------------------------
                                 10.16   data required time
                                 -2.94   data arrival time
-----------------------------------------------------------------------------
                                  7.22   slack (MET)


Startpoint: _335_ (rising edge-triggered flip-flop clocked by core_clock)
Endpoint: _356_ (rising edge-triggered flip-flop clocked by core_clock)
Path Group: core_clock
Path Type: max

Fanout     Cap    Slew   Delay    Time   Description
-----------------------------------------------------------------------------
                          0.00    0.00   clock core_clock (rise edge)
                          0.00    0.00   clock source latency
     1    0.01    0.00    0.00    0.00 ^ clk (in)
                                         clk (net)
                  0.00    0.00    0.00 ^ clkbuf_0_clk/A (sky130_fd_sc_hd__clkbuf_16)
     4    0.03    0.05    0.12    0.12 ^ clkbuf_0_clk/X (sky130_fd_sc_hd__clkbuf_16)
                                         clknet_0_clk (net)
                  0.05    0.00    0.12 ^ clkbuf_2_3__f_clk/A (sky130_fd_sc_hd__clkbuf_16)
    18    0.03    0.05    0.14    0.26 ^ clkbuf_2_3__f_clk/X (sky130_fd_sc_hd__clkbuf_16)
                                         clknet_2_3__leaf_clk (net)
                  0.05    0.00    0.26 ^ _335_/CLK (sky130_fd_sc_hd__dfrtp_4)
     6    0.01    0.07    0.49    0.74 v _335_/Q (sky130_fd_sc_hd__dfrtp_4)
                                         div.count[15] (net)
                  0.07    0.00    0.74 v _157_/A (sky130_fd_sc_hd__or4b_2)
     2    0.00    0.10    0.66    1.40 v _157_/X (sky130_fd_sc_hd__or4b_2)
                                         _074_ (net)
                  0.10    0.00    1.40 v _161_/A (sky130_fd_sc_hd__or4_2)
     4    0.01    0.12    0.69    2.09 v _161_/X (sky130_fd_sc_hd__or4_2)
                                         _078_ (net)
                  0.12    0.00    2.09 v _167_/A (sky130_fd_sc_hd__or4_4)
    12    0.02    0.11    0.60    2.69 v _167_/X (sky130_fd_sc_hd__or4_4)
                                         _084_ (net)
                  0.11    0.00    2.69 v _168_/B (sky130_fd_sc_hd__xnor2_1)
     1    0.00    0.04    0.14    2.83 v _168_/Y (sky130_fd_sc_hd__xnor2_1)
                                         _073_ (net)
                  0.04    0.00    2.83 v _356_/D (sky130_fd_sc_hd__dfrtp_4)
                                  2.83   data arrival time

                         10.00   10.00   clock core_clock (rise edge)
                          0.00   10.00   clock source latency
     1    0.01    0.00    0.00   10.00 ^ clk (in)
                                         clk (net)
                  0.00    0.00   10.00 ^ clkbuf_0_clk/A (sky130_fd_sc_hd__clkbuf_16)
     4    0.03    0.05    0.12   10.12 ^ clkbuf_0_clk/X (sky130_fd_sc_hd__clkbuf_16)
                                         clknet_0_clk (net)
                  0.05    0.00   10.12 ^ clkbuf_2_1__f_clk/A (sky130_fd_sc_hd__clkbuf_16)
    22    0.03    0.05    0.14   10.26 ^ clkbuf_2_1__f_clk/X (sky130_fd_sc_hd__clkbuf_16)
                                         clknet_2_1__leaf_clk (net)
                  0.05    0.00   10.26 ^ _356_/CLK (sky130_fd_sc_hd__dfrtp_4)
                          0.00   10.26   clock reconvergence pessimism
                         -0.11   10.15   library setup time
                                 10.15   data required time
-----------------------------------------------------------------------------
                                 10.15   data required time
                                 -2.83   data arrival time
-----------------------------------------------------------------------------
                                  7.32   slack (MET)


Startpoint: _335_ (rising edge-triggered flip-flop clocked by core_clock)
Endpoint: _328_ (rising edge-triggered flip-flop clocked by core_clock)
Path Group: core_clock
Path Type: max

Fanout     Cap    Slew   Delay    Time   Description
-----------------------------------------------------------------------------
                          0.00    0.00   clock core_clock (rise edge)
                          0.00    0.00   clock source latency
     1    0.01    0.00    0.00    0.00 ^ clk (in)
                                         clk (net)
                  0.00    0.00    0.00 ^ clkbuf_0_clk/A (sky130_fd_sc_hd__clkbuf_16)
     4    0.03    0.05    0.12    0.12 ^ clkbuf_0_clk/X (sky130_fd_sc_hd__clkbuf_16)
                                         clknet_0_clk (net)
                  0.05    0.00    0.12 ^ clkbuf_2_3__f_clk/A (sky130_fd_sc_hd__clkbuf_16)
    18    0.03    0.05    0.14    0.26 ^ clkbuf_2_3__f_clk/X (sky130_fd_sc_hd__clkbuf_16)
                                         clknet_2_3__leaf_clk (net)
                  0.05    0.00    0.26 ^ _335_/CLK (sky130_fd_sc_hd__dfrtp_4)
     6    0.01    0.07    0.49    0.74 v _335_/Q (sky130_fd_sc_hd__dfrtp_4)
                                         div.count[15] (net)
                  0.07    0.00    0.74 v _157_/A (sky130_fd_sc_hd__or4b_2)
     2    0.00    0.10    0.66    1.40 v _157_/X (sky130_fd_sc_hd__or4b_2)
                                         _074_ (net)
                  0.10    0.00    1.40 v _161_/A (sky130_fd_sc_hd__or4_2)
     4    0.01    0.12    0.69    2.09 v _161_/X (sky130_fd_sc_hd__or4_2)
                                         _078_ (net)
                  0.12    0.00    2.09 v _167_/A (sky130_fd_sc_hd__or4_4)
    12    0.02    0.11    0.60    2.69 v _167_/X (sky130_fd_sc_hd__or4_4)
                                         _084_ (net)
                  0.11    0.00    2.69 v _193_/B1 (sky130_fd_sc_hd__o21ai_1)
     1    0.00    0.10    0.10    2.79 ^ _193_/Y (sky130_fd_sc_hd__o21ai_1)
                                         _101_ (net)
                  0.10    0.00    2.79 ^ _194_/B1 (sky130_fd_sc_hd__a21oi_1)
     1    0.00    0.04    0.04    2.83 v _194_/Y (sky130_fd_sc_hd__a21oi_1)
                                         _034_ (net)
                  0.04    0.00    2.83 v _328_/D (sky130_fd_sc_hd__dfrtp_4)
                                  2.83   data arrival time

                         10.00   10.00   clock core_clock (rise edge)
                          0.00   10.00   clock source latency
     1    0.01    0.00    0.00   10.00 ^ clk (in)
                                         clk (net)
                  0.00    0.00   10.00 ^ clkbuf_0_clk/A (sky130_fd_sc_hd__clkbuf_16)
     4    0.03    0.05    0.12   10.12 ^ clkbuf_0_clk/X (sky130_fd_sc_hd__clkbuf_16)
                                         clknet_0_clk (net)
                  0.05    0.00   10.12 ^ clkbuf_2_1__f_clk/A (sky130_fd_sc_hd__clkbuf_16)
    22    0.03    0.05    0.14   10.26 ^ clkbuf_2_1__f_clk/X (sky130_fd_sc_hd__clkbuf_16)
                                         clknet_2_1__leaf_clk (net)
                  0.05    0.00   10.26 ^ _328_/CLK (sky130_fd_sc_hd__dfrtp_4)
                          0.00   10.26   clock reconvergence pessimism
                         -0.11   10.15   library setup time
                                 10.15   data required time
-----------------------------------------------------------------------------
                                 10.15   data required time
                                 -2.83   data arrival time
-----------------------------------------------------------------------------
                                  7.32   slack (MET)


Startpoint: _335_ (rising edge-triggered flip-flop clocked by core_clock)
Endpoint: _331_ (rising edge-triggered flip-flop clocked by core_clock)
Path Group: core_clock
Path Type: max

Fanout     Cap    Slew   Delay    Time   Description
-----------------------------------------------------------------------------
                          0.00    0.00   clock core_clock (rise edge)
                          0.00    0.00   clock source latency
     1    0.01    0.00    0.00    0.00 ^ clk (in)
                                         clk (net)
                  0.00    0.00    0.00 ^ clkbuf_0_clk/A (sky130_fd_sc_hd__clkbuf_16)
     4    0.03    0.05    0.12    0.12 ^ clkbuf_0_clk/X (sky130_fd_sc_hd__clkbuf_16)
                                         clknet_0_clk (net)
                  0.05    0.00    0.12 ^ clkbuf_2_3__f_clk/A (sky130_fd_sc_hd__clkbuf_16)
    18    0.03    0.05    0.14    0.26 ^ clkbuf_2_3__f_clk/X (sky130_fd_sc_hd__clkbuf_16)
                                         clknet_2_3__leaf_clk (net)
                  0.05    0.00    0.26 ^ _335_/CLK (sky130_fd_sc_hd__dfrtp_4)
     6    0.01    0.07    0.49    0.74 v _335_/Q (sky130_fd_sc_hd__dfrtp_4)
                                         div.count[15] (net)
                  0.07    0.00    0.74 v _157_/A (sky130_fd_sc_hd__or4b_2)
     2    0.00    0.10    0.66    1.40 v _157_/X (sky130_fd_sc_hd__or4b_2)
                                         _074_ (net)
                  0.10    0.00    1.40 v _161_/A (sky130_fd_sc_hd__or4_2)
     4    0.01    0.12    0.69    2.09 v _161_/X (sky130_fd_sc_hd__or4_2)
                                         _078_ (net)
                  0.12    0.00    2.09 v _199_/A (sky130_fd_sc_hd__or3_4)
     8    0.01    0.08    0.42    2.52 v _199_/X (sky130_fd_sc_hd__or3_4)
                                         _106_ (net)
                  0.08    0.00    2.52 v _206_/A (sky130_fd_sc_hd__and3_1)
     2    0.00    0.04    0.15    2.67 v _206_/X (sky130_fd_sc_hd__and3_1)
                                         _111_ (net)
                  0.04    0.00    2.67 v _207_/A (sky130_fd_sc_hd__clkbuf_1)
     1    0.00    0.02    0.08    2.75 v _207_/X (sky130_fd_sc_hd__clkbuf_1)
                                         _006_ (net)
                  0.02    0.00    2.75 v _331_/D (sky130_fd_sc_hd__dfrtp_4)
                                  2.75   data arrival time

                         10.00   10.00   clock core_clock (rise edge)
                          0.00   10.00   clock source latency
     1    0.01    0.00    0.00   10.00 ^ clk (in)
                                         clk (net)
                  0.00    0.00   10.00 ^ clkbuf_0_clk/A (sky130_fd_sc_hd__clkbuf_16)
     4    0.03    0.05    0.12   10.12 ^ clkbuf_0_clk/X (sky130_fd_sc_hd__clkbuf_16)
                                         clknet_0_clk (net)
                  0.05    0.00   10.12 ^ clkbuf_2_3__f_clk/A (sky130_fd_sc_hd__clkbuf_16)
    18    0.03    0.05    0.14   10.26 ^ clkbuf_2_3__f_clk/X (sky130_fd_sc_hd__clkbuf_16)
                                         clknet_2_3__leaf_clk (net)
                  0.05    0.00   10.26 ^ _331_/CLK (sky130_fd_sc_hd__dfrtp_4)
                          0.00   10.26   clock reconvergence pessimism
                         -0.10   10.15   library setup time
                                 10.15   data required time
-----------------------------------------------------------------------------
                                 10.15   data required time
                                 -2.75   data arrival time
-----------------------------------------------------------------------------
                                  7.40   slack (MET)


Startpoint: _335_ (rising edge-triggered flip-flop clocked by core_clock)
Endpoint: _338_ (rising edge-triggered flip-flop clocked by core_clock)
Path Group: core_clock
Path Type: max

Fanout     Cap    Slew   Delay    Time   Description
-----------------------------------------------------------------------------
                          0.00    0.00   clock core_clock (rise edge)
                          0.00    0.00   clock source latency
     1    0.01    0.00    0.00    0.00 ^ clk (in)
                                         clk (net)
                  0.00    0.00    0.00 ^ clkbuf_0_clk/A (sky130_fd_sc_hd__clkbuf_16)
     4    0.03    0.05    0.12    0.12 ^ clkbuf_0_clk/X (sky130_fd_sc_hd__clkbuf_16)
                                         clknet_0_clk (net)
                  0.05    0.00    0.12 ^ clkbuf_2_3__f_clk/A (sky130_fd_sc_hd__clkbuf_16)
    18    0.03    0.05    0.14    0.26 ^ clkbuf_2_3__f_clk/X (sky130_fd_sc_hd__clkbuf_16)
                                         clknet_2_3__leaf_clk (net)
                  0.05    0.00    0.26 ^ _335_/CLK (sky130_fd_sc_hd__dfrtp_4)
     6    0.01    0.07    0.49    0.74 v _335_/Q (sky130_fd_sc_hd__dfrtp_4)
                                         div.count[15] (net)
                  0.07    0.00    0.74 v _157_/A (sky130_fd_sc_hd__or4b_2)
     2    0.00    0.10    0.66    1.40 v _157_/X (sky130_fd_sc_hd__or4b_2)
                                         _074_ (net)
                  0.10    0.00    1.40 v _161_/A (sky130_fd_sc_hd__or4_2)
     4    0.01    0.12    0.69    2.09 v _161_/X (sky130_fd_sc_hd__or4_2)
                                         _078_ (net)
                  0.12    0.00    2.09 v _199_/A (sky130_fd_sc_hd__or3_4)
     8    0.01    0.08    0.42    2.52 v _199_/X (sky130_fd_sc_hd__or3_4)
                                         _106_ (net)
                  0.08    0.00    2.52 v _225_/A (sky130_fd_sc_hd__and3_1)
     1    0.00    0.03    0.15    2.67 v _225_/X (sky130_fd_sc_hd__and3_1)
                                         _123_ (net)
                  0.03    0.00    2.67 v _226_/A (sky130_fd_sc_hd__buf_1)
     1    0.00    0.02    0.08    2.74 v _226_/X (sky130_fd_sc_hd__buf_1)
                                         _013_ (net)
                  0.02    0.00    2.74 v _338_/D (sky130_fd_sc_hd__dfrtp_4)
                                  2.74   data arrival time

                         10.00   10.00   clock core_clock (rise edge)
                          0.00   10.00   clock source latency
     1    0.01    0.00    0.00   10.00 ^ clk (in)
                                         clk (net)
                  0.00    0.00   10.00 ^ clkbuf_0_clk/A (sky130_fd_sc_hd__clkbuf_16)
     4    0.03    0.05    0.12   10.12 ^ clkbuf_0_clk/X (sky130_fd_sc_hd__clkbuf_16)
                                         clknet_0_clk (net)
                  0.05    0.00   10.12 ^ clkbuf_2_0__f_clk/A (sky130_fd_sc_hd__clkbuf_16)
    18    0.03    0.05    0.14   10.26 ^ clkbuf_2_0__f_clk/X (sky130_fd_sc_hd__clkbuf_16)
                                         clknet_2_0__leaf_clk (net)
                  0.05    0.00   10.26 ^ _338_/CLK (sky130_fd_sc_hd__dfrtp_4)
                          0.00   10.26   clock reconvergence pessimism
                         -0.10   10.15   library setup time
                                 10.15   data required time
-----------------------------------------------------------------------------
                                 10.15   data required time
                                 -2.74   data arrival time
-----------------------------------------------------------------------------
                                  7.41   slack (MET)


Startpoint: _335_ (rising edge-triggered flip-flop clocked by core_clock)
Endpoint: _334_ (rising edge-triggered flip-flop clocked by core_clock)
Path Group: core_clock
Path Type: max

Fanout     Cap    Slew   Delay    Time   Description
-----------------------------------------------------------------------------
                          0.00    0.00   clock core_clock (rise edge)
                          0.00    0.00   clock source latency
     1    0.01    0.00    0.00    0.00 ^ clk (in)
                                         clk (net)
                  0.00    0.00    0.00 ^ clkbuf_0_clk/A (sky130_fd_sc_hd__clkbuf_16)
     4    0.03    0.05    0.12    0.12 ^ clkbuf_0_clk/X (sky130_fd_sc_hd__clkbuf_16)
                                         clknet_0_clk (net)
                  0.05    0.00    0.12 ^ clkbuf_2_3__f_clk/A (sky130_fd_sc_hd__clkbuf_16)
    18    0.03    0.05    0.14    0.26 ^ clkbuf_2_3__f_clk/X (sky130_fd_sc_hd__clkbuf_16)
                                         clknet_2_3__leaf_clk (net)
                  0.05    0.00    0.26 ^ _335_/CLK (sky130_fd_sc_hd__dfrtp_4)
     6    0.01    0.07    0.49    0.74 v _335_/Q (sky130_fd_sc_hd__dfrtp_4)
                                         div.count[15] (net)
                  0.07    0.00    0.74 v _157_/A (sky130_fd_sc_hd__or4b_2)
     2    0.00    0.10    0.66    1.40 v _157_/X (sky130_fd_sc_hd__or4b_2)
                                         _074_ (net)
                  0.10    0.00    1.40 v _161_/A (sky130_fd_sc_hd__or4_2)
     4    0.01    0.12    0.69    2.09 v _161_/X (sky130_fd_sc_hd__or4_2)
                                         _078_ (net)
                  0.12    0.00    2.09 v _199_/A (sky130_fd_sc_hd__or3_4)
     8    0.01    0.08    0.42    2.52 v _199_/X (sky130_fd_sc_hd__or3_4)
                                         _106_ (net)
                  0.08    0.00    2.52 v _214_/C1 (sky130_fd_sc_hd__o211a_1)
     1    0.00    0.04    0.11    2.63 v _214_/X (sky130_fd_sc_hd__o211a_1)
                                         _009_ (net)
                  0.04    0.00    2.63 v _334_/D (sky130_fd_sc_hd__dfrtp_2)
                                  2.63   data arrival time

                         10.00   10.00   clock core_clock (rise edge)
                          0.00   10.00   clock source latency
     1    0.01    0.00    0.00   10.00 ^ clk (in)
                                         clk (net)
                  0.00    0.00   10.00 ^ clkbuf_0_clk/A (sky130_fd_sc_hd__clkbuf_16)
     4    0.03    0.05    0.12   10.12 ^ clkbuf_0_clk/X (sky130_fd_sc_hd__clkbuf_16)
                                         clknet_0_clk (net)
                  0.05    0.00   10.12 ^ clkbuf_2_2__f_clk/A (sky130_fd_sc_hd__clkbuf_16)
    14    0.03    0.05    0.14   10.26 ^ clkbuf_2_2__f_clk/X (sky130_fd_sc_hd__clkbuf_16)
                                         clknet_2_2__leaf_clk (net)
                  0.05    0.00   10.26 ^ _334_/CLK (sky130_fd_sc_hd__dfrtp_2)
                          0.00   10.26   clock reconvergence pessimism
                         -0.11   10.15   library setup time
                                 10.15   data required time
-----------------------------------------------------------------------------
                                 10.15   data required time
                                 -2.63   data arrival time
-----------------------------------------------------------------------------
                                  7.51   slack (MET)


Startpoint: _335_ (rising edge-triggered flip-flop clocked by core_clock)
Endpoint: _329_ (rising edge-triggered flip-flop clocked by core_clock)
Path Group: core_clock
Path Type: max

Fanout     Cap    Slew   Delay    Time   Description
-----------------------------------------------------------------------------
                          0.00    0.00   clock core_clock (rise edge)
                          0.00    0.00   clock source latency
     1    0.01    0.00    0.00    0.00 ^ clk (in)
                                         clk (net)
                  0.00    0.00    0.00 ^ clkbuf_0_clk/A (sky130_fd_sc_hd__clkbuf_16)
     4    0.03    0.05    0.12    0.12 ^ clkbuf_0_clk/X (sky130_fd_sc_hd__clkbuf_16)
                                         clknet_0_clk (net)
                  0.05    0.00    0.12 ^ clkbuf_2_3__f_clk/A (sky130_fd_sc_hd__clkbuf_16)
    18    0.03    0.05    0.14    0.26 ^ clkbuf_2_3__f_clk/X (sky130_fd_sc_hd__clkbuf_16)
                                         clknet_2_3__leaf_clk (net)
                  0.05    0.00    0.26 ^ _335_/CLK (sky130_fd_sc_hd__dfrtp_4)
     6    0.01    0.07    0.49    0.74 v _335_/Q (sky130_fd_sc_hd__dfrtp_4)
                                         div.count[15] (net)
                  0.07    0.00    0.74 v _157_/A (sky130_fd_sc_hd__or4b_2)
     2    0.00    0.10    0.66    1.40 v _157_/X (sky130_fd_sc_hd__or4b_2)
                                         _074_ (net)
                  0.10    0.00    1.40 v _161_/A (sky130_fd_sc_hd__or4_2)
     4    0.01    0.12    0.69    2.09 v _161_/X (sky130_fd_sc_hd__or4_2)
                                         _078_ (net)
                  0.12    0.00    2.09 v _199_/A (sky130_fd_sc_hd__or3_4)
     8    0.01    0.08    0.42    2.52 v _199_/X (sky130_fd_sc_hd__or3_4)
                                         _106_ (net)
                  0.08    0.00    2.52 v _201_/A (sky130_fd_sc_hd__nand2_1)
     1    0.00    0.04    0.07    2.58 ^ _201_/Y (sky130_fd_sc_hd__nand2_1)
                                         _108_ (net)
                  0.04    0.00    2.58 ^ _202_/B (sky130_fd_sc_hd__nor2_1)
     1    0.00    0.03    0.03    2.62 v _202_/Y (sky130_fd_sc_hd__nor2_1)
                                         _035_ (net)
                  0.03    0.00    2.62 v _329_/D (sky130_fd_sc_hd__dfrtp_4)
                                  2.62   data arrival time

                         10.00   10.00   clock core_clock (rise edge)
                          0.00   10.00   clock source latency
     1    0.01    0.00    0.00   10.00 ^ clk (in)
                                         clk (net)
                  0.00    0.00   10.00 ^ clkbuf_0_clk/A (sky130_fd_sc_hd__clkbuf_16)
     4    0.03    0.05    0.12   10.12 ^ clkbuf_0_clk/X (sky130_fd_sc_hd__clkbuf_16)
                                         clknet_0_clk (net)
                  0.05    0.00   10.12 ^ clkbuf_2_1__f_clk/A (sky130_fd_sc_hd__clkbuf_16)
    22    0.03    0.05    0.14   10.26 ^ clkbuf_2_1__f_clk/X (sky130_fd_sc_hd__clkbuf_16)
                                         clknet_2_1__leaf_clk (net)
                  0.05    0.00   10.26 ^ _329_/CLK (sky130_fd_sc_hd__dfrtp_4)
                          0.00   10.26   clock reconvergence pessimism
                         -0.11   10.15   library setup time
                                 10.15   data required time
-----------------------------------------------------------------------------
                                 10.15   data required time
                                 -2.62   data arrival time
-----------------------------------------------------------------------------
                                  7.54   slack (MET)


Startpoint: _322_ (rising edge-triggered flip-flop clocked by core_clock)
Endpoint: _346_ (rising edge-triggered flip-flop clocked by core_clock)
Path Group: core_clock
Path Type: max

Fanout     Cap    Slew   Delay    Time   Description
-----------------------------------------------------------------------------
                          0.00    0.00   clock core_clock (rise edge)
                          0.00    0.00   clock source latency
     1    0.01    0.00    0.00    0.00 ^ clk (in)
                                         clk (net)
                  0.00    0.00    0.00 ^ clkbuf_0_clk/A (sky130_fd_sc_hd__clkbuf_16)
     4    0.03    0.05    0.12    0.12 ^ clkbuf_0_clk/X (sky130_fd_sc_hd__clkbuf_16)
                                         clknet_0_clk (net)
                  0.05    0.00    0.12 ^ clkbuf_2_1__f_clk/A (sky130_fd_sc_hd__clkbuf_16)
    22    0.03    0.05    0.14    0.26 ^ clkbuf_2_1__f_clk/X (sky130_fd_sc_hd__clkbuf_16)
                                         clknet_2_1__leaf_clk (net)
                  0.05    0.00    0.26 ^ _322_/CLK (sky130_fd_sc_hd__dfrtp_4)
     8    0.01    0.07    0.49    0.74 v _322_/Q (sky130_fd_sc_hd__dfrtp_4)
                                         div.count[2] (net)
                  0.07    0.00    0.74 v _176_/C (sky130_fd_sc_hd__and4_1)
     1    0.00    0.04    0.19    0.93 v _176_/X (sky130_fd_sc_hd__and4_1)
                                         _089_ (net)
                  0.04    0.00    0.93 v _177_/A (sky130_fd_sc_hd__clkbuf_4)
    16    0.02    0.06    0.16    1.09 v _177_/X (sky130_fd_sc_hd__clkbuf_4)
                                         _090_ (net)
                  0.06    0.00    1.09 v _217_/A (sky130_fd_sc_hd__and4_1)
     1    0.00    0.04    0.14    1.24 v _217_/X (sky130_fd_sc_hd__and4_1)
                                         _117_ (net)
                  0.04    0.00    1.24 v _218_/A (sky130_fd_sc_hd__clkbuf_4)
    18    0.03    0.07    0.17    1.41 v _218_/X (sky130_fd_sc_hd__clkbuf_4)
                                         _118_ (net)
                  0.07    0.00    1.41 v _243_/A (sky130_fd_sc_hd__and2_2)
     8    0.02    0.07    0.21    1.62 v _243_/X (sky130_fd_sc_hd__and2_2)
                                         _135_ (net)
                  0.07    0.00    1.62 v _246_/C (sky130_fd_sc_hd__and3_1)
     4    0.01    0.06    0.21    1.83 v _246_/X (sky130_fd_sc_hd__and3_1)
                                         _137_ (net)
                  0.06    0.00    1.83 v _248_/B (sky130_fd_sc_hd__xor2_1)
     1    0.00    0.05    0.14    1.97 v _248_/X (sky130_fd_sc_hd__xor2_1)
                                         _022_ (net)
                  0.05    0.00    1.97 v _346_/D (sky130_fd_sc_hd__dfrtp_2)
                                  1.97   data arrival time

                         10.00   10.00   clock core_clock (rise edge)
                          0.00   10.00   clock source latency
     1    0.01    0.00    0.00   10.00 ^ clk (in)
                                         clk (net)
                  0.00    0.00   10.00 ^ clkbuf_0_clk/A (sky130_fd_sc_hd__clkbuf_16)
     4    0.03    0.05    0.12   10.12 ^ clkbuf_0_clk/X (sky130_fd_sc_hd__clkbuf_16)
                                         clknet_0_clk (net)
                  0.05    0.00   10.12 ^ clkbuf_2_0__f_clk/A (sky130_fd_sc_hd__clkbuf_16)
    18    0.03    0.05    0.14   10.26 ^ clkbuf_2_0__f_clk/X (sky130_fd_sc_hd__clkbuf_16)
                                         clknet_2_0__leaf_clk (net)
                  0.05    0.00   10.26 ^ _346_/CLK (sky130_fd_sc_hd__dfrtp_2)
                          0.00   10.26   clock reconvergence pessimism
                         -0.11   10.14   library setup time
                                 10.14   data required time
-----------------------------------------------------------------------------
                                 10.14   data required time
                                 -1.97   data arrival time
-----------------------------------------------------------------------------
                                  8.18   slack (MET)


Startpoint: _322_ (rising edge-triggered flip-flop clocked by core_clock)
Endpoint: _347_ (rising edge-triggered flip-flop clocked by core_clock)
Path Group: core_clock
Path Type: max

Fanout     Cap    Slew   Delay    Time   Description
-----------------------------------------------------------------------------
                          0.00    0.00   clock core_clock (rise edge)
                          0.00    0.00   clock source latency
     1    0.01    0.00    0.00    0.00 ^ clk (in)
                                         clk (net)
                  0.00    0.00    0.00 ^ clkbuf_0_clk/A (sky130_fd_sc_hd__clkbuf_16)
     4    0.03    0.05    0.12    0.12 ^ clkbuf_0_clk/X (sky130_fd_sc_hd__clkbuf_16)
                                         clknet_0_clk (net)
                  0.05    0.00    0.12 ^ clkbuf_2_1__f_clk/A (sky130_fd_sc_hd__clkbuf_16)
    22    0.03    0.05    0.14    0.26 ^ clkbuf_2_1__f_clk/X (sky130_fd_sc_hd__clkbuf_16)
                                         clknet_2_1__leaf_clk (net)
                  0.05    0.00    0.26 ^ _322_/CLK (sky130_fd_sc_hd__dfrtp_4)
     8    0.01    0.07    0.49    0.74 v _322_/Q (sky130_fd_sc_hd__dfrtp_4)
                                         div.count[2] (net)
                  0.07    0.00    0.74 v _176_/C (sky130_fd_sc_hd__and4_1)
     1    0.00    0.04    0.19    0.93 v _176_/X (sky130_fd_sc_hd__and4_1)
                                         _089_ (net)
                  0.04    0.00    0.93 v _177_/A (sky130_fd_sc_hd__clkbuf_4)
    16    0.02    0.06    0.16    1.09 v _177_/X (sky130_fd_sc_hd__clkbuf_4)
                                         _090_ (net)
                  0.06    0.00    1.09 v _217_/A (sky130_fd_sc_hd__and4_1)
     1    0.00    0.04    0.14    1.24 v _217_/X (sky130_fd_sc_hd__and4_1)
                                         _117_ (net)
                  0.04    0.00    1.24 v _218_/A (sky130_fd_sc_hd__clkbuf_4)
    18    0.03    0.07    0.17    1.41 v _218_/X (sky130_fd_sc_hd__clkbuf_4)
                                         _118_ (net)
                  0.07    0.00    1.41 v _243_/A (sky130_fd_sc_hd__and2_2)
     8    0.02    0.07    0.21    1.62 v _243_/X (sky130_fd_sc_hd__and2_2)
                                         _135_ (net)
                  0.07    0.00    1.62 v _249_/D (sky130_fd_sc_hd__and4_1)
     1    0.00    0.04    0.20    1.82 v _249_/X (sky130_fd_sc_hd__and4_1)
                                         _138_ (net)
                  0.04    0.00    1.82 v _252_/A2 (sky130_fd_sc_hd__o21ba_1)
     1    0.00    0.03    0.15    1.97 v _252_/X (sky130_fd_sc_hd__o21ba_1)
                                         _023_ (net)
                  0.03    0.00    1.97 v _347_/D (sky130_fd_sc_hd__dfrtp_1)
                                  1.97   data arrival time

                         10.00   10.00   clock core_clock (rise edge)
                          0.00   10.00   clock source latency
     1    0.01    0.00    0.00   10.00 ^ clk (in)
                                         clk (net)
                  0.00    0.00   10.00 ^ clkbuf_0_clk/A (sky130_fd_sc_hd__clkbuf_16)
     4    0.03    0.05    0.12   10.12 ^ clkbuf_0_clk/X (sky130_fd_sc_hd__clkbuf_16)
                                         clknet_0_clk (net)
                  0.05    0.00   10.12 ^ clkbuf_2_3__f_clk/A (sky130_fd_sc_hd__clkbuf_16)
    18    0.03    0.05    0.14   10.26 ^ clkbuf_2_3__f_clk/X (sky130_fd_sc_hd__clkbuf_16)
                                         clknet_2_3__leaf_clk (net)
                  0.05    0.00   10.26 ^ _347_/CLK (sky130_fd_sc_hd__dfrtp_1)
                          0.00   10.26   clock reconvergence pessimism
                         -0.11   10.15   library setup time
                                 10.15   data required time
-----------------------------------------------------------------------------
                                 10.15   data required time
                                 -1.97   data arrival time
-----------------------------------------------------------------------------
                                  8.18   slack (MET)


Startpoint: _322_ (rising edge-triggered flip-flop clocked by core_clock)
Endpoint: _351_ (rising edge-triggered flip-flop clocked by core_clock)
Path Group: core_clock
Path Type: max

Fanout     Cap    Slew   Delay    Time   Description
-----------------------------------------------------------------------------
                          0.00    0.00   clock core_clock (rise edge)
                          0.00    0.00   clock source latency
     1    0.01    0.00    0.00    0.00 ^ clk (in)
                                         clk (net)
                  0.00    0.00    0.00 ^ clkbuf_0_clk/A (sky130_fd_sc_hd__clkbuf_16)
     4    0.03    0.05    0.12    0.12 ^ clkbuf_0_clk/X (sky130_fd_sc_hd__clkbuf_16)
                                         clknet_0_clk (net)
                  0.05    0.00    0.12 ^ clkbuf_2_1__f_clk/A (sky130_fd_sc_hd__clkbuf_16)
    22    0.03    0.05    0.14    0.26 ^ clkbuf_2_1__f_clk/X (sky130_fd_sc_hd__clkbuf_16)
                                         clknet_2_1__leaf_clk (net)
                  0.05    0.00    0.26 ^ _322_/CLK (sky130_fd_sc_hd__dfrtp_4)
     8    0.01    0.07    0.49    0.74 v _322_/Q (sky130_fd_sc_hd__dfrtp_4)
                                         div.count[2] (net)
                  0.07    0.00    0.74 v _176_/C (sky130_fd_sc_hd__and4_1)
     1    0.00    0.04    0.19    0.93 v _176_/X (sky130_fd_sc_hd__and4_1)
                                         _089_ (net)
                  0.04    0.00    0.93 v _177_/A (sky130_fd_sc_hd__clkbuf_4)
    16    0.02    0.06    0.16    1.09 v _177_/X (sky130_fd_sc_hd__clkbuf_4)
                                         _090_ (net)
                  0.06    0.00    1.09 v _217_/A (sky130_fd_sc_hd__and4_1)
     1    0.00    0.04    0.14    1.24 v _217_/X (sky130_fd_sc_hd__and4_1)
                                         _117_ (net)
                  0.04    0.00    1.24 v _218_/A (sky130_fd_sc_hd__clkbuf_4)
    18    0.03    0.07    0.17    1.41 v _218_/X (sky130_fd_sc_hd__clkbuf_4)
                                         _118_ (net)
                  0.07    0.00    1.41 v _251_/A (sky130_fd_sc_hd__and3_2)
    10    0.02    0.07    0.22    1.63 v _251_/X (sky130_fd_sc_hd__and3_2)
                                         _140_ (net)
                  0.07    0.00    1.63 v _259_/D (sky130_fd_sc_hd__and4_1)
     1    0.00    0.05    0.21    1.84 v _259_/X (sky130_fd_sc_hd__and4_1)
                                         _144_ (net)
                  0.05    0.00    1.84 v _260_/B (sky130_fd_sc_hd__xor2_1)
     1    0.00    0.04    0.13    1.97 v _260_/X (sky130_fd_sc_hd__xor2_1)
                                         _028_ (net)
                  0.04    0.00    1.97 v _351_/D (sky130_fd_sc_hd__dfrtp_1)
                                  1.97   data arrival time

                         10.00   10.00   clock core_clock (rise edge)
                          0.00   10.00   clock source latency
     1    0.01    0.00    0.00   10.00 ^ clk (in)
                                         clk (net)
                  0.00    0.00   10.00 ^ clkbuf_0_clk/A (sky130_fd_sc_hd__clkbuf_16)
     4    0.03    0.05    0.12   10.12 ^ clkbuf_0_clk/X (sky130_fd_sc_hd__clkbuf_16)
                                         clknet_0_clk (net)
                  0.05    0.00   10.12 ^ clkbuf_2_3__f_clk/A (sky130_fd_sc_hd__clkbuf_16)
    18    0.03    0.05    0.14   10.26 ^ clkbuf_2_3__f_clk/X (sky130_fd_sc_hd__clkbuf_16)
                                         clknet_2_3__leaf_clk (net)
                  0.05    0.00   10.26 ^ _351_/CLK (sky130_fd_sc_hd__dfrtp_1)
                          0.00   10.26   clock reconvergence pessimism
                         -0.11   10.15   library setup time
                                 10.15   data required time
-----------------------------------------------------------------------------
                                 10.15   data required time
                                 -1.97   data arrival time
-----------------------------------------------------------------------------
                                  8.18   slack (MET)


Startpoint: _322_ (rising edge-triggered flip-flop clocked by core_clock)
Endpoint: _349_ (rising edge-triggered flip-flop clocked by core_clock)
Path Group: core_clock
Path Type: max

Fanout     Cap    Slew   Delay    Time   Description
-----------------------------------------------------------------------------
                          0.00    0.00   clock core_clock (rise edge)
                          0.00    0.00   clock source latency
     1    0.01    0.00    0.00    0.00 ^ clk (in)
                                         clk (net)
                  0.00    0.00    0.00 ^ clkbuf_0_clk/A (sky130_fd_sc_hd__clkbuf_16)
     4    0.03    0.05    0.12    0.12 ^ clkbuf_0_clk/X (sky130_fd_sc_hd__clkbuf_16)
                                         clknet_0_clk (net)
                  0.05    0.00    0.12 ^ clkbuf_2_1__f_clk/A (sky130_fd_sc_hd__clkbuf_16)
    22    0.03    0.05    0.14    0.26 ^ clkbuf_2_1__f_clk/X (sky130_fd_sc_hd__clkbuf_16)
                                         clknet_2_1__leaf_clk (net)
                  0.05    0.00    0.26 ^ _322_/CLK (sky130_fd_sc_hd__dfrtp_4)
     8    0.01    0.07    0.49    0.74 v _322_/Q (sky130_fd_sc_hd__dfrtp_4)
                                         div.count[2] (net)
                  0.07    0.00    0.74 v _176_/C (sky130_fd_sc_hd__and4_1)
     1    0.00    0.04    0.19    0.93 v _176_/X (sky130_fd_sc_hd__and4_1)
                                         _089_ (net)
                  0.04    0.00    0.93 v _177_/A (sky130_fd_sc_hd__clkbuf_4)
    16    0.02    0.06    0.16    1.09 v _177_/X (sky130_fd_sc_hd__clkbuf_4)
                                         _090_ (net)
                  0.06    0.00    1.09 v _217_/A (sky130_fd_sc_hd__and4_1)
     1    0.00    0.04    0.14    1.24 v _217_/X (sky130_fd_sc_hd__and4_1)
                                         _117_ (net)
                  0.04    0.00    1.24 v _218_/A (sky130_fd_sc_hd__clkbuf_4)
    18    0.03    0.07    0.17    1.41 v _218_/X (sky130_fd_sc_hd__clkbuf_4)
                                         _118_ (net)
                  0.07    0.00    1.41 v _251_/A (sky130_fd_sc_hd__and3_2)
    10    0.02    0.07    0.22    1.63 v _251_/X (sky130_fd_sc_hd__and3_2)
                                         _140_ (net)
                  0.07    0.00    1.63 v _253_/B (sky130_fd_sc_hd__and2_1)
     2    0.00    0.04    0.17    1.79 v _253_/X (sky130_fd_sc_hd__and2_1)
                                         _141_ (net)
                  0.04    0.00    1.79 v _257_/A2 (sky130_fd_sc_hd__o21a_1)
     2    0.00    0.04    0.16    1.96 v _257_/X (sky130_fd_sc_hd__o21a_1)
                                         _025_ (net)
                  0.04    0.00    1.96 v _349_/D (sky130_fd_sc_hd__dfrtp_4)
                                  1.96   data arrival time

                         10.00   10.00   clock core_clock (rise edge)
                          0.00   10.00   clock source latency
     1    0.01    0.00    0.00   10.00 ^ clk (in)
                                         clk (net)
                  0.00    0.00   10.00 ^ clkbuf_0_clk/A (sky130_fd_sc_hd__clkbuf_16)
     4    0.03    0.05    0.12   10.12 ^ clkbuf_0_clk/X (sky130_fd_sc_hd__clkbuf_16)
                                         clknet_0_clk (net)
                  0.05    0.00   10.12 ^ clkbuf_2_3__f_clk/A (sky130_fd_sc_hd__clkbuf_16)
    18    0.03    0.05    0.14   10.26 ^ clkbuf_2_3__f_clk/X (sky130_fd_sc_hd__clkbuf_16)
                                         clknet_2_3__leaf_clk (net)
                  0.05    0.00   10.26 ^ _349_/CLK (sky130_fd_sc_hd__dfrtp_4)
                          0.00   10.26   clock reconvergence pessimism
                         -0.11   10.15   library setup time
                                 10.15   data required time
-----------------------------------------------------------------------------
                                 10.15   data required time
                                 -1.96   data arrival time
-----------------------------------------------------------------------------
                                  8.19   slack (MET)


Startpoint: _322_ (rising edge-triggered flip-flop clocked by core_clock)
Endpoint: _345_ (rising edge-triggered flip-flop clocked by core_clock)
Path Group: core_clock
Path Type: max

Fanout     Cap    Slew   Delay    Time   Description
-----------------------------------------------------------------------------
                          0.00    0.00   clock core_clock (rise edge)
                          0.00    0.00   clock source latency
     1    0.01    0.00    0.00    0.00 ^ clk (in)
                                         clk (net)
                  0.00    0.00    0.00 ^ clkbuf_0_clk/A (sky130_fd_sc_hd__clkbuf_16)
     4    0.03    0.05    0.12    0.12 ^ clkbuf_0_clk/X (sky130_fd_sc_hd__clkbuf_16)
                                         clknet_0_clk (net)
                  0.05    0.00    0.12 ^ clkbuf_2_1__f_clk/A (sky130_fd_sc_hd__clkbuf_16)
    22    0.03    0.05    0.14    0.26 ^ clkbuf_2_1__f_clk/X (sky130_fd_sc_hd__clkbuf_16)
                                         clknet_2_1__leaf_clk (net)
                  0.05    0.00    0.26 ^ _322_/CLK (sky130_fd_sc_hd__dfrtp_4)
     8    0.01    0.07    0.49    0.74 v _322_/Q (sky130_fd_sc_hd__dfrtp_4)
                                         div.count[2] (net)
                  0.07    0.00    0.74 v _176_/C (sky130_fd_sc_hd__and4_1)
     1    0.00    0.04    0.19    0.93 v _176_/X (sky130_fd_sc_hd__and4_1)
                                         _089_ (net)
                  0.04    0.00    0.93 v _177_/A (sky130_fd_sc_hd__clkbuf_4)
    16    0.02    0.06    0.16    1.09 v _177_/X (sky130_fd_sc_hd__clkbuf_4)
                                         _090_ (net)
                  0.06    0.00    1.09 v _217_/A (sky130_fd_sc_hd__and4_1)
     1    0.00    0.04    0.14    1.24 v _217_/X (sky130_fd_sc_hd__and4_1)
                                         _117_ (net)
                  0.04    0.00    1.24 v _218_/A (sky130_fd_sc_hd__clkbuf_4)
    18    0.03    0.07    0.17    1.41 v _218_/X (sky130_fd_sc_hd__clkbuf_4)
                                         _118_ (net)
                  0.07    0.00    1.41 v _243_/A (sky130_fd_sc_hd__and2_2)
     8    0.02    0.07    0.21    1.62 v _243_/X (sky130_fd_sc_hd__and2_2)
                                         _135_ (net)
                  0.07    0.00    1.62 v _246_/C (sky130_fd_sc_hd__and3_1)
     4    0.01    0.06    0.21    1.83 v _246_/X (sky130_fd_sc_hd__and3_1)
                                         _137_ (net)
                  0.06    0.00    1.83 v _247_/B (sky130_fd_sc_hd__nor2_1)
     2    0.00    0.08    0.09    1.92 ^ _247_/Y (sky130_fd_sc_hd__nor2_1)
                                         _021_ (net)
                  0.08    0.00    1.92 ^ _345_/D (sky130_fd_sc_hd__dfrtp_2)
                                  1.92   data arrival time

                         10.00   10.00   clock core_clock (rise edge)
                          0.00   10.00   clock source latency
     1    0.01    0.00    0.00   10.00 ^ clk (in)
                                         clk (net)
                  0.00    0.00   10.00 ^ clkbuf_0_clk/A (sky130_fd_sc_hd__clkbuf_16)
     4    0.03    0.05    0.12   10.12 ^ clkbuf_0_clk/X (sky130_fd_sc_hd__clkbuf_16)
                                         clknet_0_clk (net)
                  0.05    0.00   10.12 ^ clkbuf_2_3__f_clk/A (sky130_fd_sc_hd__clkbuf_16)
    18    0.03    0.05    0.14   10.26 ^ clkbuf_2_3__f_clk/X (sky130_fd_sc_hd__clkbuf_16)
                                         clknet_2_3__leaf_clk (net)
                  0.05    0.00   10.26 ^ _345_/CLK (sky130_fd_sc_hd__dfrtp_2)
                          0.00   10.26   clock reconvergence pessimism
                         -0.07   10.19   library setup time
                                 10.19   data required time
-----------------------------------------------------------------------------
                                 10.19   data required time
                                 -1.92   data arrival time
-----------------------------------------------------------------------------
                                  8.27   slack (MET)


Startpoint: _321_ (rising edge-triggered flip-flop clocked by core_clock)
Endpoint: _343_ (rising edge-triggered flip-flop clocked by core_clock)
Path Group: core_clock
Path Type: max

Fanout     Cap    Slew   Delay    Time   Description
-----------------------------------------------------------------------------
                          0.00    0.00   clock core_clock (rise edge)
                          0.00    0.00   clock source latency
     1    0.01    0.00    0.00    0.00 ^ clk (in)
                                         clk (net)
                  0.00    0.00    0.00 ^ clkbuf_0_clk/A (sky130_fd_sc_hd__clkbuf_16)
     4    0.03    0.05    0.12    0.12 ^ clkbuf_0_clk/X (sky130_fd_sc_hd__clkbuf_16)
                                         clknet_0_clk (net)
                  0.05    0.00    0.12 ^ clkbuf_2_1__f_clk/A (sky130_fd_sc_hd__clkbuf_16)
    22    0.03    0.05    0.14    0.26 ^ clkbuf_2_1__f_clk/X (sky130_fd_sc_hd__clkbuf_16)
                                         clknet_2_1__leaf_clk (net)
                  0.05    0.00    0.26 ^ _321_/CLK (sky130_fd_sc_hd__dfrtp_4)
    10    0.02    0.08    0.43    0.69 ^ _321_/Q (sky130_fd_sc_hd__dfrtp_4)
                                         div.count[1] (net)
                  0.08    0.00    0.69 ^ _176_/B (sky130_fd_sc_hd__and4_1)
     1    0.00    0.05    0.17    0.86 ^ _176_/X (sky130_fd_sc_hd__and4_1)
                                         _089_ (net)
                  0.05    0.00    0.86 ^ _177_/A (sky130_fd_sc_hd__clkbuf_4)
    16    0.02    0.09    0.17    1.03 ^ _177_/X (sky130_fd_sc_hd__clkbuf_4)
                                         _090_ (net)
                  0.09    0.00    1.03 ^ _217_/A (sky130_fd_sc_hd__and4_1)
     1    0.00    0.05    0.17    1.19 ^ _217_/X (sky130_fd_sc_hd__and4_1)
                                         _117_ (net)
                  0.05    0.00    1.19 ^ _218_/A (sky130_fd_sc_hd__clkbuf_4)
    18    0.03    0.10    0.18    1.37 ^ _218_/X (sky130_fd_sc_hd__clkbuf_4)
                                         _118_ (net)
                  0.10    0.00    1.37 ^ _232_/B (sky130_fd_sc_hd__and3_2)
     8    0.02    0.11    0.24    1.62 ^ _232_/X (sky130_fd_sc_hd__and3_2)
                                         _128_ (net)
                  0.11    0.00    1.62 ^ _237_/C (sky130_fd_sc_hd__nand3_2)
     4    0.01    0.07    0.10    1.71 v _237_/Y (sky130_fd_sc_hd__nand3_2)
                                         _131_ (net)
                  0.07    0.00    1.71 v _240_/B (sky130_fd_sc_hd__xnor2_1)
     2    0.00    0.05    0.13    1.84 v _240_/Y (sky130_fd_sc_hd__xnor2_1)
                                         _019_ (net)
                  0.05    0.00    1.84 v _343_/D (sky130_fd_sc_hd__dfrtp_2)
                                  1.84   data arrival time

                         10.00   10.00   clock core_clock (rise edge)
                          0.00   10.00   clock source latency
     1    0.01    0.00    0.00   10.00 ^ clk (in)
                                         clk (net)
                  0.00    0.00   10.00 ^ clkbuf_0_clk/A (sky130_fd_sc_hd__clkbuf_16)
     4    0.03    0.05    0.12   10.12 ^ clkbuf_0_clk/X (sky130_fd_sc_hd__clkbuf_16)
                                         clknet_0_clk (net)
                  0.05    0.00   10.12 ^ clkbuf_2_1__f_clk/A (sky130_fd_sc_hd__clkbuf_16)
    22    0.03    0.05    0.14   10.26 ^ clkbuf_2_1__f_clk/X (sky130_fd_sc_hd__clkbuf_16)
                                         clknet_2_1__leaf_clk (net)
                  0.05    0.00   10.26 ^ _343_/CLK (sky130_fd_sc_hd__dfrtp_2)
                          0.00   10.26   clock reconvergence pessimism
                         -0.11   10.14   library setup time
                                 10.14   data required time
-----------------------------------------------------------------------------
                                 10.14   data required time
                                 -1.84   data arrival time
-----------------------------------------------------------------------------
                                  8.30   slack (MET)


Startpoint: _322_ (rising edge-triggered flip-flop clocked by core_clock)
Endpoint: _348_ (rising edge-triggered flip-flop clocked by core_clock)
Path Group: core_clock
Path Type: max

Fanout     Cap    Slew   Delay    Time   Description
-----------------------------------------------------------------------------
                          0.00    0.00   clock core_clock (rise edge)
                          0.00    0.00   clock source latency
     1    0.01    0.00    0.00    0.00 ^ clk (in)
                                         clk (net)
                  0.00    0.00    0.00 ^ clkbuf_0_clk/A (sky130_fd_sc_hd__clkbuf_16)
     4    0.03    0.05    0.12    0.12 ^ clkbuf_0_clk/X (sky130_fd_sc_hd__clkbuf_16)
                                         clknet_0_clk (net)
                  0.05    0.00    0.12 ^ clkbuf_2_1__f_clk/A (sky130_fd_sc_hd__clkbuf_16)
    22    0.03    0.05    0.14    0.26 ^ clkbuf_2_1__f_clk/X (sky130_fd_sc_hd__clkbuf_16)
                                         clknet_2_1__leaf_clk (net)
                  0.05    0.00    0.26 ^ _322_/CLK (sky130_fd_sc_hd__dfrtp_4)
     8    0.01    0.07    0.49    0.74 v _322_/Q (sky130_fd_sc_hd__dfrtp_4)
                                         div.count[2] (net)
                  0.07    0.00    0.74 v _176_/C (sky130_fd_sc_hd__and4_1)
     1    0.00    0.04    0.19    0.93 v _176_/X (sky130_fd_sc_hd__and4_1)
                                         _089_ (net)
                  0.04    0.00    0.93 v _177_/A (sky130_fd_sc_hd__clkbuf_4)
    16    0.02    0.06    0.16    1.09 v _177_/X (sky130_fd_sc_hd__clkbuf_4)
                                         _090_ (net)
                  0.06    0.00    1.09 v _217_/A (sky130_fd_sc_hd__and4_1)
     1    0.00    0.04    0.14    1.24 v _217_/X (sky130_fd_sc_hd__and4_1)
                                         _117_ (net)
                  0.04    0.00    1.24 v _218_/A (sky130_fd_sc_hd__clkbuf_4)
    18    0.03    0.07    0.17    1.41 v _218_/X (sky130_fd_sc_hd__clkbuf_4)
                                         _118_ (net)
                  0.07    0.00    1.41 v _251_/A (sky130_fd_sc_hd__and3_2)
    10    0.02    0.07    0.22    1.63 v _251_/X (sky130_fd_sc_hd__and3_2)
                                         _140_ (net)
                  0.07    0.00    1.63 v _253_/B (sky130_fd_sc_hd__and2_1)
     2    0.00    0.04    0.17    1.79 v _253_/X (sky130_fd_sc_hd__and2_1)
                                         _141_ (net)
                  0.04    0.00    1.79 v _255_/A (sky130_fd_sc_hd__nor2_1)
     1    0.00    0.07    0.09    1.88 ^ _255_/Y (sky130_fd_sc_hd__nor2_1)
                                         _024_ (net)
                  0.07    0.00    1.88 ^ _348_/D (sky130_fd_sc_hd__dfrtp_4)
                                  1.88   data arrival time

                         10.00   10.00   clock core_clock (rise edge)
                          0.00   10.00   clock source latency
     1    0.01    0.00    0.00   10.00 ^ clk (in)
                                         clk (net)
                  0.00    0.00   10.00 ^ clkbuf_0_clk/A (sky130_fd_sc_hd__clkbuf_16)
     4    0.03    0.05    0.12   10.12 ^ clkbuf_0_clk/X (sky130_fd_sc_hd__clkbuf_16)
                                         clknet_0_clk (net)
                  0.05    0.00   10.12 ^ clkbuf_2_1__f_clk/A (sky130_fd_sc_hd__clkbuf_16)
    22    0.03    0.05    0.14   10.26 ^ clkbuf_2_1__f_clk/X (sky130_fd_sc_hd__clkbuf_16)
                                         clknet_2_1__leaf_clk (net)
                  0.05    0.00   10.26 ^ _348_/CLK (sky130_fd_sc_hd__dfrtp_4)
                          0.00   10.26   clock reconvergence pessimism
                         -0.07   10.19   library setup time
                                 10.19   data required time
-----------------------------------------------------------------------------
                                 10.19   data required time
                                 -1.88   data arrival time
-----------------------------------------------------------------------------
                                  8.31   slack (MET)


Startpoint: _321_ (rising edge-triggered flip-flop clocked by core_clock)
Endpoint: _350_ (rising edge-triggered flip-flop clocked by core_clock)
Path Group: core_clock
Path Type: max

Fanout     Cap    Slew   Delay    Time   Description
-----------------------------------------------------------------------------
                          0.00    0.00   clock core_clock (rise edge)
                          0.00    0.00   clock source latency
     1    0.01    0.00    0.00    0.00 ^ clk (in)
                                         clk (net)
                  0.00    0.00    0.00 ^ clkbuf_0_clk/A (sky130_fd_sc_hd__clkbuf_16)
     4    0.03    0.05    0.12    0.12 ^ clkbuf_0_clk/X (sky130_fd_sc_hd__clkbuf_16)
                                         clknet_0_clk (net)
                  0.05    0.00    0.12 ^ clkbuf_2_1__f_clk/A (sky130_fd_sc_hd__clkbuf_16)
    22    0.03    0.05    0.14    0.26 ^ clkbuf_2_1__f_clk/X (sky130_fd_sc_hd__clkbuf_16)
                                         clknet_2_1__leaf_clk (net)
                  0.05    0.00    0.26 ^ _321_/CLK (sky130_fd_sc_hd__dfrtp_4)
    10    0.02    0.08    0.43    0.69 ^ _321_/Q (sky130_fd_sc_hd__dfrtp_4)
                                         div.count[1] (net)
                  0.08    0.00    0.69 ^ _176_/B (sky130_fd_sc_hd__and4_1)
     1    0.00    0.05    0.17    0.86 ^ _176_/X (sky130_fd_sc_hd__and4_1)
                                         _089_ (net)
                  0.05    0.00    0.86 ^ _177_/A (sky130_fd_sc_hd__clkbuf_4)
    16    0.02    0.09    0.17    1.03 ^ _177_/X (sky130_fd_sc_hd__clkbuf_4)
                                         _090_ (net)
                  0.09    0.00    1.03 ^ _217_/A (sky130_fd_sc_hd__and4_1)
     1    0.00    0.05    0.17    1.19 ^ _217_/X (sky130_fd_sc_hd__and4_1)
                                         _117_ (net)
                  0.05    0.00    1.19 ^ _218_/A (sky130_fd_sc_hd__clkbuf_4)
    18    0.03    0.10    0.18    1.37 ^ _218_/X (sky130_fd_sc_hd__clkbuf_4)
                                         _118_ (net)
                  0.10    0.00    1.37 ^ _251_/A (sky130_fd_sc_hd__and3_2)
    10    0.02    0.10    0.23    1.61 ^ _251_/X (sky130_fd_sc_hd__and3_2)
                                         _140_ (net)
                  0.10    0.00    1.61 ^ _256_/C (sky130_fd_sc_hd__nand3_2)
     4    0.01    0.07    0.10    1.71 v _256_/Y (sky130_fd_sc_hd__nand3_2)
                                         _143_ (net)
                  0.07    0.00    1.71 v _258_/B (sky130_fd_sc_hd__xnor2_1)
     1    0.00    0.04    0.12    1.83 v _258_/Y (sky130_fd_sc_hd__xnor2_1)
                                         _027_ (net)
                  0.04    0.00    1.83 v _350_/D (sky130_fd_sc_hd__dfrtp_2)
                                  1.83   data arrival time

                         10.00   10.00   clock core_clock (rise edge)
                          0.00   10.00   clock source latency
     1    0.01    0.00    0.00   10.00 ^ clk (in)
                                         clk (net)
                  0.00    0.00   10.00 ^ clkbuf_0_clk/A (sky130_fd_sc_hd__clkbuf_16)
     4    0.03    0.05    0.12   10.12 ^ clkbuf_0_clk/X (sky130_fd_sc_hd__clkbuf_16)
                                         clknet_0_clk (net)
                  0.05    0.00   10.12 ^ clkbuf_2_0__f_clk/A (sky130_fd_sc_hd__clkbuf_16)
    18    0.03    0.05    0.14   10.26 ^ clkbuf_2_0__f_clk/X (sky130_fd_sc_hd__clkbuf_16)
                                         clknet_2_0__leaf_clk (net)
                  0.05    0.00   10.26 ^ _350_/CLK (sky130_fd_sc_hd__dfrtp_2)
                          0.00   10.26   clock reconvergence pessimism
                         -0.11   10.14   library setup time
                                 10.14   data required time
-----------------------------------------------------------------------------
                                 10.14   data required time
                                 -1.83   data arrival time
-----------------------------------------------------------------------------
                                  8.31   slack (MET)


Startpoint: _322_ (rising edge-triggered flip-flop clocked by core_clock)
Endpoint: _335_ (rising edge-triggered flip-flop clocked by core_clock)
Path Group: core_clock
Path Type: max

Fanout     Cap    Slew   Delay    Time   Description
-----------------------------------------------------------------------------
                          0.00    0.00   clock core_clock (rise edge)
                          0.00    0.00   clock source latency
     1    0.01    0.00    0.00    0.00 ^ clk (in)
                                         clk (net)
                  0.00    0.00    0.00 ^ clkbuf_0_clk/A (sky130_fd_sc_hd__clkbuf_16)
     4    0.03    0.05    0.12    0.12 ^ clkbuf_0_clk/X (sky130_fd_sc_hd__clkbuf_16)
                                         clknet_0_clk (net)
                  0.05    0.00    0.12 ^ clkbuf_2_1__f_clk/A (sky130_fd_sc_hd__clkbuf_16)
    22    0.03    0.05    0.14    0.26 ^ clkbuf_2_1__f_clk/X (sky130_fd_sc_hd__clkbuf_16)
                                         clknet_2_1__leaf_clk (net)
                  0.05    0.00    0.26 ^ _322_/CLK (sky130_fd_sc_hd__dfrtp_4)
     8    0.01    0.07    0.49    0.74 v _322_/Q (sky130_fd_sc_hd__dfrtp_4)
                                         div.count[2] (net)
                  0.07    0.00    0.74 v _176_/C (sky130_fd_sc_hd__and4_1)
     1    0.00    0.04    0.19    0.93 v _176_/X (sky130_fd_sc_hd__and4_1)
                                         _089_ (net)
                  0.04    0.00    0.93 v _177_/A (sky130_fd_sc_hd__clkbuf_4)
    16    0.02    0.06    0.16    1.09 v _177_/X (sky130_fd_sc_hd__clkbuf_4)
                                         _090_ (net)
                  0.06    0.00    1.09 v _195_/C (sky130_fd_sc_hd__and4_1)
     1    0.00    0.04    0.18    1.28 v _195_/X (sky130_fd_sc_hd__and4_1)
                                         _102_ (net)
                  0.04    0.00    1.28 v _196_/A (sky130_fd_sc_hd__clkbuf_4)
    12    0.02    0.06    0.16    1.44 v _196_/X (sky130_fd_sc_hd__clkbuf_4)
                                         _103_ (net)
                  0.06    0.00    1.44 v _211_/A (sky130_fd_sc_hd__and2_2)
     6    0.01    0.06    0.20    1.64 v _211_/X (sky130_fd_sc_hd__and2_2)
                                         _114_ (net)
                  0.06    0.00    1.64 v _213_/B (sky130_fd_sc_hd__nand2_2)
     4    0.01    0.08    0.10    1.73 ^ _213_/Y (sky130_fd_sc_hd__nand2_2)
                                         _115_ (net)
                  0.08    0.00    1.73 ^ _215_/B (sky130_fd_sc_hd__xnor2_2)
     2    0.00    0.10    0.10    1.84 ^ _215_/Y (sky130_fd_sc_hd__xnor2_2)
                                         _010_ (net)
                  0.10    0.00    1.84 ^ _335_/D (sky130_fd_sc_hd__dfrtp_4)
                                  1.84   data arrival time

                         10.00   10.00   clock core_clock (rise edge)
                          0.00   10.00   clock source latency
     1    0.01    0.00    0.00   10.00 ^ clk (in)
                                         clk (net)
                  0.00    0.00   10.00 ^ clkbuf_0_clk/A (sky130_fd_sc_hd__clkbuf_16)
     4    0.03    0.05    0.12   10.12 ^ clkbuf_0_clk/X (sky130_fd_sc_hd__clkbuf_16)
                                         clknet_0_clk (net)
                  0.05    0.00   10.12 ^ clkbuf_2_3__f_clk/A (sky130_fd_sc_hd__clkbuf_16)
    18    0.03    0.05    0.14   10.26 ^ clkbuf_2_3__f_clk/X (sky130_fd_sc_hd__clkbuf_16)
                                         clknet_2_3__leaf_clk (net)
                  0.05    0.00   10.26 ^ _335_/CLK (sky130_fd_sc_hd__dfrtp_4)
                          0.00   10.26   clock reconvergence pessimism
                         -0.08   10.18   library setup time
                                 10.18   data required time
-----------------------------------------------------------------------------
                                 10.18   data required time
                                 -1.84   data arrival time
-----------------------------------------------------------------------------
                                  8.34   slack (MET)


Startpoint: _322_ (rising edge-triggered flip-flop clocked by core_clock)
Endpoint: _341_ (rising edge-triggered flip-flop clocked by core_clock)
Path Group: core_clock
Path Type: max

Fanout     Cap    Slew   Delay    Time   Description
-----------------------------------------------------------------------------
                          0.00    0.00   clock core_clock (rise edge)
                          0.00    0.00   clock source latency
     1    0.01    0.00    0.00    0.00 ^ clk (in)
                                         clk (net)
                  0.00    0.00    0.00 ^ clkbuf_0_clk/A (sky130_fd_sc_hd__clkbuf_16)
     4    0.03    0.05    0.12    0.12 ^ clkbuf_0_clk/X (sky130_fd_sc_hd__clkbuf_16)
                                         clknet_0_clk (net)
                  0.05    0.00    0.12 ^ clkbuf_2_1__f_clk/A (sky130_fd_sc_hd__clkbuf_16)
    22    0.03    0.05    0.14    0.26 ^ clkbuf_2_1__f_clk/X (sky130_fd_sc_hd__clkbuf_16)
                                         clknet_2_1__leaf_clk (net)
                  0.05    0.00    0.26 ^ _322_/CLK (sky130_fd_sc_hd__dfrtp_4)
     8    0.01    0.07    0.49    0.74 v _322_/Q (sky130_fd_sc_hd__dfrtp_4)
                                         div.count[2] (net)
                  0.07    0.00    0.74 v _176_/C (sky130_fd_sc_hd__and4_1)
     1    0.00    0.04    0.19    0.93 v _176_/X (sky130_fd_sc_hd__and4_1)
                                         _089_ (net)
                  0.04    0.00    0.93 v _177_/A (sky130_fd_sc_hd__clkbuf_4)
    16    0.02    0.06    0.16    1.09 v _177_/X (sky130_fd_sc_hd__clkbuf_4)
                                         _090_ (net)
                  0.06    0.00    1.09 v _217_/A (sky130_fd_sc_hd__and4_1)
     1    0.00    0.04    0.14    1.24 v _217_/X (sky130_fd_sc_hd__and4_1)
                                         _117_ (net)
                  0.04    0.00    1.24 v _218_/A (sky130_fd_sc_hd__clkbuf_4)
    18    0.03    0.07    0.17    1.41 v _218_/X (sky130_fd_sc_hd__clkbuf_4)
                                         _118_ (net)
                  0.07    0.00    1.41 v _232_/B (sky130_fd_sc_hd__and3_2)
     8    0.02    0.07    0.24    1.65 v _232_/X (sky130_fd_sc_hd__and3_2)
                                         _128_ (net)
                  0.07    0.00    1.65 v _235_/B (sky130_fd_sc_hd__xor2_1)
     2    0.00    0.05    0.15    1.80 v _235_/X (sky130_fd_sc_hd__xor2_1)
                                         _017_ (net)
                  0.05    0.00    1.80 v _341_/D (sky130_fd_sc_hd__dfrtp_4)
                                  1.80   data arrival time

                         10.00   10.00   clock core_clock (rise edge)
                          0.00   10.00   clock source latency
     1    0.01    0.00    0.00   10.00 ^ clk (in)
                                         clk (net)
                  0.00    0.00   10.00 ^ clkbuf_0_clk/A (sky130_fd_sc_hd__clkbuf_16)
     4    0.03    0.05    0.12   10.12 ^ clkbuf_0_clk/X (sky130_fd_sc_hd__clkbuf_16)
                                         clknet_0_clk (net)
                  0.05    0.00   10.12 ^ clkbuf_2_1__f_clk/A (sky130_fd_sc_hd__clkbuf_16)
    22    0.03    0.05    0.14   10.26 ^ clkbuf_2_1__f_clk/X (sky130_fd_sc_hd__clkbuf_16)
                                         clknet_2_1__leaf_clk (net)
                  0.05    0.00   10.26 ^ _341_/CLK (sky130_fd_sc_hd__dfrtp_4)
                          0.00   10.26   clock reconvergence pessimism
                         -0.12   10.14   library setup time
                                 10.14   data required time
-----------------------------------------------------------------------------
                                 10.14   data required time
                                 -1.80   data arrival time
-----------------------------------------------------------------------------
                                  8.35   slack (MET)


Startpoint: _322_ (rising edge-triggered flip-flop clocked by core_clock)
Endpoint: _333_ (rising edge-triggered flip-flop clocked by core_clock)
Path Group: core_clock
Path Type: max

Fanout     Cap    Slew   Delay    Time   Description
-----------------------------------------------------------------------------
                          0.00    0.00   clock core_clock (rise edge)
                          0.00    0.00   clock source latency
     1    0.01    0.00    0.00    0.00 ^ clk (in)
                                         clk (net)
                  0.00    0.00    0.00 ^ clkbuf_0_clk/A (sky130_fd_sc_hd__clkbuf_16)
     4    0.03    0.05    0.12    0.12 ^ clkbuf_0_clk/X (sky130_fd_sc_hd__clkbuf_16)
                                         clknet_0_clk (net)
                  0.05    0.00    0.12 ^ clkbuf_2_1__f_clk/A (sky130_fd_sc_hd__clkbuf_16)
    22    0.03    0.05    0.14    0.26 ^ clkbuf_2_1__f_clk/X (sky130_fd_sc_hd__clkbuf_16)
                                         clknet_2_1__leaf_clk (net)
                  0.05    0.00    0.26 ^ _322_/CLK (sky130_fd_sc_hd__dfrtp_4)
     8    0.01    0.07    0.49    0.74 v _322_/Q (sky130_fd_sc_hd__dfrtp_4)
                                         div.count[2] (net)
                  0.07    0.00    0.74 v _176_/C (sky130_fd_sc_hd__and4_1)
     1    0.00    0.04    0.19    0.93 v _176_/X (sky130_fd_sc_hd__and4_1)
                                         _089_ (net)
                  0.04    0.00    0.93 v _177_/A (sky130_fd_sc_hd__clkbuf_4)
    16    0.02    0.06    0.16    1.09 v _177_/X (sky130_fd_sc_hd__clkbuf_4)
                                         _090_ (net)
                  0.06    0.00    1.09 v _195_/C (sky130_fd_sc_hd__and4_1)
     1    0.00    0.04    0.18    1.28 v _195_/X (sky130_fd_sc_hd__and4_1)
                                         _102_ (net)
                  0.04    0.00    1.28 v _196_/A (sky130_fd_sc_hd__clkbuf_4)
    12    0.02    0.06    0.16    1.44 v _196_/X (sky130_fd_sc_hd__clkbuf_4)
                                         _103_ (net)
                  0.06    0.00    1.44 v _211_/A (sky130_fd_sc_hd__and2_2)
     6    0.01    0.06    0.20    1.64 v _211_/X (sky130_fd_sc_hd__and2_2)
                                         _114_ (net)
                  0.06    0.00    1.64 v _212_/B1_N (sky130_fd_sc_hd__o21ba_1)
     1    0.00    0.04    0.20    1.84 ^ _212_/X (sky130_fd_sc_hd__o21ba_1)
                                         _008_ (net)
                  0.04    0.00    1.84 ^ _333_/D (sky130_fd_sc_hd__dfrtp_2)
                                  1.84   data arrival time

                         10.00   10.00   clock core_clock (rise edge)
                          0.00   10.00   clock source latency
     1    0.01    0.00    0.00   10.00 ^ clk (in)
                                         clk (net)
                  0.00    0.00   10.00 ^ clkbuf_0_clk/A (sky130_fd_sc_hd__clkbuf_16)
     4    0.03    0.05    0.12   10.12 ^ clkbuf_0_clk/X (sky130_fd_sc_hd__clkbuf_16)
                                         clknet_0_clk (net)
                  0.05    0.00   10.12 ^ clkbuf_2_1__f_clk/A (sky130_fd_sc_hd__clkbuf_16)
    22    0.03    0.05    0.14   10.26 ^ clkbuf_2_1__f_clk/X (sky130_fd_sc_hd__clkbuf_16)
                                         clknet_2_1__leaf_clk (net)
                  0.05    0.00   10.26 ^ _333_/CLK (sky130_fd_sc_hd__dfrtp_2)
                          0.00   10.26   clock reconvergence pessimism
                         -0.06   10.20   library setup time
                                 10.20   data required time
-----------------------------------------------------------------------------
                                 10.20   data required time
                                 -1.84   data arrival time
-----------------------------------------------------------------------------
                                  8.36   slack (MET)


Startpoint: _322_ (rising edge-triggered flip-flop clocked by core_clock)
Endpoint: _344_ (rising edge-triggered flip-flop clocked by core_clock)
Path Group: core_clock
Path Type: max

Fanout     Cap    Slew   Delay    Time   Description
-----------------------------------------------------------------------------
                          0.00    0.00   clock core_clock (rise edge)
                          0.00    0.00   clock source latency
     1    0.01    0.00    0.00    0.00 ^ clk (in)
                                         clk (net)
                  0.00    0.00    0.00 ^ clkbuf_0_clk/A (sky130_fd_sc_hd__clkbuf_16)
     4    0.03    0.05    0.12    0.12 ^ clkbuf_0_clk/X (sky130_fd_sc_hd__clkbuf_16)
                                         clknet_0_clk (net)
                  0.05    0.00    0.12 ^ clkbuf_2_1__f_clk/A (sky130_fd_sc_hd__clkbuf_16)
    22    0.03    0.05    0.14    0.26 ^ clkbuf_2_1__f_clk/X (sky130_fd_sc_hd__clkbuf_16)
                                         clknet_2_1__leaf_clk (net)
                  0.05    0.00    0.26 ^ _322_/CLK (sky130_fd_sc_hd__dfrtp_4)
     8    0.01    0.07    0.49    0.74 v _322_/Q (sky130_fd_sc_hd__dfrtp_4)
                                         div.count[2] (net)
                  0.07    0.00    0.74 v _176_/C (sky130_fd_sc_hd__and4_1)
     1    0.00    0.04    0.19    0.93 v _176_/X (sky130_fd_sc_hd__and4_1)
                                         _089_ (net)
                  0.04    0.00    0.93 v _177_/A (sky130_fd_sc_hd__clkbuf_4)
    16    0.02    0.06    0.16    1.09 v _177_/X (sky130_fd_sc_hd__clkbuf_4)
                                         _090_ (net)
                  0.06    0.00    1.09 v _217_/A (sky130_fd_sc_hd__and4_1)
     1    0.00    0.04    0.14    1.24 v _217_/X (sky130_fd_sc_hd__and4_1)
                                         _117_ (net)
                  0.04    0.00    1.24 v _218_/A (sky130_fd_sc_hd__clkbuf_4)
    18    0.03    0.07    0.17    1.41 v _218_/X (sky130_fd_sc_hd__clkbuf_4)
                                         _118_ (net)
                  0.07    0.00    1.41 v _243_/A (sky130_fd_sc_hd__and2_2)
     8    0.02    0.07    0.21    1.62 v _243_/X (sky130_fd_sc_hd__and2_2)
                                         _135_ (net)
                  0.07    0.00    1.62 v _244_/B (sky130_fd_sc_hd__xor2_1)
     2    0.00    0.05    0.14    1.76 v _244_/X (sky130_fd_sc_hd__xor2_1)
                                         _020_ (net)
                  0.05    0.00    1.76 v _344_/D (sky130_fd_sc_hd__dfrtp_4)
                                  1.76   data arrival time

                         10.00   10.00   clock core_clock (rise edge)
                          0.00   10.00   clock source latency
     1    0.01    0.00    0.00   10.00 ^ clk (in)
                                         clk (net)
                  0.00    0.00   10.00 ^ clkbuf_0_clk/A (sky130_fd_sc_hd__clkbuf_16)
     4    0.03    0.05    0.12   10.12 ^ clkbuf_0_clk/X (sky130_fd_sc_hd__clkbuf_16)
                                         clknet_0_clk (net)
                  0.05    0.00   10.12 ^ clkbuf_2_3__f_clk/A (sky130_fd_sc_hd__clkbuf_16)
    18    0.03    0.05    0.14   10.26 ^ clkbuf_2_3__f_clk/X (sky130_fd_sc_hd__clkbuf_16)
                                         clknet_2_3__leaf_clk (net)
                  0.05    0.00   10.26 ^ _344_/CLK (sky130_fd_sc_hd__dfrtp_4)
                          0.00   10.26   clock reconvergence pessimism
                         -0.12   10.14   library setup time
                                 10.14   data required time
-----------------------------------------------------------------------------
                                 10.14   data required time
                                 -1.76   data arrival time
-----------------------------------------------------------------------------
                                  8.38   slack (MET)


Startpoint: _322_ (rising edge-triggered flip-flop clocked by core_clock)
Endpoint: _340_ (rising edge-triggered flip-flop clocked by core_clock)
Path Group: core_clock
Path Type: max

Fanout     Cap    Slew   Delay    Time   Description
-----------------------------------------------------------------------------
                          0.00    0.00   clock core_clock (rise edge)
                          0.00    0.00   clock source latency
     1    0.01    0.00    0.00    0.00 ^ clk (in)
                                         clk (net)
                  0.00    0.00    0.00 ^ clkbuf_0_clk/A (sky130_fd_sc_hd__clkbuf_16)
     4    0.03    0.05    0.12    0.12 ^ clkbuf_0_clk/X (sky130_fd_sc_hd__clkbuf_16)
                                         clknet_0_clk (net)
                  0.05    0.00    0.12 ^ clkbuf_2_1__f_clk/A (sky130_fd_sc_hd__clkbuf_16)
    22    0.03    0.05    0.14    0.26 ^ clkbuf_2_1__f_clk/X (sky130_fd_sc_hd__clkbuf_16)
                                         clknet_2_1__leaf_clk (net)
                  0.05    0.00    0.26 ^ _322_/CLK (sky130_fd_sc_hd__dfrtp_4)
     8    0.01    0.07    0.49    0.74 v _322_/Q (sky130_fd_sc_hd__dfrtp_4)
                                         div.count[2] (net)
                  0.07    0.00    0.74 v _176_/C (sky130_fd_sc_hd__and4_1)
     1    0.00    0.04    0.19    0.93 v _176_/X (sky130_fd_sc_hd__and4_1)
                                         _089_ (net)
                  0.04    0.00    0.93 v _177_/A (sky130_fd_sc_hd__clkbuf_4)
    16    0.02    0.06    0.16    1.09 v _177_/X (sky130_fd_sc_hd__clkbuf_4)
                                         _090_ (net)
                  0.06    0.00    1.09 v _217_/A (sky130_fd_sc_hd__and4_1)
     1    0.00    0.04    0.14    1.24 v _217_/X (sky130_fd_sc_hd__and4_1)
                                         _117_ (net)
                  0.04    0.00    1.24 v _218_/A (sky130_fd_sc_hd__clkbuf_4)
    18    0.03    0.07    0.17    1.41 v _218_/X (sky130_fd_sc_hd__clkbuf_4)
                                         _118_ (net)
                  0.07    0.00    1.41 v _232_/B (sky130_fd_sc_hd__and3_2)
     8    0.02    0.07    0.24    1.65 v _232_/X (sky130_fd_sc_hd__and3_2)
                                         _128_ (net)
                  0.07    0.00    1.65 v _234_/A (sky130_fd_sc_hd__nor2_1)
     1    0.00    0.07    0.10    1.75 ^ _234_/Y (sky130_fd_sc_hd__nor2_1)
                                         _016_ (net)
                  0.07    0.00    1.75 ^ _340_/D (sky130_fd_sc_hd__dfrtp_4)
                                  1.75   data arrival time

                         10.00   10.00   clock core_clock (rise edge)
                          0.00   10.00   clock source latency
     1    0.01    0.00    0.00   10.00 ^ clk (in)
                                         clk (net)
                  0.00    0.00   10.00 ^ clkbuf_0_clk/A (sky130_fd_sc_hd__clkbuf_16)
     4    0.03    0.05    0.12   10.12 ^ clkbuf_0_clk/X (sky130_fd_sc_hd__clkbuf_16)
                                         clknet_0_clk (net)
                  0.05    0.00   10.12 ^ clkbuf_2_2__f_clk/A (sky130_fd_sc_hd__clkbuf_16)
    14    0.03    0.05    0.14   10.26 ^ clkbuf_2_2__f_clk/X (sky130_fd_sc_hd__clkbuf_16)
                                         clknet_2_2__leaf_clk (net)
                  0.05    0.00   10.26 ^ _340_/CLK (sky130_fd_sc_hd__dfrtp_4)
                          0.00   10.26   clock reconvergence pessimism
                         -0.07   10.19   library setup time
                                 10.19   data required time
-----------------------------------------------------------------------------
                                 10.19   data required time
                                 -1.75   data arrival time
-----------------------------------------------------------------------------
                                  8.44   slack (MET)


Startpoint: _322_ (rising edge-triggered flip-flop clocked by core_clock)
Endpoint: _337_ (rising edge-triggered flip-flop clocked by core_clock)
Path Group: core_clock
Path Type: max

Fanout     Cap    Slew   Delay    Time   Description
-----------------------------------------------------------------------------
                          0.00    0.00   clock core_clock (rise edge)
                          0.00    0.00   clock source latency
     1    0.01    0.00    0.00    0.00 ^ clk (in)
                                         clk (net)
                  0.00    0.00    0.00 ^ clkbuf_0_clk/A (sky130_fd_sc_hd__clkbuf_16)
     4    0.03    0.05    0.12    0.12 ^ clkbuf_0_clk/X (sky130_fd_sc_hd__clkbuf_16)
                                         clknet_0_clk (net)
                  0.05    0.00    0.12 ^ clkbuf_2_1__f_clk/A (sky130_fd_sc_hd__clkbuf_16)
    22    0.03    0.05    0.14    0.26 ^ clkbuf_2_1__f_clk/X (sky130_fd_sc_hd__clkbuf_16)
                                         clknet_2_1__leaf_clk (net)
                  0.05    0.00    0.26 ^ _322_/CLK (sky130_fd_sc_hd__dfrtp_4)
     8    0.01    0.07    0.49    0.74 v _322_/Q (sky130_fd_sc_hd__dfrtp_4)
                                         div.count[2] (net)
                  0.07    0.00    0.74 v _176_/C (sky130_fd_sc_hd__and4_1)
     1    0.00    0.04    0.19    0.93 v _176_/X (sky130_fd_sc_hd__and4_1)
                                         _089_ (net)
                  0.04    0.00    0.93 v _177_/A (sky130_fd_sc_hd__clkbuf_4)
    16    0.02    0.06    0.16    1.09 v _177_/X (sky130_fd_sc_hd__clkbuf_4)
                                         _090_ (net)
                  0.06    0.00    1.09 v _217_/A (sky130_fd_sc_hd__and4_1)
     1    0.00    0.04    0.14    1.24 v _217_/X (sky130_fd_sc_hd__and4_1)
                                         _117_ (net)
                  0.04    0.00    1.24 v _218_/A (sky130_fd_sc_hd__clkbuf_4)
    18    0.03    0.07    0.17    1.41 v _218_/X (sky130_fd_sc_hd__clkbuf_4)
                                         _118_ (net)
                  0.07    0.00    1.41 v _221_/C (sky130_fd_sc_hd__and3_2)
     4    0.01    0.05    0.23    1.64 v _221_/X (sky130_fd_sc_hd__and3_2)
                                         _120_ (net)
                  0.05    0.00    1.64 v _222_/B (sky130_fd_sc_hd__nor2_2)
     2    0.00    0.06    0.07    1.71 ^ _222_/Y (sky130_fd_sc_hd__nor2_2)
                                         _012_ (net)
                  0.06    0.00    1.71 ^ _337_/D (sky130_fd_sc_hd__dfrtp_4)
                                  1.71   data arrival time

                         10.00   10.00   clock core_clock (rise edge)
                          0.00   10.00   clock source latency
     1    0.01    0.00    0.00   10.00 ^ clk (in)
                                         clk (net)
                  0.00    0.00   10.00 ^ clkbuf_0_clk/A (sky130_fd_sc_hd__clkbuf_16)
     4    0.03    0.05    0.12   10.12 ^ clkbuf_0_clk/X (sky130_fd_sc_hd__clkbuf_16)
                                         clknet_0_clk (net)
                  0.05    0.00   10.12 ^ clkbuf_2_2__f_clk/A (sky130_fd_sc_hd__clkbuf_16)
    14    0.03    0.05    0.14   10.26 ^ clkbuf_2_2__f_clk/X (sky130_fd_sc_hd__clkbuf_16)
                                         clknet_2_2__leaf_clk (net)
                  0.05    0.00   10.26 ^ _337_/CLK (sky130_fd_sc_hd__dfrtp_4)
                          0.00   10.26   clock reconvergence pessimism
                         -0.07   10.19   library setup time
                                 10.19   data required time
-----------------------------------------------------------------------------
                                 10.19   data required time
                                 -1.71   data arrival time
-----------------------------------------------------------------------------
                                  8.48   slack (MET)


Startpoint: _322_ (rising edge-triggered flip-flop clocked by core_clock)
Endpoint: _332_ (rising edge-triggered flip-flop clocked by core_clock)
Path Group: core_clock
Path Type: max

Fanout     Cap    Slew   Delay    Time   Description
-----------------------------------------------------------------------------
                          0.00    0.00   clock core_clock (rise edge)
                          0.00    0.00   clock source latency
     1    0.01    0.00    0.00    0.00 ^ clk (in)
                                         clk (net)
                  0.00    0.00    0.00 ^ clkbuf_0_clk/A (sky130_fd_sc_hd__clkbuf_16)
     4    0.03    0.05    0.12    0.12 ^ clkbuf_0_clk/X (sky130_fd_sc_hd__clkbuf_16)
                                         clknet_0_clk (net)
                  0.05    0.00    0.12 ^ clkbuf_2_1__f_clk/A (sky130_fd_sc_hd__clkbuf_16)
    22    0.03    0.05    0.14    0.26 ^ clkbuf_2_1__f_clk/X (sky130_fd_sc_hd__clkbuf_16)
                                         clknet_2_1__leaf_clk (net)
                  0.05    0.00    0.26 ^ _322_/CLK (sky130_fd_sc_hd__dfrtp_4)
     8    0.01    0.07    0.49    0.74 v _322_/Q (sky130_fd_sc_hd__dfrtp_4)
                                         div.count[2] (net)
                  0.07    0.00    0.74 v _176_/C (sky130_fd_sc_hd__and4_1)
     1    0.00    0.04    0.19    0.93 v _176_/X (sky130_fd_sc_hd__and4_1)
                                         _089_ (net)
                  0.04    0.00    0.93 v _177_/A (sky130_fd_sc_hd__clkbuf_4)
    16    0.02    0.06    0.16    1.09 v _177_/X (sky130_fd_sc_hd__clkbuf_4)
                                         _090_ (net)
                  0.06    0.00    1.09 v _195_/C (sky130_fd_sc_hd__and4_1)
     1    0.00    0.04    0.18    1.28 v _195_/X (sky130_fd_sc_hd__and4_1)
                                         _102_ (net)
                  0.04    0.00    1.28 v _196_/A (sky130_fd_sc_hd__clkbuf_4)
    12    0.02    0.06    0.16    1.44 v _196_/X (sky130_fd_sc_hd__clkbuf_4)
                                         _103_ (net)
                  0.06    0.00    1.44 v _205_/C (sky130_fd_sc_hd__nand3_2)
     4    0.01    0.07    0.09    1.53 ^ _205_/Y (sky130_fd_sc_hd__nand3_2)
                                         _110_ (net)
                  0.07    0.00    1.53 ^ _208_/B (sky130_fd_sc_hd__xnor2_1)
     1    0.00    0.10    0.11    1.64 ^ _208_/Y (sky130_fd_sc_hd__xnor2_1)
                                         _007_ (net)
                  0.10    0.00    1.64 ^ _332_/D (sky130_fd_sc_hd__dfrtp_4)
                                  1.64   data arrival time

                         10.00   10.00   clock core_clock (rise edge)
                          0.00   10.00   clock source latency
     1    0.01    0.00    0.00   10.00 ^ clk (in)
                                         clk (net)
                  0.00    0.00   10.00 ^ clkbuf_0_clk/A (sky130_fd_sc_hd__clkbuf_16)
     4    0.03    0.05    0.12   10.12 ^ clkbuf_0_clk/X (sky130_fd_sc_hd__clkbuf_16)
                                         clknet_0_clk (net)
                  0.05    0.00   10.12 ^ clkbuf_2_1__f_clk/A (sky130_fd_sc_hd__clkbuf_16)
    22    0.03    0.05    0.14   10.26 ^ clkbuf_2_1__f_clk/X (sky130_fd_sc_hd__clkbuf_16)
                                         clknet_2_1__leaf_clk (net)
                  0.05    0.00   10.26 ^ _332_/CLK (sky130_fd_sc_hd__dfrtp_4)
                          0.00   10.26   clock reconvergence pessimism
                         -0.08   10.18   library setup time
                                 10.18   data required time
-----------------------------------------------------------------------------
                                 10.18   data required time
                                 -1.64   data arrival time
-----------------------------------------------------------------------------
                                  8.55   slack (MET)


Startpoint: _322_ (rising edge-triggered flip-flop clocked by core_clock)
Endpoint: _330_ (rising edge-triggered flip-flop clocked by core_clock)
Path Group: core_clock
Path Type: max

Fanout     Cap    Slew   Delay    Time   Description
-----------------------------------------------------------------------------
                          0.00    0.00   clock core_clock (rise edge)
                          0.00    0.00   clock source latency
     1    0.01    0.00    0.00    0.00 ^ clk (in)
                                         clk (net)
                  0.00    0.00    0.00 ^ clkbuf_0_clk/A (sky130_fd_sc_hd__clkbuf_16)
     4    0.03    0.05    0.12    0.12 ^ clkbuf_0_clk/X (sky130_fd_sc_hd__clkbuf_16)
                                         clknet_0_clk (net)
                  0.05    0.00    0.12 ^ clkbuf_2_1__f_clk/A (sky130_fd_sc_hd__clkbuf_16)
    22    0.03    0.05    0.14    0.26 ^ clkbuf_2_1__f_clk/X (sky130_fd_sc_hd__clkbuf_16)
                                         clknet_2_1__leaf_clk (net)
                  0.05    0.00    0.26 ^ _322_/CLK (sky130_fd_sc_hd__dfrtp_4)
     8    0.01    0.07    0.49    0.74 v _322_/Q (sky130_fd_sc_hd__dfrtp_4)
                                         div.count[2] (net)
                  0.07    0.00    0.74 v _176_/C (sky130_fd_sc_hd__and4_1)
     1    0.00    0.04    0.19    0.93 v _176_/X (sky130_fd_sc_hd__and4_1)
                                         _089_ (net)
                  0.04    0.00    0.93 v _177_/A (sky130_fd_sc_hd__clkbuf_4)
    16    0.02    0.06    0.16    1.09 v _177_/X (sky130_fd_sc_hd__clkbuf_4)
                                         _090_ (net)
                  0.06    0.00    1.09 v _195_/C (sky130_fd_sc_hd__and4_1)
     1    0.00    0.04    0.18    1.28 v _195_/X (sky130_fd_sc_hd__and4_1)
                                         _102_ (net)
                  0.04    0.00    1.28 v _196_/A (sky130_fd_sc_hd__clkbuf_4)
    12    0.02    0.06    0.16    1.44 v _196_/X (sky130_fd_sc_hd__clkbuf_4)
                                         _103_ (net)
                  0.06    0.00    1.44 v _203_/B (sky130_fd_sc_hd__xor2_2)
     2    0.00    0.04    0.14    1.58 v _203_/X (sky130_fd_sc_hd__xor2_2)
                                         _005_ (net)
                  0.04    0.00    1.58 v _330_/D (sky130_fd_sc_hd__dfrtp_4)
                                  1.58   data arrival time

                         10.00   10.00   clock core_clock (rise edge)
                          0.00   10.00   clock source latency
     1    0.01    0.00    0.00   10.00 ^ clk (in)
                                         clk (net)
                  0.00    0.00   10.00 ^ clkbuf_0_clk/A (sky130_fd_sc_hd__clkbuf_16)
     4    0.03    0.05    0.12   10.12 ^ clkbuf_0_clk/X (sky130_fd_sc_hd__clkbuf_16)
                                         clknet_0_clk (net)
                  0.05    0.00   10.12 ^ clkbuf_2_2__f_clk/A (sky130_fd_sc_hd__clkbuf_16)
    14    0.03    0.05    0.14   10.26 ^ clkbuf_2_2__f_clk/X (sky130_fd_sc_hd__clkbuf_16)
                                         clknet_2_2__leaf_clk (net)
                  0.05    0.00   10.26 ^ _330_/CLK (sky130_fd_sc_hd__dfrtp_4)
                          0.00   10.26   clock reconvergence pessimism
                         -0.11   10.14   library setup time
                                 10.14   data required time
-----------------------------------------------------------------------------
                                 10.14   data required time
                                 -1.58   data arrival time
-----------------------------------------------------------------------------
                                  8.56   slack (MET)


Startpoint: _322_ (rising edge-triggered flip-flop clocked by core_clock)
Endpoint: _336_ (rising edge-triggered flip-flop clocked by core_clock)
Path Group: core_clock
Path Type: max

Fanout     Cap    Slew   Delay    Time   Description
-----------------------------------------------------------------------------
                          0.00    0.00   clock core_clock (rise edge)
                          0.00    0.00   clock source latency
     1    0.01    0.00    0.00    0.00 ^ clk (in)
                                         clk (net)
                  0.00    0.00    0.00 ^ clkbuf_0_clk/A (sky130_fd_sc_hd__clkbuf_16)
     4    0.03    0.05    0.12    0.12 ^ clkbuf_0_clk/X (sky130_fd_sc_hd__clkbuf_16)
                                         clknet_0_clk (net)
                  0.05    0.00    0.12 ^ clkbuf_2_1__f_clk/A (sky130_fd_sc_hd__clkbuf_16)
    22    0.03    0.05    0.14    0.26 ^ clkbuf_2_1__f_clk/X (sky130_fd_sc_hd__clkbuf_16)
                                         clknet_2_1__leaf_clk (net)
                  0.05    0.00    0.26 ^ _322_/CLK (sky130_fd_sc_hd__dfrtp_4)
     8    0.01    0.07    0.49    0.74 v _322_/Q (sky130_fd_sc_hd__dfrtp_4)
                                         div.count[2] (net)
                  0.07    0.00    0.74 v _176_/C (sky130_fd_sc_hd__and4_1)
     1    0.00    0.04    0.19    0.93 v _176_/X (sky130_fd_sc_hd__and4_1)
                                         _089_ (net)
                  0.04    0.00    0.93 v _177_/A (sky130_fd_sc_hd__clkbuf_4)
    16    0.02    0.06    0.16    1.09 v _177_/X (sky130_fd_sc_hd__clkbuf_4)
                                         _090_ (net)
                  0.06    0.00    1.09 v _217_/A (sky130_fd_sc_hd__and4_1)
     1    0.00    0.04    0.14    1.24 v _217_/X (sky130_fd_sc_hd__and4_1)
                                         _117_ (net)
                  0.04    0.00    1.24 v _218_/A (sky130_fd_sc_hd__clkbuf_4)
    18    0.03    0.07    0.17    1.41 v _218_/X (sky130_fd_sc_hd__clkbuf_4)
                                         _118_ (net)
                  0.07    0.00    1.41 v _219_/B (sky130_fd_sc_hd__xor2_1)
     1    0.00    0.05    0.14    1.55 v _219_/X (sky130_fd_sc_hd__xor2_1)
                                         _011_ (net)
                  0.05    0.00    1.55 v _336_/D (sky130_fd_sc_hd__dfrtp_4)
                                  1.55   data arrival time

                         10.00   10.00   clock core_clock (rise edge)
                          0.00   10.00   clock source latency
     1    0.01    0.00    0.00   10.00 ^ clk (in)
                                         clk (net)
                  0.00    0.00   10.00 ^ clkbuf_0_clk/A (sky130_fd_sc_hd__clkbuf_16)
     4    0.03    0.05    0.12   10.12 ^ clkbuf_0_clk/X (sky130_fd_sc_hd__clkbuf_16)
                                         clknet_0_clk (net)
                  0.05    0.00   10.12 ^ clkbuf_2_0__f_clk/A (sky130_fd_sc_hd__clkbuf_16)
    18    0.03    0.05    0.14   10.26 ^ clkbuf_2_0__f_clk/X (sky130_fd_sc_hd__clkbuf_16)
                                         clknet_2_0__leaf_clk (net)
                  0.05    0.00   10.26 ^ _336_/CLK (sky130_fd_sc_hd__dfrtp_4)
                          0.00   10.26   clock reconvergence pessimism
                         -0.11   10.14   library setup time
                                 10.14   data required time
-----------------------------------------------------------------------------
                                 10.14   data required time
                                 -1.55   data arrival time
-----------------------------------------------------------------------------
                                  8.59   slack (MET)


Startpoint: _322_ (rising edge-triggered flip-flop clocked by core_clock)
Endpoint: _327_ (rising edge-triggered flip-flop clocked by core_clock)
Path Group: core_clock
Path Type: max

Fanout     Cap    Slew   Delay    Time   Description
-----------------------------------------------------------------------------
                          0.00    0.00   clock core_clock (rise edge)
                          0.00    0.00   clock source latency
     1    0.01    0.00    0.00    0.00 ^ clk (in)
                                         clk (net)
                  0.00    0.00    0.00 ^ clkbuf_0_clk/A (sky130_fd_sc_hd__clkbuf_16)
     4    0.03    0.05    0.12    0.12 ^ clkbuf_0_clk/X (sky130_fd_sc_hd__clkbuf_16)
                                         clknet_0_clk (net)
                  0.05    0.00    0.12 ^ clkbuf_2_1__f_clk/A (sky130_fd_sc_hd__clkbuf_16)
    22    0.03    0.05    0.14    0.26 ^ clkbuf_2_1__f_clk/X (sky130_fd_sc_hd__clkbuf_16)
                                         clknet_2_1__leaf_clk (net)
                  0.05    0.00    0.26 ^ _322_/CLK (sky130_fd_sc_hd__dfrtp_4)
     8    0.01    0.07    0.49    0.74 v _322_/Q (sky130_fd_sc_hd__dfrtp_4)
                                         div.count[2] (net)
                  0.07    0.00    0.74 v _176_/C (sky130_fd_sc_hd__and4_1)
     1    0.00    0.04    0.19    0.93 v _176_/X (sky130_fd_sc_hd__and4_1)
                                         _089_ (net)
                  0.04    0.00    0.93 v _177_/A (sky130_fd_sc_hd__clkbuf_4)
    16    0.02    0.06    0.16    1.09 v _177_/X (sky130_fd_sc_hd__clkbuf_4)
                                         _090_ (net)
                  0.06    0.00    1.09 v _182_/C (sky130_fd_sc_hd__and3_2)
     6    0.01    0.05    0.23    1.32 v _182_/X (sky130_fd_sc_hd__and3_2)
                                         _093_ (net)
                  0.05    0.00    1.32 v _186_/B (sky130_fd_sc_hd__nand2_1)
     4    0.01    0.07    0.08    1.41 ^ _186_/Y (sky130_fd_sc_hd__nand2_1)
                                         _096_ (net)
                  0.07    0.00    1.41 ^ _192_/A2 (sky130_fd_sc_hd__a21oi_1)
     1    0.00    0.04    0.06    1.47 v _192_/Y (sky130_fd_sc_hd__a21oi_1)
                                         _033_ (net)
                  0.04    0.00    1.47 v _327_/D (sky130_fd_sc_hd__dfrtp_2)
                                  1.47   data arrival time

                         10.00   10.00   clock core_clock (rise edge)
                          0.00   10.00   clock source latency
     1    0.01    0.00    0.00   10.00 ^ clk (in)
                                         clk (net)
                  0.00    0.00   10.00 ^ clkbuf_0_clk/A (sky130_fd_sc_hd__clkbuf_16)
     4    0.03    0.05    0.12   10.12 ^ clkbuf_0_clk/X (sky130_fd_sc_hd__clkbuf_16)
                                         clknet_0_clk (net)
                  0.05    0.00   10.12 ^ clkbuf_2_2__f_clk/A (sky130_fd_sc_hd__clkbuf_16)
    14    0.03    0.05    0.14   10.26 ^ clkbuf_2_2__f_clk/X (sky130_fd_sc_hd__clkbuf_16)
                                         clknet_2_2__leaf_clk (net)
                  0.05    0.00   10.26 ^ _327_/CLK (sky130_fd_sc_hd__dfrtp_2)
                          0.00   10.26   clock reconvergence pessimism
                         -0.11   10.14   library setup time
                                 10.14   data required time
-----------------------------------------------------------------------------
                                 10.14   data required time
                                 -1.47   data arrival time
-----------------------------------------------------------------------------
                                  8.68   slack (MET)


Startpoint: _322_ (rising edge-triggered flip-flop clocked by core_clock)
Endpoint: _325_ (rising edge-triggered flip-flop clocked by core_clock)
Path Group: core_clock
Path Type: max

Fanout     Cap    Slew   Delay    Time   Description
-----------------------------------------------------------------------------
                          0.00    0.00   clock core_clock (rise edge)
                          0.00    0.00   clock source latency
     1    0.01    0.00    0.00    0.00 ^ clk (in)
                                         clk (net)
                  0.00    0.00    0.00 ^ clkbuf_0_clk/A (sky130_fd_sc_hd__clkbuf_16)
     4    0.03    0.05    0.12    0.12 ^ clkbuf_0_clk/X (sky130_fd_sc_hd__clkbuf_16)
                                         clknet_0_clk (net)
                  0.05    0.00    0.12 ^ clkbuf_2_1__f_clk/A (sky130_fd_sc_hd__clkbuf_16)
    22    0.03    0.05    0.14    0.26 ^ clkbuf_2_1__f_clk/X (sky130_fd_sc_hd__clkbuf_16)
                                         clknet_2_1__leaf_clk (net)
                  0.05    0.00    0.26 ^ _322_/CLK (sky130_fd_sc_hd__dfrtp_4)
     8    0.01    0.07    0.49    0.74 v _322_/Q (sky130_fd_sc_hd__dfrtp_4)
                                         div.count[2] (net)
                  0.07    0.00    0.74 v _176_/C (sky130_fd_sc_hd__and4_1)
     1    0.00    0.04    0.19    0.93 v _176_/X (sky130_fd_sc_hd__and4_1)
                                         _089_ (net)
                  0.04    0.00    0.93 v _177_/A (sky130_fd_sc_hd__clkbuf_4)
    16    0.02    0.06    0.16    1.09 v _177_/X (sky130_fd_sc_hd__clkbuf_4)
                                         _090_ (net)
                  0.06    0.00    1.09 v _182_/C (sky130_fd_sc_hd__and3_2)
     6    0.01    0.05    0.23    1.32 v _182_/X (sky130_fd_sc_hd__and3_2)
                                         _093_ (net)
                  0.05    0.00    1.32 v _184_/A (sky130_fd_sc_hd__nor2_1)
     1    0.00    0.07    0.09    1.41 ^ _184_/Y (sky130_fd_sc_hd__nor2_1)
                                         _031_ (net)
                  0.07    0.00    1.41 ^ _325_/D (sky130_fd_sc_hd__dfrtp_4)
                                  1.41   data arrival time

                         10.00   10.00   clock core_clock (rise edge)
                          0.00   10.00   clock source latency
     1    0.01    0.00    0.00   10.00 ^ clk (in)
                                         clk (net)
                  0.00    0.00   10.00 ^ clkbuf_0_clk/A (sky130_fd_sc_hd__clkbuf_16)
     4    0.03    0.05    0.12   10.12 ^ clkbuf_0_clk/X (sky130_fd_sc_hd__clkbuf_16)
                                         clknet_0_clk (net)
                  0.05    0.00   10.12 ^ clkbuf_2_2__f_clk/A (sky130_fd_sc_hd__clkbuf_16)
    14    0.03    0.05    0.14   10.26 ^ clkbuf_2_2__f_clk/X (sky130_fd_sc_hd__clkbuf_16)
                                         clknet_2_2__leaf_clk (net)
                  0.05    0.00   10.26 ^ _325_/CLK (sky130_fd_sc_hd__dfrtp_4)
                          0.00   10.26   clock reconvergence pessimism
                         -0.07   10.19   library setup time
                                 10.19   data required time
-----------------------------------------------------------------------------
                                 10.19   data required time
                                 -1.41   data arrival time
-----------------------------------------------------------------------------
                                  8.78   slack (MET)


Startpoint: _322_ (rising edge-triggered flip-flop clocked by core_clock)
Endpoint: _323_ (rising edge-triggered flip-flop clocked by core_clock)
Path Group: core_clock
Path Type: max

Fanout     Cap    Slew   Delay    Time   Description
-----------------------------------------------------------------------------
                          0.00    0.00   clock core_clock (rise edge)
                          0.00    0.00   clock source latency
     1    0.01    0.00    0.00    0.00 ^ clk (in)
                                         clk (net)
                  0.00    0.00    0.00 ^ clkbuf_0_clk/A (sky130_fd_sc_hd__clkbuf_16)
     4    0.03    0.05    0.12    0.12 ^ clkbuf_0_clk/X (sky130_fd_sc_hd__clkbuf_16)
                                         clknet_0_clk (net)
                  0.05    0.00    0.12 ^ clkbuf_2_1__f_clk/A (sky130_fd_sc_hd__clkbuf_16)
    22    0.03    0.05    0.14    0.26 ^ clkbuf_2_1__f_clk/X (sky130_fd_sc_hd__clkbuf_16)
                                         clknet_2_1__leaf_clk (net)
                  0.05    0.00    0.26 ^ _322_/CLK (sky130_fd_sc_hd__dfrtp_4)
     8    0.01    0.07    0.49    0.74 v _322_/Q (sky130_fd_sc_hd__dfrtp_4)
                                         div.count[2] (net)
                  0.07    0.00    0.74 v _176_/C (sky130_fd_sc_hd__and4_1)
     1    0.00    0.04    0.19    0.93 v _176_/X (sky130_fd_sc_hd__and4_1)
                                         _089_ (net)
                  0.04    0.00    0.93 v _177_/A (sky130_fd_sc_hd__clkbuf_4)
    16    0.02    0.06    0.16    1.09 v _177_/X (sky130_fd_sc_hd__clkbuf_4)
                                         _090_ (net)
                  0.06    0.00    1.09 v _179_/A_N (sky130_fd_sc_hd__and2b_1)
     2    0.00    0.05    0.19    1.28 ^ _179_/X (sky130_fd_sc_hd__and2b_1)
                                         _092_ (net)
                  0.05    0.00    1.28 ^ _180_/A (sky130_fd_sc_hd__buf_1)
     1    0.00    0.04    0.07    1.36 ^ _180_/X (sky130_fd_sc_hd__buf_1)
                                         _029_ (net)
                  0.04    0.00    1.36 ^ _323_/D (sky130_fd_sc_hd__dfrtp_2)
                                  1.36   data arrival time

                         10.00   10.00   clock core_clock (rise edge)
                          0.00   10.00   clock source latency
     1    0.01    0.00    0.00   10.00 ^ clk (in)
                                         clk (net)
                  0.00    0.00   10.00 ^ clkbuf_0_clk/A (sky130_fd_sc_hd__clkbuf_16)
     4    0.03    0.05    0.12   10.12 ^ clkbuf_0_clk/X (sky130_fd_sc_hd__clkbuf_16)
                                         clknet_0_clk (net)
                  0.05    0.00   10.12 ^ clkbuf_2_3__f_clk/A (sky130_fd_sc_hd__clkbuf_16)
    18    0.03    0.05    0.14   10.26 ^ clkbuf_2_3__f_clk/X (sky130_fd_sc_hd__clkbuf_16)
                                         clknet_2_3__leaf_clk (net)
                  0.05    0.00   10.26 ^ _323_/CLK (sky130_fd_sc_hd__dfrtp_2)
                          0.00   10.26   clock reconvergence pessimism
                         -0.06   10.20   library setup time
                                 10.20   data required time
-----------------------------------------------------------------------------
                                 10.20   data required time
                                 -1.36   data arrival time
-----------------------------------------------------------------------------
                                  8.84   slack (MET)


Startpoint: _322_ (rising edge-triggered flip-flop clocked by core_clock)
Endpoint: _324_ (rising edge-triggered flip-flop clocked by core_clock)
Path Group: core_clock
Path Type: max

Fanout     Cap    Slew   Delay    Time   Description
-----------------------------------------------------------------------------
                          0.00    0.00   clock core_clock (rise edge)
                          0.00    0.00   clock source latency
     1    0.01    0.00    0.00    0.00 ^ clk (in)
                                         clk (net)
                  0.00    0.00    0.00 ^ clkbuf_0_clk/A (sky130_fd_sc_hd__clkbuf_16)
     4    0.03    0.05    0.12    0.12 ^ clkbuf_0_clk/X (sky130_fd_sc_hd__clkbuf_16)
                                         clknet_0_clk (net)
                  0.05    0.00    0.12 ^ clkbuf_2_1__f_clk/A (sky130_fd_sc_hd__clkbuf_16)
    22    0.03    0.05    0.14    0.26 ^ clkbuf_2_1__f_clk/X (sky130_fd_sc_hd__clkbuf_16)
                                         clknet_2_1__leaf_clk (net)
                  0.05    0.00    0.26 ^ _322_/CLK (sky130_fd_sc_hd__dfrtp_4)
     8    0.01    0.07    0.49    0.74 v _322_/Q (sky130_fd_sc_hd__dfrtp_4)
                                         div.count[2] (net)
                  0.07    0.00    0.74 v _176_/C (sky130_fd_sc_hd__and4_1)
     1    0.00    0.04    0.19    0.93 v _176_/X (sky130_fd_sc_hd__and4_1)
                                         _089_ (net)
                  0.04    0.00    0.93 v _177_/A (sky130_fd_sc_hd__clkbuf_4)
    16    0.02    0.06    0.16    1.09 v _177_/X (sky130_fd_sc_hd__clkbuf_4)
                                         _090_ (net)
                  0.06    0.00    1.09 v _181_/B (sky130_fd_sc_hd__xor2_1)
     1    0.00    0.04    0.14    1.23 v _181_/X (sky130_fd_sc_hd__xor2_1)
                                         _030_ (net)
                  0.04    0.00    1.23 v _324_/D (sky130_fd_sc_hd__dfrtp_4)
                                  1.23   data arrival time

                         10.00   10.00   clock core_clock (rise edge)
                          0.00   10.00   clock source latency
     1    0.01    0.00    0.00   10.00 ^ clk (in)
                                         clk (net)
                  0.00    0.00   10.00 ^ clkbuf_0_clk/A (sky130_fd_sc_hd__clkbuf_16)
     4    0.03    0.05    0.12   10.12 ^ clkbuf_0_clk/X (sky130_fd_sc_hd__clkbuf_16)
                                         clknet_0_clk (net)
                  0.05    0.00   10.12 ^ clkbuf_2_0__f_clk/A (sky130_fd_sc_hd__clkbuf_16)
    18    0.03    0.05    0.14   10.26 ^ clkbuf_2_0__f_clk/X (sky130_fd_sc_hd__clkbuf_16)
                                         clknet_2_0__leaf_clk (net)
                  0.05    0.00   10.26 ^ _324_/CLK (sky130_fd_sc_hd__dfrtp_4)
                          0.00   10.26   clock reconvergence pessimism
                         -0.11   10.15   library setup time
                                 10.15   data required time
-----------------------------------------------------------------------------
                                 10.15   data required time
                                 -1.23   data arrival time
-----------------------------------------------------------------------------
                                  8.91   slack (MET)


Startpoint: _320_ (rising edge-triggered flip-flop clocked by core_clock)
Endpoint: _321_ (rising edge-triggered flip-flop clocked by core_clock)
Path Group: core_clock
Path Type: max

Fanout     Cap    Slew   Delay    Time   Description
-----------------------------------------------------------------------------
                          0.00    0.00   clock core_clock (rise edge)
                          0.00    0.00   clock source latency
     1    0.01    0.00    0.00    0.00 ^ clk (in)
                                         clk (net)
                  0.00    0.00    0.00 ^ clkbuf_0_clk/A (sky130_fd_sc_hd__clkbuf_16)
     4    0.03    0.05    0.12    0.12 ^ clkbuf_0_clk/X (sky130_fd_sc_hd__clkbuf_16)
                                         clknet_0_clk (net)
                  0.05    0.00    0.12 ^ clkbuf_2_0__f_clk/A (sky130_fd_sc_hd__clkbuf_16)
    18    0.03    0.05    0.14    0.26 ^ clkbuf_2_0__f_clk/X (sky130_fd_sc_hd__clkbuf_16)
                                         clknet_2_0__leaf_clk (net)
                  0.05    0.00    0.26 ^ _320_/CLK (sky130_fd_sc_hd__dfrtp_4)
    12    0.02    0.08    0.50    0.75 v _320_/Q (sky130_fd_sc_hd__dfrtp_4)
                                         div.count[0] (net)
                  0.08    0.00    0.75 v _171_/A (sky130_fd_sc_hd__or2_1)
     2    0.00    0.05    0.23    0.98 v _171_/X (sky130_fd_sc_hd__or2_1)
                                         _086_ (net)
                  0.05    0.00    0.98 v _173_/A (sky130_fd_sc_hd__and2_1)
     2    0.00    0.04    0.13    1.12 v _173_/X (sky130_fd_sc_hd__and2_1)
                                         _088_ (net)
                  0.04    0.00    1.12 v _174_/A (sky130_fd_sc_hd__buf_1)
     2    0.00    0.03    0.08    1.20 v _174_/X (sky130_fd_sc_hd__buf_1)
                                         _015_ (net)
                  0.03    0.00    1.20 v _321_/D (sky130_fd_sc_hd__dfrtp_4)
                                  1.20   data arrival time

                         10.00   10.00   clock core_clock (rise edge)
                          0.00   10.00   clock source latency
     1    0.01    0.00    0.00   10.00 ^ clk (in)
                                         clk (net)
                  0.00    0.00   10.00 ^ clkbuf_0_clk/A (sky130_fd_sc_hd__clkbuf_16)
     4    0.03    0.05    0.12   10.12 ^ clkbuf_0_clk/X (sky130_fd_sc_hd__clkbuf_16)
                                         clknet_0_clk (net)
                  0.05    0.00   10.12 ^ clkbuf_2_1__f_clk/A (sky130_fd_sc_hd__clkbuf_16)
    22    0.03    0.05    0.14   10.26 ^ clkbuf_2_1__f_clk/X (sky130_fd_sc_hd__clkbuf_16)
                                         clknet_2_1__leaf_clk (net)
                  0.05    0.00   10.26 ^ _321_/CLK (sky130_fd_sc_hd__dfrtp_4)
                          0.00   10.26   clock reconvergence pessimism
                         -0.10   10.15   library setup time
                                 10.15   data required time
-----------------------------------------------------------------------------
                                 10.15   data required time
                                 -1.20   data arrival time
-----------------------------------------------------------------------------
                                  8.95   slack (MET)


Startpoint: _321_ (rising edge-triggered flip-flop clocked by core_clock)
Endpoint: _322_ (rising edge-triggered flip-flop clocked by core_clock)
Path Group: core_clock
Path Type: max

Fanout     Cap    Slew   Delay    Time   Description
-----------------------------------------------------------------------------
                          0.00    0.00   clock core_clock (rise edge)
                          0.00    0.00   clock source latency
     1    0.01    0.00    0.00    0.00 ^ clk (in)
                                         clk (net)
                  0.00    0.00    0.00 ^ clkbuf_0_clk/A (sky130_fd_sc_hd__clkbuf_16)
     4    0.03    0.05    0.12    0.12 ^ clkbuf_0_clk/X (sky130_fd_sc_hd__clkbuf_16)
                                         clknet_0_clk (net)
                  0.05    0.00    0.12 ^ clkbuf_2_1__f_clk/A (sky130_fd_sc_hd__clkbuf_16)
    22    0.03    0.05    0.14    0.26 ^ clkbuf_2_1__f_clk/X (sky130_fd_sc_hd__clkbuf_16)
                                         clknet_2_1__leaf_clk (net)
                  0.05    0.00    0.26 ^ _321_/CLK (sky130_fd_sc_hd__dfrtp_4)
    10    0.02    0.08    0.49    0.75 v _321_/Q (sky130_fd_sc_hd__dfrtp_4)
                                         div.count[1] (net)
                  0.08    0.00    0.75 v _172_/B (sky130_fd_sc_hd__nand2_2)
     4    0.01    0.06    0.09    0.84 ^ _172_/Y (sky130_fd_sc_hd__nand2_2)
                                         _087_ (net)
                  0.06    0.00    0.84 ^ _175_/B (sky130_fd_sc_hd__xnor2_1)
     2    0.00    0.12    0.11    0.95 ^ _175_/Y (sky130_fd_sc_hd__xnor2_1)
                                         _026_ (net)
                  0.12    0.00    0.95 ^ _322_/D (sky130_fd_sc_hd__dfrtp_4)
                                  0.95   data arrival time

                         10.00   10.00   clock core_clock (rise edge)
                          0.00   10.00   clock source latency
     1    0.01    0.00    0.00   10.00 ^ clk (in)
                                         clk (net)
                  0.00    0.00   10.00 ^ clkbuf_0_clk/A (sky130_fd_sc_hd__clkbuf_16)
     4    0.03    0.05    0.12   10.12 ^ clkbuf_0_clk/X (sky130_fd_sc_hd__clkbuf_16)
                                         clknet_0_clk (net)
                  0.05    0.00   10.12 ^ clkbuf_2_1__f_clk/A (sky130_fd_sc_hd__clkbuf_16)
    22    0.03    0.05    0.14   10.26 ^ clkbuf_2_1__f_clk/X (sky130_fd_sc_hd__clkbuf_16)
                                         clknet_2_1__leaf_clk (net)
                  0.05    0.00   10.26 ^ _322_/CLK (sky130_fd_sc_hd__dfrtp_4)
                          0.00   10.26   clock reconvergence pessimism
                         -0.08   10.18   library setup time
                                 10.18   data required time
-----------------------------------------------------------------------------
                                 10.18   data required time
                                 -0.95   data arrival time
-----------------------------------------------------------------------------
                                  9.23   slack (MET)



worst slack corner Typical: 7.2031
max_report_end
checks_report

===========================================================================
report_checks -unconstrained
===========================================================================
======================= Typical Corner ===================================

Startpoint: _335_ (rising edge-triggered flip-flop clocked by core_clock)
Endpoint: _320_ (rising edge-triggered flip-flop clocked by core_clock)
Path Group: core_clock
Path Type: max

Fanout     Cap    Slew   Delay    Time   Description
-----------------------------------------------------------------------------
                          0.00    0.00   clock core_clock (rise edge)
                          0.00    0.00   clock source latency
     1    0.01    0.00    0.00    0.00 ^ clk (in)
                                         clk (net)
                  0.00    0.00    0.00 ^ clkbuf_0_clk/A (sky130_fd_sc_hd__clkbuf_16)
     4    0.03    0.05    0.12    0.12 ^ clkbuf_0_clk/X (sky130_fd_sc_hd__clkbuf_16)
                                         clknet_0_clk (net)
                  0.05    0.00    0.12 ^ clkbuf_2_3__f_clk/A (sky130_fd_sc_hd__clkbuf_16)
    18    0.03    0.05    0.14    0.26 ^ clkbuf_2_3__f_clk/X (sky130_fd_sc_hd__clkbuf_16)
                                         clknet_2_3__leaf_clk (net)
                  0.05    0.00    0.26 ^ _335_/CLK (sky130_fd_sc_hd__dfrtp_4)
     6    0.01    0.07    0.49    0.74 v _335_/Q (sky130_fd_sc_hd__dfrtp_4)
                                         div.count[15] (net)
                  0.07    0.00    0.74 v _157_/A (sky130_fd_sc_hd__or4b_2)
     2    0.00    0.10    0.66    1.40 v _157_/X (sky130_fd_sc_hd__or4b_2)
                                         _074_ (net)
                  0.10    0.00    1.40 v _161_/A (sky130_fd_sc_hd__or4_2)
     4    0.01    0.12    0.69    2.09 v _161_/X (sky130_fd_sc_hd__or4_2)
                                         _078_ (net)
                  0.12    0.00    2.09 v _167_/A (sky130_fd_sc_hd__or4_4)
    12    0.02    0.11    0.60    2.69 v _167_/X (sky130_fd_sc_hd__or4_4)
                                         _084_ (net)
                  0.11    0.00    2.69 v _169_/B (sky130_fd_sc_hd__and2b_1)
     2    0.00    0.04    0.18    2.87 v _169_/X (sky130_fd_sc_hd__and2b_1)
                                         _085_ (net)
                  0.04    0.00    2.87 v _170_/A (sky130_fd_sc_hd__clkbuf_1)
     1    0.00    0.02    0.08    2.95 v _170_/X (sky130_fd_sc_hd__clkbuf_1)
                                         _004_ (net)
                  0.02    0.00    2.95 v _320_/D (sky130_fd_sc_hd__dfrtp_4)
                                  2.95   data arrival time

                         10.00   10.00   clock core_clock (rise edge)
                          0.00   10.00   clock source latency
     1    0.01    0.00    0.00   10.00 ^ clk (in)
                                         clk (net)
                  0.00    0.00   10.00 ^ clkbuf_0_clk/A (sky130_fd_sc_hd__clkbuf_16)
     4    0.03    0.05    0.12   10.12 ^ clkbuf_0_clk/X (sky130_fd_sc_hd__clkbuf_16)
                                         clknet_0_clk (net)
                  0.05    0.00   10.12 ^ clkbuf_2_0__f_clk/A (sky130_fd_sc_hd__clkbuf_16)
    18    0.03    0.05    0.14   10.26 ^ clkbuf_2_0__f_clk/X (sky130_fd_sc_hd__clkbuf_16)
                                         clknet_2_0__leaf_clk (net)
                  0.05    0.00   10.26 ^ _320_/CLK (sky130_fd_sc_hd__dfrtp_4)
                          0.00   10.26   clock reconvergence pessimism
                         -0.10   10.15   library setup time
                                 10.15   data required time
-----------------------------------------------------------------------------
                                 10.15   data required time
                                 -2.95   data arrival time
-----------------------------------------------------------------------------
                                  7.20   slack (MET)




===========================================================================
report_checks --slack_max -0.01
============================================================================
======================= Typical Corner ===================================

No paths found.


===========================================================================
 report_check_types -max_slew -max_cap -max_fanout -violators
============================================================================
======================= Typical Corner ===================================


max slew violations count Typical: 0
max fanout violations count Typical: 0
max cap violations count Typical: 0

===========================================================================
report_parasitic_annotation -report_unannotated
============================================================================
Found 226 unannotated drivers.
 clk
 rst_button
 _157_/X
 _158_/Y
 _159_/X
 _160_/X
 _161_/X
 _162_/X
 _163_/X
 _164_/X
 _165_/X
 _166_/X
 _167_/X
 _168_/Y
 _169_/X
 _170_/X
 _171_/X
 _172_/Y
 _173_/X
 _174_/X
 _175_/Y
 _176_/X
 _177_/X
 _178_/X
 _179_/X
 _180_/X
 _181_/X
 _182_/X
 _183_/Y
 _184_/Y
 _185_/X
 _186_/Y
 _187_/X
 _188_/X
 _189_/Y
 _190_/X
 _191_/X
 _192_/Y
 _193_/Y
 _194_/Y
 _195_/X
 _196_/X
 _197_/X
 _198_/X
 _199_/X
 _200_/X
 _201_/Y
 _202_/Y
 _203_/X
 _204_/X
 _205_/Y
 _206_/X
 _207_/X
 _208_/Y
 _209_/X
 _210_/X
 _211_/X
 _212_/X
 _213_/Y
 _214_/X
 _215_/Y
 _216_/X
 _217_/X
 _218_/X
 _219_/X
 _220_/Y
 _221_/X
 _222_/Y
 _223_/X
 _224_/Y
 _225_/X
 _226_/X
 _227_/X
 _228_/X
 _229_/Y
 _230_/X
 _231_/X
 _232_/X
 _233_/Y
 _234_/Y
 _235_/X
 _236_/X
 _237_/Y
 _238_/X
 _239_/X
 _240_/Y
 _241_/X
 _242_/X
 _243_/X
 _244_/X
 _245_/Y
 _246_/X
 _247_/Y
 _248_/X
 _249_/X
 _250_/X
 _251_/X
 _252_/X
 _253_/X
 _254_/Y
 _255_/Y
 _256_/Y
 _257_/X
 _258_/Y
 _259_/X
 _260_/X
 _261_/X
 _262_/X
 _263_/Y
 _264_/Y
 _265_/X
 _266_/Y
 _267_/X
 _268_/X
 _269_/X
 _270_/Y
 _271_/Y
 _272_/Y
 _273_/Y
 _274_/X
 _275_/Y
 _276_/X
 _277_/X
 _278_/Y
 _279_/X
 _280_/X
 _281_/Y
 _282_/Y
 _283_/Y
 _284_/Y
 _285_/Y
 _286_/Y
 _287_/Y
 _288_/Y
 _289_/Y
 _290_/Y
 _291_/X
 _292_/Y
 _293_/Y
 _294_/Y
 _295_/Y
 _296_/Y
 _297_/Y
 _298_/Y
 _299_/Y
 _300_/Y
 _301_/Y
 _302_/X
 _303_/Y
 _304_/Y
 _305_/Y
 _306_/Y
 _307_/Y
 _308_/Y
 _309_/Y
 _310_/Y
 _311_/Y
 _312_/Y
 _313_/Y
 _314_/Y
 _315_/Y
 _316_/Y
 _317_/Y
 _318_/Y
 _319_/Y
 _320_/Q
 _321_/Q
 _322_/Q
 _323_/Q
 _324_/Q
 _325_/Q
 _326_/Q
 _327_/Q
 _328_/Q
 _329_/Q
 _330_/Q
 _331_/Q
 _332_/Q
 _333_/Q
 _334_/Q
 _335_/Q
 _336_/Q
 _337_/Q
 _338_/Q
 _339_/Q
 _340_/Q
 _341_/Q
 _342_/Q
 _343_/Q
 _344_/Q
 _345_/Q
 _346_/Q
 _347_/Q
 _348_/Q
 _349_/Q
 _350_/Q
 _351_/Q
 _352_/Q
 _353_/Q
 _354_/Q
 _355_/Q
 _356_/Q
 _361_/X
 clkbuf_0_clk/X
 clkbuf_2_0__f_clk/X
 clkbuf_2_1__f_clk/X
 clkbuf_2_2__f_clk/X
 clkbuf_2_3__f_clk/X
 clkload0/Y
 clkload1/Y
 clkload2/Y
 lab3_10/HI
 lab3_10/LO
 lab3_11/HI
 lab3_11/LO
 lab3_8/HI
 lab3_8/LO
 lab3_9/HI
 lab3_9/LO
 output1/X
 output2/X
 output3/X
 output4/X
 output5/X
 output6/X
 output7/X
Found 0 partially unannotated drivers.

===========================================================================
max slew violation count 0
max fanout violation count 0
max cap violation count 0
============================================================================

===========================================================================
check_setup -verbose -unconstrained_endpoints -multiple_clock -no_clock -no_input_delay -loops -generated_clocks
===========================================================================
Warning: There is 1 input port missing set_input_delay.
  rst_button
Warning: There are 4 unclocked register/latch pins.
  _352_/CLK
  _353_/CLK
  _354_/CLK
  _355_/CLK
Warning: There are 15 unconstrained endpoints.
  an[0]
  an[1]
  an[2]
  an[3]
  seg[0]
  seg[1]
  seg[2]
  seg[3]
  seg[4]
  seg[5]
  seg[6]
  _352_/D
  _353_/D
  _354_/D
  _355_/D
checks_report_end
power_report

===========================================================================
 report_power
============================================================================
======================= Typical Corner ===================================

Group                  Internal  Switching    Leakage      Total
                          Power      Power      Power      Power (Watts)
----------------------------------------------------------------
Sequential             1.34e-04   0.00e+00   4.37e-10   1.34e-04  49.1%
Combinational          3.03e-14   5.91e-14   6.72e-10   6.72e-10   0.0%
Clock                  9.08e-05   4.73e-05   3.76e-10   1.38e-04  50.9%
Macro                  0.00e+00   0.00e+00   0.00e+00   0.00e+00   0.0%
Pad                    0.00e+00   0.00e+00   0.00e+00   0.00e+00   0.0%
----------------------------------------------------------------
Total                  2.24e-04   4.73e-05   1.48e-09   2.72e-04 100.0%
                          82.6%      17.4%       0.0%

power_report_end
skew_report

===========================================================================
report_clock_skew
============================================================================
Clock core_clock
   0.26 source latency _321_/CLK ^
  -0.26 target latency _325_/CLK ^
   0.00 CRPR
--------------
   0.00 setup skew

skew_report_end
summary_report

===========================================================================
report_tns
============================================================================
tns 0.00

===========================================================================
report_wns
============================================================================
wns 0.00

===========================================================================
report_worst_slack -max (Setup)
============================================================================
worst slack 7.20

===========================================================================
report_worst_slack -min (Hold)
============================================================================
worst slack 0.44
summary_report_end
area_report

===========================================================================
report_design_area
============================================================================
Design area 3562 u^2 26% utilization.
area_report_end
check_nonpropagated_clocks
check_nonpropagated_clocks_end
[WARNING] Did not save OpenROAD database!
